gvkey,linkprim,liid,linktype,lpermno,lpermco,linkdt,linkenddt
012136,P,01,LC,10078.0,8021.0,1986-03-04,2010-01-29
012142,P,01,LC,10104.0,8045.0,1986-03-12,
012141,P,01,LC,10107.0,8048.0,1986-03-13,
012144,P,01,LU,10108.0,8049.0,1986-03-13,2005-08-31
001279,C,00X,LU,10137.0,20045.0,1951-01-01,1962-01-30
001279,P,01,LU,10137.0,20045.0,1962-01-31,2011-02-28
012138,P,01,LU,10138.0,8087.0,1986-04-02,
012180,P,01,LC,10143.0,8092.0,1986-04-03,2010-06-08
001300,C,00X,LC,10145.0,22168.0,1950-01-01,1962-01-30
001300,P,01,LC,10145.0,22168.0,1962-01-31,
012053,P,01,LC,10147.0,8093.0,1986-04-04,2016-09-06
014304,P,01,LU,10180.0,9743.0,1988-04-08,2020-10-05
012181,P,01,LU,10200.0,8135.0,1986-04-29,
001408,C,00X,LC,10225.0,20067.0,1950-01-01,1962-01-30
001408,P,01,LC,10225.0,20067.0,1962-01-31,2014-04-30
012381,P,01,LC,10258.0,8186.0,1986-05-15,2008-03-09
179598,P,01,LC,10258.0,8186.0,2008-03-10,
012234,P,01,LU,10259.0,8187.0,1986-05-15,2020-08-31
012216,P,01,LU,10299.0,8220.0,1986-05-28,2017-03-31
012215,P,01,LU,10302.0,8222.0,1986-05-29,2020-04-30
012233,P,01,LC,10324.0,8243.0,1986-06-05,2011-04-29
004675,P,01,LU,10342.0,8265.0,1986-06-10,2006-03-31
001581,C,00X,LC,10401.0,20103.0,1950-01-01,1962-01-30
001581,P,01,LC,10401.0,20103.0,1962-01-31,2005-11-18
001722,C,00X,LC,10516.0,20207.0,1949-07-01,1962-01-30
001722,P,01,LC,10516.0,20207.0,1962-01-31,
017130,P,01,LC,10562.0,8470.0,1986-08-12,2009-01-29
012597,P,01,LU,10645.0,8549.0,1986-09-09,
013025,P,01,LC,10657.0,8561.0,1986-09-15,2007-03-30
012635,P,01,LC,10696.0,8598.0,1986-09-25,
004690,P,01,LC,10777.0,8674.0,1986-10-22,
002444,C,00X,LU,10874.0,20344.0,1950-01-01,1962-01-30
002444,P,01,LU,10874.0,20344.0,1962-01-31,
002504,C,00X,LU,10890.0,21814.0,1950-01-01,1962-01-30
002504,P,01,LU,10890.0,21814.0,1962-01-31,
012850,P,01,LU,10909.0,8786.0,1987-01-30,2022-06-30
012884,P,01,LC,10942.0,8818.0,1986-12-15,2007-01-31
012884,P,01,LC,10942.0,8818.0,2011-09-23,
014489,P,01,LC,11081.0,9833.0,1988-06-22,2013-10-31
003144,C,00X,LU,11308.0,20468.0,1950-01-01,1962-01-30
003144,P,01,LU,11308.0,20468.0,1962-01-31,
013323,P,01,LU,11343.0,9188.0,1987-05-19,2022-07-29
013380,P,01,LC,11382.0,9225.0,1987-06-03,2013-11-04
013421,P,01,LU,11403.0,9245.0,1987-06-10,
003413,C,00X,LU,11404.0,20499.0,1951-01-01,1962-01-30
003413,P,01,LU,11404.0,20499.0,1962-01-31,
013365,P,01,LC,11415.0,9252.0,1987-06-12,2008-12-22
013824,P,01,LU,11533.0,9360.0,1987-07-22,
013599,P,01,LU,11552.0,9374.0,1987-09-30,2019-11-29
013700,P,01,LC,11600.0,9424.0,1987-08-12,
014225,P,01,LU,11618.0,9440.0,1987-08-20,
023002,P,02,LC,11644.0,9465.0,1987-08-28,2018-08-13
034010,P,01,LC,11644.0,9465.0,2018-08-14,
003897,P,01,LC,11674.0,20574.0,1962-01-31,
065089,P,01,LD,11674.0,20574.0,1962-01-31,1980-12-31
004087,C,00X,LC,11703.0,20606.0,1950-01-01,1962-01-30
004087,P,01,LC,11703.0,20606.0,1962-01-31,2017-08-31
014561,P,01,LC,11752.0,9558.0,1987-10-02,
004194,C,00X,LC,11754.0,20626.0,1950-01-01,1962-01-30
004194,P,01,LC,11754.0,20626.0,1962-01-31,2012-01-18
004199,C,00X,LS,11762.0,20627.0,1950-01-01,1962-01-30
004199,P,01,LS,11762.0,20627.0,1962-01-31,
017120,P,01,LC,11786.0,9588.0,1987-10-23,2024-11-07
004503,C,00X,LC,11850.0,20678.0,1950-01-01,1962-01-30
004503,P,01,LC,11850.0,20678.0,1962-01-31,
014418,P,01,LU,11891.0,9764.0,1988-05-02,
014256,P,01,LC,11896.0,9698.0,1988-02-29,2007-10-01
014256,P,01,LC,11896.0,9698.0,2008-10-08,2021-08-31
014385,P,01,LU,11927.0,9777.0,1988-05-12,2008-03-31
014477,P,01,LU,11955.0,9804.0,1988-06-03,
014565,P,01,LC,11970.0,9873.0,1988-07-22,2007-02-28
014650,P,01,LC,11976.0,9905.0,1988-08-12,
179741,P,01,LC,11990.0,53463.0,2010-07-15,
007509,P,02,LC,11999.0,53465.0,2010-07-29,2016-08-31
184603,P,01,LC,12026.0,53476.0,2010-07-16,2016-08-31
005046,C,00X,LC,12052.0,20791.0,1954-01-01,1962-01-30
005046,P,01,LC,12052.0,20791.0,1962-01-31,
005047,C,00X,LC,12060.0,20792.0,1950-01-01,1962-01-30
005047,P,01,LC,12060.0,20792.0,1962-01-31,
014960,P,01,LC,12062.0,9848.0,1988-07-07,
014623,P,01,LU,12067.0,9903.0,1988-08-11,
016245,P,01,LC,12073.0,9847.0,1988-07-06,2022-04-29
014908,P,01,LC,12074.0,9921.0,1988-09-06,2011-05-31
005073,C,00X,LC,12079.0,20799.0,1950-01-01,1962-01-30
005073,P,01,LC,12079.0,20799.0,1962-01-31,2009-06-01
005073,N,01C,LX,12079.0,20799.0,1997-01-31,2008-07-31
184797,P,01,LC,12089.0,53497.0,2010-08-12,2021-04-30
005229,C,00X,LU,12140.0,20833.0,1950-01-01,1962-01-30
005229,P,01,LU,12140.0,20833.0,1962-01-31,2012-07-31
015261,P,01,LC,12169.0,10053.0,1988-12-19,2016-10-31
126136,P,03,LC,12308.0,17322.0,2010-09-14,
177313,P,01,LC,12347.0,53532.0,2010-10-22,2016-11-30
185419,P,01,LC,12360.0,53544.0,2010-10-27,
185881,P,01,LC,12366.0,53550.0,2010-11-17,
005073,P,19,LC,12369.0,53554.0,2010-11-18,
005073,N,19C,LX,12369.0,53554.0,2014-03-31,
185112,P,01,LC,12374.0,53557.0,2010-11-11,2021-04-30
179438,P,01,LC,12392.0,53570.0,2010-11-24,2016-06-30
178519,P,01,LC,12400.0,53576.0,2010-11-18,
179686,P,01,LC,12413.0,53585.0,2010-11-23,2022-03-31
014275,P,04,LC,12448.0,53609.0,2010-12-09,
184700,P,01,LC,12449.0,53610.0,2010-12-15,
186106,P,01,LC,12456.0,53616.0,2011-01-04,2012-05-31
185318,P,01,LC,12473.0,53620.0,2010-12-16,2017-09-10
030861,P,01,LC,12473.0,53620.0,2017-09-11,
185532,P,01,LC,12476.0,53621.0,2010-12-07,
006066,C,00X,LC,12490.0,20990.0,1950-01-01,1962-01-30
006066,P,01,LC,12490.0,20990.0,1962-01-31,
006081,C,00X,LC,12503.0,21265.0,1949-11-01,1962-01-30
006081,P,01,LC,12503.0,21265.0,1962-01-31,2007-02-13
006081,P,01,LC,12503.0,21265.0,2008-06-30,2021-07-30
180683,P,01,LC,12527.0,53652.0,2011-01-04,
006310,P,04,LC,12558.0,53667.0,2011-02-11,
005860,C,00X,LC,12570.0,20964.0,1950-01-01,1962-01-30
005860,P,01,LC,12570.0,20964.0,1962-01-31,
185428,P,01,LC,12575.0,53675.0,2011-02-04,2018-12-31
186437,P,01,LC,12579.0,53678.0,2011-02-09,
185836,P,01,LC,12583.0,53682.0,2011-02-03,
184254,P,01,LC,12591.0,53688.0,2011-03-30,
022260,P,04,LC,12622.0,53696.0,2011-03-10,
186310,P,01,LC,12623.0,53697.0,2011-03-31,
006335,C,00X,LC,12650.0,21033.0,1963-01-01,1963-01-30
006335,P,01,LC,12650.0,21033.0,1963-01-31,2021-12-31
185645,P,01,LC,12660.0,53710.0,2011-04-01,2020-10-31
186342,P,01,LC,12742.0,53751.0,2011-05-19,2016-12-07
187215,P,02,LC,12792.0,53773.0,2011-05-27,2021-03-31
185624,P,01,LC,12796.0,53776.0,2011-05-31,
186683,P,01,LC,12865.0,53808.0,2011-06-10,2014-07-31
186989,P,01,LC,12872.0,53810.0,2011-06-23,
186520,P,01,LC,12873.0,53811.0,2011-06-15,2019-01-31
186714,P,01,LC,12882.0,53818.0,2011-06-29,2015-12-31
174222,P,01,LC,12914.0,53843.0,2011-07-27,2020-12-31
187039,P,01,LC,12927.0,53853.0,2011-07-20,2017-12-31
187039,J,01,LC,12927.0,53853.0,2018-01-01,
188255,P,01,LC,12981.0,53876.0,2011-10-04,
032280,P,01,LC,13008.0,53884.0,2011-09-26,2016-12-30
189491,P,01,LC,13035.0,53896.0,2011-11-01,
187490,P,01,LC,13080.0,53919.0,2011-11-09,2019-01-31
185180,P,01,LC,13081.0,53920.0,2011-11-16,2017-05-31
007127,C,00X,LC,13100.0,21172.0,1950-02-01,1962-01-30
007127,P,01,LC,13100.0,21172.0,1962-01-31,2005-08-29
192255,P,01,LC,13105.0,53929.0,2011-11-01,
196055,P,01,LC,13107.0,53931.0,2011-11-16,2023-07-31
187363,P,01,LC,13108.0,53932.0,2011-11-04,
187698,P,01,LC,13116.0,53938.0,2011-12-15,
187961,P,01,LC,13124.0,53941.0,2011-12-15,
187128,P,01,LC,13141.0,53947.0,2012-01-03,2021-01-29
199356,P,01,LC,13168.0,53964.0,2011-12-21,
187576,P,01,LC,13169.0,53965.0,2011-12-16,2022-05-31
170527,P,01,LC,13188.0,53972.0,2012-02-06,
187692,P,01,LC,13201.0,53977.0,2012-01-19,2022-06-30
187697,P,01,LC,13210.0,53983.0,2012-02-08,
187812,P,01,LC,13244.0,53987.0,2012-02-02,
187696,P,01,LC,13249.0,53988.0,2012-02-24,
181989,P,01,LC,13253.0,53989.0,2012-02-01,2024-08-30
179671,P,01,LC,13262.0,53994.0,2012-02-08,2022-10-31
020423,P,02,LC,13267.0,53998.0,2012-02-08,2020-07-31
177966,P,01,LC,13284.0,54006.0,2012-03-15,
184498,P,01,LC,13299.0,54012.0,2012-03-08,2018-07-31
194956,P,01,LC,13314.0,54016.0,2012-03-22,2019-07-31
187739,P,01,LC,13316.0,54018.0,2012-03-28,2022-02-28
196268,P,01,LC,13318.0,54020.0,2012-03-02,
187450,P,01,LC,13323.0,54026.0,2012-03-30,
170841,P,01,LC,13356.0,54048.0,2012-05-01,
170335,P,01,LC,13377.0,54063.0,2012-04-20,2021-09-30
170616,P,01,LC,13379.0,54064.0,2012-04-19,2024-03-28
170617,P,01,LC,13407.0,54084.0,2012-05-18,
024658,P,01,LC,13412.0,54089.0,2012-05-30,2024-07-10
171007,P,01,LC,13447.0,54109.0,2012-06-29,
170969,P,01,LC,13456.0,54116.0,2012-06-28,2019-01-31
171067,P,01,LC,13511.0,54139.0,2012-07-20,
171141,P,01,LC,13527.0,54146.0,2012-07-19,
013664,P,01,LC,13553.0,41998.0,2012-08-10,2018-03-09
014438,P,01,LC,13567.0,54174.0,2012-10-01,2016-04-29
013836,P,01,LC,13585.0,54184.0,2012-09-21,2015-02-27
012978,P,01,LC,13598.0,54193.0,2012-10-01,2015-07-02
180483,P,01,LC,13604.0,54198.0,2012-10-04,
008123,C,00X,LU,13610.0,21329.0,1954-01-01,1962-01-30
008123,P,01,LU,13610.0,21329.0,1962-01-31,
170945,P,01,LC,13621.0,54207.0,2012-10-19,
174022,P,02,LC,13622.0,54208.0,2012-10-11,
013540,P,01,LC,13627.0,54212.0,2012-10-26,2017-04-28
015044,P,01,LC,13628.0,54213.0,2012-10-12,
170750,P,01,LC,13641.0,54222.0,2012-10-12,
014320,P,01,LC,13643.0,54224.0,2012-10-11,2023-11-30
015452,P,01,LC,13647.0,54227.0,2012-10-12,2017-02-28
111873,P,02,LC,13687.0,54265.0,2012-11-02,
008264,C,00X,LC,13688.0,21356.0,1951-01-01,1962-01-30
008264,P,01,LC,13688.0,21356.0,1962-01-31,
015314,P,01,LC,13711.0,54283.0,2012-12-13,2016-11-30
016101,P,01,LC,13721.0,54287.0,2013-01-02,
196159,P,01,LC,13730.0,54291.0,2012-12-13,
016892,P,01,LC,13748.0,54303.0,2013-01-31,2014-07-30
258869,P,01,LC,13748.0,54303.0,2014-07-31,
017010,P,01,LC,13757.0,54311.0,2013-01-14,2016-04-17
027187,P,01,LC,13757.0,54311.0,2016-04-18,2017-12-31
027187,J,01,LC,13757.0,54311.0,2018-01-01,
013721,P,01,LC,13788.0,54327.0,2013-02-01,
017376,P,01,LC,13812.0,54343.0,2013-03-22,
185334,P,01,LC,13818.0,54346.0,2013-03-28,2018-10-31
008479,C,00X,LC,13856.0,21384.0,1950-01-01,1962-01-30
008479,P,01,LC,13856.0,21384.0,1962-01-31,
017550,P,01,LC,13875.0,54375.0,2013-04-19,2014-05-31
017550,J,01,LC,13875.0,54375.0,2014-06-01,2015-04-30
017550,P,01,LC,13875.0,54375.0,2015-05-01,2018-06-29
015215,P,01,LC,13883.0,54381.0,2013-04-30,2018-12-09
034528,P,01,LC,13883.0,54381.0,2018-12-10,2021-06-27
039104,P,01,LC,13883.0,54381.0,2021-06-28,
008543,C,00X,LC,13901.0,21398.0,1950-01-01,1962-01-30
008543,P,01,LC,13901.0,21398.0,1962-01-31,
016384,P,01,LC,13904.0,54396.0,2013-05-02,
017928,P,01,LC,13911.0,54401.0,2013-05-09,
017695,P,01,LC,13914.0,54402.0,2013-05-17,2019-07-31
017071,P,01,LC,13918.0,54405.0,2013-05-22,2017-11-15
032715,P,01,LC,13918.0,54405.0,2017-11-16,
008549,C,00X,LC,13928.0,21401.0,1950-01-01,1962-01-30
008549,P,01,LC,13928.0,21401.0,1962-01-31,
008549,N,01C,LX,13928.0,21401.0,1998-07-31,
008551,C,00X,LC,13936.0,21402.0,1950-01-01,1962-02-27
008551,P,01,LC,13936.0,21402.0,1962-02-28,
017688,P,01,LC,13942.0,54421.0,2013-05-09,2015-08-31
017998,P,01,LC,13947.0,54424.0,2013-06-19,
028320,P,02,LC,13949.0,54426.0,2013-06-27,
018162,P,01,LC,13954.0,54427.0,2013-06-26,
170384,P,01,LC,13956.0,54428.0,2013-06-21,
017812,P,01,LC,13957.0,54429.0,2013-06-27,2020-12-31
018043,P,01,LC,13963.0,54433.0,2013-07-01,
012151,P,01,LC,13983.0,54444.0,2013-06-13,
001602,P,01,LU,14008.0,216.0,1983-06-17,
010984,P,10,LC,14040.0,54473.0,2013-07-12,2020-03-31
018386,P,01,LC,14041.0,54474.0,2013-08-01,2018-02-28
018159,P,01,LC,14044.0,54476.0,2013-07-24,
017910,P,01,LC,14051.0,54481.0,2013-07-24,2024-06-16
017910,P,01,LC,14051.0,54481.0,2024-08-02,
160770,P,01,LC,14054.0,54484.0,2013-07-15,2024-01-31
160770,N,01C,LX,14054.0,54484.0,2013-07-15,2024-01-31
018443,P,01,LC,14062.0,54490.0,2013-08-02,2014-11-28
018432,P,01,LC,14065.0,54492.0,2013-08-14,2016-12-30
018315,P,01,LC,14072.0,54496.0,2013-08-08,
018498,P,01,LC,14076.0,54499.0,2013-09-03,
160997,P,01,LC,14133.0,54538.0,2013-09-25,
018630,P,01,LC,14136.0,54541.0,2013-09-27,
018564,P,01,LC,14145.0,54548.0,2013-09-26,
018487,P,01,LC,14159.0,54556.0,2013-09-20,2022-09-30
018510,P,01,LC,14176.0,54568.0,2013-09-19,2021-11-30
018465,P,01,LC,14179.0,54570.0,2013-10-10,
018675,P,01,LC,14182.0,54574.0,2013-10-02,
018689,P,01,LC,14231.0,54595.0,2013-10-16,
018036,P,01,LC,14239.0,54602.0,2013-10-25,
183602,P,01,LC,14262.0,54619.0,2013-10-25,2023-02-22
018556,P,01,LC,14273.0,54627.0,2013-11-13,
004194,P,02,LC,14276.0,20626.0,2013-11-01,
018872,P,01,LC,14295.0,54638.0,2013-11-07,2022-10-31
018976,P,01,LC,14321.0,54661.0,2013-11-15,2016-09-30
009563,C,00X,LC,14322.0,21592.0,1950-02-01,1962-01-30
009563,P,01,LC,14322.0,21592.0,1962-01-31,2005-03-24
001651,P,01,LU,14323.0,272.0,1980-06-19,2007-12-31
018899,P,01,LC,14325.0,54662.0,2013-11-14,
177637,P,01,LC,14328.0,54665.0,2013-12-18,
186858,P,01,LC,14329.0,54666.0,2013-12-12,
005643,P,04,LC,14338.0,54672.0,2013-12-12,
019171,P,01,LC,14408.0,54704.0,2014-01-17,2018-07-31
019377,P,01,LC,14409.0,54705.0,2014-01-24,2017-11-30
019149,P,01,LC,14436.0,54723.0,2014-01-31,
019418,P,01,LC,14448.0,54729.0,2014-02-05,2015-05-29
018184,P,01,LC,14464.0,54740.0,2014-02-20,2020-12-31
019507,P,01,LC,14503.0,54762.0,2014-03-28,
002991,C,00X,LU,14541.0,20440.0,1950-01-01,1962-01-30
002991,P,01,LU,14541.0,20440.0,1962-01-31,
160329,J,03,LC,14542.0,45483.0,2014-04-03,
019730,P,01,LC,14547.0,54790.0,2014-03-19,
019116,P,01,LC,14552.0,54794.0,2014-03-14,2018-02-28
019977,P,01,LC,14556.0,54798.0,2014-03-28,
005072,P,05,LC,14558.0,53687.0,2014-04-10,
019906,P,01,LC,14567.0,54805.0,2014-04-04,2021-06-30
020116,P,01,LC,14579.0,54812.0,2014-04-15,
019753,P,01,LC,14580.0,54813.0,2014-04-02,
001690,P,01,LU,14593.0,7.0,1980-12-12,
019908,P,01,LC,14596.0,54820.0,2014-04-04,
019649,P,01,LC,14608.0,54830.0,2014-04-17,
148396,P,01,LC,14610.0,54832.0,2014-04-10,
018936,P,01,LC,14615.0,54835.0,2014-04-17,2019-04-14
331856,P,01,LC,14615.0,54835.0,2019-04-15,
020412,P,01,LC,14617.0,54837.0,2014-05-02,
020298,P,01,LC,14634.0,54846.0,2014-05-23,2021-01-29
020229,P,01,LC,14641.0,54851.0,2014-05-15,2022-11-30
010156,C,00X,LU,14656.0,21686.0,1950-01-01,1962-01-30
010156,P,01,LU,14656.0,21686.0,1962-01-31,
020693,P,01,LC,14686.0,54879.0,2014-07-01,2017-01-10
183603,P,01,LC,14686.0,54879.0,2017-01-11,
020644,P,01,LC,14694.0,54888.0,2014-06-26,
020643,P,01,LC,14695.0,54890.0,2014-06-20,2017-10-31
001704,P,01,LU,14702.0,194.0,1972-12-14,
170520,P,01,LC,14707.0,54898.0,2014-06-06,2022-08-31
020748,P,01,LC,14714.0,54907.0,2014-06-06,
020089,P,01,LC,14750.0,54920.0,2014-06-26,2022-10-31
020228,P,01,LC,14763.0,54931.0,2014-07-31,2024-12-31
020686,P,01,LC,14776.0,54936.0,2014-07-31,
010581,C,00X,LC,14795.0,21758.0,1950-01-01,1962-01-30
010581,P,01,LC,14795.0,21758.0,1962-01-31,
020823,P,01,LC,14803.0,54955.0,2014-07-31,
021124,P,01,LC,14812.0,54960.0,2014-07-25,
004384,P,01,LC,14813.0,54961.0,2014-07-28,
020943,P,01,LC,14828.0,54971.0,2014-07-18,
021016,P,01,LC,14871.0,54994.0,2014-08-01,2019-02-28
021033,P,01,LC,14879.0,54998.0,2014-08-07,
021808,P,01,LC,14882.0,55000.0,2014-09-19,
021825,P,01,LC,14889.0,55006.0,2014-09-24,
011038,C,00X,LC,14891.0,21842.0,1950-01-01,1962-01-30
011038,P,01,LC,14891.0,21842.0,1962-01-31,2005-08-10
021761,P,01,LC,14926.0,55023.0,2014-10-01,2022-07-29
020232,P,01,LC,14939.0,55033.0,2014-11-03,
021847,P,01,LC,14970.0,55051.0,2014-10-09,
021626,P,01,LC,14982.0,55059.0,2014-10-01,2020-10-08
021540,P,01,LC,14983.0,55060.0,2014-10-02,
021433,P,01,LC,14984.0,55061.0,2014-10-17,2020-03-31
021227,J,02,LC,14988.0,55037.0,2014-11-05,2015-06-30
021227,P,02,LC,14988.0,55037.0,2015-07-01,
021617,P,01,LC,15003.0,55072.0,2014-10-03,2020-02-28
060923,P,03,LC,15014.0,55082.0,2014-10-10,
021916,P,01,LC,15046.0,55095.0,2014-11-06,
010970,C,00X,LC,15069.0,21795.0,1950-01-01,1962-01-30
010970,P,02,LC,15069.0,21795.0,1962-01-31,1991-04-11
007017,C,01,LC,15069.0,21795.0,1991-04-12,
010974,C,00X,LC,15077.0,21796.0,1950-01-01,1962-01-30
010974,P,01,LC,15077.0,21796.0,1962-01-31,2009-01-05
021739,P,01,LC,15079.0,55119.0,2014-11-13,2021-07-30
021261,P,01,LC,15088.0,55125.0,2014-11-14,2016-12-30
019647,P,01,LC,15092.0,55129.0,2014-12-11,
022182,P,01,LC,15108.0,55133.0,2014-12-12,2023-11-30
010726,P,06,LC,15117.0,21782.0,2014-12-05,2019-09-30
022229,P,01,LC,15132.0,55148.0,2014-12-03,2019-09-29
035712,P,01,LC,15132.0,55148.0,2019-09-30,
022230,P,01,LC,15134.0,55150.0,2014-12-19,2018-03-29
020088,P,01,LC,15145.0,55158.0,2015-01-23,
022672,P,01,LC,15167.0,55162.0,2015-01-30,
022709,P,01,LC,15183.0,55173.0,2015-01-30,2019-12-31
184113,P,01,LC,15186.0,55176.0,2015-01-28,
022867,P,01,LC,15198.0,55184.0,2015-02-12,2024-08-08
011228,C,00X,LC,15202.0,21876.0,1960-01-01,1962-01-30
011228,P,01,LC,15202.0,21876.0,1962-01-31,
022982,P,02,LC,15266.0,55190.0,2015-03-10,2018-10-31
022878,P,02,LC,15271.0,55174.0,2015-03-09,2017-07-12
032074,P,01,LC,15271.0,55174.0,2017-07-13,2024-11-07
023119,P,01,LC,15272.0,55214.0,2015-03-26,
165968,P,01,LC,15273.0,55215.0,2015-03-04,
023238,P,01,LC,15291.0,55229.0,2015-04-16,
022480,P,02,LC,15292.0,55194.0,2015-04-06,2016-07-29
027738,P,01,LC,15292.0,55194.0,2016-08-01,2017-07-05
021944,P,02,LC,15293.0,55212.0,2015-06-30,2017-07-24
032244,P,01,LC,15293.0,55212.0,2017-07-25,
023071,P,01,LC,15315.0,55241.0,2015-04-01,
011842,P,01,LC,15318.0,362.0,1982-01-29,
023256,P,01,LC,15359.0,55260.0,2015-05-07,2020-04-30
021619,P,01,LC,15375.0,55275.0,2015-05-13,2017-07-31
032316,P,01,LC,15375.0,55275.0,2017-08-16,
023856,P,01,LC,15390.0,55284.0,2015-06-18,2021-01-29
023225,P,01,LC,15395.0,55287.0,2015-07-01,
022741,P,01,LC,15398.0,55290.0,2015-07-01,
022734,P,01,LC,15401.0,55293.0,2015-07-01,2016-06-02
023827,P,01,LC,15404.0,55294.0,2015-07-02,2016-06-30
005568,P,04,LC,15408.0,55296.0,2015-07-06,
021004,P,01,LC,15429.0,55313.0,2015-06-25,
023843,P,01,LC,15440.0,55321.0,2015-06-12,
011584,C,00X,LU,15456.0,21936.0,1950-01-01,1962-01-30
011584,P,01,LU,15456.0,21936.0,1962-01-31,
011584,N,01C,LX,15456.0,21936.0,1998-04-30,
011609,C,00X,LC,15472.0,21941.0,1950-01-01,1962-01-30
011609,P,01,LC,15472.0,21941.0,1962-01-31,2008-10-06
024638,P,01,LC,15478.0,55335.0,2015-06-25,
024616,P,01,LC,15488.0,55341.0,2015-07-20,
023249,P,01,LC,15490.0,55343.0,2015-08-04,
024176,P,01,LC,15534.0,55365.0,2015-07-02,
024076,P,01,LC,15535.0,55366.0,2015-07-16,
187039,J,05,LC,15546.0,53853.0,2015-08-17,2017-12-31
187039,P,05,LC,15546.0,53853.0,2018-01-01,
010332,C,00X,LU,15560.0,21711.0,1959-07-01,1965-01-28
010332,P,01,LU,15560.0,21711.0,1965-01-29,2015-10-08
010499,C,00X,LC,15579.0,21737.0,1953-01-01,1962-02-27
010499,P,01,LC,15579.0,21737.0,1962-02-28,
024249,P,01,LC,15585.0,55379.0,2015-07-01,
024861,P,01,LC,15627.0,55386.0,2015-08-06,
024905,P,01,LC,15643.0,55396.0,2015-08-05,
001478,C,00X,LC,15667.0,20086.0,1950-01-01,1962-01-30
001478,P,01,LC,15667.0,20086.0,1962-01-31,2009-10-15
026147,P,01,LC,15694.0,55417.0,2015-09-18,
025157,P,02,LC,15703.0,55419.0,2015-10-15,2019-07-31
026156,P,01,LC,15707.0,55421.0,2015-11-02,
009846,C,00X,LU,15720.0,21543.0,1951-01-01,1962-01-30
009846,P,01,LU,15720.0,21543.0,1962-01-31,
001860,P,01,LC,15721.0,403.0,1972-12-14,2017-10-05
025756,P,01,LC,15729.0,55429.0,2015-10-07,
025904,P,01,LC,15775.0,55452.0,2015-10-07,
025772,P,02,LC,15782.0,55406.0,2015-10-16,2017-11-29
032771,C,01,LC,15782.0,55406.0,2017-11-30,2017-11-30
032771,P,01,LC,15782.0,55406.0,2017-12-01,
026269,P,01,LC,15788.0,55462.0,2015-10-29,2020-11-30
026367,P,01,LC,15826.0,55474.0,2015-11-19,
026349,P,01,LC,15831.0,55477.0,2015-11-19,
026381,P,01,LC,15850.0,55487.0,2015-11-19,2020-06-30
026061,P,01,LC,15850.0,55487.0,2020-07-01,
026494,P,01,LC,15909.0,55509.0,2015-12-10,
184957,P,01,LC,15914.0,55512.0,2016-01-07,
026495,P,01,LC,15921.0,55517.0,2016-03-04,2022-07-29
026818,P,01,LC,15934.0,55519.0,2016-02-11,2018-05-31
026874,P,01,LC,15937.0,55521.0,2016-02-03,
165052,J,03,LC,15980.0,48779.0,2016-04-08,
026636,P,01,LC,15995.0,55540.0,2016-03-18,
026864,P,02,LC,16021.0,55527.0,2016-04-15,
026722,P,01,LC,16051.0,55562.0,2016-05-31,2021-03-31
027155,P,01,LC,16064.0,55568.0,2016-05-31,
026892,P,01,LC,16068.0,55572.0,2016-05-31,2023-09-29
018312,P,01,LC,16084.0,55582.0,2016-05-31,
005600,P,05,LC,16086.0,55584.0,2016-07-01,2020-10-29
005600,P,08,LC,16086.0,55584.0,2021-11-09,
026590,P,01,LC,16087.0,55585.0,2016-07-05,
027364,P,01,LC,16140.0,55601.0,2016-06-23,
027148,P,01,LC,16149.0,55607.0,2016-07-15,2017-06-30
019998,P,01,LC,16260.0,55672.0,2016-08-11,
026709,P,01,LC,16279.0,55687.0,2016-10-03,2019-10-31
028012,P,01,LC,16290.0,55694.0,2016-09-29,
026746,P,01,LC,16304.0,55697.0,2016-09-30,
027885,P,01,LC,16309.0,55701.0,2016-09-21,
027907,P,01,LC,16318.0,55704.0,2016-09-22,
028499,P,01,LC,16343.0,55716.0,2016-11-01,
027638,P,01,LC,16347.0,55718.0,2016-11-01,
028084,P,01,LC,16382.0,55747.0,2016-10-06,2023-03-31
028086,P,01,LC,16393.0,55755.0,2016-10-06,2021-06-15
178847,P,01,LC,16393.0,55755.0,2021-06-16,
028470,P,01,LC,16398.0,55758.0,2016-10-26,2020-04-30
027819,P,02,LC,16400.0,55675.0,2016-10-31,2018-12-27
034584,P,01,LC,16400.0,55675.0,2018-12-28,
005169,C,00X,LC,16424.0,20818.0,1950-01-01,1962-01-30
005169,P,01,LC,16424.0,20818.0,1962-01-31,2005-09-30
028790,P,01,LC,16431.0,55778.0,2016-11-10,
005234,C,00X,LU,16432.0,20834.0,1950-01-01,1962-01-30
005234,P,01,LU,16432.0,20834.0,1962-01-31,
014793,P,06,LC,16436.0,20221.0,2016-10-05,
237269,P,01,LC,16473.0,55796.0,2016-11-07,
027054,J,02,LC,16493.0,55773.0,2016-11-07,2019-07-31
028719,P,01,LC,16497.0,55805.0,2017-01-03,
027394,P,01,LC,16499.0,55807.0,2017-01-04,
002001,P,01,LU,16505.0,475.0,1973-01-31,1990-12-31
002002,P,01,LC,16505.0,475.0,1991-01-02,
029819,P,01,LC,16544.0,55837.0,2017-02-02,2018-03-29
021178,P,01,LC,16593.0,55865.0,2017-02-14,2023-05-05
030091,P,01,LC,16595.0,55867.0,2017-03-02,
030655,P,01,LC,16597.0,55869.0,2017-03-24,2024-03-28
005597,C,00X,LC,16600.0,20906.0,1950-01-01,1962-01-30
005597,P,01,LC,16600.0,20906.0,1962-01-31,
030535,P,01,LC,16614.0,55877.0,2017-03-17,2018-05-31
030736,P,01,LC,16649.0,55899.0,2017-04-07,
030999,P,01,LC,16655.0,55904.0,2017-04-28,
022155,P,01,LC,16664.0,55909.0,2017-04-27,
006502,C,00X,LC,16678.0,21068.0,1950-01-01,1962-01-30
006502,P,01,LC,16678.0,21068.0,1962-01-31,
142460,P,03,LC,16689.0,55925.0,2017-04-04,
030098,C,02,LC,16692.0,55928.0,2017-05-12,2017-05-31
030098,P,02,LC,16692.0,55928.0,2017-06-01,
031236,P,01,LC,16698.0,55932.0,2017-05-25,
157373,P,02,LC,16736.0,55954.0,2017-05-10,
012485,P,12,LC,16753.0,55965.0,2017-06-22,
031774,P,01,LC,16816.0,56000.0,2017-08-07,
004060,P,01,LC,16851.0,56027.0,2017-09-01,
180272,P,02,LC,16917.0,56055.0,2017-10-02,2023-09-29
032382,P,01,LC,16932.0,56066.0,2017-09-28,
032355,P,03,LC,16964.0,56082.0,2017-09-29,2019-10-27
035808,P,01,LC,16964.0,56082.0,2019-10-28,
032526,P,01,LC,16968.0,56086.0,2017-10-19,
007241,C,00X,LC,17005.0,21185.0,1950-01-01,1962-01-30
007241,P,01,LC,17005.0,21185.0,1962-01-31,
032610,P,01,LC,17035.0,56118.0,2017-11-02,2023-05-31
032641,P,01,LC,17037.0,56120.0,2017-11-17,2022-08-31
032688,P,01,LC,17038.0,56121.0,2017-11-17,
026359,P,01,LC,17104.0,56148.0,2017-11-09,
032571,P,01,LC,17106.0,56150.0,2017-11-10,
032563,P,02,LC,17134.0,56152.0,2017-12-01,2021-05-24
038874,P,01,LC,17134.0,56152.0,2021-05-25,
005071,C,00X,LC,17144.0,20798.0,1950-06-01,1962-01-30
005071,P,01,LC,17144.0,20798.0,1962-01-31,
032930,P,01,LC,17223.0,56212.0,2018-01-19,
147175,P,01,LC,17279.0,56249.0,2008-06-10,2015-06-30
184049,P,01,LC,17313.0,56265.0,2018-02-14,
033037,P,01,LC,17341.0,56287.0,2018-03-16,
033152,P,01,LC,17342.0,56288.0,2018-03-23,
007163,C,00X,LU,17478.0,21179.0,1950-01-01,1962-01-30
007163,P,01,LU,17478.0,21179.0,1962-01-31,
033301,P,01,LC,17685.0,56335.0,2018-04-27,
023546,P,01,LS,17700.0,56345.0,2018-04-26,
023546,N,01C,LX,17700.0,56345.0,2018-04-26,
033275,P,01,LC,17701.0,56346.0,2018-04-27,
003619,C,00X,LU,17726.0,20537.0,1950-01-01,1962-01-30
003619,P,01,LU,17726.0,20537.0,1962-01-31,
014822,C,00X,LC,17743.0,544.0,1987-01-01,1987-01-29
014822,P,01,LC,17743.0,544.0,1987-01-30,
006435,C,00X,LC,17750.0,21055.0,1950-05-01,1962-01-30
006435,P,01,LC,17750.0,21055.0,1962-01-31,
002176,P,01,LC,17778.0,540.0,1976-10-14,2010-01-31
002176,J,01,LC,17778.0,540.0,2010-02-01,
032767,P,01,LC,17787.0,56352.0,2018-05-31,
033435,P,01,LC,17799.0,56363.0,2018-05-31,
008536,C,00X,LC,17806.0,22806.0,1950-01-01,1962-01-30
008536,P,01,LC,17806.0,22806.0,1962-01-31,2007-03-30
008536,C,99X,LC,17806.0,22806.0,2007-03-31,2007-04-30
033445,P,01,LC,17821.0,56378.0,2018-05-24,
033429,P,01,LC,17826.0,56383.0,2018-05-03,
010983,C,00X,LC,17830.0,21832.0,1950-01-01,1962-01-30
010983,P,01,LC,17830.0,21832.0,1962-01-31,
033610,P,01,LC,17855.0,56390.0,2018-06-15,2022-10-31
033718,P,01,LC,17864.0,56394.0,2018-06-28,
033493,P,03,LC,17907.0,56382.0,2018-06-11,2020-06-03
036565,P,01,LC,17907.0,56382.0,2020-06-04,
010801,C,00X,LU,17929.0,21794.0,1951-01-01,1962-01-30
010801,P,01,LU,17929.0,21794.0,1962-01-31,
028877,P,02,LC,17942.0,56438.0,2018-07-10,
033668,P,01,LC,17949.0,56445.0,2018-07-25,
033703,C,01,LC,17977.0,56465.0,2018-07-19,2021-04-30
022387,P,02,LC,17977.0,56465.0,2021-05-01,
022387,N,02C,LX,17977.0,56465.0,2021-05-01,
033725,P,01,LC,17979.0,56466.0,2018-07-27,
033621,P,02,LC,17987.0,56432.0,2018-07-30,2020-02-09
036175,P,01,LC,17987.0,56432.0,2020-02-10,
005589,C,00X,LU,18016.0,20904.0,1950-01-01,1962-01-30
005589,P,01,LU,18016.0,20904.0,1962-01-31,2008-11-28
002222,C,01,LU,18033.0,6438.0,1983-09-29,2014-05-31
033955,P,01,LC,18062.0,56498.0,2018-09-21,
002230,P,01,LU,18092.0,5737.0,1982-12-17,2007-09-28
033749,P,01,LC,18102.0,56483.0,2018-09-21,
034082,P,01,LC,18116.0,56523.0,2018-09-28,
034101,P,01,LC,18134.0,56533.0,2018-10-03,
034102,P,01,LC,18135.0,56534.0,2018-10-01,
034236,P,01,LS,18141.0,56538.0,2018-10-12,2022-06-30
027653,P,01,LC,18145.0,56542.0,2018-10-25,
008762,C,00X,LU,18163.0,21446.0,1949-07-01,1962-01-30
008762,P,01,LU,18163.0,21446.0,1962-01-31,
033868,P,02,LC,18184.0,56480.0,2018-10-01,2020-10-29
037318,P,01,LC,18184.0,56480.0,2020-10-30,2024-03-25
014489,P,08,LC,18267.0,55676.0,2018-12-28,
034410,P,01,LC,18312.0,56611.0,2018-12-07,
033781,P,01,LC,18320.0,56592.0,2018-12-03,
008446,C,00X,LU,18403.0,21375.0,1950-02-01,1962-01-30
008446,P,01,LC,18403.0,21375.0,1962-01-31,2020-05-18
009850,C,00X,LC,18411.0,21640.0,1951-01-01,1962-01-30
009850,P,01,LC,18411.0,21640.0,1962-01-31,
034636,P,01,LC,18420.0,56662.0,2019-03-19,
034443,P,01,LC,18428.0,56668.0,2019-04-02,
034873,P,01,LC,18452.0,56673.0,2019-03-29,
034544,P,02,LC,18453.0,56646.0,2019-03-25,2020-12-02
037490,P,01,LC,18453.0,56646.0,2020-12-03,
034854,P,01,LC,18456.0,56679.0,2019-03-07,2024-06-28
034919,P,01,LC,18480.0,56687.0,2019-04-04,
035005,P,01,LC,18484.0,56690.0,2019-04-18,
035013,P,01,LC,18485.0,56691.0,2019-04-18,
034601,P,02,LC,18533.0,56637.0,2019-04-01,2020-12-29
037617,P,01,LC,18533.0,56637.0,2020-12-30,2022-10-31
034805,P,02,LC,18539.0,56638.0,2019-04-22,2020-10-01
037182,P,01,LC,18539.0,56638.0,2020-10-02,
002817,C,00X,LC,18542.0,20408.0,1950-01-01,1962-01-30
002817,P,01,LC,18542.0,20408.0,1962-01-31,
034683,P,03,LC,18552.0,56644.0,2019-04-15,2020-10-25
037268,P,01,LC,18552.0,56644.0,2020-10-26,2023-07-06
034816,P,02,LC,18558.0,56676.0,2019-04-16,2020-12-21
037576,P,01,LC,18558.0,56676.0,2020-12-22,
034702,P,01,LC,18564.0,56709.0,2019-04-01,
034447,P,01,LC,18572.0,56715.0,2019-05-02,
035077,P,01,LC,18576.0,56719.0,2019-05-10,
035065,P,01,LC,18579.0,56721.0,2019-05-17,
035120,P,01,LC,18580.0,56722.0,2019-05-17,
035168,P,01,LC,18592.0,56723.0,2019-06-03,
035182,P,01,LC,18726.0,56769.0,2019-06-12,
035287,P,01,LC,18727.0,56770.0,2019-06-14,
003170,C,00X,LU,18729.0,20473.0,1950-01-01,1962-01-30
003170,P,01,LU,18729.0,20473.0,1962-01-31,
035133,P,01,LC,18734.0,56773.0,2019-06-20,2021-07-30
033750,P,01,LC,18736.0,56775.0,2019-06-17,2023-03-31
035264,P,01,LC,18770.0,56787.0,2019-06-27,
034954,P,01,LC,18771.0,56788.0,2019-06-27,2022-10-31
035210,C,01,LC,18780.0,56796.0,2019-06-12,
035394,P,01,LC,18790.0,56805.0,2019-07-25,2020-11-30
035082,P,03,LC,18835.0,56738.0,2019-07-03,2020-04-23
036404,P,01,LC,18835.0,56738.0,2020-04-24,
035447,P,01,LC,18886.0,56857.0,2019-08-01,
035602,P,01,LC,18907.0,56872.0,2019-09-12,
035640,P,01,LC,18908.0,56873.0,2019-09-12,
035604,P,01,LC,18909.0,56874.0,2019-09-13,
035497,P,01,LC,18910.0,56875.0,2019-09-18,
035620,P,01,LC,18911.0,56876.0,2019-09-19,
035189,P,02,LC,18936.0,56810.0,2019-09-03,2020-12-21
037594,P,01,LC,18936.0,56810.0,2020-12-22,
035411,P,02,LC,18937.0,56815.0,2019-09-16,2021-02-28
038198,P,01,LC,18937.0,56815.0,2021-03-01,
035627,P,01,LC,18940.0,56886.0,2019-09-26,
035638,P,01,LC,19032.0,56924.0,2019-10-11,
034446,P,01,LC,19058.0,56932.0,2019-11-07,2023-05-10
035868,P,01,LC,19084.0,56959.0,2019-12-12,
004510,C,00X,LU,19166.0,20681.0,1950-01-01,1962-01-30
004510,P,01,LU,19166.0,20681.0,1962-01-31,
036025,P,01,LC,19177.0,56993.0,2020-01-31,2023-02-28
036049,P,01,LC,19199.0,14304.0,2020-02-06,2021-12-31
036191,P,01,LC,19285.0,57036.0,2020-04-03,
036190,P,01,LC,19286.0,57037.0,2020-04-03,
035746,P,04,LC,19295.0,56942.0,2020-03-13,2021-08-26
039535,P,01,LC,19295.0,56942.0,2021-08-27,2023-08-04
036192,P,02,LC,19338.0,57039.0,2020-04-27,2020-12-16
037562,P,01,LC,19338.0,57039.0,2020-12-17,
003835,C,00X,LC,19350.0,20566.0,1949-11-01,1962-01-30
003835,P,01,LC,19350.0,20566.0,1962-01-31,
002403,C,00X,LU,19393.0,20331.0,1950-01-01,1962-01-30
002403,P,01,LU,19393.0,20331.0,1962-01-31,
036494,P,01,LC,19404.0,57092.0,2020-06-05,
022638,P,01,LC,19405.0,57093.0,2020-06-04,
025645,P,01,LC,19413.0,57098.0,2020-06-26,
036303,P,02,LC,19433.0,57062.0,2020-06-22,2020-11-17
037407,P,01,LC,19433.0,57062.0,2020-11-18,
036261,P,03,LC,19455.0,57064.0,2020-06-18,2020-12-20
037519,P,01,LC,19455.0,57064.0,2020-12-21,
036262,P,03,LC,19456.0,57065.0,2020-06-12,2021-01-07
037711,P,01,LC,19456.0,57065.0,2021-01-08,
036619,P,01,LC,19486.0,57128.0,2020-06-19,2024-12-10
004094,P,03,LC,19495.0,57135.0,2020-07-01,
036692,P,01,LC,19497.0,57137.0,2020-07-02,
036642,P,01,LC,19499.0,57138.0,2020-07-10,
011264,C,00X,LU,19502.0,21881.0,1949-10-01,1962-01-30
011264,P,01,LU,19502.0,21881.0,1962-01-31,
002285,C,00X,LU,19561.0,20315.0,1950-01-01,1962-01-30
002285,P,01,LU,19561.0,20315.0,1962-01-31,
036754,P,01,LC,19575.0,57192.0,2020-08-05,
036722,P,01,LC,19577.0,57194.0,2020-08-06,
036605,P,03,LC,19599.0,57104.0,2020-08-17,2020-11-26
037449,P,01,LC,19599.0,57104.0,2020-11-27,
036728,P,01,LC,19605.0,57212.0,2020-08-06,2023-05-31
036495,J,02,LC,19644.0,57124.0,2020-08-27,2021-02-10
038065,P,01,LC,19644.0,57124.0,2021-02-11,
339965,P,01,LC,19654.0,57255.0,2020-09-16,
036950,P,01,LC,19657.0,57258.0,2020-09-17,
137611,P,01,LC,19675.0,37957.0,2000-07-12,2018-05-31
037023,P,01,LC,19679.0,57265.0,2020-09-23,
036964,P,01,LC,19746.0,57296.0,2020-09-30,
036756,P,03,LC,19751.0,57148.0,2020-09-18,2021-07-25
039337,P,01,LC,19751.0,57148.0,2021-07-26,
020653,P,03,LC,19752.0,13960.0,2020-09-21,2023-11-30
036910,P,01,LC,19788.0,57309.0,2020-09-30,
036898,P,01,LC,19794.0,57313.0,2020-09-18,
036203,P,01,LC,19807.0,57315.0,2020-10-09,
037090,P,01,LC,19822.0,57341.0,2020-09-23,
003708,C,00X,LC,19828.0,20550.0,1950-01-01,1962-01-30
003708,P,01,LC,19828.0,20550.0,1962-01-31,1967-11-05
003708,P,01,LC,19828.0,20550.0,1976-06-17,2003-08-31
003708,J,01,LC,19828.0,20550.0,2003-09-01,2008-09-29
003708,P,03,LC,19828.0,20550.0,2008-09-30,
024966,P,01,LC,19832.0,57347.0,2020-09-25,
037200,P,01,LC,19851.0,57368.0,2020-10-15,
036880,P,03,LC,19891.0,57204.0,2020-10-09,2021-03-30
017001,P,01,LC,19893.0,57384.0,2020-10-08,
036867,P,02,LC,19911.0,57210.0,2020-10-08,2021-05-28
037292,P,01,LC,19939.0,57418.0,2020-10-30,
013041,P,01,LC,20053.0,781.0,1981-01-01,
007637,P,01,LC,20057.0,57529.0,2020-11-17,
037111,P,03,LC,20067.0,57411.0,2020-12-31,2021-05-28
038916,P,01,LC,20067.0,57411.0,2021-06-01,
037024,P,02,LC,20179.0,57364.0,2020-11-13,2021-10-17
039909,P,01,LC,20179.0,57364.0,2021-10-18,
037420,P,01,LC,20189.0,57587.0,2020-12-09,
037460,P,01,LC,20190.0,57588.0,2020-12-10,
037517,P,01,LC,20193.0,57590.0,2020-12-09,
037357,P,01,LC,20196.0,57593.0,2020-12-16,
002255,C,00X,LC,20220.0,20306.0,1949-10-01,1962-01-30
002255,P,01,LC,20220.0,20306.0,1962-01-31,2010-03-12
037164,P,03,LC,20246.0,57392.0,2020-12-14,2022-12-30
345980,P,01,LC,20333.0,57666.0,2020-12-16,
037413,P,01,LC,20339.0,57669.0,2021-01-13,
037502,P,01,LC,20341.0,57671.0,2021-01-14,
037306,P,02,LC,20357.0,57538.0,2021-01-04,2021-09-30
039800,P,01,LC,20357.0,57538.0,2021-10-01,
006682,C,00X,LC,20415.0,21097.0,1950-01-01,1962-01-30
006682,P,01,LC,20415.0,21097.0,1962-01-31,
037190,P,02,LC,20440.0,57643.0,2021-01-29,2022-09-30
037752,P,01,LC,20447.0,57775.0,2021-01-15,
037472,P,03,LC,20452.0,57654.0,2021-01-04,2021-07-14
039251,P,01,LC,20452.0,57654.0,2021-07-15,
001078,C,00X,LC,20482.0,20017.0,1950-01-01,1962-01-30
001078,P,01,LC,20482.0,20017.0,1962-01-31,
002596,P,01,LU,20512.0,727.0,1979-03-30,
027786,P,21,LC,20583.0,11937.0,2021-02-10,
037147,P,02,LC,20601.0,57630.0,2021-02-01,2021-07-22
039323,P,01,LC,20601.0,57630.0,2021-07-23,
037526,P,02,LC,20607.0,57637.0,2021-02-04,
002787,C,00X,LU,20618.0,20398.0,1949-07-01,1962-01-30
002787,P,01,LU,20618.0,20398.0,1962-01-31,
004060,C,00X,LC,20626.0,20597.0,1950-06-01,1962-01-30
004060,P,01,LC,20626.0,20597.0,1962-01-31,2017-08-31
037453,P,01,LC,20648.0,57999.0,2021-03-10,
038188,P,01,LC,20656.0,58006.0,2021-03-24,
038092,P,01,LC,20682.0,58024.0,2021-03-11,
002620,P,01,LC,20694.0,841.0,1983-12-30,2008-11-03
038342,P,01,LC,20870.0,58153.0,2021-03-12,2023-06-30
034749,P,01,LC,20892.0,58167.0,2021-04-14,
038212,P,01,LC,20894.0,58169.0,2021-04-15,
038474,P,01,LC,20898.0,58171.0,2021-04-16,
035245,P,01,LC,20923.0,58181.0,2021-04-29,
038646,P,01,LC,20972.0,58186.0,2021-04-21,
001045,C,00X,LC,21020.0,20010.0,1950-01-01,1962-01-30
001045,P,01,LC,21020.0,20010.0,1962-01-31,2012-01-04
001045,P,04,LC,21020.0,20010.0,2013-12-09,
037614,P,03,LC,21102.0,57981.0,2021-04-19,2021-09-16
039680,P,01,LC,21102.0,57981.0,2021-09-17,
006774,C,00X,LU,21178.0,21110.0,1950-01-01,1962-01-30
006774,P,01,LU,21178.0,21110.0,1962-01-31,
011446,C,00X,LC,21186.0,21913.0,1949-11-01,1962-01-30
011446,P,01,LC,21186.0,21913.0,1962-01-31,2015-07-01
029830,P,01,LC,21186.0,21913.0,2015-07-02,2024-07-31
007881,C,00X,LU,21207.0,21286.0,1961-01-01,1962-01-30
007881,P,01,LU,21207.0,21286.0,1962-01-31,
007881,N,01C,LX,21207.0,21286.0,2019-05-11,
011296,C,00X,LU,21231.0,21887.0,1951-01-01,1962-01-30
011296,P,01,LU,21231.0,21887.0,1962-01-31,2018-07-06
038832,P,01,LC,21345.0,58315.0,2021-06-09,
039041,P,01,LC,21356.0,58322.0,2021-07-01,
038927,P,01,LC,21357.0,58323.0,2021-06-24,
038931,P,01,LC,21358.0,58324.0,2021-06-24,
002751,P,01,LC,21371.0,6262.0,1983-08-04,
037596,P,01,LC,21415.0,58344.0,2021-06-30,
006104,C,00X,LC,21573.0,20994.0,1950-01-01,1962-01-30
006104,P,01,LC,21573.0,20994.0,1962-01-31,
039293,P,01,LC,21723.0,58570.0,2021-07-29,
008539,C,00X,LC,21776.0,21396.0,1951-01-01,1962-01-30
008539,P,01,LC,21776.0,21396.0,1962-01-31,
005742,C,00X,LU,21792.0,20939.0,1951-01-01,1962-01-30
005742,P,01,LU,21792.0,20939.0,1962-01-31,
039426,P,01,LC,21837.0,58656.0,2021-08-13,
039483,P,01,LC,21890.0,58692.0,2021-09-15,
039524,P,01,LC,21896.0,58698.0,2021-09-22,
038881,J,02,LC,21927.0,58718.0,2021-09-30,2021-09-30
038881,P,02,LC,21927.0,58718.0,2021-10-01,
008530,C,00X,LC,21936.0,21394.0,1950-01-01,1962-01-30
008530,P,01,LC,21936.0,21394.0,1962-01-31,
002849,C,00X,LC,22032.0,780.0,1978-01-01,1978-01-30
002849,P,01,LU,22032.0,780.0,1978-01-31,2007-09-28
039687,P,01,LC,22084.0,58778.0,2021-10-14,
004321,C,00X,LC,22103.0,20643.0,1949-10-01,1962-01-30
004321,P,01,LC,22103.0,20643.0,1962-01-31,
006266,C,00X,LC,22111.0,21018.0,1950-01-01,1962-01-30
006266,P,01,LC,22111.0,21018.0,1962-01-31,
039575,P,01,LC,22200.0,58843.0,2021-10-20,
039811,P,01,LC,22265.0,58911.0,2021-11-10,
003532,C,00X,LU,22293.0,20523.0,1950-01-01,1962-01-30
003532,P,01,LU,22293.0,20523.0,1962-01-31,
002888,P,01,LC,22374.0,7137.0,1984-07-18,2012-11-28
008247,C,00X,LU,22509.0,21351.0,1950-01-01,1962-01-30
008247,P,01,LU,22509.0,21351.0,1962-01-31,
008455,C,00X,LC,22517.0,21376.0,1951-01-01,1962-01-30
008455,P,01,LC,22517.0,21376.0,1962-01-31,
007435,C,00X,LC,22592.0,21205.0,1950-01-01,1962-01-30
007435,P,01,LC,22592.0,21205.0,1962-01-31,
040614,P,01,LC,22623.0,59113.0,2022-02-02,
007257,C,00X,LC,22752.0,21188.0,1950-01-01,1962-01-01
007257,P,01,LC,22752.0,21188.0,1962-01-02,
007585,C,00X,LC,22779.0,21230.0,1950-01-01,1962-01-30
007585,P,01,LC,22779.0,21230.0,1962-01-31,
009411,C,00X,LC,22840.0,21566.0,1949-07-01,1962-01-30
009411,P,01,LC,22840.0,21566.0,1962-01-31,2014-08-28
012612,C,00X,LD,22859.0,20549.0,1951-01-01,1962-01-30
003814,C,00X,LC,22859.0,20549.0,1951-01-01,1962-01-30
003814,P,01,LC,22859.0,20549.0,1962-01-31,2011-11-25
012612,P,01,LD,22859.0,20549.0,1962-01-31,1986-01-31
002950,P,01,LC,22905.0,899.0,1972-12-14,2010-03-10
030865,C,00X,LC,22947.0,20449.0,1951-01-01,1962-01-30
003039,C,00X,LD,22947.0,20449.0,1951-01-01,1962-01-30
030865,C,01,LC,22947.0,20449.0,1962-01-31,1980-12-31
003039,P,01,LD,22947.0,20449.0,1962-01-31,1980-12-31
003039,P,01,LC,22947.0,20449.0,1981-01-01,1994-10-24
030865,C,01,LC,22947.0,20449.0,1994-10-25,2006-03-31
164296,P,01,LC,22976.0,59247.0,2022-04-11,
008099,C,00X,LU,23026.0,21326.0,1951-01-01,1962-01-30
008099,P,01,LU,23026.0,21326.0,1962-01-31,
005568,C,00X,LC,23077.0,20900.0,1950-05-01,1962-01-30
005568,P,01,LC,23077.0,20900.0,1962-01-31,2013-05-31
005568,C,01,LC,23077.0,20900.0,2013-06-01,2013-06-10
009445,C,00X,LU,23085.0,21570.0,1951-01-01,1962-01-30
009445,P,01,LU,23085.0,21570.0,1962-01-31,2019-01-31
002783,C,00X,LU,23114.0,20397.0,1951-01-01,1962-01-30
002783,P,01,LU,23114.0,20397.0,1962-01-31,2012-06-30
002783,C,01,LU,23114.0,20397.0,2012-07-01,
013948,P,01,LC,23229.0,20361.0,1962-01-31,1987-05-26
003439,P,01,LD,23229.0,20361.0,1962-01-31,1987-05-26
003439,P,01,LC,23229.0,20361.0,1987-05-27,
003007,P,01,LU,23297.0,6760.0,1984-01-06,
005643,C,00X,LC,23309.0,20915.0,1950-01-01,1962-01-30
005643,P,01,LC,23309.0,20915.0,1962-01-31,2007-10-24
003011,P,01,LU,23318.0,6249.0,1983-08-02,2006-04-28
003026,P,01,LU,23393.0,1103.0,1976-12-30,
041640,P,01,LC,23439.0,59414.0,2022-10-26,
014824,C,00X,LC,23473.0,912.0,1982-01-01,1982-01-28
014824,P,01,LC,23473.0,912.0,1982-01-29,
008694,C,00X,LC,23501.0,21432.0,1951-01-01,1962-01-30
008694,P,01,LC,23501.0,21432.0,1962-01-31,2016-03-23
011550,P,01,LC,23536.0,21931.0,1962-01-31,
013353,P,01,LD,23536.0,21931.0,1962-01-31,1986-12-31
013353,C,99X,LD,23536.0,21931.0,1987-01-01,2020-12-31
041818,P,01,LC,23570.0,59446.0,2023-01-04,
010519,C,00X,LC,23579.0,21743.0,1950-01-01,1962-01-30
010519,P,01,LC,23579.0,21743.0,1962-01-31,
003062,P,01,LC,23660.0,6304.0,1983-08-19,
008810,C,00X,LU,23712.0,21458.0,1951-01-01,1962-01-30
008810,P,01,LU,23712.0,21458.0,1962-01-31,
005439,C,00X,LU,23819.0,20868.0,1950-01-01,1962-01-30
005439,P,01,LU,23819.0,20868.0,1962-01-31,
041897,P,01,LC,23876.0,59559.0,2023-05-04,
003078,N,02,LC,23887.0,925.0,1982-01-29,1997-07-31
003078,P,02,LC,23887.0,925.0,1997-08-01,2000-08-30
135484,P,01,LC,23887.0,925.0,2000-08-31,2020-04-23
005134,C,00X,LC,23915.0,20809.0,1950-01-01,1962-01-30
005134,P,01,LU,23915.0,20809.0,1962-01-31,2005-12-30
003082,P,01,LC,23916.0,1194.0,1981-01-01,2015-10-30
007977,C,00X,LC,23931.0,21300.0,1951-01-01,1962-01-30
007977,P,01,LC,23931.0,21300.0,1962-01-31,
043023,P,01,LC,23941.0,59576.0,2023-06-15,
043026,P,01,LC,23942.0,59577.0,2023-07-03,
009217,C,00X,LC,23990.0,21527.0,1950-01-01,1962-01-30
009217,P,01,LC,23990.0,21527.0,1962-01-31,2009-04-01
007366,C,00X,LU,24010.0,21201.0,1951-01-01,1962-01-30
007366,P,01,LU,24010.0,21201.0,1962-01-31,
003105,P,01,LC,24046.0,6996.0,1984-04-19,2008-07-30
006338,C,00X,LC,24053.0,21035.0,1958-01-01,1962-01-30
006338,P,01,LC,24053.0,21035.0,1962-01-31,
001440,C,00X,LC,24109.0,20077.0,1951-01-01,1962-01-30
001440,P,01,LC,24109.0,20077.0,1962-01-31,
043197,P,01,LC,24174.0,59644.0,2023-10-02,
004517,C,00X,LC,24205.0,20684.0,1951-01-01,1962-01-30
004517,P,01,LC,24205.0,20684.0,1962-01-31,
001995,C,00X,LC,24221.0,20258.0,1951-01-01,1962-01-30
001995,P,01,LC,24221.0,20258.0,1962-01-31,2012-03-12
001794,P,01,LC,24272.0,20222.0,1962-01-31,
004430,C,00X,LC,24328.0,20662.0,1951-01-01,1962-01-30
004430,P,01,LC,24328.0,20662.0,1962-01-31,
006799,C,00X,LC,24360.0,21116.0,1951-01-01,1962-01-30
006799,P,01,LC,24360.0,21116.0,1962-01-31,2007-08-24
006334,C,00X,LC,24432.0,21032.0,1951-01-01,1962-01-30
006334,P,01,LC,24432.0,21032.0,1962-01-31,2018-06-04
003153,P,01,LC,24441.0,1071.0,1979-07-25,
003153,N,01C,LX,24441.0,1071.0,2005-01-31,
008606,C,00X,LU,24459.0,21411.0,1950-09-18,1962-01-30
008606,P,01,LU,24459.0,21411.0,1962-01-31,
003157,P,01,LU,24476.0,1033.0,1972-12-14,2022-07-29
010507,C,00X,LU,24563.0,21740.0,1951-02-13,1962-01-30
010507,P,01,LU,24563.0,21740.0,1962-01-31,2007-10-31
001356,C,00X,LC,24643.0,20060.0,1951-06-11,1962-01-30
001356,P,01,LC,24643.0,20060.0,1962-01-31,2016-10-31
028192,P,01,LC,24643.0,20060.0,2016-11-01,
007985,P,01,LU,24766.0,21303.0,1962-01-31,
008972,C,00X,LU,24942.0,21492.0,1952-09-15,1962-02-27
008972,P,01,LU,24942.0,21492.0,1962-02-28,2020-04-30
010860,C,00X,LU,24985.0,21808.0,1952-12-15,1962-01-30
010860,P,01,LU,24985.0,21808.0,1962-01-31,
009459,C,00X,LC,25013.0,21575.0,1953-03-23,1962-01-30
009459,P,01,LC,25013.0,21575.0,1962-01-31,2009-11-30
003231,P,01,LC,25081.0,1261.0,1972-12-14,
008151,P,01,LC,25232.0,21332.0,1962-01-31,
002663,P,01,LU,25320.0,20384.0,1962-01-31,
011465,C,00X,LC,25419.0,21916.0,1956-01-01,1962-01-30
011465,P,01,LC,25419.0,21916.0,1962-01-31,
008818,C,00X,LC,25443.0,21461.0,1955-02-07,1962-01-30
008818,P,01,LC,25443.0,21461.0,1962-01-31,2009-02-06
003278,P,01,LC,25487.0,6391.0,1983-09-14,
005492,P,01,LC,25582.0,20883.0,1962-01-31,
006403,P,01,LC,25769.0,21049.0,1962-01-31,2006-08-10
003310,P,01,LC,25778.0,5220.0,1981-12-15,2018-11-30
004839,C,00X,LC,25785.0,20750.0,1950-01-01,1962-01-30
004839,P,01,LC,25785.0,20750.0,1962-01-31,
004058,C,00X,LC,25953.0,20596.0,1960-01-01,1962-01-30
004058,P,01,LC,25953.0,20596.0,1962-01-31,
004818,C,00X,LC,26382.0,20745.0,1957-10-28,1965-12-30
004818,P,01,LC,26382.0,20745.0,1965-12-31,2000-11-30
141400,P,01,LC,26382.0,20745.0,2000-12-01,2011-06-01
003980,P,01,LC,26403.0,20587.0,1962-01-31,
004351,P,01,LU,26470.0,20649.0,1962-01-31,2018-11-30
002085,P,01,LU,26518.0,20276.0,1962-01-31,2007-10-26
009831,P,01,LC,26614.0,21637.0,1970-04-20,2023-02-28
006781,P,01,LC,26710.0,21111.0,1962-01-31,
006375,P,01,LU,26825.0,21041.0,1962-01-31,
011115,P,01,LU,27043.0,21859.0,1962-01-31,2021-04-30
002771,P,01,LU,27334.0,20392.0,1962-01-31,
003107,P,01,LC,27422.0,20462.0,1962-01-31,
003570,P,01,LC,27562.0,5169.0,1981-11-05,
009299,P,01,LU,27633.0,21541.0,1962-01-31,
001919,P,01,LU,27684.0,20239.0,1962-01-31,
006109,C,00X,LC,27705.0,20996.0,1960-12-12,1962-01-30
006109,P,01,LC,27705.0,20996.0,1962-01-31,2015-01-13
008488,C,00X,LC,27713.0,21387.0,1960-12-13,1962-01-30
008488,P,01,LC,27713.0,21387.0,1962-01-31,2008-11-21
008873,C,00X,LC,27756.0,21476.0,1962-01-01,1962-01-30
008873,P,01,LC,27756.0,21476.0,1962-01-31,2016-09-16
005606,P,01,LC,27828.0,20908.0,1962-01-31,
002086,P,01,LC,27887.0,20277.0,1962-01-31,
003643,P,01,LU,27888.0,840.0,1977-07-08,
004093,P,01,LC,27959.0,20608.0,1962-01-31,
011636,P,01,LC,27983.0,21945.0,1962-01-31,
001075,P,01,LU,27991.0,21409.0,1962-01-31,
001209,P,01,LC,28222.0,20030.0,1962-01-31,
007620,P,01,LC,28345.0,21236.0,1962-01-02,
001380,P,01,LC,28484.0,20064.0,1964-03-31,
001380,N,01C,LX,28484.0,20064.0,1998-05-29,2016-11-30
001380,J,01C,LX,28484.0,20064.0,2016-12-01,
001230,P,01,LU,28804.0,20035.0,1966-01-31,
001773,P,01,LU,29209.0,20217.0,1966-04-29,
002435,P,01,LU,29946.0,20340.0,1962-07-02,
004016,P,01,LC,30382.0,1354.0,1972-12-14,2007-07-06
004066,P,01,LU,30681.0,1367.0,1972-12-14,
004108,P,01,LU,30940.0,1425.0,1972-12-14,
004201,C,01,LU,31500.0,1451.0,1973-01-31,2021-02-28
004340,P,01,LU,32540.0,1523.0,1981-04-30,2015-05-29
004352,C,01,LU,32636.0,1539.0,1972-12-14,2012-08-31
005560,P,01,LU,32651.0,20897.0,1962-07-02,
005581,P,01,LU,32707.0,20902.0,1962-07-02,
005667,P,01,LC,32803.0,20922.0,1965-11-30,
005709,P,01,LU,32870.0,20932.0,1962-07-02,
005764,P,01,LC,32942.0,20945.0,1962-07-02,
004383,P,01,LU,32986.0,6748.0,1983-12-28,
004497,C,02,LU,33823.0,9028.0,1979-06-29,
007085,P,01,LU,34032.0,21161.0,1962-07-02,
004640,C,00X,LU,34746.0,1741.0,1980-01-01,1980-01-30
004640,P,01,LU,34746.0,1741.0,1980-01-31,
008030,P,01,LU,34817.0,21308.0,1966-04-29,
008068,P,01,LC,34833.0,21322.0,1962-07-02,
004674,P,01,LC,35044.0,1620.0,1972-12-14,
008304,P,01,LC,35051.0,21360.0,1962-07-02,2015-08-28
012796,C,00X,LC,35124.0,1629.0,1980-01-01,1980-01-30
012796,P,03,LC,35124.0,1629.0,1980-01-31,2021-06-30
004678,P,01,LC,35167.0,5259.0,1982-01-04,2016-08-15
004699,C,01,LC,35554.0,1689.0,1972-12-14,
009225,P,01,LU,36003.0,21530.0,1962-07-02,
004737,C,01,LU,36397.0,1856.0,1972-12-14,
009667,P,01,LC,36468.0,21609.0,1962-07-02,
004739,C,01,LC,36469.0,1869.0,1972-12-14,2008-12-31
010277,P,01,LC,37161.0,21700.0,1962-07-02,2016-06-30
004844,P,01,LC,37234.0,1807.0,1972-12-14,2014-12-16
004844,N,01C,LX,37234.0,1807.0,1998-09-30,2006-03-31
010466,C,00X,LC,37284.0,21732.0,1965-10-01,1966-01-30
010466,P,01,LC,37284.0,21732.0,1966-01-31,2018-09-28
004885,P,01,LU,37584.0,6407.0,1983-09-23,
011096,P,01,LC,37807.0,21856.0,1963-12-31,2017-05-31
004973,P,01,LU,38093.0,7094.0,1984-06-20,
011506,C,01,LU,38156.0,21923.0,1962-07-02,
011670,C,00X,LC,38295.0,21948.0,1962-07-02,1966-01-30
011670,P,01,LC,38295.0,21948.0,1966-01-31,
010540,P,01,LU,38578.0,21745.0,1962-09-27,2012-05-31
007824,P,01,LC,38658.0,21269.0,1962-11-19,2013-12-19
004040,P,01,LC,38682.0,20594.0,1962-12-07,2022-02-28
004040,N,01C,LX,38682.0,20594.0,2004-02-27,2022-02-28
008007,P,01,LC,38703.0,21305.0,1962-12-10,
007974,P,01,LU,38762.0,21244.0,1962-12-19,
010984,P,01,LC,39087.0,21833.0,1963-04-10,2013-06-30
010984,C,01,LC,39087.0,21833.0,2013-07-01,2013-07-10
001678,P,01,LC,39490.0,20204.0,1964-01-31,
007116,C,01,LU,39538.0,21168.0,1963-08-12,
002111,P,01,LU,39642.0,20284.0,1963-09-25,
011456,P,01,LC,39917.0,21914.0,1963-12-06,
010391,P,01,LU,40061.0,21719.0,1964-01-10,2007-11-30
003336,P,01,LC,40125.0,20493.0,1964-04-30,
006078,P,01,LC,40272.0,20991.0,1964-03-02,
001920,P,01,LU,40416.0,20240.0,1964-04-20,2020-01-31
011672,P,01,LU,40539.0,21949.0,1964-05-12,
003650,P,01,LU,41080.0,20543.0,1964-09-10,
008358,P,01,LU,41355.0,21367.0,1964-12-09,
001318,P,01,LU,41443.0,20057.0,1965-01-18,2007-11-30
005619,C,00X,LU,41807.0,2141.0,1981-01-01,1981-01-29
005619,P,01,LU,41807.0,2141.0,1981-01-30,2005-11-30
003416,P,01,LU,41929.0,20501.0,1965-05-05,2015-10-30
002290,P,01,LC,42024.0,20316.0,1965-06-02,2013-11-05
001239,P,01,LC,42083.0,8127.0,1965-06-11,2011-05-10
004145,P,01,LU,42200.0,20616.0,1965-07-06,
006268,P,01,LC,42534.0,21019.0,1965-10-11,2016-09-02
009777,P,01,LC,42585.0,21629.0,1965-10-20,
005783,P,01,LU,42877.0,6606.0,1983-11-22,
005786,P,01,LU,42906.0,2093.0,1972-12-14,
010405,P,01,LU,43123.0,21722.0,1966-05-02,
010016,P,01,LC,43350.0,21664.0,1966-06-15,
007154,P,01,LU,43449.0,21177.0,1966-07-05,
011060,P,01,LC,43553.0,21849.0,1966-07-25,
006830,C,01,LC,43721.0,21123.0,1966-08-22,2011-09-16
005902,C,00X,LU,43757.0,6560.0,1984-07-01,1984-07-30
005902,P,01,LU,43757.0,6560.0,1984-07-31,2020-10-30
007970,P,01,LC,44206.0,21299.0,1967-02-20,
010407,P,01,LU,44329.0,21723.0,1967-04-24,
006003,P,01,LU,44506.0,6867.0,1984-02-17,2019-03-31
001913,P,01,LU,44601.0,20238.0,1967-06-20,
001891,P,01,LC,44644.0,20235.0,1967-06-26,
010190,P,01,LC,44951.0,21692.0,1967-09-13,2018-10-31
004843,P,01,LC,45241.0,20753.0,1967-10-24,2014-06-30
006097,P,01,LC,45277.0,5132.0,1981-10-22,2015-04-06
006100,P,01,LU,45306.0,5184.0,1981-11-12,
009258,P,01,LC,45495.0,21532.0,1967-12-29,2019-04-30
009483,P,01,LU,45671.0,21580.0,1968-01-30,2006-02-28
007065,P,01,LU,45751.0,21158.0,1968-02-16,
009772,P,01,LC,45794.0,21627.0,1968-02-26,2010-08-27
001327,P,01,LU,45911.0,20058.0,1968-03-13,
006207,P,01,LC,46149.0,2456.0,1977-12-14,2006-12-29
003121,P,01,LU,46578.0,20463.0,1968-08-01,
005125,P,01,LU,46674.0,20807.0,1968-08-20,
002044,P,01,LC,46877.0,20268.0,1968-09-30,2017-12-28
006304,P,01,LU,46886.0,2551.0,1980-10-08,
009155,P,01,LU,46922.0,21515.0,1968-10-07,2024-08-31
003054,P,01,LC,47175.0,20453.0,1968-11-18,2008-11-07
006379,J,02,LC,47387.0,2519.0,1984-08-02,
002968,P,01,LC,47896.0,20436.0,1969-03-05,
004988,P,01,LC,47941.0,20782.0,1969-03-10,
006497,C,01,LU,48072.0,2573.0,1972-12-14,
006529,P,01,LC,48267.0,5995.0,1983-05-13,2014-05-06
010757,P,01,LC,48389.0,21786.0,1969-05-21,2014-08-15
006241,P,01,LC,48485.0,21015.0,1969-06-09,2006-03-31
006241,C,99X,LC,48485.0,21015.0,2006-04-01,2006-04-28
006565,P,01,LC,48486.0,7013.0,1984-05-04,
004094,P,01,LC,48506.0,20610.0,1969-06-12,2000-10-02
139665,P,01,LC,48506.0,20610.0,2000-10-03,
005776,P,01,LC,48653.0,20950.0,1969-07-02,1993-03-07
027914,P,01,LC,48653.0,20950.0,1993-03-08,
010867,P,01,LU,48725.0,21810.0,1969-07-16,
006475,P,01,LC,48960.0,21061.0,1969-08-14,2006-06-30
006742,C,00X,LC,49015.0,21105.0,1972-01-01,1972-01-30
006742,P,01,LC,49015.0,21105.0,1972-01-31,
003813,P,01,LU,49154.0,20561.0,1969-09-08,
002269,P,01,LU,49373.0,20309.0,1969-10-13,
003964,P,01,LU,49429.0,20584.0,1969-10-27,
002019,P,01,LC,49656.0,20265.0,1969-12-04,
003735,C,00X,LC,49680.0,20557.0,1970-01-01,1970-01-29
003735,P,01,LC,49680.0,20557.0,1970-01-30,
006768,P,01,LC,49905.0,2678.0,1981-06-09,2017-07-11
006788,C,01,LU,50017.0,2706.0,1980-06-19,
001240,P,01,LU,50032.0,20038.0,1970-02-10,2006-06-30
002490,P,01,LU,50227.0,20350.0,1970-03-03,2010-02-26
010813,P,01,LC,50278.0,21749.0,1970-03-16,2014-10-16
010565,P,01,LC,50606.0,21752.0,1970-05-19,2017-07-31
010565,P,02,LC,50606.0,21752.0,2017-08-01,
006730,P,01,LU,50876.0,21102.0,1970-07-09,
001013,P,01,LU,50906.0,2902.0,1979-03-16,2010-12-31
004601,P,01,LC,51043.0,20695.0,1970-08-31,2010-07-07
006994,P,01,LU,51263.0,2767.0,1972-12-14,
010453,P,01,LC,51369.0,21731.0,1970-10-19,
007772,P,01,LC,51377.0,21261.0,1970-10-20,2011-09-30
008210,P,01,LC,51457.0,21346.0,1970-11-05,2012-11-13
006310,P,01,LC,51596.0,21029.0,1970-11-24,2007-05-30
005918,P,01,LU,51633.0,20976.0,1970-12-08,2019-02-28
007067,P,01,LC,51706.0,3042.0,1972-12-14,2011-07-05
010247,P,01,LU,52038.0,21698.0,1971-02-26,
007146,P,01,LC,52090.0,2801.0,1972-12-14,
002312,C,01,LU,52230.0,469.0,1971-04-15,
006216,P,01,LU,52329.0,21011.0,1971-04-27,
007750,P,01,LC,52337.0,21258.0,1971-04-28,
004423,P,01,LU,52476.0,20659.0,1971-05-11,
005256,P,01,LU,52695.0,20841.0,1971-06-23,
006669,P,01,LC,52708.0,21095.0,1971-06-23,
005639,P,01,LC,52716.0,20913.0,1971-06-28,2021-12-31
007251,P,01,LC,52813.0,6791.0,1984-01-18,2017-03-30
007253,C,00X,LC,52840.0,3029.0,1978-01-01,1978-01-30
007253,P,01,LC,52840.0,3029.0,1978-01-31,2007-03-30
008542,P,01,LC,52898.0,21397.0,1971-07-26,
007267,P,01,LC,52919.0,21190.0,1971-07-27,2008-12-31
005518,P,01,LU,52978.0,20887.0,1971-08-11,
006136,P,01,LU,53065.0,20997.0,1971-08-23,
007316,P,01,LC,53381.0,6959.0,1984-05-18,2006-10-31
005216,C,00X,LC,53479.0,20831.0,1974-01-01,1975-02-27
005216,C,01,LC,53479.0,20831.0,1975-02-28,2006-09-29
007331,P,01,LC,53480.0,2829.0,1981-02-13,2014-09-08
007343,P,01,LU,53613.0,7065.0,1984-06-01,
007346,P,01,LC,53640.0,3047.0,1981-03-27,2018-05-29
002845,P,01,LU,53831.0,20413.0,1971-12-28,2009-08-31
004560,P,01,LC,53866.0,20690.0,1972-01-04,2015-07-06
008823,P,01,LU,54148.0,21349.0,1972-02-07,
007409,P,01,LU,54181.0,2925.0,1972-12-14,2010-07-30
004230,P,01,LC,54391.0,20634.0,1972-03-22,2007-09-28
007504,P,01,LU,54798.0,5545.0,1982-06-11,2008-01-31
010735,P,01,LU,55001.0,21783.0,1972-06-28,
009556,P,01,LU,55212.0,21548.0,1972-08-02,1998-10-06
005087,P,01,LU,55212.0,21548.0,1998-10-07,
008807,P,01,LU,55511.0,21457.0,1972-09-08,
011259,P,01,LU,55976.0,21880.0,1972-11-20,
011257,P,01,LC,56063.0,21879.0,1972-12-07,2011-06-30
006821,P,01,LU,56223.0,21121.0,1972-12-29,
007711,P,01,LC,56232.0,3157.0,1973-05-01,2008-12-31
003362,C,01,LC,56274.0,20495.0,1972-12-14,
005878,P,01,LU,56573.0,20968.0,1973-03-13,
004802,P,01,LU,56784.0,20740.0,1972-12-14,2007-11-30
007798,P,01,LC,56937.0,5651.0,1982-10-15,2010-10-04
008387,P,01,LC,57509.0,21368.0,1972-12-14,2016-01-13
001988,P,01,LU,57568.0,20257.0,1972-12-14,
007906,P,01,LU,57665.0,3194.0,1980-12-02,
007922,P,01,LU,57817.0,3217.0,1972-12-14,
001449,P,01,LU,57904.0,92.0,1973-08-23,
007936,C,00X,LC,57913.0,3133.0,1974-01-01,1978-07-30
007936,C,01,LC,57913.0,3133.0,1978-07-31,2012-10-31
210032,P,01,LC,57913.0,3133.0,2012-11-09,2018-02-13
033114,P,01,LC,57913.0,3133.0,2018-02-14,
015202,P,01,LU,58094.0,5627.0,1982-09-02,2006-11-30
007982,P,01,LU,58246.0,3275.0,1972-12-14,
007991,C,01,LC,58318.0,3302.0,1973-11-07,1982-07-08
007991,C,01,LC,58318.0,3302.0,1982-11-01,
010097,P,02,LU,58464.0,4254.0,1972-12-14,2005-08-31
009882,P,01,LU,58683.0,4181.0,1972-12-14,
009016,P,01,LU,58771.0,3840.0,1973-10-16,
011554,P,01,LC,58819.0,4980.0,1972-12-14,
008079,P,01,LU,58975.0,3326.0,1975-11-03,
004062,P,01,LU,58990.0,1366.0,1972-12-14,2007-12-31
004990,P,01,LU,59010.0,1892.0,1976-05-20,
001447,C,01,LU,59176.0,90.0,1972-12-14,
001663,P,01,LC,59184.0,29.0,1972-12-14,2008-11-17
003024,C,00X,LC,59192.0,900.0,1974-01-01,1974-01-30
003024,P,01,LC,59192.0,900.0,1974-01-31,2016-01-14
003505,P,01,LC,59248.0,33.0,1975-06-12,
003505,N,01C,LX,59248.0,33.0,2005-02-28,
006008,P,01,LU,59328.0,2367.0,1972-12-14,
007238,P,01,LC,59379.0,2968.0,1972-12-14,2007-06-29
014828,C,00X,LU,59396.0,3363.0,1980-01-01,1980-01-30
014828,P,01,LU,59396.0,3363.0,1980-01-31,
007647,P,01,LC,59408.0,3151.0,1972-12-14,
009351,P,01,LC,59440.0,3962.0,1972-12-14,2008-09-22
009380,P,01,LC,59459.0,4293.0,1972-12-14,2004-04-01
062689,P,05,LC,59459.0,4293.0,2004-04-02,
011649,P,01,LC,59483.0,5037.0,1972-12-14,2023-08-15
007228,P,01,LC,60097.0,2850.0,1972-12-14,
009778,P,01,LU,60206.0,4162.0,1972-12-14,
008796,P,01,LC,60442.0,3685.0,1972-12-14,1983-01-18
008245,P,01,LC,60442.0,3685.0,1983-01-19,
008253,P,01,LU,60506.0,3487.0,1972-12-14,
002884,P,01,LC,60599.0,20421.0,1972-12-14,
004598,P,01,LU,60628.0,1685.0,1978-04-12,
008655,C,00X,LU,60695.0,3625.0,1974-01-01,1974-01-30
008655,P,01,LU,60695.0,3625.0,1974-01-31,2007-11-30
001632,P,01,LC,60871.0,282.0,1972-12-14,
006649,P,01,LU,60943.0,2636.0,1972-12-14,
007875,P,01,LC,60986.0,3178.0,1972-12-14,
010639,P,01,LC,61065.0,4522.0,1978-04-10,2005-07-29
008333,P,01,LU,61138.0,6646.0,1984-01-31,
001161,P,01,LU,61241.0,211.0,1972-12-14,
006829,P,01,LU,61399.0,2709.0,1972-12-14,
002220,P,01,LC,61516.0,655.0,1982-01-29,
005608,P,01,LU,61567.0,2130.0,1972-12-14,
008402,P,01,LU,61621.0,6333.0,1983-08-26,
003221,P,01,LC,61735.0,20203.0,1980-06-02,
007912,P,01,LC,61815.0,3219.0,1972-12-14,2020-10-30
008463,P,01,LC,62034.0,3622.0,1972-12-14,2012-09-28
010530,P,01,LC,62092.0,4557.0,1972-12-14,
002574,P,01,LC,62148.0,20370.0,1980-11-13,
010614,P,01,LC,62308.0,21764.0,1972-12-14,
008512,P,01,LU,62341.0,3526.0,1978-01-31,2023-08-31
009302,P,01,LU,62383.0,3954.0,1972-12-14,2015-10-01
011376,P,01,LU,62498.0,4998.0,1972-12-14,
002270,P,01,LC,62519.0,559.0,1980-02-28,2009-12-22
004371,P,01,LC,62834.0,20651.0,1981-05-27,2006-06-30
011366,P,01,LC,63060.0,4961.0,1976-06-09,2008-09-29
015417,C,00X,LU,63467.0,3624.0,1984-01-01,1984-01-30
015417,P,01,LU,63467.0,3624.0,1984-01-31,
008133,P,01,LC,63714.0,3379.0,1981-07-16,2015-08-17
009904,C,00X,LU,63765.0,4338.0,1973-01-01,1973-01-30
009904,P,01,LU,63765.0,4338.0,1973-01-31,
010877,P,01,LC,63781.0,4691.0,1979-04-06,2020-05-22
008717,P,01,LC,63830.0,3499.0,1973-01-31,2016-01-29
011509,P,01,LC,64135.0,4919.0,1981-02-26,2013-10-17
002547,P,01,LC,64186.0,20357.0,1982-04-20,
006733,C,01,LC,64282.0,2664.0,1973-02-09,
007923,P,01,LC,64311.0,21294.0,1982-06-25,
013341,C,00X,LU,64390.0,3682.0,1979-01-01,1979-01-30
013341,P,01,LU,64390.0,3682.0,1979-01-31,
008789,C,01,LC,64486.0,3684.0,1972-12-14,2015-02-02
003555,P,01,LC,64565.0,796.0,1979-03-12,2008-06-30
002710,P,01,LC,64899.0,1015.0,1973-02-28,1993-08-31
002710,J,01,LC,64899.0,1015.0,1993-09-01,2022-11-30
004029,P,01,LC,64936.0,20592.0,1983-06-02,
006418,C,01,LC,64995.0,2535.0,1972-02-23,1994-03-01
009783,C,01,LC,64995.0,2535.0,1994-03-02,
008872,P,01,LU,65083.0,3744.0,1981-04-29,2005-11-30
005750,C,01,LC,65285.0,20942.0,1983-09-16,1983-12-29
005750,P,02,LC,65285.0,20942.0,1983-12-30,
005750,N,01,LD,65285.0,20942.0,1983-12-30,1992-09-13
005980,P,01,LC,65293.0,20979.0,1983-07-26,2010-04-15
005980,N,01C,LX,65293.0,20979.0,1998-04-30,2010-04-15
008902,P,01,LU,65307.0,3911.0,1972-12-14,
006653,P,01,LU,65330.0,21092.0,1983-08-01,2020-07-31
009771,N,02,LC,65402.0,21625.0,1983-09-30,1988-12-31
009771,P,02,LC,65402.0,21625.0,1989-01-01,
003504,P,01,LC,65541.0,5780.0,1983-01-21,
010726,P,01,LC,65787.0,21782.0,1983-10-12,2007-12-20
002136,P,01,LC,65875.0,20288.0,1983-11-30,
002146,P,01,LC,65883.0,20290.0,1984-02-16,2006-12-29
009899,P,01,LC,66093.0,21645.0,1984-02-16,
010426,P,01,LC,66114.0,21726.0,1984-01-27,2012-02-29
002337,P,01,LC,66130.0,20325.0,1984-05-18,2009-04-15
002337,N,01C,LX,66130.0,20325.0,2007-10-31,2009-04-15
004682,P,01,LC,66157.0,1645.0,1972-12-14,2001-02-26
004723,P,01,LC,66157.0,1645.0,2001-02-27,
005680,P,01,LC,66181.0,5085.0,1981-09-22,
006865,P,01,LU,66245.0,21130.0,1982-11-01,2024-04-30
010121,P,02,LC,66325.0,6412.0,1983-09-23,1983-09-30
010121,J,02,LC,66325.0,6412.0,1983-10-01,1983-10-30
010121,P,01,LC,66325.0,6412.0,1983-10-31,1992-06-30
010121,J,01,LC,66325.0,6412.0,1992-07-01,1992-07-23
010121,P,04,LC,66325.0,6412.0,1992-07-24,2014-04-30
020430,P,01,LC,66325.0,6412.0,2014-05-30,
011313,N,02,LU,66376.0,21893.0,1984-06-18,1993-08-31
011313,P,02,LU,66376.0,21893.0,1993-09-01,
011399,C,00X,LC,66384.0,4879.0,1977-07-01,1978-11-29
011399,P,01,LC,66384.0,4879.0,1978-11-30,
005774,P,01,LC,66587.0,2232.0,1972-12-14,2006-03-31
001487,P,01,LC,66800.0,137.0,1972-12-14,
012123,P,01,LU,67467.0,20505.0,1985-06-20,
009273,P,01,LC,67847.0,3914.0,1982-01-29,
009273,N,01C,LX,67847.0,3914.0,1999-04-30,
013166,C,00X,LC,67862.0,20528.0,1986-01-01,1986-01-30
013166,P,01,LC,67862.0,20528.0,1986-01-31,2008-07-14
010187,P,01,LC,68144.0,21691.0,1985-07-01,2019-12-31
011818,P,01,LC,68304.0,20282.0,1985-10-29,2008-05-30
009340,P,01,LC,68340.0,6463.0,1983-10-07,2010-09-27
009372,P,01,LC,68591.0,4278.0,1977-02-09,2017-01-31
012485,P,01,LC,68857.0,20373.0,1986-01-17,2016-06-21
012124,P,01,LC,69032.0,21224.0,1986-03-21,
007637,P,01,LC,69550.0,3104.0,1973-02-23,2020-11-16
008898,P,01,LU,69649.0,6137.0,1983-07-01,
002710,J,02,LC,69796.0,1015.0,1986-07-14,1993-08-31
002710,P,02,LC,69796.0,1015.0,1993-09-01,
012389,P,01,LU,70033.0,20881.0,1986-07-08,
012689,P,01,LU,70092.0,21037.0,1986-08-01,
012395,P,01,LU,70228.0,8372.0,1986-07-08,
012950,P,01,LU,70308.0,20033.0,1986-12-19,2016-05-20
011923,P,01,LU,70332.0,20194.0,1986-10-02,2019-08-30
012756,P,01,LC,70500.0,20469.0,1986-11-21,2016-05-30
003243,P,01,LC,70519.0,20483.0,1986-10-29,
009699,P,01,LC,70536.0,4108.0,1975-08-08,2015-11-17
004213,P,01,LU,70578.0,1467.0,1972-12-14,
009774,C,01,LC,70923.0,4062.0,1972-12-14,2013-09-26
012726,P,01,LU,71175.0,21798.0,1986-12-31,
001274,P,01,LC,71271.0,20043.0,1987-01-30,2022-10-31
011856,C,00X,LC,71563.0,4163.0,1982-01-01,1982-01-28
011856,P,01,LC,71563.0,4163.0,1982-01-29,
013114,P,01,LU,71909.0,20701.0,1987-02-25,2006-11-30
010002,P,02,LC,72696.0,21659.0,1987-01-30,2018-02-28
010035,C,01,LU,72726.0,4260.0,1972-12-14,
010115,P,01,LU,73139.0,4298.0,1979-05-02,
010232,P,01,LU,73940.0,4148.0,1979-06-04,2007-01-31
001976,P,01,LC,75034.0,20253.0,1987-04-24,2017-07-04
032106,P,01,LC,75034.0,20253.0,2017-07-05,
013646,P,01,LU,75100.0,21753.0,1987-05-05,2021-01-07
013619,P,01,LU,75107.0,20018.0,1987-07-29,2022-12-30
013561,P,01,LU,75175.0,21128.0,1987-07-01,
014311,P,01,LU,75182.0,21425.0,1987-09-16,
013988,P,01,LC,75186.0,21578.0,1987-09-22,
012895,P,02,LU,75222.0,8840.0,1986-12-17,2016-08-31
012788,P,01,LU,75224.0,8741.0,1986-11-14,2017-03-31
005969,P,01,LC,75228.0,7712.0,1985-08-27,1987-12-10
014446,P,01,LC,75228.0,7712.0,1987-12-11,2006-01-25
014359,P,02,LU,75241.0,21366.0,1987-12-22,
014359,N,02C,LX,75241.0,21366.0,1998-04-30,
010420,P,01,LC,75257.0,4467.0,1980-07-15,2013-12-31
014370,P,01,LC,75285.0,20312.0,1991-05-03,
014384,P,01,LU,75308.0,21339.0,1988-04-13,2007-01-31
014412,P,01,LU,75316.0,21635.0,1988-05-13,2019-10-31
014793,P,01,LC,75326.0,20221.0,1988-08-11,2016-01-08
015084,P,01,LC,75333.0,20351.0,1988-07-08,2006-04-28
015084,J,01C,LX,75333.0,20351.0,2003-09-30,2006-04-28
014790,P,01,LU,75342.0,20642.0,1988-07-21,
015106,C,01,LC,75383.0,21965.0,1988-11-04,2011-06-30
015110,P,01,LU,75444.0,22011.0,1989-01-19,2007-12-31
013570,P,01,LU,75470.0,9375.0,1987-08-31,
015521,P,01,LC,75489.0,10171.0,1989-04-28,2017-09-12
012540,P,01,LC,75510.0,8476.0,1986-08-13,
014624,P,01,LC,75573.0,9798.0,1988-06-01,
014324,P,01,LC,75577.0,9735.0,1988-03-31,2015-12-24
015267,P,01,LU,75591.0,22075.0,1989-06-02,
016401,P,01,LU,75603.0,10210.0,1989-06-09,
015855,P,01,LC,75607.0,10224.0,1989-06-23,
015708,P,01,LC,75646.0,22092.0,1989-07-27,2015-03-31
016188,P,01,LU,75654.0,10256.0,1989-07-20,
015240,P,02,LC,75672.0,10070.0,1989-01-06,1999-03-23
015240,P,02,LC,75672.0,10070.0,2007-04-12,
015414,P,01,LC,75694.0,10107.0,1989-02-09,
015208,P,01,LC,75789.0,22096.0,1989-08-10,2010-07-07
016478,P,01,LU,75825.0,22113.0,1989-10-04,
016721,P,01,LU,75828.0,10303.0,1989-09-20,
016597,P,01,LU,75854.0,10359.0,1989-11-09,
017197,P,01,LC,75858.0,10372.0,1989-11-15,2010-09-30
018705,P,01,LC,75888.0,22139.0,1989-12-08,2006-08-31
020021,P,01,LU,75900.0,10436.0,1989-12-21,2007-01-31
018699,P,01,LU,75912.0,10408.0,1989-12-08,
020779,P,01,LC,76076.0,10486.0,1990-02-16,
010549,P,01,LU,76081.0,6765.0,1984-01-10,
020548,P,01,LU,76082.0,26024.0,1990-02-08,
020423,P,01,LC,76090.0,26032.0,1990-02-26,2008-01-31
009867,P,01,LC,76091.0,26033.0,1990-02-08,2012-03-26
020904,P,01,LC,76095.0,10504.0,1990-03-01,
010550,C,01,LU,76100.0,4587.0,1981-05-14,2015-10-30
012544,P,01,LU,76123.0,26048.0,1990-03-23,
010553,P,01,LC,76129.0,6934.0,1984-03-21,2010-04-09
021487,P,01,LC,76138.0,10567.0,1990-04-24,2017-04-28
016650,P,01,LC,76148.0,26058.0,1990-04-12,2015-07-22
009359,C,01,LC,76149.0,22765.0,1990-04-26,2015-01-29
022260,P,02,LC,76171.0,10604.0,1990-05-17,2006-11-30
010789,P,01,LC,76185.0,26080.0,1990-05-22,
022325,P,01,LU,76201.0,10634.0,1990-06-12,2022-02-28
022532,P,01,LU,76214.0,10657.0,1990-06-29,2007-05-31
013714,J,03,LC,76226.0,21866.0,1990-06-14,1994-09-30
013714,P,03,LC,76226.0,21866.0,1994-10-01,
022815,P,01,LU,76230.0,10691.0,1990-07-20,
022794,P,01,LC,76240.0,26090.0,1990-07-20,2010-04-28
022974,P,01,LC,76272.0,38042.0,1990-08-03,2006-01-31
009063,C,01,LU,76282.0,10594.0,1990-05-11,
009063,N,01C,LX,76282.0,10594.0,2000-07-31,2000-07-31
021186,P,01,LC,76391.0,10535.0,1990-03-28,2012-12-31
022817,P,01,LU,76461.0,10684.0,1990-07-19,
023220,P,01,LC,76477.0,26112.0,1990-10-24,2018-06-07
006836,P,01,LC,76489.0,10783.0,1990-11-06,2013-07-01
023592,P,01,LC,76557.0,28976.0,1991-01-22,2005-12-30
012338,P,01,LC,76565.0,10828.0,1991-02-06,2014-01-24
023767,P,01,LC,76584.0,10860.0,1991-03-19,2016-04-04
007526,P,01,LU,76591.0,10827.0,1991-02-01,
023774,P,01,LC,76598.0,29001.0,1991-03-19,2006-10-31
023809,P,01,LU,76605.0,29009.0,1991-04-02,
023812,P,01,LU,76614.0,10876.0,1991-04-02,
023877,P,01,LC,76619.0,10891.0,1991-04-17,
023943,P,01,LC,76624.0,10901.0,1991-04-24,2016-01-29
023945,P,01,LC,76625.0,10902.0,1991-04-25,2011-10-31
010631,P,01,LU,76639.0,6278.0,1983-08-10,2019-09-30
023978,C,01,LU,76644.0,29028.0,1991-05-07,
024008,P,01,LU,76656.0,10925.0,1991-05-08,2007-06-29
024040,P,01,LU,76661.0,10937.0,1991-05-17,
021828,P,01,LC,76671.0,28876.0,1991-05-17,2015-08-21
024110,P,01,LU,76693.0,10965.0,1991-06-06,2007-01-31
024113,P,01,LC,76695.0,10968.0,1991-06-07,2017-07-17
024166,P,01,LC,76697.0,10972.0,1991-06-11,1994-01-30
029710,P,01,LC,76697.0,10972.0,1994-01-31,2016-03-23
024186,P,01,LC,76702.0,10980.0,1991-06-18,2007-06-13
024191,P,01,LC,76706.0,10990.0,1991-06-20,2009-09-01
003905,C,01,LU,76708.0,10992.0,1991-06-21,
024197,P,01,LU,76709.0,10989.0,1991-06-21,
024216,P,01,LC,76712.0,10996.0,1991-06-26,
024302,P,01,LC,76736.0,11023.0,1991-07-16,
024344,P,01,LU,76744.0,11042.0,1991-07-24,
024287,P,01,LC,76757.0,29052.0,1991-07-11,2010-11-08
003949,C,02,LC,76769.0,25593.0,1991-07-26,2007-01-11
003949,N,02C,LX,76769.0,25593.0,1998-04-30,2006-05-31
024396,P,01,LC,76788.0,11083.0,1991-08-13,2022-06-30
024409,P,01,LC,76792.0,11088.0,1991-08-14,2010-07-29
024405,P,01,LU,76795.0,11092.0,1991-08-15,
024415,P,01,LC,76796.0,11096.0,1991-08-22,2008-10-28
024379,P,01,LU,76804.0,29067.0,1991-08-07,
024463,P,01,LU,76839.0,11111.0,1991-09-16,
024468,P,01,LC,76841.0,11112.0,1991-09-17,
024473,P,01,LU,76845.0,11117.0,1991-09-20,2009-10-30
022140,P,02,LC,76887.0,11108.0,1991-09-10,2008-12-05
024376,P,01,LC,76908.0,11064.0,1991-08-06,2003-05-11
018666,P,01,LC,76908.0,11064.0,2014-04-15,2024-08-30
021232,P,02,LC,76963.0,11101.0,1991-08-29,2021-03-25
038496,P,01,LC,76963.0,11101.0,2021-03-26,
024617,P,01,LU,77037.0,11161.0,1991-10-24,
024607,P,01,LC,77063.0,29110.0,1991-10-18,2007-12-31
024699,P,01,LU,77103.0,11209.0,1991-11-19,2008-11-28
013204,C,01,LC,77150.0,29360.0,1991-12-18,2006-11-09
008215,C,02,LU,77157.0,22462.0,1991-12-11,
024800,P,01,LU,77178.0,11253.0,1991-12-13,
024782,P,01,LU,77182.0,11257.0,1991-12-17,
024837,P,01,LC,77259.0,11282.0,1992-01-14,2023-02-02
024843,P,01,LU,77264.0,11286.0,1992-01-17,
024856,P,01,LU,77274.0,11300.0,1992-01-22,
024893,P,01,LC,77281.0,11310.0,1992-01-23,2017-08-25
024870,P,01,LC,77284.0,11313.0,1992-01-28,2005-08-31
024878,P,01,LC,77292.0,11316.0,1992-01-29,2020-12-31
024925,P,01,LU,77338.0,11344.0,1992-02-13,
024926,P,01,LC,77339.0,11341.0,1992-02-13,2005-05-31
024975,P,01,LU,77357.0,11361.0,1992-02-26,
024982,P,01,LU,77362.0,11365.0,1992-02-28,
025056,C,01,LC,77418.0,11412.0,1992-03-19,2018-06-15
025062,P,01,LU,77421.0,11416.0,1992-03-19,2012-08-31
025095,P,01,LC,77437.0,11432.0,1992-03-25,2016-11-28
029293,P,01,LC,77437.0,11432.0,2016-11-29,
004611,C,02,LU,77462.0,22856.0,1992-03-17,
004242,C,01,LC,77481.0,22983.0,1992-03-13,2012-05-31
025119,P,01,LU,77496.0,11446.0,1992-04-01,
025167,P,01,LC,77516.0,11470.0,1992-04-15,2020-12-02
025180,P,01,LU,77520.0,11473.0,1992-04-16,
025157,P,01,LC,77546.0,29476.0,1992-04-09,2007-09-24
025279,P,01,LU,77605.0,29489.0,1992-05-19,
025283,P,01,LU,77606.0,29494.0,1992-05-19,
025296,P,01,LC,77608.0,29493.0,1992-05-20,2007-11-13
025274,C,01,LC,77610.0,11522.0,1992-05-14,
025313,P,01,LC,77649.0,11547.0,1992-06-01,
025338,P,01,LU,77659.0,11558.0,1992-06-05,2023-09-30
025339,P,01,LU,77660.0,11561.0,1992-06-05,
025340,P,01,LU,77661.0,11559.0,1992-06-05,
025356,P,01,LC,77668.0,11569.0,1992-06-09,2018-12-31
025430,P,01,LC,77699.0,11591.0,1992-06-25,
025434,P,01,LU,77702.0,11592.0,1992-06-26,
010793,P,01,LC,77730.0,4620.0,1972-12-14,
025509,P,01,LC,77763.0,11606.0,1992-07-07,2019-09-26
025509,P,01,LC,77763.0,11606.0,2019-12-26,2021-02-04
025124,P,01,LC,77768.0,29540.0,1992-07-06,2018-10-30
025807,P,01,LC,77803.0,29530.0,1992-07-22,2006-08-31
025737,P,01,LU,77902.0,11706.0,1992-09-18,
025783,P,01,LC,77976.0,11735.0,1992-10-06,2011-02-28
025880,P,01,LU,78034.0,11778.0,1992-10-28,
025895,P,01,LU,78038.0,29602.0,1992-10-30,
025906,P,01,LC,78051.0,11786.0,1992-11-03,2014-08-14
025937,P,01,LC,78081.0,11806.0,1992-11-18,1994-10-31
025937,C,01,LC,78081.0,11806.0,1994-11-01,1994-11-24
025937,P,02,LC,78081.0,11806.0,1994-11-25,
026013,P,01,LC,78170.0,11857.0,1992-12-16,
026015,P,01,LC,78208.0,11856.0,1992-12-16,2012-01-18
014898,P,01,LU,78664.0,26127.0,1993-08-02,
016665,P,01,LU,78717.0,28879.0,1989-09-20,2007-11-30
026061,P,01,LC,78840.0,11901.0,1993-01-19,2020-06-30
036691,P,01,LC,78840.0,11901.0,2020-07-01,
027794,P,01,LC,78875.0,11946.0,1993-02-09,
027786,P,01,LC,78877.0,11937.0,1993-02-05,2020-06-26
027810,P,01,LC,78881.0,11952.0,1993-02-11,2015-10-16
027816,P,01,LC,78889.0,11948.0,1993-02-10,2011-12-01
027845,P,01,LC,78916.0,11965.0,1993-02-17,2020-05-29
027925,P,01,LC,78955.0,12009.0,1993-04-30,2023-11-30
027981,P,01,LU,78963.0,12036.0,1993-03-24,2024-01-31
028018,P,01,LC,78972.0,12053.0,1993-03-31,2010-10-31
028018,C,01,LC,78972.0,12053.0,2010-11-01,2010-11-22
027928,P,01,LC,78975.0,12011.0,1993-03-12,
027980,P,01,LC,78977.0,12037.0,1993-04-06,2016-04-15
021440,P,01,LU,78981.0,28858.0,1993-03-05,
027965,P,01,LC,78987.0,12027.0,1993-03-19,
027937,P,01,LU,78999.0,12013.0,1993-03-16,2016-09-30
028118,P,01,LC,79089.0,12074.0,1993-04-08,
028195,P,01,LU,79094.0,12108.0,1993-04-29,
028180,P,01,LU,79103.0,12097.0,1993-04-23,
028139,P,01,LU,79108.0,12083.0,1993-04-14,
028320,P,01,LC,79157.0,12165.0,1993-05-27,2007-10-12
028296,P,01,LU,79159.0,12146.0,1993-05-20,2017-04-28
028317,P,01,LC,79192.0,12158.0,1993-05-25,2007-11-07
028256,P,01,LC,79212.0,29842.0,1993-05-12,2010-06-25
010816,P,01,LU,79244.0,21800.0,1993-05-21,2019-04-30
028477,P,01,LU,79265.0,12214.0,1993-06-22,2021-05-28
028397,P,01,LU,79299.0,12185.0,1993-06-08,
028349,P,01,LC,79323.0,29870.0,1993-06-03,
010991,P,01,LC,79338.0,7195.0,1984-08-23,
028648,P,01,LU,79411.0,12305.0,1993-07-23,2015-03-31
028742,P,01,LU,79545.0,29936.0,1993-08-13,
028853,P,01,LC,79564.0,12407.0,1993-09-17,
028877,P,01,LC,79588.0,12415.0,1993-09-21,2016-03-02
028858,P,01,LC,79617.0,12408.0,1993-09-17,2008-12-01
011032,P,01,LU,79637.0,4655.0,1981-07-09,
010484,C,04,LC,79641.0,23504.0,1993-09-02,2010-09-30
028924,P,01,LU,79667.0,29955.0,1993-09-28,2019-08-30
001111,C,02,LC,79678.0,12499.0,1993-10-22,2008-07-09
180405,P,01,LC,79678.0,12499.0,2008-07-10,2023-10-31
029015,P,01,LU,79686.0,12484.0,1993-10-15,
012441,C,01,LC,79698.0,12457.0,1993-10-05,1999-06-30
012441,C,01,LC,79698.0,12457.0,1999-07-01,1999-07-26
012441,N,01,LC,79698.0,12457.0,1999-07-27,2003-09-30
012441,P,01,LC,79698.0,12457.0,2003-10-01,
029095,P,01,LU,79718.0,12522.0,1993-10-29,2006-01-03
029011,P,01,LU,79758.0,29992.0,1993-10-15,
012459,P,01,LC,79785.0,21242.0,1993-11-18,
029133,P,01,LU,79839.0,12539.0,1993-11-05,
029278,P,01,LU,79847.0,12604.0,1993-11-23,2011-02-28
029108,P,01,LU,79857.0,12530.0,1993-11-02,
029282,P,01,LC,79859.0,12608.0,1993-11-23,
029217,P,01,LU,79866.0,12574.0,1993-11-16,
029241,P,01,LC,79879.0,12583.0,1993-11-17,
029150,P,01,LU,79881.0,12546.0,1993-11-09,
029127,P,01,LU,79906.0,30033.0,1993-11-04,
029173,P,01,LU,79915.0,30044.0,1993-11-12,2019-02-28
029264,P,01,LC,79922.0,30050.0,1993-11-19,
029312,P,01,LU,79977.0,12630.0,1993-12-02,
029381,P,01,LC,79991.0,12667.0,1993-12-13,2005-12-30
029353,P,01,LC,80032.0,12651.0,1993-12-09,2013-02-28
029386,P,01,LC,80049.0,12675.0,1993-12-14,2014-12-31
029356,P,01,LC,80055.0,12656.0,1993-12-09,2005-07-29
029511,P,01,LC,80079.0,30069.0,1994-01-25,2015-12-08
029392,P,01,LU,80080.0,30070.0,1994-01-04,
029609,P,01,LU,80167.0,12569.0,1994-01-20,
029751,P,01,LU,80191.0,30249.0,1994-03-11,
029755,P,01,LC,80193.0,30251.0,1994-02-23,
029733,P,01,LC,80204.0,30260.0,1994-02-17,
029791,P,01,LC,80266.0,12884.0,1994-02-28,2016-08-16
029736,P,01,LU,80286.0,12863.0,1994-02-18,
029968,P,01,LU,80303.0,12961.0,1994-03-30,2020-03-31
029837,P,01,LU,80306.0,12902.0,1994-03-04,
029901,P,01,LU,80320.0,12926.0,1994-03-17,
029830,P,01,LC,80361.0,12895.0,1994-03-03,2015-07-01
030032,P,01,LC,80415.0,30381.0,1994-04-12,
016477,P,01,LC,80422.0,30388.0,1994-04-07,2009-07-01
030059,P,01,LU,80432.0,13001.0,1994-04-14,
030098,P,01,LC,80446.0,13008.0,1994-04-25,2013-07-31
030007,P,01,LC,80485.0,12981.0,1994-04-07,2020-07-16
030137,P,01,LU,80539.0,13036.0,1994-05-03,
006242,P,03,LC,80543.0,13043.0,1994-05-04,2009-02-03
006242,P,05,LC,80543.0,13043.0,2010-07-01,2011-05-31
030234,P,01,LU,80557.0,13097.0,1994-06-10,2013-06-28
030255,P,01,LU,80560.0,13113.0,1994-05-26,2015-02-27
030259,P,01,LC,80563.0,13115.0,1994-05-26,
030161,P,01,LC,80568.0,13049.0,1994-05-05,2013-02-21
030128,P,01,LC,80599.0,21606.0,1994-05-31,2008-09-17
030399,P,01,LC,80670.0,13181.0,1994-06-28,2011-05-02
030463,P,01,LU,80719.0,30446.0,1994-07-14,
030576,P,01,LU,80791.0,13252.0,1994-08-10,
030612,P,01,LU,80795.0,13269.0,1994-08-17,
030608,P,01,LU,80797.0,13268.0,1994-08-16,2010-01-29
030671,P,01,LU,80864.0,30474.0,1994-09-16,
030697,P,01,LC,80913.0,13331.0,1994-09-27,2010-02-05
030674,P,01,LU,80918.0,13098.0,1994-09-19,2017-02-28
030662,P,01,LC,80924.0,13304.0,1994-09-13,
015060,C,01,LN,80926.0,13311.0,1994-10-07,1995-01-30
015060,C,01,LC,80926.0,13311.0,1995-01-31,2024-04-30
030651,P,01,LU,80928.0,13300.0,1994-09-12,
030870,P,01,LC,80957.0,13398.0,1994-10-26,2008-02-18
030870,P,01,LC,80957.0,13398.0,2010-02-10,2022-05-16
030857,P,01,LC,80960.0,13396.0,1994-10-25,
030861,P,01,LC,80987.0,13394.0,1994-10-25,2017-09-08
030990,P,01,LC,81055.0,30513.0,1994-11-16,
007171,P,01,LC,81061.0,30521.0,1994-12-01,
011124,C,01,LC,81116.0,13447.0,1994-11-29,
031166,P,01,LU,81126.0,30827.0,1994-12-14,2006-04-28
031224,C,01,LU,81128.0,30829.0,1994-12-20,
031122,P,01,LU,81138.0,13457.0,1994-12-06,2017-01-31
031122,C,01,LU,81138.0,13457.0,2017-02-01,2017-02-28
031203,P,01,LC,81173.0,13480.0,1994-12-16,2017-05-03
031203,N,01C,LX,81173.0,13480.0,2017-05-03,2017-05-03
031168,P,01,LC,81178.0,13467.0,1994-12-14,2006-09-29
031549,P,01,LC,81262.0,13582.0,1995-02-22,2007-03-30
001567,C,02,LC,81285.0,30847.0,1995-02-03,2008-06-05
031554,P,01,LC,81293.0,30853.0,1995-02-23,2009-12-31
031587,P,01,LC,81481.0,13603.0,1995-03-07,
031607,P,01,LU,81501.0,13617.0,1995-03-14,2023-10-31
031707,P,01,LC,81530.0,30877.0,1995-04-11,2011-10-21
031673,P,01,LC,81540.0,13650.0,1995-04-04,
016243,P,01,LC,81593.0,5849.0,1983-03-11,2008-09-26
013888,P,01,LC,81593.0,5849.0,2015-09-28,
031846,P,01,LC,81655.0,30886.0,1995-05-30,
060979,P,01,LU,81677.0,30913.0,1995-06-16,
060900,P,01,LU,81696.0,13790.0,1995-06-21,2024-01-31
031887,P,01,LU,81736.0,13753.0,1995-06-02,
014590,P,02,LC,81774.0,20763.0,1995-07-31,
060992,P,01,LC,81776.0,30922.0,1995-07-13,2017-12-29
060894,P,01,LC,81857.0,13833.0,1995-07-19,2016-04-01
020653,N,01C,LX,82196.0,13960.0,1995-08-25,2002-04-30
020653,P,01,LC,82196.0,13960.0,1995-08-25,2020-07-29
061355,P,01,LU,82255.0,13998.0,1995-09-28,2007-12-31
061325,P,01,LC,82272.0,13979.0,1995-09-20,
061409,P,01,LC,82298.0,30963.0,1995-10-11,2020-04-24
061483,P,01,LU,82307.0,30975.0,1995-10-31,
061399,P,01,LC,82508.0,14031.0,1995-10-06,
061448,P,01,LU,82513.0,14073.0,1995-10-24,2015-05-29
061420,P,01,LU,82515.0,14046.0,1995-10-13,
061414,P,01,LC,82526.0,14043.0,1995-10-12,2008-08-20
180698,P,01,LC,82526.0,14043.0,2008-08-21,2017-08-02
032271,P,01,LC,82526.0,14043.0,2017-08-03,
015274,P,01,LC,82540.0,14037.0,1995-10-10,2019-05-31
015274,N,01C,LX,82540.0,14037.0,2011-04-29,
061498,P,01,LU,82551.0,14099.0,1995-11-07,2007-04-30
061490,P,01,LC,82567.0,14092.0,1995-11-02,
061494,P,01,LU,82581.0,14098.0,1995-11-03,
061518,P,01,LU,82584.0,14112.0,1995-11-09,2007-07-31
061591,P,01,LU,82598.0,14152.0,1995-11-21,
061627,P,01,LU,82606.0,14173.0,1995-11-29,2006-05-31
061600,P,01,LU,82607.0,14165.0,1995-11-22,2017-09-30
061513,P,01,LU,82618.0,14105.0,1995-11-08,2016-05-11
061581,P,01,LU,82634.0,31190.0,1995-11-21,
061567,P,01,LC,82642.0,31196.0,1995-11-17,
061552,P,01,LC,82643.0,31197.0,1995-11-15,2016-11-29
061574,P,01,LU,82651.0,31208.0,1995-11-17,
061711,P,01,LC,82670.0,14232.0,1995-12-14,2008-03-25
061711,P,01,LC,82670.0,14232.0,2013-05-30,
061676,P,01,LU,82686.0,14201.0,1995-12-08,2022-10-31
061685,P,01,LU,82759.0,14205.0,1995-12-11,2022-03-31
061737,P,01,LU,82766.0,14235.0,1995-12-15,2011-08-31
061739,P,01,LC,82775.0,31386.0,1995-12-20,
061732,P,01,LU,82777.0,31388.0,1995-12-15,
061655,P,01,LU,82779.0,31389.0,1995-12-13,
061811,P,01,LU,82800.0,31574.0,1996-01-12,
061900,P,01,LU,82825.0,14307.0,1996-01-25,2014-05-30
061871,P,01,LC,82837.0,14304.0,1996-01-24,2011-12-05
011511,P,01,LU,83011.0,6149.0,1983-07-07,
062263,P,01,LU,83111.0,14394.0,1996-02-28,2021-07-30
062374,P,01,LU,83143.0,14330.0,1996-02-01,
003707,C,01,LC,83186.0,31782.0,1995-11-01,2018-04-30
015290,C,01,LC,83189.0,10134.0,1996-03-18,2007-07-31
062516,P,01,LU,83244.0,14479.0,1996-03-29,
062599,P,01,LC,83332.0,31614.0,1996-04-04,2006-11-30
062686,P,01,LC,83366.0,14548.0,1996-04-23,2019-11-29
062730,P,01,LC,83405.0,14567.0,1996-04-30,2016-09-26
062655,P,01,LC,83421.0,14527.0,1996-04-17,2021-06-03
062634,P,01,LC,83435.0,14521.0,1996-04-12,2017-06-16
002176,J,02,LC,83443.0,540.0,1996-05-09,2010-01-31
002176,P,02,LC,83443.0,540.0,2010-02-01,
062922,P,01,LU,83452.0,31636.0,1996-05-23,2012-01-31
062756,P,01,LC,83455.0,31640.0,1996-05-22,2005-05-31
062897,P,01,LU,83462.0,31647.0,1996-05-31,
062823,P,01,LU,83509.0,14602.0,1996-05-09,
062784,P,01,LC,83531.0,14594.0,1996-05-07,2008-05-14
062921,P,01,LU,83534.0,14659.0,1996-05-23,
062826,P,01,LU,83541.0,14603.0,1996-05-09,2013-10-31
062929,P,01,LC,83581.0,14657.0,1996-05-23,2005-07-29
005074,P,01,LC,83596.0,31660.0,1996-06-10,2008-08-25
063172,P,01,LU,83597.0,31661.0,1996-06-28,
062990,P,01,LC,83616.0,14700.0,1996-06-06,2016-03-31
063080,P,01,LU,83621.0,14744.0,1996-06-20,
063123,C,01,LU,83661.0,14754.0,1996-06-25,2020-01-01
063180,P,01,LU,83693.0,14773.0,1996-06-28,2006-01-31
062984,P,01,LC,83699.0,14691.0,1996-06-05,2013-01-07
063405,P,01,LU,83756.0,14859.0,1996-07-31,
063338,P,01,LU,83799.0,14838.0,1996-07-25,
063385,P,01,LU,83807.0,14851.0,1996-07-26,2008-02-29
063447,P,01,LU,83822.0,31710.0,1996-08-08,
063501,P,01,LC,83862.0,14915.0,1996-08-16,2020-10-30
063422,P,01,LU,83879.0,14873.0,1996-08-02,
063531,P,01,LC,83885.0,14931.0,1996-08-27,
063527,P,01,LU,83906.0,14927.0,1996-08-23,2024-11-29
063600,P,01,LC,83928.0,14959.0,1996-09-19,2013-05-30
063643,P,01,LU,83976.0,22200.0,1996-09-26,
063669,P,01,LC,84001.0,31749.0,1996-09-27,2007-03-30
063669,C,99X,LC,84001.0,31749.0,2007-03-31,2007-04-30
063639,P,01,LC,84007.0,14969.0,1996-09-25,
063800,P,01,LC,84020.0,31758.0,1996-11-04,2010-02-25
063892,P,01,LC,84032.0,31769.0,1996-10-29,
063766,P,01,LC,84036.0,31772.0,1996-10-11,2007-03-30
063866,P,01,LC,84060.0,15079.0,1996-10-25,2015-01-21
011687,P,01,LC,84129.0,5057.0,1974-01-01,
063804,P,01,LU,84136.0,15048.0,1996-10-17,2005-07-29
064028,P,01,LU,84172.0,31802.0,1996-11-22,
064030,P,01,LU,84262.0,15171.0,1996-11-22,
064175,P,01,LU,84319.0,15243.0,1996-12-18,
064165,P,01,LC,84320.0,15238.0,1996-12-17,2015-07-01
064103,P,01,LC,84330.0,15207.0,1996-12-06,2016-04-29
064156,P,01,LC,84342.0,15229.0,1996-12-13,2016-10-31
064162,P,01,LC,84364.0,31821.0,1997-01-14,2015-02-18
007648,C,01,LU,84372.0,31832.0,1997-01-02,
064166,P,01,LU,84373.0,31838.0,1997-01-14,
009203,P,01,LC,84381.0,31847.0,1996-12-16,
064303,P,01,LC,84406.0,15292.0,1997-01-29,2006-11-30
064304,P,01,LC,84416.0,15293.0,1997-01-29,2014-09-30
064301,P,01,LC,84439.0,15289.0,1997-01-28,2005-12-30
064334,P,01,LU,84511.0,15314.0,1997-02-04,
064375,P,01,LC,84514.0,15330.0,1997-02-12,2007-06-29
064356,P,01,LC,84519.0,15321.0,1997-02-07,
064383,P,01,LU,84561.0,15338.0,1997-02-13,2011-08-31
029942,P,01,LC,84584.0,31929.0,1997-02-14,2013-01-31
064344,P,01,LU,84588.0,31933.0,1997-02-04,
064552,P,01,LC,84597.0,15370.0,1997-03-04,2020-10-30
064536,P,01,LU,84606.0,15376.0,1997-03-07,
064486,P,01,LU,84616.0,15390.0,1997-03-14,2007-10-31
064542,P,01,LU,84620.0,15377.0,1997-03-07,2006-12-29
064480,P,01,LC,84624.0,15384.0,1997-03-13,2020-06-30
064690,P,01,LC,84656.0,31946.0,1997-04-28,
064606,P,01,LU,84721.0,15433.0,1997-04-11,2008-04-30
029453,C,01,LC,84723.0,15434.0,1997-04-11,2000-12-13
029453,C,01,LC,84723.0,15434.0,2001-03-05,
064630,P,01,LU,84761.0,15436.0,1997-04-15,
014282,P,01,LC,84769.0,31967.0,1997-05-20,
025405,C,01,LC,84776.0,31975.0,1997-05-16,2018-06-05
064768,P,01,LC,84788.0,15473.0,1997-05-15,
064741,P,01,LC,84792.0,15465.0,1997-05-09,2011-12-08
064766,P,01,LU,84827.0,15471.0,1997-05-14,
064857,P,01,LC,85002.0,15507.0,1997-06-04,
064967,P,01,LC,85032.0,15545.0,1997-06-24,2000-06-30
061489,P,01,LC,85032.0,15545.0,2000-07-01,2011-03-31
064853,P,01,LC,85035.0,15506.0,1997-06-03,
064891,P,01,LU,85072.0,32009.0,1997-06-12,
002731,P,01,LC,85073.0,32010.0,1997-06-13,2005-09-30
065006,P,01,LC,85168.0,15563.0,1997-07-01,
065026,P,01,LC,85173.0,15579.0,1997-07-03,2016-09-26
065106,P,01,LU,85198.0,15596.0,1997-07-17,2018-07-15
065106,P,01,LC,85198.0,15596.0,2018-07-16,
065014,C,01,LC,85208.0,15564.0,1997-07-01,1999-09-01
065014,C,01,LC,85208.0,15564.0,2005-12-20,2006-06-20
174876,P,01,LC,85208.0,15564.0,2006-06-21,2016-02-26
065142,P,01,LC,85231.0,32028.0,1997-07-28,2011-01-13
065105,P,01,LU,85232.0,32023.0,1997-07-29,2011-09-30
065084,P,01,LC,85234.0,32025.0,1997-07-15,
065108,P,01,LU,85246.0,32039.0,1997-07-17,
001598,P,01,LC,85257.0,32054.0,1997-08-08,
015247,P,01,LC,85269.0,32066.0,1997-08-12,
065345,P,01,LC,85271.0,15674.0,1997-08-29,2017-01-31
065220,P,01,LU,85280.0,15633.0,1997-08-06,2019-12-31
065247,P,01,LU,85320.0,15641.0,1997-08-08,
065417,P,01,LC,85348.0,32093.0,1997-10-07,
065430,P,01,LU,85390.0,15697.0,1997-09-19,
065376,P,01,LC,85401.0,15686.0,1997-09-09,2015-03-19
065376,P,01,LC,85401.0,15686.0,2018-03-22,
065609,P,01,LU,85459.0,15758.0,1997-10-15,
065554,P,01,LU,85516.0,15736.0,1997-10-01,2013-07-31
065886,P,01,LU,85593.0,32136.0,1997-11-21,
065772,P,01,LU,85621.0,32158.0,1997-11-14,
065459,P,01,LC,85625.0,32162.0,1997-11-21,2008-12-19
001878,P,01,LU,85631.0,7623.0,1985-07-31,
002193,P,01,LC,85640.0,20300.0,1997-12-16,2006-03-14
066016,P,01,LC,85645.0,32174.0,1997-12-11,
066061,P,01,LU,85647.0,32176.0,1997-12-18,2012-11-30
066065,P,01,LU,85663.0,32191.0,1997-12-18,
065967,P,01,LC,85675.0,15867.0,1997-12-04,2018-10-10
065944,P,01,LU,85686.0,15802.0,1997-12-03,
066379,P,01,LC,85724.0,15934.0,1998-01-29,
066368,P,01,LU,85753.0,15940.0,1998-01-30,
066301,P,01,LC,85757.0,34622.0,1998-01-16,
066446,P,01,LU,85792.0,34660.0,1998-02-12,
063196,P,01,LC,85824.0,15963.0,1998-02-11,2008-07-02
066673,P,01,LC,85876.0,16016.0,1998-03-17,2006-05-31
005250,P,01,LC,85908.0,34684.0,1998-04-08,2021-09-30
065526,P,01,LC,85909.0,32075.0,1998-03-20,2009-04-19
182788,P,01,LC,85909.0,32075.0,2009-04-20,2018-11-06
028930,J,02,LC,85913.0,30005.0,1998-03-30,1998-04-30
028930,P,02,LC,85913.0,30005.0,1998-05-01,
002184,P,01,LU,85914.0,7506.0,1985-05-31,
009555,P,01,LC,85926.0,34702.0,1998-04-08,
066708,P,01,LC,85963.0,16056.0,1998-04-17,2016-01-29
013440,P,03,LC,85991.0,16033.0,1998-04-01,2017-10-31
109683,P,01,LC,85994.0,16060.0,1998-04-20,2016-07-29
110685,P,01,LC,86021.0,34746.0,1998-05-19,2019-06-30
110039,P,01,LU,86047.0,16080.0,1998-05-01,
110732,P,01,LC,86097.0,16123.0,1998-05-26,2016-05-31
066731,P,01,LU,86102.0,34765.0,1998-05-14,
111631,P,01,LC,86109.0,34769.0,1998-06-19,2008-12-31
105365,P,01,LC,86111.0,34770.0,1998-06-05,
008272,P,01,LU,86136.0,34798.0,1998-06-29,
111864,P,01,LU,86158.0,16167.0,1998-06-19,
021598,P,01,LC,86165.0,16147.0,1998-06-11,2005-03-23
163595,P,01,LC,86165.0,16147.0,2005-03-24,
111723,P,01,LU,86166.0,16160.0,1998-06-17,2007-05-31
014386,P,01,LC,86168.0,16157.0,1998-06-16,2011-06-30
112033,P,01,LC,86176.0,16179.0,1998-06-25,2011-02-28
111064,P,01,LU,86196.0,16133.0,1998-06-02,2019-05-31
111534,P,01,LU,86211.0,16149.0,1998-06-11,
112168,P,01,LC,86228.0,34838.0,1998-07-01,
112178,P,01,LU,86235.0,16195.0,1998-07-02,2006-03-31
112775,P,01,LC,86259.0,16235.0,1998-07-28,2005-10-31
007123,C,01,LC,86281.0,7680.0,1998-07-31,2006-05-19
112111,P,01,LU,86288.0,16188.0,1998-07-01,
113362,P,01,LU,86322.0,16257.0,1998-08-11,2015-02-27
113490,P,01,LC,86339.0,16268.0,1998-08-18,
114524,P,01,LU,86356.0,16285.0,1998-09-24,
115872,P,01,LU,86401.0,34907.0,1998-11-11,2005-03-31
066697,P,01,LC,86444.0,34949.0,1998-12-08,
066697,N,01C,LX,86444.0,34949.0,1998-12-08,2003-01-31
116857,P,01,LU,86447.0,34953.0,1999-01-04,2005-06-30
116526,P,01,LC,86496.0,16338.0,1999-01-04,2011-04-29
116787,P,01,LC,86525.0,16349.0,1998-12-16,2014-12-04
116503,P,01,LU,86534.0,16331.0,1998-12-04,
116772,P,01,LC,86544.0,16347.0,1998-12-15,2023-11-30
117768,P,01,LU,86580.0,16382.0,1999-01-22,
024283,P,01,LC,86590.0,34987.0,1999-02-05,2011-03-08
118003,P,01,LC,86602.0,35003.0,1999-02-02,2009-11-03
118121,P,01,LC,86715.0,16398.0,1999-02-05,2015-02-13
118223,P,01,LU,86717.0,16410.0,1999-02-12,2022-05-31
118502,P,01,LU,86720.0,16422.0,1999-02-23,2017-04-28
115404,P,01,LC,86721.0,16406.0,1999-02-11,2009-10-23
118577,P,01,LC,86725.0,16425.0,1999-02-26,2014-02-03
119417,P,01,LC,86756.0,35014.0,1999-03-31,2010-02-26
118795,P,01,LC,86759.0,35017.0,1999-03-05,2015-01-07
119314,P,01,LC,86783.0,16454.0,1999-03-30,
119217,P,01,LC,86791.0,16444.0,1999-04-05,2011-11-09
120093,P,01,LC,86799.0,35026.0,1999-04-30,
006239,P,01,LC,86804.0,35031.0,1999-04-28,2013-02-28
006239,C,01,LC,86804.0,35031.0,2013-03-01,
119316,P,01,LU,86810.0,35037.0,1999-04-08,
120134,P,01,LC,86830.0,16496.0,1999-04-29,2015-08-06
016784,P,01,LU,86845.0,7263.0,1984-10-18,2008-03-31
114628,P,01,LU,86868.0,35048.0,1999-05-04,
120444,P,01,LU,86876.0,35057.0,1999-05-12,
120774,P,01,LC,86881.0,16546.0,1999-05-25,2017-11-16
120297,P,01,LC,86899.0,16517.0,1999-05-12,2018-11-30
120302,P,01,LU,86923.0,16515.0,1999-05-12,2007-07-31
120877,P,01,LC,86946.0,35164.0,1999-06-15,2017-07-31
121142,P,01,LU,86949.0,35167.0,1999-06-09,
121656,P,01,LC,86958.0,16605.0,1999-06-24,2010-07-30
121077,P,01,LU,86964.0,16561.0,1999-06-04,
121718,P,01,LU,86979.0,16614.0,1999-06-25,
121257,P,01,LC,86990.0,16581.0,1999-06-11,
121382,P,01,LU,86996.0,16584.0,1999-06-16,
121673,P,01,LU,87000.0,16612.0,1999-06-25,2021-10-29
121440,P,01,LU,87006.0,16587.0,1999-06-17,
121493,P,01,LC,87013.0,16603.0,1999-06-23,
121816,P,01,LC,87020.0,16624.0,1999-06-30,2017-06-22
005020,P,04,LC,87031.0,1928.0,1999-07-20,2009-03-26
122380,P,01,LU,87034.0,35177.0,1999-07-29,
121934,P,01,LC,87054.0,16643.0,1999-07-09,2011-08-31
011814,P,01,LC,87055.0,7882.0,1985-11-27,1993-10-21
029028,P,01,LC,87055.0,7882.0,1993-10-22,
122257,P,01,LU,87056.0,16668.0,1999-07-23,
122015,P,01,LC,87070.0,16646.0,1999-07-13,2015-10-30
122255,P,01,LC,87078.0,16666.0,1999-07-23,2008-10-12
181104,P,01,LC,87078.0,16666.0,2008-10-13,
122175,P,01,LC,87084.0,16687.0,1999-07-30,2001-10-08
122175,P,01,LC,87084.0,16687.0,2007-12-26,
122061,P,01,LC,87092.0,16648.0,1999-07-14,2014-12-05
121834,P,01,LC,87100.0,16632.0,1999-07-01,2005-07-29
014934,P,01,LC,87137.0,35222.0,1999-08-18,
122902,P,01,LU,87179.0,16758.0,1999-08-12,
122841,P,01,LC,87184.0,16753.0,1999-08-11,2019-07-31
124319,P,01,LC,87229.0,17151.0,1999-09-28,2008-12-31
124361,P,01,LU,87254.0,17156.0,1999-09-29,2005-12-30
124434,P,01,LC,87267.0,36336.0,1999-10-01,
014007,P,01,LC,87281.0,21266.0,1999-10-07,2005-10-06
125533,P,01,LC,87292.0,36357.0,1999-11-05,2010-11-16
125595,P,01,LC,87299.0,17300.0,1999-10-29,
124678,P,01,LC,87327.0,17191.0,1999-10-08,2009-03-16
125604,P,01,LC,87337.0,17303.0,1999-10-29,
125240,P,01,LC,87356.0,17205.0,1999-10-19,
124442,P,01,LC,87357.0,17177.0,1999-10-05,2008-07-29
126615,P,01,LC,87377.0,17405.0,1999-11-19,2012-02-29
126136,P,01,LC,87378.0,17322.0,1999-11-09,2009-04-06
126417,P,01,LC,87390.0,17342.0,1999-11-12,2019-09-30
126554,P,01,LC,87432.0,36364.0,1999-11-18,
126721,P,01,LU,87445.0,36380.0,1999-11-30,
010920,P,01,LC,87447.0,36383.0,1999-11-10,
127439,P,01,LC,87492.0,17517.0,1999-12-14,
031629,J,03,LC,87533.0,20454.0,2000-01-05,
128978,P,01,LC,87541.0,23511.0,2000-01-28,
132361,P,01,LC,87587.0,18327.0,2000-02-29,2007-08-10
118304,P,01,LC,87598.0,17935.0,2000-02-04,2002-10-28
118304,P,01,LC,87598.0,17935.0,2003-02-18,2007-11-16
130762,P,01,LC,87612.0,18314.0,2000-02-25,2017-02-28
130766,P,01,LC,87623.0,18305.0,2000-02-23,2006-06-30
128663,C,00X,LC,87632.0,17905.0,2000-02-01,2000-02-28
128663,P,01,LC,87632.0,17905.0,2000-02-29,2016-09-30
130305,P,01,LC,87633.0,17986.0,2000-02-15,2011-07-29
133366,P,01,LC,87657.0,36952.0,2000-04-03,
133367,P,01,LC,87659.0,36954.0,2000-04-04,
133170,P,01,LC,87660.0,36955.0,2000-03-21,2008-04-21
004494,P,01,LU,87717.0,7232.0,1984-09-26,
133328,P,01,LC,87777.0,18700.0,2000-03-28,2005-10-13
133328,P,01,LC,87777.0,18700.0,2007-10-10,2012-06-29
133246,P,01,LC,87785.0,18456.0,2000-03-24,2014-09-30
132502,P,01,LC,87800.0,18342.0,2000-03-02,2010-07-02
133288,P,01,LC,87812.0,18455.0,2000-03-24,
132525,P,01,LC,87825.0,18348.0,2000-03-03,
133432,P,01,LC,87827.0,18696.0,2000-03-28,2013-06-28
133768,P,01,LC,87842.0,37138.0,2000-04-05,
011831,P,01,LC,88031.0,7902.0,1985-12-06,1990-11-07
024316,P,01,LC,88031.0,7902.0,1990-11-08,
133885,P,01,LC,88159.0,37154.0,2000-04-11,
134932,P,01,LC,88182.0,37176.0,2000-04-28,
133547,P,01,LC,88207.0,37389.0,2000-03-31,2014-12-09
135965,P,01,LC,88264.0,37528.0,2000-05-25,
137131,P,01,LC,88281.0,37660.0,2000-06-23,
023714,C,01,LC,88284.0,37664.0,2000-06-09,
137232,P,01,LC,88313.0,37678.0,2000-06-26,2017-05-26
136648,P,01,LC,88319.0,37682.0,2000-06-29,2009-03-05
136648,P,02,LC,88319.0,37682.0,2011-01-10,
136804,P,01,LC,88331.0,37706.0,2000-06-21,2016-11-30
136884,P,01,LC,88335.0,37710.0,2000-06-16,2015-06-30
136265,P,01,LC,88343.0,37718.0,2000-06-06,2023-11-30
136725,P,01,LC,88352.0,37727.0,2000-06-13,
137310,P,01,LC,88360.0,37731.0,2000-06-27,
031227,P,01,LC,88379.0,37746.0,2000-06-16,2001-05-24
031227,P,01,LC,88379.0,37746.0,2004-05-11,
136267,P,01,LC,88383.0,37749.0,2000-06-07,2006-06-30
138122,P,01,LC,88421.0,37917.0,2000-07-28,2022-03-31
064397,P,01,LC,88424.0,37920.0,2000-07-01,2009-12-11
135865,P,01,LC,88430.0,37925.0,2000-07-28,2007-01-31
063645,P,01,LC,88436.0,37931.0,2000-07-18,2024-05-02
063645,N,01C,LX,88436.0,37931.0,2014-03-31,2017-03-31
137573,P,01,LC,88439.0,37932.0,2000-07-11,
138205,P,01,LC,88446.0,37938.0,2000-07-28,
138126,P,01,LC,88451.0,37943.0,2000-07-28,2018-12-31
137704,P,01,LC,88458.0,37949.0,2000-07-14,2016-01-29
137642,P,01,LC,88462.0,37952.0,2000-07-14,
137722,P,01,LC,88471.0,37961.0,2000-07-18,2007-02-21
137722,P,01,LC,88471.0,37961.0,2014-05-09,2017-02-21
032078,C,01,LC,88471.0,37961.0,2017-06-30,2017-06-30
032078,P,01,LC,88471.0,37961.0,2017-07-01,
134164,P,01,LC,88478.0,37967.0,2000-07-28,2007-05-25
138741,P,01,LC,88499.0,38401.0,2000-08-11,2011-06-17
112754,P,01,LC,88516.0,38417.0,2000-08-15,2016-01-29
009551,C,01,LC,88518.0,38418.0,2000-08-15,2002-08-25
009551,P,02,LC,88518.0,38418.0,2013-06-12,
138608,P,01,LC,88545.0,38442.0,2000-08-08,2020-01-31
139662,P,01,LC,88587.0,39130.0,2000-10-02,2007-10-25
004094,P,01,LC,88590.0,39133.0,2000-10-03,2019-02-28
134384,P,01,LC,88646.0,39175.0,2000-09-29,
140541,P,01,LC,88661.0,40143.0,2000-10-05,
011811,P,01,LU,88664.0,7864.0,1985-11-20,
140760,P,01,LC,88668.0,40148.0,2000-10-18,2018-06-29
140569,P,01,LC,88748.0,40218.0,2000-10-11,2008-08-18
140904,P,01,LC,88799.0,40989.0,2000-11-02,2011-08-23
062977,P,02,LC,88811.0,40999.0,2000-11-20,2015-03-31
062977,N,02C,LX,88811.0,40999.0,2000-11-20,2015-03-31
141321,P,01,LC,88821.0,41008.0,2000-12-12,2006-05-18
001177,P,01,LC,88845.0,41072.0,2000-12-14,2018-11-30
004818,P,01,LC,88853.0,41080.0,2000-12-22,
141384,P,01,LC,88860.0,41154.0,2001-01-26,
141277,P,01,LC,88863.0,41157.0,2001-01-31,
011914,P,01,LU,88867.0,7936.0,1985-12-19,2011-08-31
141913,P,01,LC,88873.0,41168.0,2001-02-01,
142260,P,01,LC,88897.0,41259.0,2001-02-09,
141983,P,01,LC,88910.0,41272.0,2001-02-08,2008-11-14
141957,P,01,LC,88948.0,41390.0,2001-03-09,2007-09-20
141460,P,01,LC,88949.0,41391.0,2001-03-07,2023-12-29
143640,P,01,LC,88989.0,41578.0,2001-05-15,2014-11-28
142460,P,01,LC,88991.0,41580.0,2001-05-23,2016-04-13
140977,P,01,LC,88992.0,41582.0,2001-05-01,2010-12-05
140033,P,05,LC,88992.0,41582.0,2010-12-06,2012-12-31
143974,P,01,LC,89002.0,41671.0,2001-06-08,
144119,P,01,LC,89003.0,41673.0,2001-07-09,2006-01-31
165993,P,01,LC,89003.0,41673.0,2006-02-01,
142811,P,01,LC,89004.0,41678.0,2001-06-14,2017-01-31
142953,P,01,LC,89006.0,41680.0,2001-06-13,
144066,P,01,LC,89014.0,41688.0,2001-07-02,2018-11-30
143912,P,01,LC,89031.0,41562.0,2001-06-07,
144559,P,01,LC,89070.0,41870.0,2001-08-07,
013003,P,02,LC,89105.0,41977.0,2001-08-01,2017-04-28
032280,P,01,LC,89130.0,41998.0,2001-08-10,2006-05-09
011781,P,01,LC,89134.0,42001.0,2001-10-03,
011781,N,01C,LX,89134.0,42001.0,2001-10-03,
141847,P,01,LC,89174.0,42269.0,2001-10-31,2010-08-17
145046,P,01,LC,89179.0,42273.0,2001-10-30,
145701,P,01,LC,89195.0,42285.0,2001-10-23,
145367,P,01,LC,89204.0,42386.0,2001-11-06,2012-12-31
024539,C,01,LC,89213.0,42398.0,2001-11-21,2017-09-11
146017,P,01,LC,89216.0,42401.0,2001-11-14,
145977,P,01,LC,89217.0,42402.0,2001-11-29,
146156,P,01,LC,89230.0,42415.0,2001-11-23,2017-10-02
145308,P,01,LC,89244.0,42430.0,2001-11-15,
143356,P,01,LC,89258.0,42524.0,2001-12-13,
145702,P,01,LC,89260.0,42530.0,2001-12-14,2005-06-30
145512,P,01,LC,89265.0,42536.0,2001-12-14,2008-09-10
145552,P,01,LC,89269.0,42540.0,2001-12-13,
144135,P,01,LC,89271.0,42542.0,2001-12-07,2011-07-05
142814,P,01,LC,89290.0,42651.0,2002-01-29,
145049,P,01,LC,89301.0,42775.0,2002-02-13,2004-10-31
145049,C,01,LC,89301.0,42775.0,2004-11-01,2004-11-14
145049,N,01,LC,89301.0,42775.0,2004-11-15,2005-09-30
145049,P,01,LC,89301.0,42775.0,2005-10-01,
147175,P,01,LC,89303.0,21111.0,2002-02-01,2008-06-09
029909,P,02,LC,89310.0,12929.0,2002-02-22,2006-10-26
146617,P,01,LC,89326.0,42914.0,2002-03-12,2006-06-30
147305,P,01,LC,89353.0,42997.0,2002-04-12,
145431,P,01,LC,89374.0,43019.0,2002-04-30,2005-09-30
147644,P,01,LC,89390.0,43143.0,2002-05-17,2007-11-02
147579,P,01,LC,89393.0,43145.0,2002-05-23,
147868,P,01,LC,89394.0,43146.0,2002-05-30,
147661,P,01,LC,89399.0,43151.0,2002-05-16,2016-04-21
148870,P,01,LC,89426.0,43263.0,2002-07-01,2009-02-26
147658,P,01,LC,89431.0,43269.0,2002-06-27,2010-10-01
149738,P,01,LC,89463.0,43340.0,2002-07-02,2009-11-02
014186,P,02,LC,89502.0,43504.0,2002-09-16,
150481,P,01,LC,89506.0,43508.0,2002-10-01,
064410,P,01,LC,89508.0,43519.0,2002-10-01,
150699,P,01,LC,89509.0,43520.0,2002-10-01,2021-10-29
003226,P,01,LC,89525.0,43613.0,2002-11-19,
149318,P,01,LC,89533.0,43620.0,2002-10-25,
150139,P,01,LC,89540.0,43626.0,2002-10-16,
003226,J,02,LC,89565.0,43613.0,2002-11-19,2016-01-29
150397,P,01,LC,89607.0,43724.0,2002-11-08,2005-12-30
138743,P,01,LC,89617.0,38419.0,2002-12-31,
149070,P,01,LC,89626.0,43791.0,2002-12-06,
149268,P,01,LC,89636.0,43802.0,2002-12-19,2013-05-30
153668,P,01,LC,89644.0,43846.0,2003-01-13,2013-06-28
006797,P,01,LU,89675.0,7572.0,1985-06-28,2007-06-29
151016,P,01,LC,89680.0,43907.0,2003-02-27,2007-11-06
013369,P,02,LC,89682.0,9211.0,2003-02-25,2007-09-05
150024,P,01,LC,89684.0,43909.0,2003-02-14,2007-10-12
140902,P,02,LC,89685.0,43910.0,2003-02-28,2014-09-24
013990,P,04,LC,89686.0,24345.0,2003-02-05,2013-02-13
142945,P,01,LC,89727.0,44027.0,2003-04-15,2010-07-16
148390,P,01,LC,89753.0,44115.0,2003-06-12,
006307,P,03,LC,89757.0,44118.0,2003-06-10,2018-10-23
152149,P,01,LC,89781.0,44184.0,2003-07-02,
006936,C,01,LC,89790.0,3021.0,1982-11-01,2017-02-09
030241,P,01,LC,89790.0,3021.0,2017-02-10,2024-10-31
007186,P,02,LC,89813.0,44277.0,2003-08-20,2012-04-02
156125,P,01,LC,89835.0,44382.0,2003-09-19,2008-04-30
155737,P,01,LC,89863.0,44494.0,2003-10-30,2006-05-07
174160,P,01,LC,89863.0,44494.0,2006-05-08,2012-03-07
155394,P,02,LC,89866.0,44497.0,2003-10-03,
156133,P,01,LC,89868.0,44499.0,2003-10-30,2006-11-30
150278,P,01,LC,89876.0,44506.0,2003-10-24,
156156,P,01,LC,89877.0,44512.0,2003-10-31,2016-08-31
155393,P,01,LC,89901.0,44613.0,2003-11-20,2020-08-31
155393,C,01,LC,89901.0,44613.0,2020-09-01,2020-09-01
155393,P,05,LC,89901.0,44613.0,2020-09-02,2022-07-29
157218,P,01,LC,89904.0,44616.0,2003-11-21,2018-02-28
156153,P,01,LC,89922.0,44631.0,2003-11-13,
149721,P,01,LC,89941.0,44695.0,2003-12-30,
157153,P,01,LC,89952.0,44705.0,2003-12-12,
012206,P,01,LC,89954.0,44708.0,2003-12-23,2015-07-24
155395,P,01,LC,89957.0,44710.0,2003-12-12,2005-04-29
156861,P,01,LC,89971.0,44726.0,2003-12-18,
157635,P,01,LC,90022.0,44878.0,2004-02-12,2011-05-31
157057,P,01,LC,90038.0,44893.0,2004-02-05,
014555,C,01,LC,90044.0,9809.0,2004-02-24,2011-11-04
157415,P,01,LC,90052.0,44911.0,2004-02-03,2015-05-29
152248,P,01,LC,90055.0,44915.0,2004-02-05,2007-07-11
135990,P,03,LC,90071.0,37496.0,2004-03-25,
160776,P,01,LC,90090.0,44999.0,2004-03-23,
160255,P,01,LC,90110.0,45068.0,2004-05-03,2015-09-02
158563,P,01,LC,90126.0,45082.0,2004-04-29,
158740,P,01,LC,90135.0,45089.0,2004-04-22,2009-06-25
158354,P,01,LC,90162.0,45174.0,2004-05-25,
144998,P,01,LC,90175.0,45186.0,2004-05-12,
141846,P,01,LC,90177.0,45190.0,2004-05-27,
264265,P,01,LC,90178.0,45191.0,2004-05-28,
158736,P,01,LC,90180.0,45193.0,2004-05-11,2011-02-17
264385,P,01,LC,90188.0,45197.0,2004-05-13,2023-09-29
260774,P,01,LC,90199.0,45270.0,2004-06-10,
264708,P,02,LC,90200.0,45272.0,2004-06-25,2017-09-25
157855,P,01,LC,90215.0,45288.0,2004-06-23,
264386,P,01,LC,90220.0,45294.0,2004-06-18,2011-10-04
160549,P,01,LC,90227.0,45301.0,2004-06-08,2014-02-28
160549,J,01,LC,90227.0,45301.0,2014-03-01,
264270,P,01,LC,90243.0,45314.0,2004-06-04,2012-02-29
160211,P,02,LC,90248.0,45379.0,2004-07-13,
157858,P,01,LC,90251.0,45382.0,2004-07-30,2004-11-30
157858,J,01,LC,90251.0,45382.0,2004-12-01,2006-12-01
260778,P,01,LC,90272.0,45394.0,2004-07-07,2020-01-31
160272,P,01,LC,90275.0,45416.0,2004-07-23,2015-01-30
024363,C,01,LC,90277.0,13691.0,2004-07-23,2011-07-29
001164,P,10,LC,90284.0,45424.0,2004-07-14,2006-01-06
160340,P,01,LC,90285.0,45425.0,2004-07-28,
160232,P,01,LC,90287.0,45427.0,2004-07-09,2012-02-29
160488,P,01,LC,90288.0,45428.0,2004-07-22,
264506,P,02,LC,90290.0,45429.0,2004-07-15,2010-08-10
031041,P,01,LC,90296.0,45435.0,2004-07-19,2006-03-03
160260,P,01,LC,90309.0,45472.0,2004-08-06,2008-07-09
160684,P,02,LC,90312.0,45475.0,2004-08-11,
160329,P,01,LC,90319.0,45483.0,2004-08-19,
160374,P,02,LC,90321.0,45484.0,2004-08-05,2007-04-19
160415,P,01,LC,90323.0,45486.0,2004-08-05,2012-01-26
025495,P,01,LC,90352.0,30882.0,2000-02-02,2012-07-05
025495,P,03,LC,90352.0,30882.0,2012-10-03,2018-04-30
133944,P,01,LC,90354.0,37145.0,2004-09-20,2018-12-31
160912,P,01,LC,90374.0,45685.0,2004-10-28,2016-08-22
007682,P,01,LC,90377.0,7317.0,1984-11-28,2019-10-27
126423,P,01,LC,90377.0,7317.0,2019-10-28,
162129,P,01,LC,90386.0,45695.0,2004-10-25,
160668,P,01,LC,90423.0,45728.0,2004-10-05,
160376,P,01,LC,90427.0,45732.0,2004-10-05,
157858,P,02,LC,90435.0,45382.0,2004-12-03,2006-12-01
161797,P,01,LC,90439.0,45868.0,2004-11-11,2011-12-01
012886,J,04,LC,90441.0,21287.0,2004-11-12,2004-11-30
012886,P,04,LC,90441.0,21287.0,2004-12-01,
012886,P,01,LC,90442.0,21287.0,2004-11-12,2004-11-30
012886,J,01,LC,90442.0,21287.0,2004-12-01,
158742,P,01,LC,90454.0,45878.0,2004-11-05,
160888,P,01,LC,90455.0,45879.0,2004-11-19,
161012,P,01,LC,90459.0,45881.0,2004-11-19,2007-01-31
161110,P,01,LC,90501.0,46020.0,2004-12-09,2009-07-31
161844,P,01,LC,90505.0,46024.0,2004-12-15,
161120,P,01,LC,90507.0,46026.0,2004-12-16,2022-07-29
162254,P,01,LC,90520.0,46091.0,2005-01-21,
160838,P,01,LC,90538.0,46106.0,2005-01-25,2016-03-31
162448,P,01,LC,90547.0,46145.0,2005-02-15,2016-07-29
162401,P,01,LC,90558.0,46156.0,2005-02-11,
158473,P,01,LC,90565.0,46163.0,2005-02-10,2011-01-12
149337,P,01,LC,90601.0,46282.0,2005-02-10,
023226,P,01,LC,90608.0,46418.0,2005-03-03,
011910,P,01,LC,90609.0,7383.0,1985-01-17,2011-04-27
160811,P,01,LC,90613.0,46423.0,2005-03-09,2007-12-19
162560,P,01,LC,90634.0,46441.0,2005-03-15,
162733,P,01,LC,90657.0,46553.0,2005-04-29,2018-08-31
162887,P,01,LC,90664.0,46559.0,2005-04-14,
163036,P,01,LC,90720.0,46846.0,2005-06-22,
114484,P,04,LC,90733.0,16283.0,2005-06-29,2014-03-31
162404,P,01,LC,90734.0,46857.0,2005-06-09,2023-02-28
162907,P,01,LC,90742.0,46864.0,2005-06-10,2016-11-30
011721,P,01,LC,90756.0,7765.0,1985-10-02,
163983,P,01,LC,90775.0,46889.0,2005-06-28,
163920,P,01,LC,90776.0,46890.0,2005-06-30,
164433,P,01,LC,90802.0,47008.0,2005-08-01,2007-09-14
164296,P,01,LC,90805.0,47011.0,2005-07-21,2022-04-08
163627,P,01,LC,90807.0,47012.0,2005-07-21,2016-02-26
126296,P,02,LC,90808.0,47013.0,2005-07-29,
163946,P,01,LC,90829.0,47183.0,2005-08-11,
163948,P,01,LC,90831.0,47184.0,2005-08-05,2015-06-30
162957,P,01,LC,90849.0,47195.0,2005-08-17,2015-01-30
160549,J,05,LC,90866.0,45301.0,2005-09-07,2014-02-28
160549,P,05,LC,90866.0,45301.0,2014-03-01,
012126,P,01,LU,90879.0,7558.0,1985-06-28,1994-11-30
012126,J,01,LU,90879.0,7558.0,1994-12-01,1999-05-31
012126,P,01,LU,90879.0,7558.0,1999-06-01,2005-12-30
164708,P,01,LC,90880.0,47422.0,2005-10-03,
001382,P,01,LC,90893.0,47434.0,2005-09-27,2013-12-31
163941,P,01,LC,90914.0,47452.0,2005-09-29,2009-10-23
115404,P,01,LC,90914.0,47452.0,2009-10-24,2017-09-15
163993,P,01,LC,90920.0,47860.0,2005-10-19,2007-07-12
165264,P,01,LC,90925.0,47864.0,2005-10-18,
164510,P,02,LC,90926.0,46994.0,2005-10-06,2017-05-04
031249,P,01,LC,90926.0,46994.0,2017-05-05,
164416,P,01,LC,90971.0,48773.0,2005-11-09,
108693,P,01,LC,90972.0,48774.0,2005-11-28,
108693,N,01C,LX,90972.0,48774.0,2005-11-28,2009-02-27
165051,P,01,LC,90978.0,48778.0,2005-11-17,2024-11-29
165052,P,01,LC,90979.0,48779.0,2005-11-18,
164652,P,01,LC,90988.0,48786.0,2005-11-22,
163610,P,01,LC,90993.0,48793.0,2005-11-16,
162283,P,01,LC,90994.0,48794.0,2005-11-21,2011-06-14
164422,P,01,LC,91032.0,50007.0,2005-12-13,2015-10-30
165746,P,01,LC,91041.0,50016.0,2005-12-22,
165675,P,01,LC,91063.0,50032.0,2006-01-03,2019-12-31
165914,P,01,LC,91068.0,50184.0,2006-01-26,
140033,P,05,LC,91071.0,50187.0,2006-01-11,2010-12-05
165652,P,01,LC,91073.0,50192.0,2006-01-19,2017-06-01
156617,P,01,LC,91086.0,50290.0,2006-02-10,2024-08-30
164755,P,01,LC,91090.0,50293.0,2006-02-08,
166213,P,01,LC,91095.0,50297.0,2006-02-23,
166061,P,01,LC,91100.0,50301.0,2006-02-13,2015-07-20
010795,P,04,LC,91103.0,21793.0,2006-02-02,
007422,P,04,LC,91109.0,16277.0,2006-02-09,2017-12-22
165855,P,01,LC,91113.0,50313.0,2006-02-03,2012-01-30
148281,P,01,LC,91116.0,50316.0,2006-03-03,2010-11-10
026069,C,01,LC,91128.0,50323.0,2006-02-28,2020-11-25
164266,P,01,LC,91141.0,50473.0,2006-03-15,2016-09-30
166451,P,01,LC,91143.0,50474.0,2006-03-08,2013-11-12
166366,P,01,LC,91151.0,50480.0,2006-03-24,2014-12-31
166366,N,01C,LX,91151.0,50480.0,2006-03-24,2014-12-31
148349,P,01,LC,91152.0,50481.0,2006-03-15,
164543,P,02,LC,91195.0,50606.0,2006-04-21,
166491,P,02,LC,91201.0,50471.0,2006-04-13,2018-10-26
166491,P,02,LC,91201.0,50471.0,2019-02-26,
005723,P,01,LC,91207.0,20935.0,2006-04-10,2016-09-22
164471,P,01,LC,91212.0,50692.0,2006-05-18,2010-10-19
166563,P,01,LC,91215.0,50694.0,2006-05-04,
174130,P,01,LC,91218.0,50697.0,2006-05-18,2009-06-30
160225,P,01,LC,91233.0,50700.0,2006-05-25,
174147,P,01,LC,91277.0,41998.0,2006-05-10,
012407,P,01,LC,91287.0,27739.0,1996-06-03,
116104,P,03,LC,91302.0,50841.0,2006-06-28,2011-02-28
116104,C,03,LC,91302.0,50841.0,2011-03-01,2011-03-04
009004,P,01,LC,91380.0,7662.0,1985-07-26,2006-01-31
174022,P,01,LC,91388.0,50961.0,2006-08-01,2007-04-09
174490,P,01,LC,91391.0,50964.0,2006-07-18,2020-09-30
174729,P,01,LC,91392.0,50965.0,2006-08-01,
175319,P,01,LC,91416.0,51096.0,2006-09-06,
175263,P,01,LC,91461.0,51196.0,2006-10-02,
175399,P,01,LC,91462.0,51197.0,2006-09-29,2010-03-31
174077,P,01,LC,91463.0,51198.0,2006-09-22,
174317,P,01,LC,91485.0,51210.0,2006-09-21,2015-04-24
175376,P,01,LC,91486.0,51211.0,2006-09-29,2019-09-30
174136,P,01,LC,91491.0,51300.0,2006-10-26,2020-01-31
175111,P,01,LC,91493.0,51301.0,2006-10-13,2013-03-31
174389,P,01,LC,91498.0,51306.0,2006-10-13,
008214,P,06,LC,91531.0,51337.0,2006-11-01,
165123,P,01,LC,91547.0,51338.0,2006-10-13,
009248,P,01,LU,91556.0,7684.0,1985-08-08,
176022,P,01,LC,91571.0,51421.0,2006-11-15,
005600,P,05,LC,91575.0,51423.0,2006-11-16,2016-06-30
026749,P,01,LC,91575.0,51423.0,2016-07-01,
174310,P,01,LC,91579.0,51426.0,2006-11-16,
176048,P,01,LC,91583.0,51430.0,2006-11-17,2008-08-21
164494,P,01,LC,91594.0,51433.0,2006-11-21,
166005,P,02,LC,91603.0,51439.0,2006-11-13,2018-11-30
175404,P,01,LC,91611.0,51447.0,2006-11-17,
176282,P,01,LC,91650.0,51539.0,2007-01-03,2017-03-31
175955,P,01,LC,91668.0,51555.0,2006-12-13,
162770,P,01,LC,91832.0,51819.0,2007-02-06,2016-07-24
027716,P,01,LC,91832.0,51819.0,2016-07-25,
176928,P,01,LC,91849.0,51962.0,2007-04-02,
176760,P,01,LC,91854.0,51966.0,2007-03-07,2021-11-30
176760,N,01C,LX,91854.0,51966.0,2007-03-07,2021-11-30
176404,P,01,LC,91883.0,51978.0,2007-03-01,2016-05-17
176781,P,01,LC,91888.0,51982.0,2007-03-27,2015-05-29
174579,P,01,LC,91892.0,51985.0,2007-03-08,2008-11-28
181904,P,01,LC,91892.0,51985.0,2008-12-01,2013-07-31
176556,P,01,LC,91899.0,51991.0,2007-03-09,
176782,P,01,LC,91900.0,51992.0,2007-03-22,2021-04-30
176567,P,01,LC,91907.0,51998.0,2007-03-29,
177108,P,01,LC,91915.0,52115.0,2007-04-24,
003851,P,03,LC,91926.0,20569.0,2007-05-03,
160256,P,01,LC,91937.0,52120.0,2007-04-19,2013-04-30
017874,P,01,LC,91937.0,52120.0,2013-05-01,
174507,P,01,LC,91971.0,52144.0,2007-04-27,2012-01-31
147988,P,01,LC,91975.0,52247.0,2007-05-10,
158743,P,01,LC,91977.0,45679.0,2007-05-23,
003469,P,02,LC,91983.0,52253.0,2007-05-15,2022-11-30
007672,P,02,LC,92013.0,12934.0,2007-05-31,2008-10-31
177225,P,01,LC,92034.0,52286.0,2007-05-02,2018-07-31
176701,P,01,LC,92043.0,52295.0,2007-05-04,
164680,P,01,LC,92044.0,52296.0,2007-05-29,2018-11-30
177227,P,01,LC,92050.0,52301.0,2007-05-15,
176768,P,01,LC,92091.0,52371.0,2007-06-29,
177286,P,01,LC,92104.0,52383.0,2007-06-06,2009-12-31
177088,P,01,LC,92108.0,52388.0,2007-06-22,
177376,P,02,LC,92121.0,52396.0,2007-07-02,
160661,P,01,LC,92132.0,52406.0,2007-06-28,2015-08-31
177654,P,01,LC,92182.0,52528.0,2007-07-19,2010-11-10
177925,P,01,LC,92188.0,52535.0,2007-08-01,2020-05-29
178015,P,01,LC,92203.0,52547.0,2007-07-30,
178015,N,01C,LX,92203.0,52547.0,2007-07-30,
148170,P,01,LC,92213.0,52663.0,2007-08-28,
177881,P,01,LC,92220.0,52669.0,2007-08-08,
178081,P,01,LC,92221.0,52670.0,2007-08-10,
177884,P,01,LC,92239.0,52684.0,2007-08-03,2021-01-29
065009,P,01,LC,92245.0,52690.0,2007-08-21,
178083,P,01,LC,92257.0,52705.0,2007-08-14,2023-11-30
178310,P,01,LC,92293.0,52762.0,2007-10-01,
177930,P,01,LC,92296.0,52766.0,2007-09-20,2019-02-28
178673,P,01,LC,92306.0,52775.0,2007-10-23,2011-03-28
178531,P,01,LC,92310.0,52779.0,2007-10-05,2013-03-28
178704,P,01,LC,92322.0,52788.0,2007-10-25,
178672,P,01,LC,92326.0,52793.0,2007-10-23,
178645,P,01,LC,92339.0,52804.0,2007-11-02,2009-10-01
178608,P,01,LC,92346.0,52810.0,2007-10-18,2012-07-09
178806,P,01,LC,92400.0,52839.0,2007-11-09,2024-08-09
178507,P,01,LC,92402.0,52840.0,2007-11-15,
176899,P,02,LC,92421.0,52847.0,2007-11-06,2016-01-06
178868,P,01,LC,92451.0,52870.0,2007-11-20,2012-02-29
178976,P,01,LC,92493.0,52898.0,2007-12-13,
179084,P,01,LC,92497.0,52900.0,2007-12-20,2016-11-30
065350,P,02,LC,92505.0,32063.0,2008-03-03,
063605,P,02,LC,92530.0,31726.0,2008-02-07,2018-03-29
003734,P,02,LC,92570.0,52956.0,2008-02-01,
163596,P,01,LC,92571.0,52960.0,2008-02-15,2023-07-31
108319,P,04,LC,92571.0,52960.0,2023-08-03,
176169,P,01,LC,92589.0,52969.0,2008-03-18,
179562,P,01,LC,92590.0,41998.0,2008-03-31,2009-11-30
179621,P,01,LC,92602.0,52978.0,2008-03-31,
179534,P,01,LC,92611.0,52983.0,2008-03-19,
179437,P,01,LC,92614.0,52985.0,2008-04-23,
179700,P,01,LC,92618.0,52990.0,2008-05-07,2018-07-31
179843,P,01,LC,92621.0,52993.0,2008-04-22,
179577,P,01,LC,92648.0,53008.0,2008-05-08,
010903,P,01,LC,92655.0,7267.0,1984-10-17,
180272,P,01,LC,92697.0,53037.0,2008-07-03,2014-01-02
180167,P,01,LC,92709.0,53039.0,2008-07-01,2018-03-29
177895,P,01,LC,92758.0,53062.0,2008-07-24,2016-03-31
179925,P,01,LC,92765.0,53068.0,2008-08-08,2016-11-03
164296,J,03,LC,92778.0,47011.0,2008-09-18,2022-04-08
181099,P,01,LC,92801.0,53090.0,2008-11-03,2010-05-28
180833,P,01,LC,92890.0,53121.0,2009-02-11,2017-06-14
179690,P,01,LC,92931.0,53152.0,2009-05-20,2016-02-05
182387,P,01,LC,92934.0,53154.0,2009-05-21,2014-07-23
182308,P,01,LC,92940.0,53159.0,2009-06-25,2019-10-31
179666,P,01,LC,92984.0,53185.0,2009-07-01,2020-08-31
183257,P,01,LC,92988.0,53189.0,2009-09-01,2015-03-31
180711,P,01,LC,93002.0,53196.0,2009-08-06,
180636,P,01,LC,93037.0,53217.0,2009-09-24,2013-07-09
149379,P,01,LC,93069.0,53237.0,2009-10-29,
180279,P,01,LC,93074.0,53243.0,2009-10-21,2010-11-30
180652,P,01,LC,93089.0,53256.0,2009-10-07,
183920,P,01,LC,93091.0,53258.0,2009-12-11,2015-06-22
004016,P,02,LC,93096.0,53264.0,2009-11-13,
183366,P,01,LC,93098.0,53266.0,2009-11-05,
016477,P,03,LC,93101.0,30388.0,2009-11-20,
183377,P,01,LC,93132.0,53286.0,2009-11-18,
149738,P,06,LC,93150.0,43340.0,2009-12-10,2022-01-31
184040,P,01,LC,93152.0,53294.0,2009-12-16,2018-04-11
183581,P,01,LC,93174.0,53300.0,2009-12-11,
012785,P,01,LC,93179.0,53305.0,2009-12-29,
183684,P,01,LC,93185.0,53307.0,2009-12-16,2017-02-28
029887,P,01,LC,93223.0,53326.0,2010-01-04,2016-01-29
183736,P,01,LC,93246.0,53339.0,2010-02-11,
175269,P,01,LC,93263.0,53346.0,2010-02-10,2010-12-31
175269,P,01,LC,93263.0,53346.0,2017-05-24,
065459,P,03,LC,93295.0,32162.0,2010-03-18,2018-07-31
062965,P,02,LC,93312.0,53374.0,2010-03-31,
184323,P,01,LC,93373.0,53406.0,2010-05-13,2024-03-06
184442,P,01,LC,93420.0,53438.0,2010-06-17,2020-10-31
184442,C,01,LC,93420.0,53438.0,2020-11-01,2020-11-19
184442,N,01,LC,93420.0,53438.0,2020-11-20,2020-11-30
154357,P,01,LC,93422.0,53439.0,2010-07-01,2021-03-31
010567,P,04,LC,93423.0,53440.0,2010-06-21,
184514,P,01,LC,93428.0,53446.0,2010-06-16,2018-02-28
184500,P,01,LC,93429.0,53447.0,2010-06-15,
184994,P,01,LC,93433.0,53451.0,2010-06-18,2019-09-30
184996,P,01,LC,93436.0,53453.0,2010-06-29,
