earnings_date,revr,ievr,ratio,vol_t_minus_3,vol_t_plus_4,kink_tte,ticker
2000-01-19,0.901629740623056,1.0420601047124844,1.1557516991313823,0.9176563267108987,0.8273862358334539,33.0,AAPL
2000-04-19,0.8636185420551592,1.0202611482841577,1.18137939217497,0.9250866917423343,0.7989220199971452,33.0,AAPL
2000-07-18,0.8628360837207316,1.0511095502126286,1.2182030515923976,1.1872173055018558,1.0243739304047006,33.0,AAPL
2000-10-18,0.8260158541190246,1.0897187341483858,1.3192467538175885,1.7216783363502046,1.4221336015185355,33.0,AAPL
2001-01-17,1.029979863541553,1.0464131073100489,1.0159549175184754,0.764340379734844,0.7872552000185934,33.0,AAPL
2001-04-18,1.3958758441840289,1.0564697805168215,0.7568508223124886,0.6955597338129403,0.9709150306165565,33.0,AAPL
2001-07-17,1.4083642387970703,1.0470523402391774,0.7434528024749469,0.7164106290281246,1.008967110217325,33.0,AAPL
2001-10-17,1.0924975915116761,inf,inf,0.5190385667654683,0.5670483840929464,33.0,AAPL
2002-01-16,1.3376858882456149,inf,inf,0.4321845862255425,0.5781272221111784,33.0,AAPL
2002-04-17,1.0359333315893087,1.213085122755575,1.1710069420147757,0.3257337003333353,0.33743839739722553,33.0,AAPL
2002-07-16,1.165447650427126,inf,inf,0.6780634800344534,0.7902474896465942,33.0,AAPL
2003-01-15,1.0914100926020347,inf,inf,0.26218177956213423,0.2861478403104752,33.0,AAPL
2003-04-16,0.827065123715962,inf,inf,0.46995385910547527,0.3886824466218637,33.0,AAPL
2003-07-16,1.0929023815738736,inf,inf,0.3241020734416279,0.3542119279373856,33.0,AAPL
2003-10-15,1.156026726887991,inf,inf,0.40685273637810254,0.47033263716060053,33.0,AAPL
2004-01-14,1.2378943795501642,inf,inf,0.32884270035103275,0.40707253052064224,33.0,AAPL
2004-04-14,1.6106809290784725,inf,inf,0.35873208129304596,0.5778029219873374,33.0,AAPL
2004-07-14,1.8107329543618458,inf,inf,0.32672184464923365,0.5916060110162589,33.0,AAPL
2004-10-13,2.262319409381266,inf,inf,0.27969459596916035,0.6327585131600827,33.0,AAPL
2005-04-13,1.0256215752744535,inf,inf,0.6951299908343058,0.7129403162199972,33.0,AAPL
2005-07-13,1.1564913905364775,inf,inf,0.318820467662355,0.368713125978327,33.0,AAPL
2006-01-18,1.2194915535354938,1.0211394386532529,0.8373485127410784,0.36565600373120904,0.4459144080497524,33.0,AAPL
2006-04-19,0.8644898837435369,1.0310278354174693,1.1926430312322063,0.5243875034214637,0.45332769186938465,33.0,AAPL
2006-07-19,1.5114019232774065,1.1101183896434574,0.7344958164643698,0.4151471782260273,0.6274542436140059,33.0,AAPL
2006-10-18,1.3505863890885101,1.1470256757482906,0.8492797536056916,0.24805108203802273,0.3350144151992309,33.0,AAPL
2007-01-17,1.0526339803625546,1.0527721404243175,1.0001312517592442,0.48685959946529983,0.5124849580628776,33.0,AAPL
2007-04-25,1.0923786620186826,inf,inf,0.22773183690922844,0.24876939930195982,26.0,AAPL
2007-07-25,1.7457471829797198,inf,inf,0.2656291171038699,0.46372128290147097,26.0,AAPL
2008-01-22,1.18109406641979,inf,inf,0.5129903299622812,0.6058898348491806,26.0,AAPL
2008-04-23,1.0086455344171106,inf,inf,0.4255462896918115,0.4292253647854158,26.0,AAPL
2008-10-21,0.8722305758365937,inf,inf,1.0858595693187023,0.9471199174245274,26.0,AAPL
2009-01-21,1.3717010045573663,inf,inf,0.4089269303782198,0.5609254811903643,26.0,AAPL
2009-04-22,0.8734616934427701,inf,inf,0.38042967792516486,0.33229075071640213,26.0,AAPL
2009-07-21,0.928865440796692,inf,inf,0.2824157175727207,0.2623261999910993,26.0,AAPL
2010-01-25,1.1003732928184056,inf,inf,0.37045384946608717,0.40763752217425225,23.0,AAPL
2010-04-20,2.1815993831428426,inf,inf,0.1335616424875134,0.2913779968623041,26.0,AAPL
2010-07-20,1.0001715561844027,inf,inf,0.26338815425957673,0.2634333401263384,26.0,AAPL
2011-01-18,1.682383251520977,1.3372554412438575,0.7948577947592483,0.1155574047962139,0.19441184241838008,33.0,AAPL
2011-04-20,1.114794210799777,1.3697478424559557,1.2287001754998974,0.19166427358919563,0.2136662226143799,26.0,AAPL
2011-07-19,0.9705580027040943,1.3691054832123328,1.4106374677225226,0.2098915116576463,0.20371188633898832,26.0,AAPL
2011-10-18,1.1324011953524435,1.3496490192986739,1.1918470457624473,0.33956942090498354,0.38452881813794043,33.0,AAPL
2012-01-24,1.9182788368269341,1.206242529497373,0.6288150118429313,0.16471332639652356,0.31596608816981836,29.0,AAPL
2012-04-24,1.314966903174329,1.2383464521138523,0.941732030764033,0.39577320562845403,0.520428666564625,26.0,AAPL
2012-07-24,1.4147809936019684,1.1755420624279007,0.8309003780401544,0.18354291578205656,0.2596730287587404,26.0,AAPL
2012-10-25,0.8799059657693518,1.4650853841075628,1.6650476768009586,0.3434946725101227,0.30224301155164673,25.0,AAPL
2013-01-23,1.7564030891274087,1.2002709241877438,0.6833687162233616,0.36395834008446454,0.6392575528380375,32.0,AAPL
2013-04-23,0.9836853848825298,1.2430073717517276,1.2636228929030655,0.32464597822727764,0.319349504043065,32.0,AAPL
2013-07-23,1.4956186157499687,1.2195468218554466,0.815412972941576,0.18992173941072601,0.2840504889982963,32.0,AAPL
2013-10-28,1.0678120737072423,1.2021880133285794,1.1258423115172402,0.19954631245062374,0.21307796169853382,22.0,AAPL
2014-01-27,1.6601508066856894,1.237703752458233,0.7455369400621947,0.22998693719414132,0.38181299931002466,22.0,AAPL
2014-04-23,2.775446905816559,1.3610526092360602,0.49039043275649596,0.14734158551575652,0.4089387476178124,32.0,AAPL
2014-07-22,0.7875983026575247,1.2393450076622097,1.5735750108658122,1.0934881647142682,0.8612294225050495,26.0,AAPL
2014-10-20,1.0847801609243624,1.424131504074734,1.3128295993735761,0.20876357458874528,0.22646258403752423,21.0,AAPL
2015-01-27,1.3941883764067227,1.274817403865276,0.914379595640365,0.28941335705130095,0.4034967383777724,25.0,AAPL
2015-04-27,1.5719357969389747,1.361961457691218,0.8664230818735479,0.17298992094173085,0.2719290492379499,21.0,AAPL
2015-07-21,1.2863306310072617,1.5988265284561958,1.2429359061474219,0.21001424004481706,0.27014774991736007,25.0,AAPL
2015-10-27,1.2796378506976946,1.5344005437563164,1.199089682225106,0.23739123870855353,0.30377481447547683,25.0,AAPL
2016-01-26,1.2144876292995053,1.3791208595463242,1.1355577663164642,0.3827229488488585,0.4648122868259659,32.0,AAPL
2016-04-26,1.6679750928916484,1.42784513817581,0.8560350476819516,0.18940208184206744,0.315917955054394,32.0,AAPL
2016-07-26,2.192574509072375,1.8262864854516936,0.8329415843771489,0.14512379323692662,0.31819472971117524,25.0,AAPL
2016-10-25,1.2231691194459027,1.263473957918487,1.0329511576378274,0.13096657380480356,0.1601942687576684,32.0,AAPL
2017-01-31,2.978157403684448,1.724797025127173,0.5791490479963646,0.09142190934630767,0.27226883617867464,24.0,AAPL
2017-05-02,1.378025200826312,1.8085237301508927,1.3124025083622843,0.09880738190702877,0.13615906229555544,25.0,AAPL
2017-08-01,1.608571356561205,1.4836041425188424,0.9223116751814375,0.1549095308408957,0.24918303416899942,25.0,AAPL
2017-11-02,0.9664064024909711,1.350205134827132,1.3971400969063288,0.22740410090382954,0.21976477906616368,24.0,AAPL
2018-02-01,1.4133349174165588,1.3230417810895772,0.9361134185434059,0.1767378918696791,0.2497898338100096,24.0,AAPL
2018-05-01,1.3608853328172519,1.4335981032920706,1.0534304902267493,0.2575327952961716,0.35047260383798773,25.0,AAPL
2018-07-31,2.028902589455148,1.433768372625343,0.7066718629455615,0.1494595121895382,0.3032387913000573,39.0,AAPL
2018-11-01,1.357140047754525,1.4650192059638854,1.079490070599459,0.32143370501436763,0.4362305537731128,24.0,AAPL
2019-01-29,1.0860213071719473,1.2078602103816598,1.112188317489817,0.4025454616486596,0.43717294845581234,32.0,AAPL
2019-04-30,1.7750025400213278,1.3608248389598563,0.7666607840141485,0.14972154635296375,0.2657561250724316,32.0,AAPL
2019-07-30,1.3083412894477582,1.4006253801983668,1.070535181832839,0.1734353660110978,0.2269126504028036,32.0,AAPL
2019-10-30,1.3384747917551014,1.4520989864448408,1.0848907991317098,0.16443605182147883,0.22009351021878493,32.0,AAPL
2020-01-28,2.042595075082813,1.4304199840883023,0.7002954239622402,0.16050929381969703,0.3278554930611333,25.0,AAPL
2020-04-30,0.8620976857772856,1.3991096828561411,1.6229131639469303,0.5346248399049465,0.4608988372411062,24.0,AAPL
2020-07-30,1.7280073887468654,1.3671779791780831,0.7911875771373569,0.31386615682435015,0.5423630380700595,31.0,AAPL
2020-10-29,1.3253417478010137,1.083394537269007,0.8174454166757806,0.3448797642340758,0.4570835495111915,38.0,AAPL
2021-01-27,1.140118277495297,1.1709608500915865,1.0270520815296873,0.3353549040772595,0.38234425558616564,32.0,AAPL
2021-04-28,0.8859461462140159,1.2871330928704863,1.45283446219716,0.22799819000775887,0.20199411778114493,25.0,AAPL
2021-07-27,0.899782529837843,1.5065365782819957,1.674334106657417,0.22768146792348076,0.20486380720538322,25.0,AAPL
2021-10-28,1.194190404332273,1.5586222435740247,1.3051706310146767,0.16425418759913812,0.1961507747022838,31.0,AAPL
2022-01-27,1.7996827942418927,1.2619039668129912,0.7011813253149214,0.22359267547282746,0.4023958909669588,31.0,AAPL
2022-04-28,1.3889838907426393,1.3564255871986968,0.9765596248013109,0.26749645953467044,0.3715482731243475,24.0,AAPL
2022-07-28,1.0788814774928634,1.3238728055251565,1.227079000931234,0.2658716490587239,0.2868439975599401,31.0,AAPL
2022-10-27,1.423942461270828,1.2878029264407858,0.9043925309253426,0.3418415107051496,0.4867626421180289,31.0,AAPL
2023-02-02,1.118400699630221,1.2338440946468323,1.1032218551497515,0.2580988172193772,0.288657897751884,31.0,AAPL
2023-05-04,1.4010635803664533,1.2915100917871483,0.9218069114674646,0.1933117305501615,0.27084202533144436,31.0,AAPL
2023-08-03,2.018395307408265,1.723988645107986,0.8541382546720672,0.12789245513286293,0.25813753129309264,25.0,AAPL
2000-01-18,1.1840002145482755,1.1242527769585193,0.9495376463149111,0.4224370499839785,0.5001655578141712,33.0,MSFT
2000-04-20,1.3867166709583665,1.0322207571110154,0.7443631267500683,0.6984069538553157,0.9684925660244169,32.0,MSFT
2000-07-18,1.2710207083642833,1.1899127063556203,0.9361867186939515,0.3620521121240665,0.4601757320167159,33.0,MSFT
2000-10-18,2.65256175264087,1.1049971306353954,0.41657734434844684,0.38247282766326895,1.01453279408399,33.0,MSFT
2001-01-18,1.0672194214250763,1.188052517914654,1.1132223552755693,0.6955359299197751,0.7422894527093348,32.0,MSFT
2001-04-19,0.9158093483176307,1.2205301747689432,1.332733911278689,0.59791926133574,0.5475800490704432,32.0,MSFT
2001-07-19,1.0287706310551477,1.2531406742835807,1.2180953037105173,0.4581943770819809,0.4713769184565498,32.0,MSFT
2001-10-18,0.9615943631095103,inf,inf,0.48404746233668483,0.4654573112604191,32.0,MSFT
2002-01-17,1.630546542805326,inf,inf,0.2301490813786012,0.37526878897169985,32.0,MSFT
2002-04-18,1.0204656814949424,1.2958226108119855,1.2698345807314715,0.3635559616773033,0.37099638219457853,32.0,MSFT
2002-07-18,1.1722742558631476,inf,inf,0.3773023738712074,0.4423018595652688,32.0,MSFT
2002-10-17,1.0704826266132321,inf,inf,0.4878133949584915,0.522195764332284,32.0,MSFT
2003-01-16,1.3788303677364657,inf,inf,0.3009301072902443,0.4149315704979816,32.0,MSFT
2003-04-15,0.8801490413088698,inf,inf,0.5269636793376384,0.4638065771736172,33.0,MSFT
2003-07-17,1.1197118460870172,inf,inf,0.27560481400392817,0.30859797507880743,32.0,MSFT
2003-10-23,1.8097570552077662,inf,inf,0.23344630976778036,0.42248110611445816,25.0,MSFT
2004-01-22,1.0666464333039158,inf,inf,0.14610776022712116,0.15584532132428253,25.0,MSFT
2004-04-22,1.8409697607564068,inf,inf,0.17904254747435885,0.32961191578908805,25.0,MSFT
2004-07-22,1.3725549604018241,inf,inf,0.1930977333892471,0.26503725180576004,25.0,MSFT
2005-01-27,1.0354072174115143,inf,inf,0.10714860298392674,0.11094243686511866,25.0,MSFT
2005-07-21,1.4476693209659277,inf,inf,0.14353276275628177,0.20778797719575004,25.0,MSFT
2005-10-27,1.1576403383447564,inf,inf,0.16157985296696564,0.1870513556583741,25.0,MSFT
2006-01-26,1.7175623346858417,inf,inf,0.15011101248713032,0.2578250210694511,25.0,MSFT
2006-04-27,4.66533731794477,inf,inf,0.11442999505298461,0.5338545262129245,25.0,MSFT
2006-07-20,1.5054253225482384,1.2293790174316679,0.8166323490232608,0.2072869958386722,0.3120550925704884,32.0,MSFT
2006-10-26,0.844482401575057,inf,inf,0.12804983825144747,0.10813583492787997,25.0,MSFT
2007-01-25,0.9882390782681979,inf,inf,0.1808373055105595,0.17871049211425982,25.0,MSFT
2007-04-26,1.2978897923136672,inf,inf,0.1558121886218331,0.2022270491303289,25.0,MSFT
2007-07-19,1.1178661477937046,1.5272525073487928,1.3662212693023046,0.17318550853021814,0.1935982172743687,32.0,MSFT
2007-10-25,2.1189356555788867,inf,inf,0.22319698951554548,0.4729400593023563,25.0,MSFT
2008-01-24,1.1196708857348685,inf,inf,0.2745340094583831,0.30738773753461257,26.0,MSFT
2008-04-24,1.5891580272755677,inf,inf,0.274727722810743,0.4365857660198293,25.0,MSFT
2008-07-17,1.7528429078201229,inf,inf,0.24743755665419115,0.4337191663096388,32.0,MSFT
2008-10-23,0.9029482181357199,inf,inf,0.9975759524843943,0.9007594287508275,25.0,MSFT
2009-01-22,1.3881171449859302,inf,inf,0.5210832757365217,0.7233246290152967,25.0,MSFT
2009-04-23,1.2775783186261427,inf,inf,0.5041615750855832,0.6441058974137472,25.0,MSFT
2009-07-23,1.6169495422834717,inf,inf,0.3051019924572353,0.49333452705350184,25.0,MSFT
2009-10-23,1.4175914370745155,inf,inf,0.2030683379801867,0.2878679370616663,24.0,MSFT
2010-04-22,1.0084383164252249,inf,inf,0.13539764226467121,0.13654017041332991,25.0,MSFT
2010-07-22,0.9454479326707449,inf,inf,0.27632620055527185,0.2612520350577434,25.0,MSFT
2011-01-27,1.3475327149014422,1.5579905196541652,1.156180107855946,0.17434210681646642,0.2349316925200302,25.0,MSFT
2011-07-21,1.2544986910965212,1.6605774850576336,1.3236980611005424,0.1799742325522978,0.22577743916795853,25.0,MSFT
2011-10-20,0.8182939980486006,1.463041468556239,1.787916655927061,0.2472736794170099,0.20234256774233297,32.0,MSFT
2012-01-19,1.59953027532662,1.4766087576875524,0.9231514904499276,0.18110374463417336,0.2896809225173812,32.0,MSFT
2012-04-19,1.42553119757046,1.496308178266353,1.049649548755242,0.1931173558563197,0.2752948155655001,32.0,MSFT
2012-07-19,1.1109894974640444,1.3940388332004447,1.2547722875711171,0.25640448088299206,0.28486268536372455,32.0,MSFT
2012-10-18,1.308602605833543,1.4898901144906254,1.1385351884895625,0.14980941881639687,0.19604099584154552,32.0,MSFT
2013-01-24,0.9285658544020692,1.4866479956615521,1.6010151446058163,0.17069173826686024,0.15849851978314144,26.0,MSFT
2013-04-18,1.1083184221662228,1.5114824375249885,1.3637619002766157,0.2809597815425515,0.3113929017714073,32.0,MSFT
2013-07-18,2.921787230986306,1.4605793684510244,0.49989244697943913,0.1958460690527237,0.5722205437971105,32.0,MSFT
2013-10-24,2.2014780876295763,1.4167660707196423,0.6435522018959242,0.14739212044790653,0.32448052345532546,25.0,MSFT
2014-01-23,1.0143423669764429,1.4716394424930177,1.4508310905712125,0.2477826305763295,0.25133641999444356,25.0,MSFT
2014-04-24,0.9455408364243175,1.3997038315942587,1.4803208678827835,0.22325131382622598,0.21109323400807753,31.0,MSFT
2014-07-22,0.874308485089828,1.5749452629931053,1.801361064031413,0.18522932362547812,0.16194756933320525,32.0,MSFT
2014-10-23,1.0070037141490387,1.5569292785108217,1.5461008302501582,0.25228150986568837,0.25404841744587553,31.0,MSFT
2015-01-26,2.1335696700820965,1.7509221739097807,0.820653854646522,0.2266482740351699,0.483569883257894,22.0,MSFT
2015-04-23,2.1885360999009347,1.6161368336188073,0.7384556433370977,0.2285121690568051,0.5001071312474833,24.0,MSFT
2015-07-21,1.4366654763090314,1.4098077708482752,0.9813055259532255,0.15498022806824097,0.22265474317614173,25.0,MSFT
2015-10-22,2.782658654990262,1.5629056583275514,0.5616591368563029,0.17075206771726503,0.47514471909093087,24.0,MSFT
2016-01-28,1.217618738948059,1.4415090737738738,1.1838755660242557,0.3176342017710718,0.3867573562072658,31.0,MSFT
2016-04-21,2.3086695585529036,1.3971254061092178,0.6051647369513329,0.15920781837262402,0.36755824376049673,31.0,MSFT
2016-07-19,1.4472396255511342,1.4040972781794696,0.9701899073173628,0.19926906541924205,0.28839008762126833,25.0,MSFT
2016-10-20,1.9341228957874355,1.4995749212696619,0.7753255620600794,0.1222903609959418,0.23652458713636182,31.0,MSFT
2017-01-26,1.4770533734472162,1.5429104212794995,1.044586775952844,0.10124707309950974,0.14954733087328775,24.0,MSFT
2017-04-27,0.9151208800682002,1.6783812591946579,1.83405416240702,0.1193774510855005,0.10924479809766174,24.0,MSFT
2017-07-20,0.852966378835898,1.5412859172960272,1.8069714768822733,0.1679288148098961,0.1432376330706012,31.0,MSFT
2017-10-26,3.2574571009471343,2.234234868749161,0.6858831289288622,0.09024843786928016,0.2939804147866729,24.0,MSFT
2018-01-31,2.0224502050085222,1.6338459335372215,0.8078547147865808,0.14722948696893115,0.2977643061036144,24.0,MSFT
2018-04-26,1.049496947337818,1.4777201067893713,1.408027065288561,0.28939330629817617,0.303717391539934,24.0,MSFT
2018-07-19,1.0495487238688863,1.5914310609684383,1.5163003153412877,0.1655694618350683,0.1737732173806542,31.0,MSFT
2018-10-24,1.4700344921569204,1.9938170076051247,1.356306275970219,0.3085092694190142,0.45351926719608304,32.0,MSFT
2019-01-30,1.1369663070569798,1.5213730030509858,1.3380985818208078,0.29902301080953714,0.3399790883251788,32.0,MSFT
2019-04-24,1.487955727519804,1.435912164813581,0.9650234467708446,0.11206443356629464,0.1667469157762307,24.0,MSFT
2019-07-18,1.0088438155543893,1.4287365596689598,1.4162118433405146,0.1418147421393162,0.1430689255616896,31.0,MSFT
2019-10-23,1.1715971155074114,1.4004535336386363,1.195337130061223,0.17905486694456407,0.20978016562981464,32.0,MSFT
2020-01-29,1.424082674557838,1.4750445644191983,1.0357857663545997,0.16573089887405307,0.2360145017254361,25.0,MSFT
2020-04-29,0.9228843849283344,1.3249505280944507,1.4356625268909913,0.5562788722340838,0.5133810848503799,25.0,MSFT
2020-07-22,1.0533820488328902,1.2249665540110843,1.1628891486885538,0.3258669184361579,0.3432623621891403,32.0,MSFT
2020-10-27,1.3251218817498769,1.2668196876311117,0.9560023912353068,0.24644807273114858,0.32657373389113015,25.0,MSFT
2021-01-26,1.1358439019974211,1.3804722037233292,1.2153714091308856,0.24938138971869792,0.2832583307836254,25.0,MSFT
2021-04-27,1.0596687096287167,1.5663961472706536,1.4781942063944518,0.19877185648875445,0.2106323166759429,25.0,MSFT
2021-07-27,0.9239848806575374,1.7848774787812614,1.931717191639635,0.14574208366440555,0.13466348178143658,25.0,MSFT
2021-10-26,1.2955119340146835,1.6361799218207218,1.2629601309424736,0.182975792546372,0.23704732287961988,32.0,MSFT
2022-01-25,1.1787382479402926,1.4781773807713898,1.2540336103917322,0.2750129415064292,0.3241682728321945,25.0,MSFT
2022-04-26,1.4673858155590365,1.4291593982391277,0.973949307050276,0.30491023930451056,0.44742096017415023,32.0,MSFT
2022-07-26,1.4698459108694821,1.301873411696856,0.8857210147468706,0.2762786273608096,0.40608701068691944,32.0,MSFT
2022-10-25,1.4011285989606246,1.315169831997758,0.9386503372876467,0.36949802398227016,0.5177142486609975,32.0,MSFT
2023-01-24,0.8891671869770893,1.2582593891366092,1.4150987660873164,0.33353670912904265,0.2965698974098665,21.0,MSFT
2023-04-25,1.9235054304528028,1.3415947632921517,0.6974738631106092,0.20718226870255113,0.39851621894288886,32.0,MSFT
2023-07-25,1.183189867070285,1.413655737206258,1.1947835056317995,0.2717413022263495,0.32152155525870063,32.0,MSFT
2004-10-21,2.718758898655688,1.172845440651719,0.4313900144774301,0.31039425606591436,0.8438871457708169,25.0,GOOGL
2005-04-21,1.4949207158697084,0.9934850779799724,0.6645737579480843,0.24867507546431333,0.37174952183206506,25.0,GOOGL
2005-07-21,1.3526865379470479,1.0157805679754934,0.7509356672663634,0.2317430683132543,0.31347572876988217,25.0,GOOGL
2005-10-20,2.396713979737303,1.094945178180893,0.4568526688782893,0.2515234712240504,0.6028298197147348,32.0,GOOGL
2006-04-20,1.0266684617243802,1.1534024704220882,1.1234420004339543,0.3429167883827436,0.35206185162837617,32.0,GOOGL
2006-07-20,1.0113833395970562,1.2145922656572994,1.2009217653725672,0.22873142504611155,0.23133515253393003,32.0,GOOGL
2006-10-19,2.04189610859308,1.1693322404596709,0.5726698021210156,0.20844060005840961,0.4256140501320731,32.0,GOOGL
2007-04-19,1.0442278578099762,1.215436511459686,1.1639571788563272,0.17924545686987586,0.18717309944940094,32.0,GOOGL
2007-07-19,2.3063241650909223,1.2103417004284982,0.5247925329615505,0.11986578472755952,0.27644935588475694,32.0,GOOGL
2007-10-18,0.8855066594722004,inf,inf,0.25958171554189013,0.2298613377895621,32.0,GOOGL
2008-04-17,2.398836690388037,inf,inf,0.4092720072879813,0.9817767074311696,32.0,GOOGL
2008-07-17,1.8910375770897745,inf,inf,0.27948865900029113,0.5285235565399807,32.0,GOOGL
2008-10-16,0.9187024000526512,inf,inf,0.9809566545454156,0.9012072328784928,32.0,GOOGL
2009-01-22,1.2269194532503567,1.138102460116507,0.9276097604463313,0.46771861329678777,0.5738530653011098,25.0,GOOGL
2009-04-16,1.0890971379800016,inf,inf,0.34942084693591596,0.3805532443484543,32.0,GOOGL
2009-07-16,1.057236780119948,inf,inf,0.27468839356801017,0.29041067275216415,32.0,GOOGL
2009-10-15,1.1151777370945752,inf,inf,0.21691831062642852,0.24190247077875873,32.0,GOOGL
2010-01-21,1.5422863485667546,1.3537625161104094,0.8777634045509511,0.19834633278622688,0.3059068413444762,25.0,GOOGL
2010-04-15,2.7865455993292674,inf,inf,0.1415331893410451,0.39438868591732523,32.0,GOOGL
2010-07-15,1.4310429924466719,inf,inf,0.302204124391682,0.43246709449919885,32.0,GOOGL
2010-10-14,2.569212888476926,inf,inf,0.20388856053147997,0.5238331175304862,32.0,GOOGL
2011-01-20,1.2492584804169469,1.3679640293710236,1.0950208069946086,0.15619482443479912,0.19512770902240895,32.0,GOOGL
2011-04-14,2.07816844471004,inf,inf,0.19810395911643056,0.4116933966078939,32.0,GOOGL
2011-07-14,2.294517907955876,1.4119188576264692,0.6153444489279709,0.27699249694678824,0.635564244613819,32.0,GOOGL
2011-10-13,1.1299752036078463,inf,inf,0.34378957413111977,0.38847369402706683,39.0,GOOGL
2012-01-19,1.8518686917151126,1.2323263661029547,0.6654501864069167,0.23656249925598039,0.4380826860060297,32.0,GOOGL
2012-04-12,2.0001014058701774,1.2680785410486204,0.6340071245022308,0.14544108340990583,0.2908969153994344,39.0,GOOGL
2012-07-19,1.1105345687835266,1.2670429900827833,1.1409307064350955,0.19800682550933993,0.21989342458320982,32.0,GOOGL
2012-10-18,2.47762779537297,1.2707615483366892,0.5128944511802246,0.15519929760463227,0.38452609356759854,32.0,GOOGL
2013-01-22,1.697815099140286,1.4618316808516592,0.8610075865103799,0.17174509347987446,0.29159141291339075,26.0,GOOGL
2013-04-18,1.8054864521860683,1.3377226150217238,0.7409208822375932,0.15291069110166977,0.27607818117847355,32.0,GOOGL
2013-07-18,1.2490720165725053,1.243224797063359,0.9953187490940744,0.1263273317099744,0.1577919349672015,32.0,GOOGL
2013-10-17,4.512059299646093,1.272925166621636,0.28211623165535055,0.1437408124691943,0.6485670696403131,32.0,GOOGL
2014-01-30,1.6392004677526038,1.3744877976072034,0.838511106266136,0.22312796080906436,0.36575145772690293,24.0,GOOGL
2014-07-17,1.5153524994398686,1.37691345898429,0.9086423518575705,0.17007203828858952,0.25771908830544715,32.0,GOOGL
2014-10-16,1.055002611981033,1.4330656497803747,1.3583527031174198,0.23487454219979575,0.24779325550863388,32.0,GOOGL
2015-01-29,1.4054201124784533,1.6280574239115577,1.1584133523181792,0.23284967350530852,0.32725161432840183,24.0,GOOGL
2015-04-23,1.1537447019859812,1.4927813330797775,1.2938575843600413,0.20073314714516252,0.23159480503170365,31.0,GOOGL
2015-07-16,3.5524860588345577,1.6553533530719513,0.4659704009127098,0.2121883362424267,0.7537961063485203,38.0,GOOGL
2015-10-22,1.697485827250782,1.3787797629940737,0.8122481736575798,0.19608909744689523,0.3328584637945022,24.0,GOOGL
2016-02-01,1.1538538503716531,1.3570350493076238,1.1760891978395067,0.33597512658643813,0.38766619344086517,25.0,GOOGL
2016-04-21,2.2475461477116325,1.2835932050918482,0.5711087206813328,0.12769449909794356,0.2869992795315496,24.0,GOOGL
2016-07-28,1.1763870499211895,1.4664696097087397,1.2465876854110083,0.1595086887352925,0.18764395577810802,24.0,GOOGL
2016-10-27,1.0131665441109219,1.4176037385589502,1.3991813555222865,0.13808901810555374,0.1399071732536744,31.0,GOOGL
2017-01-26,1.3900709297975,1.4250707839907444,1.025178466395483,0.13586572429247926,0.18886299369485743,24.0,GOOGL
2017-04-27,1.338117654519814,1.9019993651323384,1.421399201114998,0.14462866361951499,0.19353016813888052,24.0,GOOGL
2017-07-24,1.2466971781860112,1.7427421876341422,1.3978873283164834,0.15411156999699177,0.1921304594410656,21.0,GOOGL
2017-10-26,1.4471906487874306,1.6544034867404227,1.1431828198493483,0.1594625286555839,0.23077268030235873,24.0,GOOGL
2018-02-01,3.1231540401805833,1.9655943327216117,0.6293619550728146,0.11548215066640977,0.3606685454225405,24.0,GOOGL
2018-04-23,1.1501924323532446,1.4710847029305638,1.2789900729226564,0.27737198349203424,0.31903115635934687,21.0,GOOGL
2018-07-23,1.3960902111076574,1.5284489202025355,1.0948067023475974,0.19016191055247833,0.2654831818478449,21.0,GOOGL
2018-10-25,1.5067796284116721,1.6870492797722676,1.1196390288011933,0.2861755518412706,0.4312034916638949,31.0,GOOGL
2019-02-04,0.9677405471361056,1.3244335218638381,1.3685832693311406,0.2956815005050325,0.28614297707676484,35.0,GOOGL
2019-04-29,3.0975811157730355,1.4645180076546196,0.47279407799757744,0.12052368455064762,0.3733318892674724,20.0,GOOGL
2019-07-25,2.9167846518805662,1.3705979557098444,0.4699002906594993,0.157658156742217,0.45985489182947914,31.0,GOOGL
2019-10-28,1.2083340401170346,1.423421376240288,1.1780032085352996,0.14646199143956262,0.17697500983975326,21.0,GOOGL
2020-02-03,1.3368267003716485,1.8910066777880628,1.4145488545840292,0.18580833140264227,0.24839353857055602,21.0,GOOGL
2020-04-28,1.148787984164939,1.2819288912989526,1.1158968486520116,0.5142464614552067,0.5907601558190799,32.0,GOOGL
2020-07-30,1.0390328110593412,1.3843553784706149,1.3323500121802714,0.27100084810353886,0.2815787730044855,31.0,GOOGL
2020-10-29,1.324317111140541,1.1684534710609755,0.8823064062463627,0.3060076546117391,0.4052511731423108,38.0,GOOGL
2021-02-02,1.2155975637032237,1.2927931040416227,1.0635041913898122,0.35726114086899285,0.4342857724461819,32.0,GOOGL
2021-04-27,1.110011926439566,1.410312052088581,1.2705377469341674,0.21684677118940987,0.24070250223015663,32.0,GOOGL
2021-07-27,1.0992507033950183,1.4841628877058533,1.3501586882064662,0.21785357138923975,0.23947569158673865,32.0,GOOGL
2021-10-26,1.2180135849607503,1.5216772197265553,1.2493105483512241,0.24843704172296072,0.30259969182602686,32.0,GOOGL
2022-02-01,1.479098125188613,1.42458638046477,0.9631452817121976,0.3052086053368524,0.4514334759451697,32.0,GOOGL
2022-04-26,1.3099250810860468,1.364095721587107,1.0413539990059186,0.3321312446633415,0.43506704759683723,32.0,GOOGL
2022-07-26,0.7992781010641873,1.2563153896125876,1.5718125993191665,3.842765041357241,3.071437945091859,32.0,GOOGL
2022-10-25,1.8995177723540015,1.2955804099331552,0.6820575352277913,0.2889042526871235,0.5487787624878424,32.0,GOOGL
2023-02-02,1.2841426740138018,1.1994447029983422,0.9340431770320956,0.365252655107696,0.46903652122063766,31.0,GOOGL
2023-04-25,1.0563994581158447,1.2972272089473524,1.2279703468052126,0.27485859822778064,0.2903604742263081,32.0,GOOGL
2023-07-25,1.2388845218680304,1.335376285105621,1.077886002718072,0.28033999979795016,0.34730888661016723,25.0,GOOGL
2000-04-26,0.9150530008716721,inf,inf,1.1245237578217402,1.0289988391462728,26.0,AMZN
2000-07-26,0.9609801759605706,inf,inf,1.0498394280929126,1.008874878339072,26.0,AMZN
2000-10-24,0.9459267155987646,inf,inf,1.513701648855613,1.4318508290984244,26.0,AMZN
2001-01-30,0.9480631648420389,inf,inf,1.387177674524757,1.315132056308161,22.0,AMZN
2002-04-23,1.6307472512664463,inf,inf,0.5958235222471454,0.9716375711444247,26.0,AMZN
2002-07-23,1.1328588435360833,inf,inf,0.742176189994332,0.8407808602969954,26.0,AMZN
2003-01-23,0.8988057849489716,inf,inf,0.45170588148960206,0.4059958593783289,25.0,AMZN
2003-04-25,1.8407978916721504,inf,inf,0.40725642008300805,0.7496767594587488,24.0,AMZN
2003-07-22,1.6520239663285206,inf,inf,0.46961081308597646,0.7758083180650563,26.0,AMZN
2003-10-21,1.4566717251021022,inf,inf,0.3491750013591744,0.5086333515923974,26.0,AMZN
2004-04-22,1.3250410969079576,inf,inf,0.41939492747486556,0.5557155147389292,25.0,AMZN
2004-07-22,2.0643707428512403,inf,inf,0.32090540204553997,0.6624677232057272,25.0,AMZN
2004-10-21,2.191025007718674,inf,inf,0.2853225413728588,0.6251488234137795,25.0,AMZN
2005-10-25,2.2615257986982455,inf,inf,0.2974779145447481,0.6727539782858999,26.0,AMZN
2006-04-24,0.8212976752105392,inf,inf,0.30787250084285717,0.2528549692034934,29.0,AMZN
2006-07-25,2.9964478084012516,inf,inf,0.3402366076017146,1.0195012371860344,26.0,AMZN
2006-10-24,1.8792976971638133,inf,inf,0.30429554533778,0.5718619176104968,26.0,AMZN
2007-04-24,4.183210009416661,inf,inf,0.2950493435980398,1.2342533674111358,26.0,AMZN
2007-07-24,3.6867882154070437,inf,inf,0.30691164813289645,1.1315182475075158,26.0,AMZN
2007-10-23,2.4383709694461695,inf,inf,0.3122165102722203,0.7612996748295737,26.0,AMZN
2008-04-23,0.9335590641878093,inf,inf,0.549592857653924,0.5130773938757012,26.0,AMZN
2008-07-23,1.354797697290558,inf,inf,0.5169736375740304,0.7003946937452198,26.0,AMZN
2008-10-22,0.8056300798870816,inf,inf,1.1096101102266145,0.8939352817453808,26.0,AMZN
2009-04-23,0.941749818851824,inf,inf,0.4460325572608094,0.42005108000238306,25.0,AMZN
2009-07-23,1.5496309022581867,inf,inf,0.36423033033096075,0.5644225754205641,25.0,AMZN
2009-10-22,4.03648028640326,inf,inf,0.3097152294200866,1.2501594179530426,25.0,AMZN
2010-04-22,1.161845726275401,inf,inf,0.31464109199144186,0.365564408040882,25.0,AMZN
2010-07-22,0.871302756225448,inf,inf,0.38320024666350777,0.33388343110418583,25.0,AMZN
2010-10-21,0.9946677508389381,inf,inf,0.3800732515105783,0.37804660623406894,25.0,AMZN
2011-01-27,1.8924232226563724,inf,inf,0.2400165232673923,0.45421284245245674,25.0,AMZN
2011-10-25,1.9028086247706935,inf,inf,0.39808987013277986,0.7574888383224988,26.0,AMZN
2012-04-26,3.118293098212001,inf,inf,0.23639826792269275,0.7371590872926043,25.0,AMZN
2012-07-26,1.6884971329571759,inf,inf,0.2625221859312256,0.4432679582825251,25.0,AMZN
2012-10-25,1.774449806704897,inf,inf,0.24113383725042278,0.4278798908990228,25.0,AMZN
2013-04-25,1.6472510331719699,1.191178460593991,0.7231311054637743,0.2580444486909745,0.42506398471049905,25.0,AMZN
2013-07-25,1.2566716825071125,1.3972301079845566,1.1118497595147718,0.18661628476724945,0.2345154005616858,31.0,AMZN
2013-10-24,1.470067843047369,1.3307681132413574,0.9052426522593331,0.3552214965956273,0.5221996993043921,31.0,AMZN
2014-01-30,2.83122708523999,1.3013321672490104,0.4596353906167518,0.21679951698202904,0.6138086645464678,31.0,AMZN
2014-04-24,1.7507632242277882,1.2634446545954408,0.7216536406016355,0.31992567755933343,0.5601141107570383,31.0,AMZN
2014-07-24,1.743688216719534,1.2011993318429501,0.6888842399261099,0.2964388920668475,0.5168970030743557,31.0,AMZN
2014-10-23,2.2721006599302633,1.2483423596806007,0.5494221192290466,0.19227365733667937,0.4368651037218745,25.0,AMZN
2015-01-29,2.239947477771024,1.282022105789058,0.5723447172363169,0.29854266913160366,0.6687198987283649,31.0,AMZN
2015-04-23,2.6388135639305945,1.2446505862764579,0.47167052772857215,0.2580937432033306,0.6810612703305685,31.0,AMZN
2015-07-23,2.0386956752860397,1.1856141767645596,0.5815552517901975,0.2318807500232469,0.47273428225447667,38.0,AMZN
2015-10-22,1.3420456198369133,1.2594435536920117,0.9384506272186638,0.27420106917054204,0.3679903438349244,31.0,AMZN
2016-01-28,1.6306947819185498,1.270236814566875,0.7789543626750386,0.39651688936926716,0.6465980224370388,31.0,AMZN
2016-04-28,2.4569894748954537,1.2156210762007875,0.4947603921878879,0.20344066248842868,0.4998515664998276,31.0,AMZN
2016-07-28,1.1017867517120938,1.2584065912716702,1.1421507740188388,0.1394704014099649,0.15366664052946705,31.0,AMZN
2016-10-27,1.6896150324399246,1.3308366216729801,0.78765671239984,0.1785105052077386,0.30161403304744056,31.0,AMZN
2017-02-02,1.456938981433747,1.2047151053687848,0.8268809611938907,0.15280618045163383,0.22262928090398473,31.0,AMZN
2017-04-27,1.0910355816272688,1.541595316536057,1.4129652070895642,0.1482036301830356,0.1616954338560209,31.0,AMZN
2017-07-27,1.51547309312003,1.333363513871152,0.8798331820765264,0.1603328269007194,0.24298008511191158,31.0,AMZN
2017-10-26,4.219403885843485,1.3918625281872572,0.32987184110463874,0.146594533733422,0.6185415452782145,24.0,AMZN
2018-02-01,1.9098007539022193,1.4501933651479992,0.7593427545700133,0.172721692508275,0.32986401856757086,24.0,AMZN
2018-04-26,1.1142821794912217,1.2267083650836081,1.1008956148286604,0.3587556932257612,0.39975507575248526,24.0,AMZN
2018-07-26,1.3594929300773515,1.2887445114102694,0.9479597009283036,0.1827100531496662,0.24839302551102832,31.0,AMZN
2018-10-25,1.778045881485507,1.3330235135843218,0.7497126634722263,0.3773657409750732,0.6709736015544555,31.0,AMZN
2019-01-31,1.2548615326308383,1.2227427530440238,0.9744045229281377,0.3806267982812839,0.4776339274516208,30.0,AMZN
2019-04-25,1.3359753658514255,1.231953031670325,0.9221375357360677,0.13647627034026621,0.1823289351978752,31.0,AMZN
2019-07-25,1.1020119554942474,1.3252045373613404,1.20253190607809,0.15667869704469478,0.17266179731451484,31.0,AMZN
2019-10-24,0.942219134082363,1.3440907071123709,1.4265160390967806,0.18341549644022836,0.1728175902331987,31.0,AMZN
2020-01-30,2.005584292416022,1.3662258331115176,0.6812108761909464,0.1861823148794496,0.37340432624787795,24.0,AMZN
2020-04-30,1.329772798467129,1.354138224811623,1.0183229995173466,0.4212148954455321,0.5601201102726444,24.0,AMZN
2020-07-30,0.9027861562776528,1.2559935527466501,1.3912414850548152,0.46247481319565487,0.41751585898013077,24.0,AMZN
2020-10-29,1.2741477506558816,1.086646398371028,0.8528417507401828,0.318953136982014,0.4063934220502704,38.0,AMZN
2021-02-02,1.0875330045016054,1.19434161975878,1.0982118379994572,0.2667656258480419,0.2901164225762721,25.0,AMZN
2021-04-29,1.0001696382138632,1.368405448230598,1.3681733537466132,0.21754735876771644,0.21758426311308843,31.0,AMZN
2021-07-29,2.008097318600316,1.4635810942982643,0.7288397234245647,0.1955620702846674,0.3927076689585672,31.0,AMZN
2021-10-28,1.04263821854881,1.5277323239054657,1.4652564012393783,0.23826614512435332,0.24842538909294795,24.0,AMZN
2022-02-03,1.949652207254258,1.3057090422333977,0.6697138276124946,0.41276292915354196,0.8047441558969359,31.0,AMZN
2022-04-28,1.9504330843669742,1.2599097023763113,0.6459640745815298,0.3871870761372475,0.7551824831374021,31.0,AMZN
2022-07-28,0.9511588844796592,1.2144172602425094,1.2767764461421902,1.0236321508357493,0.9736368147064456,31.0,AMZN
2022-10-27,1.1500523095135786,1.228048575883448,1.067819755436045,0.45316155862553115,0.521159497080065,31.0,AMZN
2023-02-02,1.7033350863199943,1.1734424719181635,0.6889087657164109,0.3620934122146987,0.6167664135506251,31.0,AMZN
2023-04-27,1.4665944179468886,1.2030111112866095,0.820275255766162,0.30124993162918023,0.4418114681342376,31.0,AMZN
2023-08-03,1.6974685254589692,1.2667450598923145,0.7462554037930136,0.27084357003251064,0.4597484354531289,25.0,AMZN
2010-11-09,1.4492068444166983,1.0522971403511105,0.7261193558429937,0.7217721291032746,1.0459971096056784,40.0,TSLA
2011-02-15,1.1722793146974229,1.0807425839249793,0.9219155967141925,0.5121969333230713,0.6004378699860916,36.0,TSLA
2012-02-15,0.8862468881152292,1.1704627716603277,1.3206960581261245,0.5932200449294087,0.525739418786265,32.0,TSLA
2012-05-09,1.7636535880592108,1.1728446909555654,0.6650085361979768,0.3962998500669231,0.6989356525178562,40.0,TSLA
2012-07-25,1.1277547645692028,1.091408752717656,0.9677713515442953,0.5556897385963799,0.6266817503242823,26.0,TSLA
2013-02-20,2.0171569207389615,inf,inf,0.2902982155443033,0.5855770545633622,25.0,TSLA
2013-05-08,2.150925632445732,1.0780596927574388,0.5012073297632424,0.6098026945618015,1.3116402464674544,40.0,TSLA
2013-08-07,1.457638706532485,1.027066826110046,0.7046100117314337,0.5886623090226377,0.8580569667081835,40.0,TSLA
2013-11-05,1.8547616803910205,1.0796440036386385,0.5820931147396943,0.4667817887088801,0.8657689748016087,40.0,TSLA
2014-02-19,1.2019160231879582,1.0542973718745072,0.8771805613158332,0.49452829238382917,0.5943814785359038,32.0,TSLA
2014-05-07,1.3777085152326434,1.0869141453019289,0.7889289594166367,0.4911597692091072,0.6766749963790869,32.0,TSLA
2014-07-31,1.2072446887232642,1.1150111493677424,0.923599962611503,0.2802072057075854,0.3382786608324696,38.0,TSLA
2014-11-05,0.9091254915882381,1.1724613594891222,1.2896584358676795,0.5504576002468659,0.5004350364229138,32.0,TSLA
2015-02-11,1.0767375744143721,1.2647892072170228,1.1746494570925792,0.3425426836456465,0.368828578322003,25.0,TSLA
2015-05-06,0.8556338542974076,1.2126673982202942,1.417273746392445,0.3652783120296747,0.31254449001320167,32.0,TSLA
2015-08-05,1.2725909012427976,1.2001481586826026,0.9430746027734064,0.40994381005908603,0.5216907627019985,32.0,TSLA
2015-11-03,1.6610396411712054,1.2123336363032964,0.7298643610025317,0.36596815111282666,0.6078876064045391,32.0,TSLA
2016-02-10,0.9905346391809061,1.186610690138934,1.1979497164482478,0.6291041282047933,0.6231494306385534,32.0,TSLA
2016-05-04,1.3107109706888724,1.1481943288455492,0.8760087879954883,0.3006208847968954,0.3940270917214865,32.0,TSLA
2016-08-03,0.8965870001835532,1.1206873923040352,1.2499482951175995,0.3263193063057377,0.2925736479426394,38.0,TSLA
2016-10-26,0.8635921533170451,1.2274605299036363,1.4213428470707823,0.30361852449844506,0.2622025753585562,39.0,TSLA
2017-02-22,1.3996255115698077,1.193250970392458,0.8525501718342632,0.3170515975465984,0.4437535044101826,32.0,TSLA
2017-05-03,1.363751124310075,1.2519734429980476,0.9180365982329979,0.30704263729095294,0.4187297418166676,25.0,TSLA
2017-08-02,1.1338331194750322,1.1555999156197598,1.0191975307219865,0.4028046145180933,0.45671321261798753,32.0,TSLA
2017-11-01,1.5776547975852402,1.1714804077296939,0.7425454602126922,0.27273365431799496,0.4302795581977392,32.0,TSLA
2018-02-07,1.5621988582834478,1.2609038450312502,0.8071340203235956,0.3147443365864614,0.4916932432665512,25.0,TSLA
2018-05-02,1.0615633881130142,1.3127692915653226,1.2366376857616015,0.47195121788686545,0.5010061338840442,32.0,TSLA
2018-08-01,1.9799959645321386,1.147891247686793,0.57974423597274,0.4097759344006426,0.8113546964756586,32.0,TSLA
2018-10-24,1.1918573567683985,1.24425354703588,1.0439617962417487,0.7343872661367026,0.8752848658620608,39.0,TSLA
2019-01-30,0.8306256082106739,1.1994957135444628,1.4440870853095964,0.6895549697058122,0.5727620161065831,39.0,TSLA
2019-04-24,1.0986896252736909,1.2455698254313807,1.1336867089475802,0.417450257078285,0.45864826651974683,39.0,TSLA
2019-07-24,2.291602524175353,1.1499241488808267,0.5017991282299856,0.3062937548964168,0.7019035418597757,32.0,TSLA
2019-10-23,2.574086489054315,1.1554490890183278,0.4488773372346258,0.34247270238435035,0.8815543560774758,39.0,TSLA
2020-01-29,1.9177088209519868,1.0967406724511441,0.5719015631928425,0.5324120144522437,1.0210112164958844,32.0,TSLA
2020-04-29,1.0528498913194004,1.1510942998308484,1.0933128353067796,1.0381903242280444,1.0930585700323496,25.0,TSLA
2020-07-22,1.142088014782811,1.093963072182396,0.9578623171091006,0.7909436303903842,0.9033272406376632,39.0,TSLA
2020-10-21,0.7840743140185436,1.047359297268311,1.3357908536760723,0.9643486353548,0.7561209947405334,32.0,TSLA
2021-01-27,1.1137805403943295,1.0758912153792604,0.9659813368604424,0.552955941639119,0.6158715674930733,39.0,TSLA
2021-04-26,0.9872594999460913,1.163858737246351,1.1788782354688943,0.570465365749622,0.563197351726536,21.0,TSLA
2021-07-26,1.1629152293312677,1.2669199839798293,1.0894345108098458,0.29571636757175773,0.3438930674117201,21.0,TSLA
2021-10-20,2.543845305749125,1.388719022898298,0.545913314681429,0.235544912727533,0.5991898205350221,25.0,TSLA
2022-01-26,1.4443497493532973,1.0468723692940896,0.7248053110147478,0.6370636033468299,0.9201426558161021,39.0,TSLA
2022-04-20,0.9176167802331573,1.1578135944560795,1.2617615756349732,0.5769191348951722,0.5293906790174064,39.0,TSLA
2022-07-20,1.1179553771713002,1.161286818299737,1.0387595444444981,0.5385608953830245,0.6020870489276424,24.0,TSLA
2022-10-19,0.8698290894282765,1.1835105046182017,1.360624195031351,0.8956770607015935,0.7790859621318622,39.0,TSLA
2023-01-25,1.1968398519338148,1.1323307907756466,0.9461005070528554,0.814872370905425,0.9752717277394055,31.0,TSLA
2023-04-19,1.2264128683706512,1.1247078820944705,0.91707116836494,0.458672687997174,0.5625220869298909,32.0,TSLA
2023-07-19,1.429761141694794,1.079590046681392,0.7550841991702752,0.41697686389542143,0.5961773169834325,31.0,TSLA
2012-07-26,1.6512792733915944,0.9390328485938456,0.5686699177572476,0.43304781715701546,0.7150828848588525,25.0,META
2012-10-23,2.123016032062009,0.8987712055314045,0.42334640528289397,0.4505857447377542,0.9566007598968521,26.0,META
2013-01-30,1.3855637901026254,1.0625615012438898,0.7668802467515324,0.3551276918544836,0.4920520706962956,32.0,META
2013-05-01,1.3747161864750221,1.154143320097092,0.8395502515006302,0.29460692911726283,0.4050009141052007,32.0,META
2013-07-24,5.851077758154833,1.1436111084541902,0.1954530696264125,0.22154818620868466,1.2962956646851802,32.0,META
2013-10-30,0.9246922327386776,1.0697730643946646,1.1568963450966798,0.40230496992199716,0.3720082808790381,32.0,META
2014-01-29,1.8809929580688236,1.053541709842028,0.5600986996377049,0.3912973655068094,0.7360275890291911,32.0,META
2014-04-23,0.9887722892475712,1.18367494278696,1.1971158128710346,0.5074175531193758,0.5017204156022462,39.0,META
2014-07-23,1.0868202791543946,1.1041678491623164,1.015961765105652,0.3102503303436719,0.3371863506318526,39.0,META
2014-10-28,1.3040891997788904,1.182884695370905,0.9070581180884438,0.2969971339783776,0.38731075478648636,32.0,META
2015-01-28,1.210178678560526,1.3443825663147888,1.1108959281235187,0.21325446823095331,0.25807601056086277,25.0,META
2015-04-22,1.022820008665502,1.2831706986059703,1.2545420384180344,0.2186462688668001,0.22363577861702016,39.0,META
2015-07-29,0.8926528627374417,1.2288323242468306,1.3766071622494425,0.3229523262724251,0.2882843185747966,25.0,META
2015-11-04,1.1895368265738184,1.1719395551254461,0.9852066190341857,0.2525625449645328,0.30043244824851767,32.0,META
2016-01-27,2.095744568828813,1.5107066847894406,0.7208448525927397,0.3639724744421445,0.7627933365153083,25.0,META
2016-04-27,1.6694028567364523,1.204758373748841,0.7216702480694482,0.2193972206611198,0.36626234693171117,32.0,META
2016-07-27,0.9498297360456239,1.2712398953136157,1.3383871309463333,0.18190208240674077,0.17277600691854392,39.0,META
2016-11-02,2.072753515122627,1.304893971350957,0.6295461384243547,0.14142874712702638,0.29314693274693304,32.0,META
2017-02-01,1.1604028108835989,1.1905203418216181,1.025954376062814,0.15612838523220468,0.18117181708216767,31.0,META
2017-05-03,1.0103690218725478,1.729902830665087,1.7121495148960575,0.11984306825682504,0.12108572365285332,25.0,META
2017-07-26,1.2814763090251702,1.3122097701289974,1.0239828554670718,0.16683224449054704,0.213791568896131,32.0,META
2017-11-01,0.9189322197053242,1.5242550919926925,1.6587241793322671,0.24753403927847883,0.22746700416679747,25.0,META
2018-01-31,1.3655223372828889,1.5452135259328545,1.131591541012441,0.2592310596119328,0.3539858024176064,24.0,META
2018-04-25,1.6044893035722176,1.3559861636948045,0.8451201018765607,0.3126610237789682,0.5016612682972933,32.0,META
2018-07-25,4.4948470905270455,1.481565268094433,0.32961416445441555,0.19245326233096177,0.8650479862507617,32.0,META
2018-10-30,0.9909913869830346,1.168953184967499,1.1795795607530453,0.40918918261319015,0.4055029556162995,39.0,META
2019-01-30,1.6378849697881241,1.1989267258903844,0.7319969033267806,0.3497542940387601,0.5728573013249413,32.0,META
2019-04-24,1.6967330748232148,1.2006940901084378,0.7076505479411014,0.17430550384470356,0.29574991349703356,32.0,META
2019-07-24,1.0202603992467238,1.206861923548304,1.1828959787514555,0.2188944558768165,0.22332934494577517,39.0,META
2019-10-30,0.8363659541959706,1.2343757111346527,1.4758799123062147,0.2806139216915747,0.23469593037624722,32.0,META
2020-01-29,2.223755449471705,1.3878692377341832,0.6241105504941642,0.16769631672882276,0.37291559818205267,25.0,META
2020-04-29,0.9967860160660859,1.3150458072642581,1.3192859711798686,0.5612151389602583,0.5594114025201706,32.0,META
2020-07-30,1.4816458787231266,1.2575933314351422,0.8487813110369723,0.31029189724191847,0.4597427107496684,24.0,META
2020-10-29,1.4782160373946267,1.1532450482084748,0.7801600165569053,0.36230968665705854,0.5355719893198859,38.0,META
2021-01-27,1.090534837971452,1.1636767840953177,1.0670697932584348,0.3299649129419115,0.3598382328713717,32.0,META
2021-04-28,1.5815291956544193,1.220991130906409,0.7720319892047117,0.24198759329155486,0.3827104437767415,32.0,META
2021-07-28,1.087888364223431,1.2677631544004089,1.1653430591707616,0.3006661371422979,0.3270911921131122,32.0,META
2021-10-25,1.0069233853795188,1.4547619735030561,1.4447593477578662,0.3562147024453135,0.35868091410819297,35.0,META
2022-02-02,3.12085411878056,1.247605976593291,0.39976427257060626,0.3876875179281117,1.2099161871257595,25.0,META
2022-04-27,1.8576634025812315,1.1569457417572344,0.6227962181682931,0.5223993191661674,0.9704420967483414,32.0,META
2022-07-27,1.0344841488169307,1.1480129985374,1.1097444072490665,0.6079374060896785,0.6289016100726538,32.0,META
2022-10-26,3.0087047919443832,1.151675582634304,0.38278118402238814,0.39094292525337965,1.1762318525865982,32.0,META
2023-02-01,2.732525957903577,1.1197736696975267,0.40979433935794296,0.3816060100615162,1.0427483281851067,31.0,META
2023-04-26,2.688966742822654,1.1507131668983825,0.4279387872571676,0.23934596759561355,0.6435933468933134,32.0,META
2023-07-26,1.1979064615448072,1.1744902400640853,0.9804523790192061,0.33420375250068474,0.4003448345930918,32.0,META
2000-02-15,1.0508841120796264,1.0121845076779161,0.9631742416153515,1.0659294867434403,1.1201683622158722,36.0,NVDA
2000-05-16,1.268242377193156,1.0227524658626792,0.8064329691665175,0.9807384579408306,1.243814073303629,33.0,NVDA
2000-08-21,0.9911531207589193,inf,inf,0.8796558641033335,0.8718736548999028,29.0,NVDA
2000-11-09,1.0305187466229877,1.0021203391939955,0.9724426095866243,0.9583088158162967,0.9875551997527696,39.0,NVDA
2001-02-14,1.222548198131336,1.1164000502014313,0.9131746723015485,0.9945930184457633,1.2159379025748744,32.0,NVDA
2001-05-22,0.8473662993234414,inf,inf,0.7139027618753847,0.6049371414071287,26.0,NVDA
2001-08-14,1.0523246551327732,1.12289219476425,1.0670587154708195,0.6164449399538764,0.6487002088453061,33.0,NVDA
2001-11-08,0.8584097868293289,1.0424750783039838,1.2144259004251674,1.027955633495598,0.8824071762189639,39.0,NVDA
2002-02-14,1.1134912719606298,1.099999051444611,0.9878829579936789,0.5837022239258051,0.649947331765393,32.0,NVDA
2002-05-22,0.9879345922420397,inf,inf,0.915208318104728,0.9041659565633174,26.0,NVDA
2002-08-15,1.0944962283087691,1.0794884677795582,0.9862879741921075,1.3771028170967463,1.5072338393057696,32.0,NVDA
2003-02-13,2.1754904878186565,1.0619030842003052,0.4881212260620203,0.517095279327742,1.124935861473434,39.0,NVDA
2003-05-08,2.7603591466107513,1.051498258220814,0.38092806130386114,0.5681561923756143,1.5683151423275645,39.0,NVDA
2003-08-07,2.008866362379811,1.0546068942176094,0.524976132791763,0.5165405942914878,1.0376610246758469,39.0,NVDA
2004-02-12,1.0175627441918973,1.0918017646857274,1.0729576833640735,0.4002461737830648,0.40727559494700244,39.0,NVDA
2005-02-17,1.2832637190509508,1.0375353099048397,0.8085129303524284,0.4679729316163574,0.600532684641183,32.0,NVDA
2005-05-12,1.7642016526611322,1.0844482834014315,0.6146963312077411,0.3451570586357859,0.6089266532729087,39.0,NVDA
2005-08-11,1.3830986237189162,1.1129133287827204,0.8046521843758953,0.2546412674479122,0.35219398654924783,39.0,NVDA
2005-11-09,1.098114281668487,1.092426832380506,0.9948207127592044,0.3797646484095492,0.41702498409133765,40.0,NVDA
2006-02-16,1.0663099386665211,1.0731561344599356,1.0064204557653997,0.3486814965506504,0.3718025452010748,32.0,NVDA
2006-05-11,0.8655952441423795,1.1096249801137559,1.2819212993864793,1.004025782307365,0.8690799421615872,39.0,NVDA
2006-11-09,0.8905040688342912,1.0643193016575636,1.1951874661850834,0.58823792109163,0.5238282621747212,39.0,NVDA
2006-11-09,0.8905040688342912,1.0643193016575636,1.1951874661850834,0.58823792109163,0.5238282621747212,39.0,NVDA
2007-02-13,0.8817556865261598,1.1014740188879442,1.2491827789933576,0.495220577325617,0.4366635601416306,36.0,NVDA
2007-05-10,1.3957333605710034,1.1105521083627068,0.795676409073129,0.2942594440660163,0.41070772274601614,39.0,NVDA
2007-08-09,1.1587336227811336,1.1000270019552505,0.949335533489588,0.3686778608085591,0.42719943329390014,39.0,NVDA
2007-11-08,1.230439591106045,1.1094223068266722,0.9016471144507061,0.6016396471355651,0.7402812414146699,39.0,NVDA
2008-02-13,1.4018827252032144,1.0990799858255023,0.7840028028494193,0.7051718020429819,0.9885681675844771,33.0,NVDA
2008-05-08,0.9178354210237248,1.0407620154711212,1.1339309767651895,0.5248568656916346,0.48173222229927404,39.0,NVDA
2008-08-12,1.1516868225983554,1.0452239894796205,0.9075592157262502,0.6626849696324683,0.763205547059705,33.0,NVDA
2009-05-07,1.5464630151270593,1.0626949439776272,0.6871777298148413,0.5599486235480983,0.8659398366884388,39.0,NVDA
2010-02-17,1.0083000954148449,1.1104702793788834,1.1013291424137004,0.49298935109588,0.4970812097484783,32.0,NVDA
2010-05-13,1.4094739404555876,1.0859263054421406,0.7704479481835146,0.44446178245980084,0.6264572999055297,39.0,NVDA
2010-08-12,1.0274194415620448,1.1160531830941232,1.0862683125767247,0.5244689471310429,0.5388495927780097,39.0,NVDA
2010-11-11,1.234487112816696,1.0691825134920436,0.8660945119568876,0.26314621014292566,0.3248506052079959,39.0,NVDA
2011-02-16,1.1575282253799082,1.0733757983640975,0.927299891984758,0.59023968844444,0.6832190991138825,32.0,NVDA
2011-05-12,1.6341841082127693,1.152315901215134,0.70513224025619,0.389083192104642,0.6358335693101019,39.0,NVDA
2011-08-11,1.261781907562617,1.1517663487566665,0.91280937050487,0.6618676055990553,0.835132569946678,39.0,NVDA
2011-11-10,0.9389352875538022,1.1462462208625384,1.2207936330189924,0.5925486170824625,0.5563648061699298,39.0,NVDA
2012-02-15,1.0782085191682755,1.1907445939160552,1.1043732012380958,0.30925021782181533,0.3334362194101262,32.0,NVDA
2012-05-11,1.3477913647372393,1.0776192328868017,0.7995445445644999,0.2788724417398463,0.3758618688401537,38.0,NVDA
2012-08-09,0.8976797394135829,1.0946163604627344,1.21938405469394,0.3119250720548098,0.28000881739872474,39.0,NVDA
2012-11-08,0.9768500566871047,1.0623926629442497,1.0875698431622707,0.417496494213608,0.4078314740392305,39.0,NVDA
2013-02-13,1.0484144879581696,1.0736464918160786,1.0240668210404544,0.21098621314670174,0.22120100262243256,33.0,NVDA
2013-05-09,1.4090921485141055,1.0667166215189747,0.7570240332712326,0.2137924916392977,0.30125332138020194,39.0,NVDA
2013-08-08,1.105818167949404,1.1120303743245714,1.0056177467102818,0.1408166504269582,0.15571761039191057,39.0,NVDA
2013-11-07,2.1523784952083633,1.5085971769115605,0.7008977186261652,0.17661136258464422,0.38013449883663514,24.0,NVDA
2014-02-12,1.3930758018841038,1.4453518614746554,1.0375256389636869,0.20008710678943425,0.27873650673736144,25.0,NVDA
2014-05-06,1.0881713190643494,1.2602323141153995,1.15811939906576,0.2155921158448123,0.23460115707872342,32.0,NVDA
2014-08-07,1.8507163345565367,1.628199962048329,0.879767434720607,0.25147793857974304,0.46541432871013594,31.0,NVDA
2014-11-06,0.8812933629865404,1.5893935200704876,1.803478372609464,0.33860798137236847,0.2984129666377384,31.0,NVDA
2015-02-11,1.4000685223224718,1.8175360616819958,1.2981765054377605,0.2955634935838625,0.4138091437144258,25.0,NVDA
2015-05-07,1.9449044937044635,1.6852242944060383,0.8664817731981215,0.2066863548040477,0.40198522024578753,31.0,NVDA
2015-08-06,2.753984738177598,1.292994044398241,0.4694993499687502,0.21457372630231283,0.5909327674504666,31.0,NVDA
2015-11-05,2.3713663744256555,1.3239387832669245,0.5583020816796318,0.28726891406073624,0.6812198432214033,31.0,NVDA
2016-02-17,1.3507371601836053,1.2633039454310029,0.9352700012038481,0.41443878523199335,0.5597978678342058,31.0,NVDA
2016-05-12,3.2683846562267904,1.2787525217278575,0.39124908975803424,0.22243253131212626,0.7269950723862386,24.0,NVDA
2016-08-11,1.3825695732996008,1.2070570346619993,0.8730533768230352,0.21597659913830644,0.29860267451334727,31.0,NVDA
2016-11-10,3.9662973089961473,1.1754087738091805,0.2963491342777507,0.36561935958194747,1.450155082026773,31.0,NVDA
2017-02-09,1.1583506126140426,1.1721527450482037,1.0119153322697467,0.3448818378913003,0.3994940882008446,38.0,NVDA
2017-05-09,2.961647159564406,1.1448765361365298,0.3865674992509629,0.2745005903373317,0.812973893671311,32.0,NVDA
2017-08-10,1.9564215083028829,1.088034011503053,0.5561347628236201,0.29050013634158245,0.5683407149035918,31.0,NVDA
2017-11-09,1.5950910520096295,1.091000192577641,0.6839736146742892,0.20587024226408124,0.3283817813104906,31.0,NVDA
2018-02-08,1.198637344365807,1.0998932810901318,0.9176197339922526,0.5194161503334976,0.6225915950564543,38.0,NVDA
2018-05-10,0.8745543485714358,1.1802348770631244,1.349527195183479,0.3964418832202495,0.3467099729261185,31.0,NVDA
2018-08-16,1.5644047244038464,1.2166020564962456,0.7776773091502014,0.1922393227570068,0.3007401047372573,31.0,NVDA
2018-11-15,1.63138860191674,1.2852897617452415,0.7878501543011502,0.7004811211925139,1.1427569169713259,31.0,NVDA
2019-02-14,0.8122000305959656,1.1466240175612388,1.4117507687359774,0.6360166869658672,0.516572772613222,31.0,NVDA
2019-05-16,0.9283016974526476,1.1494983057649872,1.2382809477988947,0.3796836564575946,0.35246098278461296,31.0,NVDA
2019-08-15,1.5357075103283244,1.1832043710420097,0.7704620593989595,0.400356049550159,0.614829792099558,31.0,NVDA
2019-11-14,1.160401362163358,1.215957898451886,1.0478770002346023,0.27323122928846416,0.3170578906519026,31.0,NVDA
2020-02-13,1.143218254801235,1.2297400552234907,1.0756826616955122,0.3626010634411675,0.4145321549362834,31.0,NVDA
2020-05-21,0.9725308494376684,1.1444890732329474,1.1768151867827203,0.4963609544971032,0.48272634070475967,31.0,NVDA
2020-08-19,0.9074108340732653,1.1340765243965343,1.2497938990939663,0.4468159558969495,0.4054456392176943,25.0,NVDA
2020-11-18,0.809417281011053,1.0811285997211129,1.3356875681856728,0.577577637507151,0.46750132092382574,32.0,NVDA
2021-02-24,1.2636523976204803,1.093491712913415,0.8653421739811626,0.4257268510603009,0.5379707560737663,32.0,NVDA
2021-05-26,0.9894761533703712,1.135063308930158,1.1471355879208258,0.41544785123573197,0.4110757417667183,32.0,NVDA
2021-08-18,0.8330447526441235,1.199582160481032,1.4399972590590138,1.4990366735594243,1.2487646349297803,32.0,NVDA
2021-11-17,1.1494663448185622,1.2729698868963613,1.1074442437001437,0.5359559756461592,0.6160633563096569,32.0,NVDA
2022-02-16,1.1958397308129458,1.1359357912564285,0.9499063812541219,0.6449903402656167,0.7713050748801855,24.0,NVDA
2022-05-25,1.0224017637764438,1.1971073015127416,1.1708775785861207,0.7700348795153266,0.7872850189858512,32.0,NVDA
2022-08-24,1.1413553451040885,1.1544580012326648,1.0114799095520786,0.572657702139189,0.6536059292515884,32.0,NVDA
2022-11-16,0.8766646132259728,1.1379414989599355,1.2980351685150258,0.7831748286821978,0.6865816582749964,32.0,NVDA
2023-02-22,1.3507380161319016,1.1491623039154997,0.850766240522605,0.5778671130844876,0.78054707791561,32.0,NVDA
2023-05-24,3.1749572951117533,1.1627762022061259,0.36623365107819444,0.3573551802674821,1.1345874365362179,32.0,NVDA
2023-08-23,0.8779803932683983,1.0846961659553007,1.235444634381157,0.5818297755915525,0.5108351351891351,32.0,NVDA
2003-04-17,1.319059775591238,inf,inf,0.5828100461502799,0.7687612886873073,32.0,NFLX
2003-07-17,0.9731087446344906,inf,inf,0.7001183107956208,0.6812912505139467,32.0,NFLX
2003-10-15,1.176373050793516,inf,inf,0.8208588124069407,0.9656361854218952,33.0,NFLX
2004-01-21,1.9611469987068528,0.9900394768647321,0.504826755728942,0.44400094727691286,0.8707511251751172,26.0,NFLX
2004-04-15,1.5097215200560792,inf,inf,0.6397818976073719,0.9658924989601644,32.0,NFLX
2004-07-15,2.209769615770736,inf,inf,0.6592142609245402,1.4567116440738108,32.0,NFLX
2005-01-24,0.923821748699107,0.8549624270225665,0.9254625453736007,0.39579286690595,0.36564205842768766,30.0,NFLX
2005-04-21,1.2757806257404083,0.9600139841231803,0.7524914274082423,0.49498142540627044,0.631487712634691,25.0,NFLX
2005-07-25,2.07781240066358,0.9338688561362786,0.44944810986691286,0.29512089791925,0.6132058613915882,22.0,NFLX
2005-10-19,1.4368009815278917,1.0903446134195394,0.758869618992095,0.467313837452464,0.6714369803332659,33.0,NFLX
2006-01-24,1.641598135706195,0.9293279718882237,0.5661117368949974,0.5446136681056578,0.8940367822423603,29.0,NFLX
2006-04-24,1.189690105000122,1.0784342034377992,0.9064832925022004,0.3270911641461765,0.3891371214176769,29.0,NFLX
2006-07-24,3.589617633142404,0.8757648936905663,0.24397163798304303,0.27867121252128785,1.000323098315589,29.0,NFLX
2006-10-23,3.699348086385524,1.1132119585222036,0.300921117052782,0.21800665612801215,0.8064825061664688,29.0,NFLX
2007-01-24,1.0795902890196512,0.9188668036814215,0.8511254806819551,0.37664797263432886,0.40662549363496076,25.0,NFLX
2007-04-18,1.8940716502752466,1.1072654124397712,0.5845953146909005,0.255851323549414,0.4846007386203446,33.0,NFLX
2007-07-23,2.403446302099469,inf,inf,0.31062810144783787,0.7465779617529847,29.0,NFLX
2008-01-23,1.2714877127437858,1.0308993359688892,0.8107819884033932,0.5448531257574776,0.6927740546506774,26.0,NFLX
2008-07-25,1.5658746189931962,0.8792440792566267,0.5615035000835192,0.3734239010950366,0.5847350088501434,24.0,NFLX
2009-01-26,1.467341401294139,1.001309743220093,0.6823972542020392,0.5399179714856313,0.7922439928636151,22.0,NFLX
2009-04-23,1.4479091139992164,1.035653426856423,0.7152751625382638,0.48069588531527974,0.6960039534099156,25.0,NFLX
2009-07-23,1.5594305044241776,0.9122160195799021,0.5849674076477934,0.3494751806708313,0.544982257277245,25.0,NFLX
2009-10-22,1.6218820321788028,1.0023856681850634,0.6180385800553442,0.3566813017064946,0.5784949944519101,25.0,NFLX
2010-04-21,2.0643060530001245,0.9891463532364718,0.4791665227154242,0.3757593340103061,0.7756822676687705,26.0,NFLX
2010-07-21,1.598452542340326,1.05180944836997,0.6580173139391395,0.47755361167816235,0.7633467846907633,26.0,NFLX
2010-10-20,1.7078754263311051,0.911915961724106,0.5339475863781843,0.39625235259710684,0.6767496556264873,26.0,NFLX
2011-01-26,2.3552469920889116,0.9475767398006111,0.4023258464965443,0.31417743541977705,0.7399654597546382,26.0,NFLX
2011-04-25,1.494915507248055,0.963216889360682,0.6443286491380632,0.33675281367475635,0.5034170032718082,22.0,NFLX
2011-07-25,0.9977530589092094,0.962833962610934,0.9650022658547892,0.38488424823013656,0.3840194359975902,22.0,NFLX
2011-10-24,2.387385735734353,1.0470253219612258,0.4385656269489119,0.6678560386241403,1.5944299801353237,29.0,NFLX
2012-01-25,1.396359546568582,0.902620919218235,0.6464101036415285,0.8169385241572098,1.140739907166568,25.0,NFLX
2012-04-23,1.533911488010498,0.8880354710742112,0.5789352762629114,0.43285337190397477,0.6639587597875874,29.0,NFLX
2012-07-24,2.2944753732865197,0.865858066146681,0.3773664673970585,0.5332467040235288,1.2235214302681925,26.0,NFLX
2012-10-23,1.4367967092507496,0.8674232746487501,0.6037202542738894,0.7163149343269475,1.029198940428125,26.0,NFLX
2013-01-23,4.7279692469399155,0.811648876969696,0.17166966081579732,0.4167352228508512,1.9703113177554767,26.0,NFLX
2013-04-22,2.771072334795536,1.0636611139820027,0.38384458630903445,0.39953712061795654,1.1071462616682866,35.0,NFLX
2013-07-22,1.068225065386666,1.073258923616334,1.004712357341892,0.41445327008343374,0.4427293715345936,35.0,NFLX
2013-10-21,1.233433814186154,1.0747059691113638,0.871312231552917,0.5196221470335812,0.6409195267512287,35.0,NFLX
2014-01-22,3.0627470091702858,1.1243453989752679,0.367103582375176,0.2528289877463896,0.7743512260518056,32.0,NFLX
2014-04-21,1.3469852191220546,1.1339823055565552,0.8418669258268984,0.4555688703996948,0.6136445347205198,35.0,NFLX
2014-07-21,1.023599012147931,1.1718169633497746,1.144800795470505,0.3187585812597672,0.3262809688911737,35.0,NFLX
2014-10-15,2.955288017065811,1.1733400829260774,0.39703070433420584,0.2984661831863273,0.8820535346699222,39.0,NFLX
2015-01-20,2.1841554946166633,1.176426345562537,0.5386184035258027,0.3721138413717542,0.8127544912550304,32.0,NFLX
2015-04-15,2.227264685368739,1.1933091400524343,0.5357733851263725,0.37133798482928876,0.8270679799462674,39.0,NFLX
2015-07-15,13.675384185819322,1.0923736796556074,0.07987882934860019,0.2748885302408912,3.7592062593194,32.0,NFLX
2015-10-14,1.1441668123186253,1.1263853809938487,0.9844590569020762,0.5258620004097251,0.6016738487282908,39.0,NFLX
2016-01-19,0.9421308356641427,1.152547206811715,1.2233409237680264,0.6066985434638116,0.571589405749779,32.0,NFLX
2016-04-18,2.2064081796818265,1.0764336680302011,0.4878669676548369,0.28856107641070555,0.6366835193303733,35.0,NFLX
2016-07-18,1.821283255401402,1.1215987898013338,0.6158288593907589,0.3531883548764264,0.6432560367392035,35.0,NFLX
2016-10-17,2.7524266787320215,1.1258085147269787,0.4090239799759579,0.30068928573261766,0.8276252120593327,35.0,NFLX
2017-01-18,1.0345262193252158,1.0806551440252916,1.0445894205853614,0.2571040555573719,0.26598088656894825,32.0,NFLX
2017-04-17,1.8798892676955807,1.0842406062956809,0.5767576978748181,0.12798777936503464,0.24060285282451851,35.0,NFLX
2017-07-17,2.069977296767483,1.1379386196327765,0.5497348311065071,0.2882637115580284,0.5966993384070491,21.0,NFLX
2017-10-16,0.9286867751031169,1.1237664904334148,1.2100597537944235,0.30324437552490285,0.2816190411743806,35.0,NFLX
2018-01-22,1.8218915993907139,1.2912348986866173,0.7087331096528677,0.24857728484777242,0.45288086706350916,35.0,NFLX
2018-04-16,1.2075742005611967,1.0753825854965475,0.8905312692145827,0.4347978415286335,0.5250506558896735,35.0,NFLX
2018-07-16,0.9992598817355327,1.0685269061236298,1.0693183281488223,0.4031401852854029,0.40284181387113244,35.0,NFLX
2018-10-16,1.084034371869785,1.1649244481493461,1.0746194755245988,0.5737030301876487,0.62191380396926,32.0,NFLX
2019-01-17,1.0626708706717751,1.213637644735151,1.1420635290096368,0.587339656523561,0.624148744177954,38.0,NFLX
2019-04-16,0.9941424879537261,1.1561101494125197,1.1629219789128786,0.31608652014429767,0.31423503954488763,31.0,NFLX
2019-07-17,2.0710379729367228,1.1875385680912323,0.5734026046887531,0.2338132082616976,0.484236032884138,32.0,NFLX
2019-10-16,1.2339983149827711,1.200358248055405,0.9727389685067472,0.33887108719832915,0.4181663505991179,32.0,NFLX
2020-01-21,1.6700645638392198,1.158554470820154,0.6937183722746723,0.25913897261154606,0.4327788152682452,32.0,NFLX
2020-04-21,0.8544085745277724,1.21686965555613,1.4242245359355015,0.6298582234534986,0.5381562668554989,32.0,NFLX
2020-07-16,0.9988476105302339,1.1231646928243149,1.1244605092743705,0.5614288669762832,0.560781882261957,31.0,NFLX
2020-10-20,1.0513553644924258,1.122836779674387,1.0679897754804066,0.444400738001592,0.4672230998823668,32.0,NFLX
2021-01-19,2.596326226369927,1.1145881679153709,0.42929434544662,0.3126503956118294,0.8117424218119258,32.0,NFLX
2021-04-20,1.4789990085622313,1.243427666681265,0.8407224477385075,0.2679823848140739,0.39634568145215765,32.0,NFLX
2021-07-20,1.0937072371290488,1.2952235146147055,1.1842506574379368,0.19900454194832576,0.21765270775043527,32.0,NFLX
2021-10-19,1.236313620642229,1.319018680347979,1.0668965045154055,0.24991288053312616,0.30897069817703804,32.0,NFLX
2022-01-20,3.6870379386268355,1.2815953867581582,0.34759484661974027,0.2664083578867428,0.9822577226956963,31.0,NFLX
2022-04-19,3.9692926103385244,1.2325882319089692,0.31053095674996023,0.3914376045766472,1.5537303912546991,32.0,NFLX
2022-07-19,0.999153118872843,1.1318703155119003,1.1328296875946073,0.6195788759370977,0.6190541662802814,35.0,NFLX
2022-10-18,1.3720108496177985,1.1367804105071948,0.8285505984328535,0.6249395780252309,0.8574238814061855,32.0,NFLX
2023-01-19,1.3922744641636973,1.1438310172258535,0.8215556965723154,0.39516229242148343,0.5501743689388191,31.0,NFLX
2023-04-18,0.8865093975934506,1.2029190597453907,1.3569163090779148,0.40421889415841705,0.3583438483562691,32.0,NFLX
2023-07-19,2.024863430090015,1.1412201702909253,0.5636035267031281,0.24702557201273023,0.5001930470656449,31.0,NFLX
2000-03-16,1.0000428555838161,1.0302220293260789,1.0301778804515778,1.1011000108488804,1.1011471991326853,32.0,ADBE
2000-06-15,0.9352188018076901,1.0306823011314779,1.102076112177456,0.8422751137366834,0.787711522661257,32.0,ADBE
2000-09-14,1.0783964236838692,1.0585744858834272,0.9816190620025157,0.6060412743836552,0.6535527429001482,32.0,ADBE
2000-12-14,0.9941709020497893,1.0494744777885283,1.0556278358426239,1.3257318532815465,1.318004032453054,32.0,ADBE
2001-03-15,1.5504508066510891,1.0940661934718214,0.7056439254818797,0.724164046046227,1.122780729340089,32.0,ADBE
2001-06-14,0.9045393222638286,1.0471188164961902,1.157626640128283,0.5308073110394791,0.4801360853803357,32.0,ADBE
2001-09-19,1.1417020011620287,1.0743034764959392,0.9409666229913839,0.6438556152962649,0.735091244443155,33.0,ADBE
2001-12-13,1.0172038103982894,1.0817020808567914,1.0634074212062257,0.6659143415151152,0.6773706055880431,39.0,ADBE
2002-03-14,1.1563871206691387,1.108365271239265,0.9584725144620376,0.5168836506551966,0.5977175965021158,32.0,ADBE
2002-06-13,1.45669588762268,1.1523195261395032,0.7910501676640843,0.5206498539909412,0.7584285011999529,39.0,ADBE
2002-09-12,1.1635602357221253,1.052964067361273,0.9049501994263198,0.7395600030308901,0.8605226114572782,39.0,ADBE
2002-12-12,0.899084354101448,1.0642001926866196,1.1836488843699093,0.5884183644504951,0.5290377451434038,39.0,ADBE
2003-03-13,1.5173814383053814,1.0955779431392374,0.7220188118043568,0.32840126841736217,0.4983099890124486,39.0,ADBE
2003-06-12,1.4635789011015838,1.1325974018574958,0.7738546934538548,0.461911022016838,0.6760432260101132,39.0,ADBE
2003-09-10,1.5512849725617508,1.0722868348292234,0.6912249224321934,0.3218477717452019,0.4992776117608162,40.0,ADBE
2003-12-11,1.2016847040159533,1.1558087717750742,0.9618236530035169,0.43707019239444067,0.5252205647817092,39.0,ADBE
2004-03-18,1.5872268350306977,1.0829110250567577,0.6822660763770503,0.3482082626374643,0.5526854986376004,32.0,ADBE
2004-06-17,1.1359792962818183,1.2030280942515073,1.059022904897252,0.29257587007708474,0.3323601309992074,32.0,ADBE
2004-09-20,1.3013015147176559,inf,inf,0.2762270975962129,0.35945474050801357,29.0,ADBE
2004-12-16,1.1162715884583159,1.2187279214036166,1.0917844134031964,0.24304413856714038,0.2713032666238248,32.0,ADBE
2005-03-17,1.6351652321837469,1.1857992191195876,0.7251861743268383,0.2235236062562252,0.36549802952250887,32.0,ADBE
2005-06-16,0.7902454870842591,1.2048290106476713,1.5246262463238942,1.2929949368931748,1.0217834137026278,32.0,ADBE
2005-09-15,2.03646334483922,1.082883570372332,0.5317471454207914,0.24993105110423997,0.5089754243109226,32.0,ADBE
2005-12-15,1.7636281661897948,1.0596671213760716,0.600844974973049,0.3291081450484777,0.5804243943299717,32.0,ADBE
2006-03-22,0.9015998735773337,inf,inf,0.22402912418786458,0.2019846300454195,25.0,ADBE
2006-06-15,0.8405679605884913,1.1022729884141218,1.3113430919284716,0.3505341743171847,0.2946477960223666,32.0,ADBE
2006-09-14,1.5900117386765131,1.1136682582265671,0.7004151171572842,0.32990073656929403,0.5245460437432056,32.0,ADBE
2006-12-14,1.2611346344284031,1.1729169538316053,0.9300489589386453,0.30098959281501014,0.37958840010151174,32.0,ADBE
2007-03-20,1.4065639216765287,inf,inf,0.2536455309176041,0.3567686526831904,29.0,ADBE
2007-06-14,1.190581501620447,1.0952383538931645,0.919918839997501,0.21535974984105316,0.2564033343543649,32.0,ADBE
2007-09-17,1.208067752770535,1.2116182802206472,1.002939013513083,0.18208622940615,0.21997250196914772,36.0,ADBE
2007-12-17,0.9524218976833438,1.1556647203849124,1.2133957894037646,0.3189905258683416,0.30381356199053366,36.0,ADBE
2008-03-18,1.9808000838746924,1.1250565081497714,0.5679808463805294,0.28828821787329095,0.5710413261435003,36.0,ADBE
2008-06-16,1.096422151271732,1.1079163175750935,1.0104833400985465,0.33863057252474055,0.3712820608139543,36.0,ADBE
2008-09-16,2.298810617160154,1.1757296460369353,0.5114512858346627,0.27198007296389437,0.6252306793853938,33.0,ADBE
2008-12-16,0.8980073314255593,1.069066540610789,1.1904875419153633,0.7991473191980445,0.7176401515289256,33.0,ADBE
2009-03-17,1.1149972781772166,1.1322539611400764,1.0154768834871695,0.7105098960349286,0.7922166001969226,36.0,ADBE
2009-06-16,1.1004195763046871,1.1536794701398523,1.0483996240906737,0.3268702789806213,0.3596944539024502,33.0,ADBE
2009-09-15,1.4005807605735348,1.161127310890752,0.829032743827834,0.2782647755508945,0.38973229098189577,33.0,ADBE
2009-12-15,1.25237013956184,1.204148447670269,0.9614956550238078,0.23587778842160145,0.2954062988050992,33.0,ADBE
2010-03-23,1.1684195133153996,inf,inf,0.22712431906591693,0.2653764863450902,26.0,ADBE
2010-06-22,1.3476450986572877,inf,inf,0.3020309136442773,0.40703048041569284,26.0,ADBE
2010-09-21,1.960867017952657,inf,inf,0.4826946015394336,0.9464999239024752,26.0,ADBE
2010-12-20,1.2631630877258995,inf,inf,0.2780107170842246,0.3511728758130006,29.0,ADBE
2011-03-22,1.1928399209851734,inf,inf,0.2659437600899852,0.3172283337722379,29.0,ADBE
2011-06-21,1.7114296887732834,inf,inf,0.22428732726261297,0.38385199069284526,26.0,ADBE
2011-09-20,0.9153646245710609,inf,inf,0.4266633096605448,0.3905525002656709,26.0,ADBE
2011-12-15,1.2374962852641955,1.293537952642417,1.0452863318020038,0.36552884011636183,0.45234058180092784,32.0,ADBE
2012-03-19,1.1343354985165406,inf,inf,0.24145618842886768,0.27389232587136336,29.0,ADBE
2012-06-19,1.0265295262818555,inf,inf,0.2771527173810148,0.2845054476808621,26.0,ADBE
2012-09-19,1.464812603684458,1.2480874843395373,0.8520458393109195,0.20947727909622257,0.3068449586056737,33.0,ADBE
2012-12-13,1.9286294316865036,1.280493325461384,0.6639395336519611,0.1524555064336951,0.2940301767306955,39.0,ADBE
2013-03-19,1.54085486440085,inf,inf,0.15583736425692774,0.24012276077069425,29.0,ADBE
2013-06-18,1.5278265947831453,1.322303076700924,0.8654798137537378,0.20896448047136257,0.31926149062919096,33.0,ADBE
2013-09-17,2.818509340737866,1.2178553977401563,0.4320920211750408,0.14995848615940183,0.4226593939631841,33.0,ADBE
2013-12-12,3.818612372426772,1.2976260848337435,0.3398161316931698,0.17203988085992591,0.6569536176025409,39.0,ADBE
2014-03-18,1.074508147522815,1.2483843828272805,1.1618193735480944,0.19597167132888085,0.21057315752654573,36.0,ADBE
2014-06-17,2.061983741512277,1.3164676615309434,0.6384471589312506,0.1859967176607752,0.38352220779116786,33.0,ADBE
2014-09-16,1.686866244211093,1.3743406941609677,0.8147300942664331,0.15130998549090638,0.25523970693668024,33.0,ADBE
2014-12-11,3.541528450654794,1.310335597967937,0.3699915491927416,0.1404840526700109,0.4975282693941302,39.0,ADBE
2015-03-17,1.1757494138636142,1.3089709287364946,1.1133077450875377,0.20473101154999673,0.24071236682961347,35.0,ADBE
2015-06-16,1.295202709395989,1.5452041172095465,1.1930210661234213,0.16105606881297074,0.20860025669122656,32.0,ADBE
2015-09-17,0.8835929653729061,1.250872211395472,1.4156656519640372,0.34107503883303963,0.3013715049771646,31.0,ADBE
2015-12-10,1.124386424621072,1.2217576994819273,1.086599475703978,0.2665154638066673,0.2996663694558053,38.0,ADBE
2016-03-17,1.0017336419036338,1.2396352771151926,1.2374899127471302,0.31344987723276463,0.3139932870746242,31.0,ADBE
2016-06-21,2.7194969885081384,inf,inf,0.14154548234305234,0.3849325129688627,25.0,ADBE
2016-09-20,2.195646928657081,inf,inf,0.15475280105702938,0.33978251234194684,25.0,ADBE
2016-12-15,0.960288140775625,1.3535531330457329,1.4095281151264325,0.21584928530101663,0.2072775088694607,31.0,ADBE
2017-03-16,1.9643945858047227,1.2564365878557764,0.6396049942995906,0.09634975817553547,0.18926894330361618,31.0,ADBE
2017-06-20,1.0896308621314406,inf,inf,0.17794459427758028,0.19389392167430922,25.0,ADBE
2017-09-19,1.7342148364858807,1.5523466300137092,0.8951293676850907,0.12587850397070227,0.21830036918063872,32.0,ADBE
2017-12-14,0.8682426383535057,1.4579680592016502,1.6792173003234119,0.3735793789303798,0.324357545596977,24.0,ADBE
2018-03-15,1.0677921645973611,1.4204826835201634,1.3302988452399755,0.23418798530677223,0.2500640957534133,24.0,ADBE
2018-06-14,1.1134009631750408,1.3151565761880362,1.1812066090168065,0.19425223626068616,0.21628062695155356,24.0,ADBE
2018-09-13,0.998755334677809,1.3619912936769007,1.3636886296244606,0.2613348139772485,0.2610095395968098,38.0,ADBE
2018-12-13,1.0535511488420253,1.386079849354385,1.3156265368585545,0.5352938798030408,0.5639594820345986,31.0,ADBE
2019-03-14,1.3705938023624877,1.3231908294633108,0.9654142804254122,0.18091090570482507,0.24795536613881766,31.0,ADBE
2019-06-18,1.2923888432624204,1.3409606740569096,1.0375829852197405,0.2720253646549275,0.35156254636441986,32.0,ADBE
2019-09-17,0.9771650548761449,1.3500410372328682,1.3815895589962384,0.21231961393656934,0.20747130720360968,32.0,ADBE
2019-12-12,1.4155235709840364,1.3489392295276252,0.9529613333036034,0.16043569959015558,0.22710051439717913,31.0,ADBE
2020-03-12,2.2107587089588225,1.7631306297767486,0.7975228696971238,0.6173800251648779,1.364878267370471,24.0,ADBE
2020-06-11,1.6351284138053148,1.433990177948783,0.8769893335848543,0.2365806161279135,0.3868396875863193,24.0,ADBE
2020-09-15,0.9267496602230607,1.4039871989712354,1.5149584178248392,0.5278355205538777,0.4891713893269686,32.0,ADBE
2020-12-10,1.014834331803674,1.292204608314089,1.2733158189646996,0.260066959061063,0.26392487862294733,31.0,ADBE
2021-03-23,1.069585579082598,1.4721980623697322,1.3764191394880825,0.33736374227946625,0.3608393936474553,32.0,ADBE
2021-06-17,0.9722033185506237,1.5229214564879918,1.5664639560769937,0.2649679993738502,0.2576027683009767,38.0,ADBE
2021-09-21,1.194297056095236,1.596407671532263,1.3366922939186763,0.18899224946749263,0.22571288716384288,32.0,ADBE
2021-12-16,1.3342672318214328,1.4621884403070138,1.095873754098685,0.4812485973278221,0.6421142337745406,31.0,ADBE
2022-03-22,1.2115673151821778,1.3034817452462755,1.0758640720266353,0.48849117579519175,0.5918399423483657,21.0,ADBE
2022-06-16,0.8331812846347783,1.2603274934583333,1.5126689913717792,0.5691327062814483,0.474190719347245,31.0,ADBE
2022-09-15,2.483454406712747,1.3225481988848213,0.5325437806750104,0.3257225813832124,0.8089171801019902,31.0,ADBE
2022-12-15,1.0365483935189905,1.2330591037909335,1.189581800040041,0.38321369151408824,0.39721953631341017,31.0,ADBE
2023-03-15,1.1423863631059044,1.2436706806451003,1.0886602998864812,0.3608503604808444,0.4122305309351664,32.0,ADBE
2023-06-15,0.8691596598281486,1.2952898191277562,1.4902783446989045,0.4577399574899606,0.39784910574172533,31.0,ADBE
2023-09-14,1.0,1.2494436091101624,1.2494436091101624,0.29028870757539155,0.29028870757539155,31.0,ADBE
2004-11-17,1.5149106765499818,1.0717110344333305,0.7074417330492497,0.5047711882791698,0.7646832623389354,33.0,CRM
2005-02-17,1.546089648846843,inf,inf,0.47332531235475483,0.7318033659688852,32.0,CRM
2005-05-18,1.9119051198064774,1.1698521738457317,0.6118777347926888,0.30808143753834055,0.5890224777468928,33.0,CRM
2005-08-17,1.141525963880641,1.0291470917493841,0.9015538185840096,0.4426726700538083,0.5053223463667904,33.0,CRM
2005-11-16,1.4861958206869308,inf,inf,0.3364263483689157,0.499995432914848,33.0,CRM
2006-02-22,0.8272807464534288,inf,inf,0.5605295694986786,0.4637153206640859,26.0,CRM
2006-08-16,1.824257054122407,inf,inf,0.5247047871340912,0.9571964092611619,33.0,CRM
2006-11-15,0.895305059439357,inf,inf,0.3823853764463246,0.34235156218801754,33.0,CRM
2007-02-21,1.1104983689756587,inf,inf,0.24673628206893203,0.27400023880466706,26.0,CRM
2007-05-16,1.7818947811740755,inf,inf,0.2739467835980825,0.488144344012847,33.0,CRM
2007-08-15,0.9614313087324312,inf,inf,0.549837128033898,0.5286306295953118,33.0,CRM
2007-11-15,1.5838316906515642,inf,inf,0.5020209117330944,0.7951166293726665,32.0,CRM
2008-05-21,1.217920965587152,inf,inf,0.4027526947863659,0.49052095092703824,26.0,CRM
2008-08-20,2.528505889915749,inf,inf,0.3588932256248384,0.9074636348432658,26.0,CRM
2008-11-20,1.3364038055504066,1.1246250152031296,0.8415308386075311,1.0012196813542298,1.3380337923537582,32.0,CRM
2009-02-25,0.9348429217129235,inf,inf,0.5978545146588542,0.5589000612429451,26.0,CRM
2009-05-21,1.2848150330005332,inf,inf,0.4607492000027415,0.5919774986064916,25.0,CRM
2009-08-20,1.7198704434187526,1.1640555272009385,0.6768274503787813,0.49164920354831215,0.8455729337131122,32.0,CRM
2009-11-17,0.9337662230975362,1.0494794520075834,1.1239209836978226,0.40781098836772117,0.3808001263458003,33.0,CRM
2010-02-24,1.1212717402999053,inf,inf,0.30226643863559827,0.3389228156831918,26.0,CRM
2010-05-20,0.9823211957457081,1.183071853451184,1.2043635610988526,0.5517502953574694,0.541996009888597,32.0,CRM
2010-08-19,2.724726073615596,1.2378577331721599,0.454305386937328,0.30837166976612335,0.8402283289761344,32.0,CRM
2010-11-18,2.9084537629667753,1.1252127021223726,0.38687659967287796,0.303788027199702,0.8835534308532264,32.0,CRM
2011-02-24,1.169261978371739,inf,inf,0.3635606963664069,0.4250976990915921,25.0,CRM
2011-05-19,1.393607790857566,1.178356726150164,0.8455440145215134,0.3434840375058586,0.47868203070337695,32.0,CRM
2011-08-18,1.0973023644030477,1.1168492841618514,1.0178136130868882,0.5885017890104461,0.6457644045365861,32.0,CRM
2011-11-17,1.364857040674003,inf,inf,0.46004661283755355,0.6278978585695622,32.0,CRM
2012-02-23,1.5870997733766523,inf,inf,0.2975267877353213,0.4722046973882118,25.0,CRM
2012-05-17,1.22188948860875,inf,inf,0.49299675306485846,0.602387550488194,32.0,CRM
2012-08-23,0.8151942405240962,inf,inf,0.3829324415646774,0.312164320873355,25.0,CRM
2012-11-20,2.0528524620644992,1.0505457860035297,0.5117492880842609,0.21982243419480346,0.4512630252538137,26.0,CRM
2013-05-23,0.8045962478619049,inf,inf,1.307941409433488,1.052364750453396,25.0,CRM
2013-11-18,1.4909815293743847,1.1064926518382254,0.7421236481061636,0.2197262131221749,0.32760772528454235,35.0,CRM
2014-02-27,1.4703932503784882,1.3954857406046393,0.9490561387203271,0.2741873330400585,0.40316320384138066,31.0,CRM
2014-05-20,1.2018649274173563,1.2865229796141564,1.0704389072894562,0.4272425662713965,0.513487855901377,32.0,CRM
2014-08-21,1.4611154249528715,1.1551081251929058,0.7905659645131486,0.2741355669989135,0.40054370547031387,38.0,CRM
2014-11-19,1.0756045971200883,1.24627259180139,1.1586716858018848,0.28970916225870824,0.3116125067532762,25.0,CRM
2015-02-25,1.9062997816984575,1.2428132470875008,0.6519505793470691,0.30320858857442534,0.5780064662085245,32.0,CRM
2015-05-20,1.05703884938967,1.4397374639829015,1.362047823326645,0.3771333131155818,0.3986445633622087,25.0,CRM
2015-08-20,1.9467120385494334,1.6129779927133865,0.8285652735343824,0.21962813611638496,0.4275527365819402,38.0,CRM
2015-11-18,1.1350836177522512,1.273890361322871,1.1222876811890667,0.23637572740975019,0.2683062158170792,25.0,CRM
2016-02-24,1.0981025432589786,1.3161170629593073,1.1985374872671721,0.6713221458435836,0.7371805556969142,25.0,CRM
2016-05-18,1.28556128430024,1.2306718008270225,0.9573030985425989,0.17866851532870007,0.22968932602998077,32.0,CRM
2016-08-31,1.2683212957944614,1.47342907312875,1.161715945332142,0.2123815284181312,0.2693680153260924,25.0,CRM
2016-11-17,1.1184988297144252,1.3566280945189229,1.2129007724266434,0.29924668852495684,0.3347070709110813,24.0,CRM
2017-02-28,1.5553104790026517,1.5373994892262843,0.9884839779464143,0.11588483377486757,0.18023689632753195,25.0,CRM
2017-05-18,1.5788956725897743,1.9378971814309223,1.227375066683347,0.09807674675471108,0.1548529510326965,24.0,CRM
2017-08-22,0.8715141901885765,1.7498463766528727,2.0078231615187407,0.19369615674568413,0.16880894918885447,25.0,CRM
2017-11-21,1.1345185776316318,1.4639834843108421,1.2904006273453767,0.1464955836541606,0.16620196119663402,32.0,CRM
2018-02-28,0.8929715763730628,1.2285096976314822,1.3757545370270994,0.29347037658812203,0.2620607048006917,25.0,CRM
2018-05-29,0.9460461432232758,1.927174565678676,2.037083052960393,0.20330119644098296,0.1923323128056695,25.0,CRM
2018-08-29,0.976393588980288,1.4998708538217387,1.5361334514579845,0.2030107365298484,0.19821838164191036,25.0,CRM
2018-11-27,1.1973838183788759,1.3230430016080115,1.1049447815315094,0.5463131535949818,0.6541465298821646,25.0,CRM
2019-03-04,1.2186272317083497,1.4795983519889269,1.2141517221100755,0.17746518515243592,0.21626390730692271,28.0,CRM
2019-06-04,1.3561907710213617,1.5201276520174867,1.120880398612846,0.30400372312069784,0.41228704365242375,25.0,CRM
2019-08-22,0.98320547770265,1.500032020126057,1.5256546613542266,0.26736656270846426,0.2628762690094911,24.0,CRM
2019-12-03,1.4114660870297573,1.5708267068351909,1.1129043207412703,0.13863753810478782,0.19568218342420374,25.0,CRM
2020-02-25,1.3273862246351662,1.66331617814962,1.2530762691972221,0.1916291492889308,0.2543658930046825,32.0,CRM
2020-05-28,0.9820866589794556,1.5312564434307256,1.559186686256328,0.38902988934889926,0.38206106427380776,24.0,CRM
2020-08-25,3.6622572800185544,1.489444220572895,0.40670114268032775,0.31607253670225743,1.157538948551774,32.0,CRM
2020-12-01,1.2277911127416425,1.1543421523694286,0.9401779670743802,0.41647028860076457,0.5113385190649657,32.0,CRM
2021-02-25,1.7079554171429852,1.140064520221392,0.6675025054977468,0.23509748109878506,0.4015360163993405,38.0,CRM
2021-05-27,1.2533175382583233,1.4149227588792614,1.1289419605868705,0.27072808217125505,0.3393082534842744,31.0,CRM
2021-08-25,0.9870045205173452,1.326185640618688,1.3436469773447022,0.2068983991758503,0.2042096552743664,32.0,CRM
2021-11-30,3.260085994697548,1.3641350919792758,0.4184353094360115,0.190845248948852,0.6221719232527193,39.0,CRM
2022-03-01,0.8195244696298211,1.3087803210780218,1.596999686500145,0.5556530498284581,0.45537127095885965,25.0,CRM
2022-05-31,1.5621123496607574,1.2364350791862269,0.7915148225124412,0.4218824749961552,0.6590278242969397,25.0,CRM
2022-08-24,1.109416832856374,1.220626167925044,1.1002412544817295,0.36805193754707427,0.4083230148801271,32.0,CRM
2022-11-30,1.3857467991121333,1.1721353548643265,0.8458510282075553,0.49157427969103795,0.6811974846077083,32.0,CRM
2023-03-01,1.9565606809289713,1.1857810183155557,0.6060537911620247,0.28851921518889073,0.5645053521310684,32.0,CRM
2023-05-31,1.371098077369237,1.270772224542915,0.9268280989651594,0.23108498545119135,0.31684017926102653,32.0,CRM
2023-08-30,1.062151207797583,1.422622149854933,1.3393781783714225,0.23833354527434156,0.2531462629718218,25.0,CRM
2000-03-14,0.8530495723961474,inf,inf,0.9809451667996321,0.8367948550824936,33.0,ORCL
2000-06-20,0.9679490110621773,inf,inf,0.6315318539425709,0.611290633477975,26.0,ORCL
2000-09-14,1.3401907148710486,inf,inf,0.4337396705296166,0.58129387911502,32.0,ORCL
2000-12-14,1.0055503059804622,1.0779711250982331,1.0720210800862489,1.1571380865108327,1.1635605569526144,32.0,ORCL
2001-03-15,1.0608601035729277,inf,inf,1.2226535846201567,1.2970644084139507,32.0,ORCL
2001-09-13,0.963420357085835,inf,inf,0.7468275609977307,0.7195088754979769,39.0,ORCL
2001-12-13,0.8350394815911597,1.0510073464699339,1.258631920573683,0.6134669481680366,0.5122691223715481,39.0,ORCL
2002-06-18,0.951863355697562,1.1335391394017016,1.1908633026123803,0.7752064087685954,0.7378905736087311,33.0,ORCL
2002-09-17,1.002808330459723,1.1122246318075635,1.109109884735082,0.594597961526919,0.5962677890935643,33.0,ORCL
2002-12-20,0.8727546216429284,1.0513668375493268,1.204653417440709,0.699804543004033,0.6107576491534873,31.0,ORCL
2003-09-12,1.002537720998903,inf,inf,0.3727581840814038,0.37370414035266014,38.0,ORCL
2003-12-15,1.016946942067031,1.2372327018421003,1.2166148012868006,0.27426039022843235,0.2789082651729149,36.0,ORCL
2004-03-11,0.966769116274078,inf,inf,0.260801110878784,0.25213445948757984,39.0,ORCL
2004-06-15,1.087035576390786,inf,inf,0.24479060718509954,0.26609609877650514,33.0,ORCL
2004-09-14,1.184905614458291,inf,inf,0.3744944895292884,0.44374062322694546,33.0,ORCL
2004-12-13,2.1231794065359044,1.199674726729194,0.5650369078732428,0.22017864674853801,0.46747876853543946,36.0,ORCL
2005-09-22,2.4856945079906754,inf,inf,0.1602438119791013,0.39831716337594253,25.0,ORCL
2005-12-15,1.032103779392506,1.3071407534213988,1.2664818979645427,0.2256093138963216,0.2328522255385438,32.0,ORCL
2006-06-22,1.096194473878125,inf,inf,0.29177401349948323,0.319841061219375,25.0,ORCL
2006-09-19,2.720933800085303,inf,inf,0.19948503931071881,0.5427855860718802,26.0,ORCL
2006-12-18,1.0254991524959687,inf,inf,0.29147565421794397,0.29890803637370955,29.0,ORCL
2007-06-26,1.0197920504033777,inf,inf,0.2330780609923823,0.23769115372346508,22.0,ORCL
2007-09-20,1.3120201574921726,1.1792078658799214,0.8987726744487586,0.2337616354242921,0.30669997772500757,32.0,ORCL
2007-12-19,1.1693026145693521,1.072013720561562,0.9167975057991117,0.3700278214245522,0.4326744990551302,33.0,ORCL
2008-03-26,1.2750352845155637,inf,inf,0.3458423056097501,0.4409611425306462,26.0,ORCL
2008-06-25,1.1649469969686752,inf,inf,0.27241004672782354,0.31734326587967454,25.0,ORCL
2008-09-18,1.497306187402718,1.1570128899135577,0.7727296525238798,0.34646579424295754,0.5187653774433774,32.0,ORCL
2008-12-18,1.0391588092708983,1.1646456276695791,1.1207580759352131,0.6045588053235379,0.6282326082742444,32.0,ORCL
2009-03-18,1.2747923112819144,inf,inf,0.5401782016350919,0.6886150181665068,32.0,ORCL
2009-06-23,1.581467439516629,inf,inf,0.26411414475575445,0.4176879202470073,29.0,ORCL
2009-09-16,1.144847335283448,inf,inf,0.19483999842717728,0.2230620530059851,33.0,ORCL
2009-12-17,1.3724536600528106,1.3178790310109791,0.9602357218824193,0.2598706272933031,0.35666039356891366,32.0,ORCL
2010-03-25,1.104450914805171,inf,inf,0.1516431711617592,0.1674824391135621,25.0,ORCL
2010-06-24,0.9681178222748847,inf,inf,0.25932845673668137,0.2510605007898226,25.0,ORCL
2010-09-16,1.366423598481279,inf,inf,0.33267135305511697,0.4545699873532089,32.0,ORCL
2010-12-16,1.0935130287827846,1.2861784202851805,1.176189388174786,0.22416853009380916,0.24513120830066604,32.0,ORCL
2011-03-24,0.9035009697886697,inf,inf,0.29758661808370707,0.2688697980347598,25.0,ORCL
2011-06-23,1.149686872765658,inf,inf,0.28064948883040586,0.32265903315670974,25.0,ORCL
2011-09-20,1.0315654490602642,inf,inf,0.46345980354813887,0.4780891203685177,26.0,ORCL
2011-12-20,1.6198075270780385,inf,inf,0.3684033591638297,0.5967425341744055,26.0,ORCL
2012-09-20,1.0578860761920816,1.4831741405571535,1.4020168843661496,0.14247923334802665,0.1507267971053999,32.0,ORCL
2012-12-18,1.4107278202770794,1.39951520647615,0.9920518943202473,0.15096643782146985,0.2129725537628774,33.0,ORCL
2013-03-20,2.5942539665654882,1.544505837403383,0.5953564521087124,0.17429754465113897,0.45217209657384255,25.0,ORCL
2013-06-20,2.123579599181089,1.4844549960184046,0.6990343081986903,0.21939732821633828,0.4659076903150535,32.0,ORCL
2013-09-18,0.9214641311733237,1.3370403124611827,1.4509955051193315,0.1625111634592931,0.1497482080429835,33.0,ORCL
2013-12-18,1.6556259067958545,1.4710638628564543,0.888524307827132,0.1982295184969881,0.32819392631528155,33.0,ORCL
2014-03-18,1.1397140007071491,1.601107196174557,1.4048324361911244,0.1847080819292075,0.21051438701848096,28.0,ORCL
2014-06-19,1.7844601306454133,1.4292724159363404,0.8009550851771585,0.12489151264874601,0.2228639249776846,24.0,ORCL
2014-09-18,2.080123055427809,2.0446947511334788,0.9829681690215948,0.10882835203246094,0.22637636414693588,32.0,ORCL
2014-12-17,2.081006280596574,1.8390141828248394,0.883713903207269,0.23549356471531563,0.4900635872126476,25.0,ORCL
2015-03-17,1.1292450135505625,1.614888717036342,1.4300605250926215,0.21133522539327726,0.23864924946294255,21.0,ORCL
2015-06-17,1.7351445367551275,1.8977324385006284,1.0937028001422606,0.1677760732281871,0.29111573686011705,25.0,ORCL
2015-09-16,1.0164675638597613,1.92599293126499,1.8947903501726622,0.31286136626266764,0.3180134307908503,25.0,ORCL
2015-12-16,1.2894789046146407,1.3784651364499212,1.0690094514278805,0.2490343264539391,0.32112451048727025,25.0,ORCL
2016-03-15,1.106795449711433,1.5369498500264622,1.388648508111576,0.2198545700880084,0.243334037771671,21.0,ORCL
2016-06-16,1.0841524466843389,1.5466214199825203,1.4265719038983395,0.1866390951440141,0.202345231647334,38.0,ORCL
2016-09-15,1.9005291675585296,2.0129166018605784,1.059134811620084,0.1387561104754903,0.26371003513564295,38.0,ORCL
2016-12-15,1.3275648520802172,1.5087462660723143,1.1364765071236982,0.19328473951936742,0.25659802662939235,24.0,ORCL
2017-03-15,3.243379385723728,2.377326420170116,0.7329782111319793,0.08815166861450732,0.2859093048014424,25.0,ORCL
2017-06-21,3.304108521446763,2.321171570922179,0.7025106941420352,0.11474197899975255,0.37911995058074793,39.0,ORCL
2017-09-14,3.0094769345097685,2.5389128927475118,0.8436392595782065,0.12665276386178734,0.3811585715339613,24.0,ORCL
2017-12-14,1.2408777399310984,1.9007355263341592,1.5317669623436878,0.19722206818556126,0.24472847423463626,31.0,ORCL
2018-03-19,2.3389426413244654,2.0868684626578258,0.8922272935586405,0.1854973861963081,0.4338677464287773,21.0,ORCL
2018-06-19,1.518680193623222,2.546385678683645,1.6767096123170964,0.2732633151937616,0.4149995844285854,32.0,ORCL
2018-09-17,1.0897506189641089,2.8513736048002496,2.616537724484798,0.1383781453014817,0.1507976694933951,28.0,ORCL
2018-12-17,1.1449810872430435,1.4532678134565342,1.2692504964914335,0.2898476471559167,0.3318700741754196,28.0,ORCL
2019-03-14,0.9307956589302696,1.5962079435355165,1.71488546193907,0.09262365391150591,0.08621369497508939,38.0,ORCL
2019-06-19,2.0995812721717995,1.5646296897287226,0.7452103476376865,0.19184255003256362,0.402789025254052,32.0,ORCL
2019-09-11,1.1882306134215181,2.1468537768173896,1.8067652462138721,0.2511303790526882,0.29840080435055405,25.0,ORCL
2019-12-12,1.7443167877544004,2.057407154913345,1.1794916894436422,0.11284694051104074,0.1968408127801305,24.0,ORCL
2020-03-12,3.2716238492999374,1.6882543397996939,0.5160294757482425,0.40744291796618387,1.3329999676465252,31.0,ORCL
2020-06-16,1.3902206689607213,2.2487657622074506,1.6175602998972434,0.31785512361789847,0.44188876258866755,25.0,ORCL
2020-09-10,1.221765983821934,1.611390791114486,1.3189029752438564,0.26763271498092067,0.32698454732159976,31.0,ORCL
2020-12-10,1.0454000390397367,1.8713903115329626,1.7901188460371096,0.1610305480848628,0.16834134125450578,31.0,ORCL
2021-03-10,1.1426668917627514,1.6361434441282543,1.4318638755729014,0.3967468984649628,0.45334954528547095,32.0,ORCL
2021-06-15,1.5350837102666819,1.5280445460841088,0.9954144753569496,0.20055177679313405,0.30786376562017964,25.0,ORCL
2021-09-13,1.5070874967262875,1.6166795803641052,1.0727177976566555,0.11680842138094753,0.17604051137556156,28.0,ORCL
2021-12-09,4.172405165525282,1.5076943359500437,0.36134897646265224,0.18129053385661,0.7564175599241556,24.0,ORCL
2022-03-10,0.9949882775339927,1.3164841791904762,1.3231152656926655,0.3287177172010647,0.3270702752327935,31.0,ORCL
2022-06-13,1.705247671361867,1.2988467900906557,0.7616763311885093,0.33472726731148994,0.5707928931242394,35.0,ORCL
2022-09-12,1.5619251513045305,1.3347621202514286,0.8545621530818082,0.19884528307818547,0.31058144885808703,35.0,ORCL
2022-12-12,0.9441508186043234,1.3114208589023002,1.3889950980934256,0.2854306016111654,0.2694895361659063,35.0,ORCL
2023-03-09,1.198056545827638,1.3512495428219045,1.1278679186953051,0.20885490615244967,0.25021998744415935,38.0,ORCL
2023-06-12,1.371990928548869,1.3500034722882484,0.9839740512833591,0.2725732482458633,0.3739680239584234,35.0,ORCL
2023-09-11,1.0,1.2670279789103127,1.2670279789103127,0.28780607819473164,0.28780607819473164,35.0,ORCL
2000-01-13,1.3048109831601822,inf,inf,0.5738759734950996,0.7487996731881476,39.0,INTC
2000-04-18,1.3309848572797598,1.1065295302145683,0.8313614720426431,0.6540146613548875,0.8704836107023054,33.0,INTC
2000-07-19,1.117748601985475,1.1998283873454716,1.0734331362295573,0.36219327540676954,0.40484102723445675,33.0,INTC
2000-10-17,1.119880074220772,1.0801704746909992,0.964541203612893,0.9126331363695132,1.0220396644938263,33.0,INTC
2001-01-16,0.9875050197837308,1.1068045666026787,1.1208090535530393,0.6780113127045384,0.6695395747658885,33.0,INTC
2001-04-17,1.1538149345010589,1.102773057662278,0.955762509816314,1.0898793546364767,1.2575190761839428,33.0,INTC
2001-07-17,0.9665461706079224,1.2109759625600436,1.2528899284742743,0.5242405206599826,0.5067026677214096,33.0,INTC
2001-10-16,0.8363360168871679,inf,inf,0.7385500801113802,0.6176760322720505,33.0,INTC
2002-01-15,0.954894520152934,inf,inf,0.42488494040788377,0.4057203012909941,33.0,INTC
2002-04-16,1.0664798528243158,1.2013114905486673,1.126426802501034,0.4072040026712897,0.4342748648383494,33.0,INTC
2002-07-16,0.9157876849353684,inf,inf,0.9155895923076585,0.8384856730903484,33.0,INTC
2003-01-14,0.9742883534748236,inf,inf,0.4892218721049235,0.47664317225697667,33.0,INTC
2003-04-15,1.0637278271943125,inf,inf,0.4553383804354709,0.48435610605880075,33.0,INTC
2003-07-15,1.0232027800504382,inf,inf,0.3871481424060002,0.39613105560118234,33.0,INTC
2003-10-14,0.8952131079572483,inf,inf,0.33429130138766855,0.29926195487832796,33.0,INTC
2004-01-14,0.9494520677859689,inf,inf,0.24176328116777934,0.22954264721946868,33.0,INTC
2004-04-13,0.8904266123367355,inf,inf,0.3009288611443961,0.26795506638315647,33.0,INTC
2004-07-13,2.1258478703617376,inf,inf,0.22554861618316493,0.47948204537601813,33.0,INTC
2004-10-12,1.0120083695964939,inf,inf,0.3203831765036375,0.3242304560995919,33.0,INTC
2005-04-19,1.278658803954977,inf,inf,0.17875802940814128,0.22857052808036257,26.0,INTC
2005-07-19,1.435433042546196,inf,inf,0.19706679681593003,0.28287619173832346,26.0,INTC
2005-10-18,1.0972016676292995,1.3075339181861578,1.191698806848625,0.15220453234105177,0.16699906670533965,33.0,INTC
2006-01-17,2.8826949847604273,1.133046883706283,0.3930512557506834,0.18034000363392597,0.5198652240271956,33.0,INTC
2006-04-19,1.0704145519664714,1.1341164437927702,1.0595114217284054,0.1571543138608004,0.16822026446090688,33.0,INTC
2006-07-19,1.3521788739036509,1.169667546747287,0.8650242725435683,0.3347240834305099,0.4526068342014986,33.0,INTC
2006-10-17,1.1613983273318842,1.1352516271925561,0.9774868798034214,0.20353837145557097,0.23638912415635585,33.0,INTC
2007-01-16,1.541730768149223,1.318700684796493,0.8553378527818659,0.21957602472388416,0.3385271132647067,33.0,INTC
2007-04-17,0.9358267083320086,1.1057568964628273,1.1815829646855212,0.20478911163426994,0.1916471202429351,33.0,INTC
2007-07-17,1.1730500601649663,1.2449635587059713,1.061304714080908,0.3260922702259494,0.38252255720788036,33.0,INTC
2007-10-16,1.6647685755215982,inf,inf,0.17866344050989127,0.2974332813554395,33.0,INTC
2008-01-15,1.5253639107014552,inf,inf,0.43171023027957434,0.6585152051490772,33.0,INTC
2008-04-15,1.0766539662821093,inf,inf,0.3967086324155269,0.42711792254852843,33.0,INTC
2008-07-15,1.0123808728357704,inf,inf,0.3975138825600655,0.402435451390495,33.0,INTC
2008-10-14,1.388847872350351,inf,inf,0.6162480400148638,0.8558747792147176,33.0,INTC
2009-01-15,1.0723583530861736,inf,inf,0.5382399166827996,0.5771860706192062,32.0,INTC
2009-04-14,0.8505525501657167,inf,inf,0.5326210796990763,0.45302221761006684,33.0,INTC
2009-07-14,1.5685536666404114,inf,inf,0.24619855931578563,0.38617565293636236,33.0,INTC
2009-10-13,1.0238037454049331,inf,inf,0.23852561047453397,0.244203413378826,33.0,INTC
2010-01-14,1.3928259940377252,inf,inf,0.1927011498102315,0.2683991705366483,32.0,INTC
2010-04-13,1.5353510975260127,inf,inf,0.15144321548624784,0.23251850710967908,33.0,INTC
2010-07-13,0.9950280781833549,inf,inf,0.2868491653028095,0.28542297367975406,33.0,INTC
2010-10-12,1.0313818453842751,inf,inf,0.2002864622118543,0.20657182100155017,33.0,INTC
2011-01-13,1.1671045100770692,1.3980591344244813,1.1978868407698648,0.11793342086948014,0.1376406273855874,39.0,INTC
2011-04-19,2.249856065310978,1.5212119836130549,0.6761374681107838,0.17439614894110833,0.39236623346202926,26.0,INTC
2011-07-20,1.091932297117268,1.3613206533962559,1.2467079295943353,0.20995272999922024,0.2292541667540901,26.0,INTC
2011-10-18,1.1220451734502161,1.357703567387252,1.2100257632341143,0.27542209646297394,0.30903603399781976,33.0,INTC
2012-01-19,1.0129590803545663,1.32029477307601,1.303403857748989,0.23388984688636358,0.23692084420628115,32.0,INTC
2012-04-17,0.9577573843393362,1.4168960481823192,1.4793893227559902,0.18919415783180688,0.18120210173727488,33.0,INTC
2012-07-17,1.0418253907127497,1.4325286720148223,1.375018006649635,0.2778160441227312,0.289435808714435,33.0,INTC
2012-10-16,1.3125456838041625,1.3400212024306277,1.0209329998684942,0.18675817670389452,0.24512863874783183,33.0,INTC
2013-01-17,1.808536973347726,1.4024428649901266,0.7754571157006034,0.20443198606085614,0.36972280532596524,32.0,INTC
2013-04-16,0.9442613668667571,1.3238888089443834,1.4020364015710014,0.25122057610830617,0.23721788458108337,33.0,INTC
2013-07-17,1.0409298746764588,1.312212288519325,1.2606154558943619,0.26239597846960894,0.2731358129839768,33.0,INTC
2013-10-15,0.8675315572583553,1.3780993766868894,1.5885293914172673,0.18627628772538563,0.16160055797070924,33.0,INTC
2014-01-16,1.721044213083841,1.6078282119798548,0.9342166806388309,0.1400552267138751,0.24104123744806014,24.0,INTC
2014-04-15,0.8805688006656753,1.5789961737219291,1.7931548023598727,0.18520509294542523,0.16308582657212803,25.0,INTC
2014-07-15,2.7474826783189914,1.564119146957332,0.5692917226740501,0.16255786641027817,0.4466249221867319,25.0,INTC
2014-10-14,0.9852418510797969,1.515214907118804,1.5379116360700387,0.32577649140748666,0.3209686334325937,33.0,INTC
2015-01-15,0.8351009915695479,1.4089258027882792,1.6871322355159037,0.21423525510119895,0.17890807396416628,24.0,INTC
2015-04-14,1.031193229648614,1.4787922010147023,1.4340592611518703,0.30287810611964366,0.31232585243937094,25.0,INTC
2015-07-15,0.8700812591812404,1.7371862965603506,1.99657937489088,0.22241244468743201,0.19351689993121882,25.0,INTC
2015-10-13,0.8878288898081381,1.4486607981645072,1.6316891856014801,0.2408974793765713,0.21387574167248014,25.0,INTC
2016-01-14,1.8628685730816743,1.4933204117393757,0.8016241367307149,0.266306392224039,0.49609380888492427,24.0,INTC
2016-04-19,0.94025645693383,1.702655122063376,1.8108411907276054,0.15607620157454188,0.146751656304169,25.0,INTC
2016-07-20,1.2626516060370718,1.6657685902263633,1.319262243252123,0.20881755970915797,0.26366382713551045,32.0,INTC
2016-10-18,1.7478223749155213,2.2380179260701163,1.2804607368516425,0.17186118071782686,0.3003828170380177,25.0,INTC
2017-01-26,1.41573623299659,1.4364979322303957,1.0146649487029522,0.11487689944255174,0.16263538887512624,31.0,INTC
2017-04-27,1.9045269512772622,2.179333521758598,1.1442912479117389,0.10342809522173244,0.19698159486906044,31.0,INTC
2017-07-27,0.8470080879637423,2.9383463077790193,3.4690888428739544,0.15069928761391496,0.12764351545936017,24.0,INTC
2017-10-26,2.964015811713094,2.56160730586599,0.8642353713981956,0.11407078483600752,0.3381076099084485,24.0,INTC
2018-01-25,1.9387233072811054,1.4682534479781237,0.7573300648235484,0.27330540192875075,0.5298635527250994,31.0,INTC
2018-04-26,0.9253196984022705,1.2792481630108996,1.3824931698954965,0.3719082651158606,0.3441340437103198,24.0,INTC
2018-07-26,2.1429982254583666,1.5079840383302159,0.7036795553144579,0.19865180655513429,0.4257104689317515,31.0,INTC
2018-10-25,1.2915576889666063,1.8635395078148496,1.4428619981395443,0.31888798346588865,0.4118622269644245,31.0,INTC
2019-01-24,1.2312555906770941,1.5609978787038012,1.2678097793207783,0.34377175118992287,0.4232708905694475,32.0,INTC
2019-04-25,2.538765942615432,1.4923932089077137,0.5878419841138458,0.18233898911066365,0.462916015565079,31.0,INTC
2019-07-25,1.0950966092202834,1.3949477768182206,1.273812524916348,0.2001257860831711,0.21915706975722446,31.0,INTC
2019-10-24,1.7736832716186637,1.4958358216490344,0.8433500194676439,0.22905671456358104,0.4062740628733548,24.0,INTC
2020-01-23,3.0574178882195926,1.519108033404682,0.4968597976933061,0.15368264579902902,0.46987207037486695,31.0,INTC
2020-04-23,0.9086571491361508,1.550347068553784,1.7061958627934417,0.7621647478059017,0.692546446913384,31.0,INTC
2020-07-23,3.3777760875402074,1.2937846208580428,0.3830285333685968,0.22792407772218018,0.7698764995046359,31.0,INTC
2020-10-22,2.729110665986588,1.320578368338325,0.4838859723780856,0.19684877296697403,0.5372220858905412,31.0,INTC
2021-01-21,1.5213890943901296,1.4185161565290982,0.9323822300025955,0.4404133675755844,0.6700400944531256,31.0,INTC
2021-04-22,1.1188197727857012,1.188197751210805,1.0620099681044808,0.32207212201479546,0.3603406583732021,31.0,INTC
2021-07-22,1.8553397667834097,1.4160740998845025,0.7632424665480764,0.1763504863080221,0.32719007013886664,31.0,INTC
2021-10-21,2.748848256418326,1.5720135543842584,0.5718808052477037,0.20962271254001763,0.5762210278713074,24.0,INTC
2022-01-26,1.5358758216772987,1.2590854152961106,0.8197833428493516,0.26089962593084376,0.4007094273518345,32.0,INTC
2022-04-28,1.5601254873668253,1.2856063569627627,0.8240403527620108,0.312374900998434,0.4873440446613457,31.0,INTC
2022-07-28,1.5746051695623857,1.2752093834425051,0.8098597718924747,0.3220526156434303,0.5071057134632334,31.0,INTC
2022-10-27,1.629833051123824,1.2252347798199075,0.7517547757269172,0.3775242640997171,0.6153015232309182,31.0,INTC
2023-01-26,1.2162923958619762,1.2707342751180897,1.0447605192972789,0.3490526740949492,0.4245501132569754,31.0,INTC
2023-04-27,1.263221369541276,1.237098317321142,0.9793202894995197,0.2902882731122192,0.3666983499225895,31.0,INTC
2023-07-27,1.2424562815261895,1.1312946523494822,0.9105307520034748,0.3556922118971683,0.44193202296158124,31.0,INTC
2000-01-19,1.1334409825350036,1.0613475465898656,0.9363941863264049,0.7079950318062253,0.8024705844803491,33.0,AMD
2000-07-19,1.0520377388076236,1.0130438048989532,0.9629348525530405,0.7293057207152968,0.7672571413207852,33.0,AMD
2001-01-17,1.5952746253367756,1.0609454827853402,0.6650550732362874,0.765905599400824,1.2218297681274881,33.0,AMD
2001-04-18,1.0858497195377539,1.0711171462022793,0.9864322170274665,1.2453420072403476,1.3522542692905148,33.0,AMD
2001-07-12,0.8664091503809305,inf,inf,1.3896014468678837,1.2039634089489148,39.0,AMD
2002-01-16,0.950164058880766,inf,inf,0.8337208935296246,0.7921716281698071,33.0,AMD
2002-04-17,1.9217556998815892,1.111754668705314,0.5785098848796524,0.4411590934326056,0.8478000023587045,33.0,AMD
2003-10-16,0.7986194842133616,inf,inf,0.4360387734106087,0.34822906031820716,32.0,AMD
2004-01-20,1.2848878579614478,inf,inf,0.46396587012935586,0.5961441130377273,26.0,AMD
2004-04-14,1.1234237988002476,inf,inf,0.34331426627930306,0.38568741720581434,33.0,AMD
2004-07-14,1.066082453365245,inf,inf,0.41015960110570304,0.4372639538180782,33.0,AMD
2004-10-07,1.0465813244477937,inf,inf,0.4074320340019877,0.4264107577682588,39.0,AMD
2005-01-18,0.8396181520392507,1.1004979982775396,1.3107124894866413,1.1338443979499195,0.9519963381067682,33.0,AMD
2005-04-13,1.1017587092235617,inf,inf,0.41357254879931593,0.4556571575354328,33.0,AMD
2005-07-13,0.8947122838412305,inf,inf,0.33455931073603024,0.2993343249889815,33.0,AMD
2006-01-18,1.2886711908246526,1.0632202351083515,0.8250516056217339,0.4762457823081874,0.6137242194123101,33.0,AMD
2006-07-20,2.261902716621995,1.1557762625397021,0.5109752307410369,0.3484028762420146,0.7880534122507296,32.0,AMD
2006-10-18,1.5933073099496118,1.069723172738965,0.6713853417096258,0.4393854922307278,0.700076116657027,33.0,AMD
2007-04-19,1.0161745548170045,1.0878893964322762,1.070573349111449,0.2897477201053585,0.2944342604873047,32.0,AMD
2007-07-19,0.9781116176339645,1.2212773072363012,1.2486073012715568,0.3275599646349779,0.3203902068812424,32.0,AMD
2007-10-18,1.4833720218849646,inf,inf,0.23231489344572406,0.34460941320457383,32.0,AMD
2008-07-17,1.511929906636661,inf,inf,0.5410882602361798,0.8180875227810807,32.0,AMD
2009-10-15,1.042140482400323,inf,inf,0.5962580217389436,0.621384622410085,32.0,AMD
2010-01-21,1.5314412750344413,inf,inf,0.4593275944773909,0.7034332369449583,25.0,AMD
2010-04-15,1.180243928289768,inf,inf,0.3245074550983016,0.382997953564535,32.0,AMD
2010-07-15,0.8219151857098608,inf,inf,0.47192051635582216,0.38787863884088897,32.0,AMD
2011-01-20,1.0412248200753722,1.00140360896889,0.9617554150278519,0.47776943379171705,0.497465392737293,32.0,AMD
2011-04-21,1.0839233918919848,inf,inf,0.28501920721538354,0.308938985839263,25.0,AMD
2011-07-21,2.8086749687212396,inf,inf,0.3491243372111992,0.9805767868964883,25.0,AMD
2012-01-24,0.8176917823304776,inf,inf,0.4093939923364469,0.33475810326897915,29.0,AMD
2012-04-19,1.1372829848798776,1.1142683767020731,0.9797635166587537,0.3468175572835198,0.39442970675614936,32.0,AMD
2012-07-19,1.229186842113691,1.118582744137898,0.9100184819863514,0.601154102659966,0.7389307130722932,32.0,AMD
2012-10-18,1.238346602418226,inf,inf,0.7741294095309985,0.9586405241247394,32.0,AMD
2013-04-18,0.8708076207475067,1.0138073959281346,1.1642151168335848,0.6331984960097901,0.5513940757711849,32.0,AMD
2013-07-18,1.3901865099590986,inf,inf,0.6143829301454515,0.8541068614373499,32.0,AMD
2013-10-17,2.004039435464123,inf,inf,0.36731907310007467,0.7361219078906786,24.0,AMD
2014-01-21,1.582839872155301,1.1459545416643488,0.7239864005345912,0.4116191537478594,0.651527208694935,32.0,AMD
2014-04-17,1.6958089738662987,1.068722338080682,0.6302138711084226,0.3998235972927374,0.6780244442525293,38.0,AMD
2014-07-17,2.1496787443948446,1.0760395878470452,0.5005583232623723,0.3948806943528086,0.84886663522211,38.0,AMD
2014-10-16,0.9454428587003213,1.104505431679345,1.1682413395111826,0.5383623935515157,0.5089908803760924,38.0,AMD
2015-01-20,1.6731863124192827,1.0200815932442386,0.6096640796500952,0.35745468339330083,0.5980882835638393,32.0,AMD
2015-04-16,2.6060441460520134,1.0500136265519922,0.40291475036702434,0.24261089270972405,0.6322546967146294,31.0,AMD
2015-07-16,0.9230556926078035,1.102476671762373,1.194377198029809,0.7167657386791935,0.6616146953540668,38.0,AMD
2015-10-15,0.8744009318875685,1.10356571514672,1.2620820437192966,0.5163248927164796,0.4514749673480386,24.0,AMD
2016-01-19,1.322288885763677,1.074806362201526,0.8128377798326426,0.8647850075408664,1.1434956040463453,32.0,AMD
2016-04-21,5.159003612910872,1.0561011176695947,0.2047102884414747,0.5029533616907791,2.594738210088398,38.0,AMD
2016-07-21,1.6158641762903185,1.0606009279889856,0.6563676226945636,0.6044477944643455,0.9767055375126293,31.0,AMD
2016-10-20,1.334144445094924,1.1114414493251144,0.8330742997217483,0.45515434016746414,0.6072416345952677,38.0,AMD
2017-01-31,1.8056451251541983,1.0673640299850926,0.5911261383069067,0.444730222598266,0.8030249584433005,24.0,AMD
2017-05-01,2.8363555305702093,1.108312479403043,0.39075231135788974,0.3777242675771129,1.0713603153729259,28.0,AMD
2017-07-25,0.9951047319285194,1.4468262193868262,1.4539436633799012,0.5081833406457026,0.5056956469637813,39.0,AMD
2017-10-24,2.3175525635622845,1.183720873510333,0.5107633337518994,0.2811764126459456,0.651641115940858,39.0,AMD
2018-01-30,1.4477430551978356,1.0521467090669812,0.7267496157480818,0.4198188847641096,0.6077898748581402,35.0,AMD
2018-04-25,1.792235563360175,1.3012917293820314,0.7260718155499063,0.4011994985684682,0.7190440093366783,39.0,AMD
2018-07-25,2.0334829688744445,1.3095365892120707,0.6439869963292163,0.34339841352571987,0.6982948254430551,32.0,AMD
2018-10-24,1.1743416367829944,1.050738459583452,0.8947468323288421,0.8533580269863119,1.0021338621730123,32.0,AMD
2019-01-29,1.6169430140648087,1.06299100321816,0.6574078331591433,0.6972578340785921,1.127426183815339,32.0,AMD
2019-04-30,1.0578881410063945,1.1130216665021977,1.0521165928217642,0.4127858808254406,0.4366812881001124,32.0,AMD
2019-07-30,1.7125289173121885,1.4242689950325484,0.8316758804096205,0.3047339214105344,0.52186565250148,32.0,AMD
2019-10-29,1.0165098326375592,1.4506909873840932,1.4271293211399196,0.3004879493304863,0.305448955083536,32.0,AMD
2020-01-28,1.430262085868757,1.2681156569554728,0.8866316666607333,0.3187974204549523,0.4559638635494792,32.0,AMD
2020-04-28,0.8964754798985781,1.2673970299118573,1.413755376840026,0.7550679930342187,0.6768999414114074,32.0,AMD
2020-07-28,0.9687669995054556,1.1562029308641215,1.1934788565819745,0.938842551176757,0.909519681311554,32.0,AMD
2020-10-27,1.0796523627839556,1.0659341312425108,0.9872938438201798,0.38187547095488056,0.4122927545056726,32.0,AMD
2021-01-26,1.136774732577142,1.1154511779870173,0.9812420579213765,0.364749010168663,0.41463745849225914,32.0,AMD
2021-04-27,0.885938895714405,1.1847363102500648,1.3372663915999703,0.48291627138380644,0.4278343081922874,32.0,AMD
2021-07-27,1.5327351459440965,1.1439499219121554,0.7463454628408962,0.29183180238990225,0.44730086022721555,32.0,AMD
2021-10-26,0.890757740450311,1.1264997062645523,1.26465328911435,0.30432569635992773,0.27108046965053667,32.0,AMD
2022-02-01,1.2165221670525983,1.1117247591699846,0.9138549130292316,0.5488340405333711,0.6676687763418903,25.0,AMD
2022-05-03,1.2172130228649396,1.1255657602654543,0.9247072937292634,0.5963966105326334,0.7259417211328307,32.0,AMD
2022-08-02,0.982777550398833,1.1727037087273942,1.193254473763147,0.4965385147665372,0.4879869052209322,35.0,AMD
2022-11-01,0.8888055841857299,1.148158060861572,1.29179888300707,0.6016320698289774,0.5347339432892141,32.0,AMD
2023-01-31,1.4464444879662195,1.1218720701282465,0.7756067235636954,0.509799268921506,0.7373963425007207,31.0,AMD
2023-05-02,1.7463751645575205,1.1538399031600914,0.6607056299111079,0.34866226792960076,0.6088951255305548,32.0,AMD
2023-08-01,1.4019413013608026,1.0734730363751501,0.7657046948635989,0.3431119425885119,0.4810228033049714,32.0,AMD
2000-01-25,0.8758662989577619,inf,inf,2.1400136558816794,1.874365840496156,26.0,QCOM
2000-07-19,0.8454964669447234,1.008830456315124,1.193181161312977,1.0692510844433216,0.9040480141736424,33.0,QCOM
2001-01-25,0.966007719763763,inf,inf,1.0148138996443372,0.9803180611799984,25.0,QCOM
2001-04-25,0.8590956649283976,inf,inf,1.3417898403642723,1.152725835101913,26.0,QCOM
2001-07-26,0.9045245613036903,inf,inf,0.8049573838641181,0.7281037245078577,25.0,QCOM
2002-01-24,1.0789346481441175,inf,inf,0.5690046308628988,0.6139188111924352,26.0,QCOM
2002-04-24,1.0234718242723742,inf,inf,0.6481376638343798,0.6633506371842075,26.0,QCOM
2002-07-25,1.528082232705088,inf,inf,0.5582669222507634,0.8530777649983442,25.0,QCOM
2002-11-07,0.9531972518455203,inf,inf,0.5259077392379528,0.501293811765907,39.0,QCOM
2003-01-22,0.9223312593900534,inf,inf,0.43900326518952704,0.4049064344586021,26.0,QCOM
2003-04-23,0.9880855577026723,inf,inf,0.3412028093145758,0.3371375681313112,26.0,QCOM
2003-07-23,0.9670134464222748,inf,inf,0.3878635292093074,0.375069248122199,26.0,QCOM
2004-01-21,1.0061398625354314,inf,inf,0.32610564309160295,0.3281078869122139,26.0,QCOM
2004-04-21,1.0904362569696164,inf,inf,0.3067404411587232,0.33448089851832696,26.0,QCOM
2004-07-21,1.8000531131110322,inf,inf,0.22877803923654685,0.41181262173918404,26.0,QCOM
2005-01-19,2.261202234062679,1.2826215195177324,0.5672299010660623,0.18161495809338024,0.4106681489799512,33.0,QCOM
2005-04-20,1.17147215333668,inf,inf,0.31870733213817926,0.37335676466410134,26.0,QCOM
2005-07-20,1.776841787844747,inf,inf,0.2183581170492646,0.3879878270882278,26.0,QCOM
2006-01-25,0.8780041648771539,inf,inf,0.3068167887894413,0.2693864184113635,25.0,QCOM
2006-04-19,1.1506220460838499,1.2338887159805232,1.0723666560883933,0.16609716198702643,0.19111505637423298,33.0,QCOM
2006-07-19,1.0828145464704013,1.2163911490404846,1.1233605542200154,0.3689435144240176,0.39949740424423863,33.0,QCOM
2007-01-24,0.9218710691400276,inf,inf,0.23964081063441517,0.2209179303091312,25.0,QCOM
2007-04-25,1.3263175555173505,inf,inf,0.19275661982595713,0.2556564888173507,26.0,QCOM
2007-07-25,0.9726291337655789,inf,inf,0.2410620539718072,0.23446397673835007,26.0,QCOM
2007-11-08,1.2737514906385912,inf,inf,0.2503719675775167,0.3189116669159789,39.0,QCOM
2008-01-23,1.641235389627388,inf,inf,0.3439849357543983,0.5645602500588219,26.0,QCOM
2008-04-23,0.9917348121784118,inf,inf,0.2793788763023721,0.27706975741634876,26.0,QCOM
2008-07-23,2.346385230993135,inf,inf,0.3554881590881914,0.8341121662774704,26.0,QCOM
2009-04-27,1.0445458022921406,inf,inf,0.3379235166053333,0.3529765907658994,22.0,QCOM
2009-07-22,1.002719467488079,inf,inf,0.2719791142526212,0.27271875261126777,26.0,QCOM
2010-04-21,2.2694834724828206,inf,inf,0.17212796037469197,0.39064156122254123,26.0,QCOM
2010-07-21,1.385770801978745,inf,inf,0.311848613837061,0.4321507036929439,26.0,QCOM
2011-01-26,1.7337014890842501,1.5145430927154926,0.8735893129534553,0.18139053721994433,0.3144770444840096,26.0,QCOM
2011-04-20,1.1437200373828225,inf,inf,0.24665880411787994,0.28210861666650394,26.0,QCOM
2011-07-20,1.0043306902295623,inf,inf,0.2391560015341724,0.24019171209335766,26.0,QCOM
2012-04-18,1.5406004844397083,1.2741458425107726,0.8270449447341041,0.2227742339179676,0.3432060926947058,33.0,QCOM
2012-07-18,1.2162605191408018,1.2406709013622725,1.0200700276275636,0.25567437191018794,0.3109666443104836,33.0,QCOM
2013-04-24,1.580848857542238,1.2671748162064194,0.8015787278845298,0.18415200567539824,0.291116487786065,26.0,QCOM
2013-07-24,1.1645423709264262,1.3845277739000958,1.1889028758985085,0.2084608649957587,0.24276150996753448,26.0,QCOM
2013-11-06,1.4111902154774185,1.318226481689795,0.9341238815518764,0.15695238046859863,0.22148966361317549,40.0,QCOM
2014-01-29,1.3992352113223807,1.3772415962543927,0.984281688389472,0.15895902489528307,0.222421064790951,25.0,QCOM
2014-04-23,1.1722864487064828,1.4409356238123376,1.2291668349508655,0.18977198889580849,0.22246713092663342,26.0,QCOM
2014-07-23,2.3590235029998468,1.4811704579168534,0.627874396348034,0.1402124030201892,0.330764354136713,26.0,QCOM
2014-11-05,2.224709645625467,1.635341408107717,0.7350808278839229,0.18890361306693695,0.4202556900835157,25.0,QCOM
2015-01-28,3.468848450710187,1.586294880586901,0.45729725674874455,0.1574728098464717,0.5462493124649132,32.0,QCOM
2015-04-22,0.8763206643199811,1.4488840453151024,1.6533719953293884,0.2104689822462645,0.18443831834079683,25.0,QCOM
2015-07-22,1.4748510868973044,1.4465557909347442,0.9808148116010234,0.15966916533865116,0.23548824204369506,32.0,QCOM
2015-11-04,3.3210033911487247,1.4999340414417344,0.4516508611341441,0.2244120304260879,0.7452731140596087,25.0,QCOM
2016-01-27,1.5334407411584658,1.339377774835242,0.8734460608000962,0.3398054737827613,0.5210715575671412,25.0,QCOM
2016-04-20,0.9608921838902775,1.542099238908502,1.6048618822823013,0.1773088185426126,0.17037465787241596,25.0,QCOM
2016-07-20,1.5543209371319686,1.3830809651018363,0.8898297205298513,0.24139214281510743,0.37520086163667177,32.0,QCOM
2016-11-02,0.9962634780438823,1.2235521701548664,1.2281411465140277,0.2500180683346891,0.2490838703329304,32.0,QCOM
2017-01-25,0.8974983578043411,1.3909366457389478,1.5497929702531876,0.6399475002600987,0.5743518305644317,31.0,QCOM
2017-04-19,0.8342917091702914,1.6938195010463442,2.0302485119154055,0.1934215645535651,0.16137000768178567,24.0,QCOM
2017-07-19,1.5924288369802835,1.4440090306708304,0.9067965846493329,0.16234212565398934,0.25851828234808927,32.0,QCOM
2017-11-01,4.087024277323136,1.2882041089795957,0.3151936522929896,0.16691435391442977,0.6821830166819804,32.0,QCOM
2018-01-31,1.7889508692621514,1.5432388256304652,0.8626502002634485,0.20965816192646572,0.37506815102625574,31.0,QCOM
2018-04-25,0.8721755665160714,1.4044113150231448,1.6102392327190536,0.3330954851069552,0.2905177434271043,32.0,QCOM
2018-07-25,1.8628111092977975,1.495884133536198,0.8030251301754822,0.19220958654774933,0.35805015313468397,25.0,QCOM
2018-11-07,1.5451072101951087,1.6923641150264304,1.09530529911431,0.2803642249449172,0.43319278544315487,32.0,QCOM
2019-01-30,0.9148047603214089,1.25534672867475,1.3722564454449215,0.28383588853646985,0.2596544219832194,39.0,QCOM
2019-05-01,0.8150749197029664,1.392863997990212,1.7088784899648322,0.8819326531603472,0.7188411864580941,25.0,QCOM
2019-07-31,1.17910527463616,1.2676875615149241,1.07512669884892,0.22431625308214076,0.26449247719577196,32.0,QCOM
2019-11-06,1.3484675831173634,1.234997193330547,0.9158523414226262,0.3199521767684535,0.4314451385200959,39.0,QCOM
2020-02-05,1.0959824002934622,1.5102216140271696,1.377961556337757,0.31069148203366953,0.34051239622999424,32.0,QCOM
2020-04-29,0.9065848375417022,1.3388993141341217,1.4768604753689512,0.6174573885632872,0.5597775062995715,32.0,QCOM
2020-07-29,2.2424363482914025,1.2423427801132398,0.5540147353836055,0.32429530078445185,0.7272115700591482,39.0,QCOM
2020-11-04,1.9035908675707045,1.366561936848197,0.7178863694550894,0.33107406506090625,0.6302295667394504,25.0,QCOM
2021-02-03,1.3388537921098107,1.2410883045797547,0.9269782196486192,0.38360724497574217,0.5135940146165695,32.0,QCOM
2021-04-28,1.0954020057231615,1.3214183876471908,1.2063319043996255,0.33013848350555763,0.3616343569983907,39.0,QCOM
2021-07-28,1.5921972289002335,1.2684054364503041,0.7966383896588115,0.2046575212313837,0.32585513817819983,32.0,QCOM
2021-11-03,3.0296422222742287,1.3668175930328894,0.45114818607422075,0.18915750863622086,0.5730795748244968,39.0,QCOM
2022-02-02,1.076748037900276,1.2451609750867016,1.1564088637810206,0.4999960988900366,0.5383698184376393,32.0,QCOM
2022-04-27,1.528391593092712,1.2051277957101714,0.788494127523684,0.43078572711996677,0.6584092837544884,32.0,QCOM
2022-07-27,1.0431348202582502,1.2342423513956209,1.1832050157141316,0.4088845974340602,0.4265217610507454,32.0,QCOM
2022-11-02,1.3300994920465088,1.2554118659423241,0.9438480906497684,0.4087185561393368,0.5436363439109143,32.0,QCOM
2023-02-02,0.9394811019770615,1.176143455885764,1.2519075193856117,0.41901972655064446,0.3936611144499264,31.0,QCOM
2023-05-03,1.4569565834974605,1.251154315195179,0.8587450919036667,0.22941962436096885,0.33425443209622796,32.0,QCOM
2023-08-02,1.6570981316902695,1.1525906743646082,0.695547627700808,0.28606539447106305,0.4740384307192385,32.0,QCOM
2000-01-24,0.9994797385650549,inf,inf,0.514170583374866,0.5139030802493528,30.0,TXN
2000-04-17,1.2800032449458696,inf,inf,0.7670545224363364,0.9818322777689149,36.0,TXN
2000-07-24,1.3177316643391455,inf,inf,0.6038716473420145,0.7957407908992142,29.0,TXN
2000-10-18,1.6211572815846036,1.0548914020362523,0.650702688763885,0.8565645118383187,1.3886257955136518,33.0,TXN
2001-01-22,0.9137912027800636,inf,inf,0.8041720444895497,0.7348453397762085,29.0,TXN
2001-04-17,0.9068621322073059,1.0317406940769092,1.1377040207486095,1.1938308261951798,1.0826399685381705,33.0,TXN
2001-07-23,0.9436111797762571,inf,inf,0.7702838450384668,0.7268484477793392,29.0,TXN
2001-10-17,0.9431259006397449,inf,inf,0.8756384798121785,0.8258373299076779,33.0,TXN
2002-04-15,0.9858343411262891,inf,inf,0.40429813079810367,0.39857098139393876,36.0,TXN
2003-04-15,1.2894322734566381,inf,inf,0.5100739196578588,0.6577057738553714,33.0,TXN
2004-01-26,1.0706883300820176,inf,inf,0.3746784618124758,0.40116385659569875,22.0,TXN
2004-04-14,0.9396376766936156,inf,inf,0.3727187428812169,0.3502205736210718,33.0,TXN
2004-07-20,1.3590687531779972,inf,inf,0.31150803312624453,0.42336083418581544,26.0,TXN
2005-01-25,1.7806888208279694,inf,inf,0.22607508320907332,0.40256937333814985,26.0,TXN
2005-07-25,1.46579718613523,inf,inf,0.19837894893028996,0.2907833051304835,22.0,TXN
2005-10-24,1.338317641746498,inf,inf,0.3316501855371174,0.44385329419282343,29.0,TXN
2006-01-23,1.0285959397523408,inf,inf,0.2548704230249473,0.26215868228642225,29.0,TXN
2006-04-18,1.1426117490388301,1.1583824116600703,1.0138022934163826,0.2564500362698248,0.29302282448333594,33.0,TXN
2006-07-24,1.124011896273812,inf,inf,0.30304347276686083,0.34062446847808053,29.0,TXN
2006-10-23,1.2009349536108276,inf,inf,0.24460922231480697,0.29375976505341334,29.0,TXN
2007-01-22,1.1961951037970937,inf,inf,0.20113444842890255,0.24059604241558227,29.0,TXN
2007-04-23,1.8357646079625032,inf,inf,0.19684924278408564,0.3613688730072426,29.0,TXN
2007-07-23,1.5879895256300984,inf,inf,0.16929144573315252,0.26883304260302243,29.0,TXN
2008-01-22,1.4279737770996546,inf,inf,0.21290648636572448,0.3040248795046797,26.0,TXN
2010-01-25,0.9982270247307062,inf,inf,0.29637927093222216,0.29585379781452803,23.0,TXN
2010-04-26,1.3018376754448766,inf,inf,0.24397225896643318,0.31761227848589685,22.0,TXN
2010-10-25,0.9025911541821896,inf,inf,0.22616654181100432,0.20413592001058883,22.0,TXN
2011-01-24,1.1387316385614388,inf,inf,0.1767100357122277,0.20122530851683543,30.0,TXN
2011-07-25,1.010238642578854,inf,inf,0.26546121995741195,0.2681791825071025,22.0,TXN
2011-10-24,1.0731441916061908,inf,inf,0.3093602374945017,0.33198814198113624,29.0,TXN
2012-01-23,0.8715600954322138,inf,inf,0.42763256593901755,0.3727074799797326,29.0,TXN
2012-04-23,1.1021148448429143,inf,inf,0.17955586518156272,0.19789118449521323,29.0,TXN
2012-07-23,0.8444213838555974,inf,inf,0.3661035687994693,0.3091456822001208,29.0,TXN
2013-01-22,0.9461986487411398,inf,inf,0.19666067356309028,0.18608006358591841,26.0,TXN
2013-04-22,0.9432392250059429,inf,inf,0.2700819977905166,0.2547519342839837,29.0,TXN
2014-01-21,1.2293202951527729,inf,inf,0.18184020951810448,0.22353986003543827,26.0,TXN
2014-04-23,1.5283986145746122,inf,inf,0.23288158404999576,0.3559358904219546,26.0,TXN
2015-01-26,1.2089145712965,1.6787768244983956,1.3886645627060248,0.1659441016283391,0.2006122424792064,22.0,TXN
2015-04-22,1.5405892793314273,1.7079190729900433,1.1086141490814687,0.24149556619273743,0.37204548028260437,32.0,TXN
2015-07-22,1.1583794020927194,1.9021786206110851,1.642103284273377,0.22504369936342017,0.26068598591333236,25.0,TXN
2015-10-21,2.230092405179552,1.6778918656750095,0.7523867001107144,0.24701971637830406,0.5508767934248628,32.0,TXN
2016-01-27,0.9940031025175655,1.8733653337248846,1.884667491459645,0.2918363238967253,0.2900862113806661,25.0,TXN
2016-04-27,1.5546316874096633,1.7123944893956724,1.1014792141853704,0.1378553715545514,0.21431432889833835,25.0,TXN
2016-07-25,2.0159467977465946,1.714578276517388,0.8505077011129096,0.18325448090204147,0.369431283947185,28.0,TXN
2016-10-26,0.9135100763176469,2.0258872402244483,2.217695559955711,0.17419415502358693,0.15912811584968492,32.0,TXN
2017-01-24,1.3270848535811717,1.5105950248002176,1.138280661348699,0.13677394990996572,0.18151063728998537,21.0,TXN
2017-04-25,1.2602498819670764,1.6293958857678172,1.2929149282875192,0.15592961264019323,0.19651027592497547,32.0,TXN
2017-07-25,1.0465643952370658,1.636335834690695,1.5635309610547523,0.17621956239123762,0.18442511974292597,25.0,TXN
2017-10-24,0.970253608589544,1.7936899801299047,1.848681586185893,0.12852983502799603,0.12470653624733193,32.0,TXN
2018-01-23,1.6899580749110086,1.8868464614510356,1.1165048940935385,0.2919330438204072,0.4933546047376464,21.0,TXN
2018-04-24,1.0261192828554346,1.759633588915324,1.7148431165026952,0.3443205745609592,0.35331398104086265,32.0,TXN
2018-07-24,0.8145136893506737,1.7844176627562576,2.190776761749439,0.21900594441995727,0.178383339779228,32.0,TXN
2018-10-23,1.574610121272941,1.5314263920950686,0.9725749704041264,0.26232000468431266,0.413051734388284,32.0,TXN
2019-01-23,1.2765606750652976,1.5098771592407396,1.182769600170793,0.35442638859150455,0.4524467898813265,25.0,TXN
2019-04-23,0.9425576778211682,1.8307296113721192,1.9422998236076798,0.20203947062265226,0.19043385425830525,39.0,TXN
2019-07-23,1.8215834166620801,1.374207243663516,0.7544025879317958,0.20116205736546308,0.3664334677585536,25.0,TXN
2019-10-22,1.8417691738749578,1.357830276077475,0.737242372897735,0.21395063558198,0.39404768534584544,32.0,TXN
2020-01-22,1.6685806047219702,1.6281292039926913,0.9757569993233746,0.15463552781710488,0.2580218425165659,32.0,TXN
2020-04-21,0.9104023427342933,1.3943644659930896,1.5315914739468588,0.7161961658008129,0.6520266672023785,32.0,TXN
2020-07-21,1.1753830499942037,1.2531294293604185,1.0661455679206862,0.21947899110608568,0.2579718859759217,39.0,TXN
2020-10-20,1.1136514913137063,1.4137866615543218,1.269505471488719,0.23433419773139297,0.2609666287693667,32.0,TXN
2021-01-26,1.7211971751622646,1.7507766074758198,1.0171853827907698,0.20483271657246455,0.35255749314533874,25.0,TXN
2021-04-27,1.254126784134087,1.6897519463038821,1.3473533678419705,0.27457308762196525,0.34434946338910216,25.0,TXN
2021-07-21,2.143966985526772,1.8764562983810882,0.8752263029460985,0.15029593626414864,0.3222295254091706,32.0,TXN
2021-10-26,1.3602597677974984,1.514730156490203,1.1135594776450821,0.21229914586936643,0.28878198686387163,25.0,TXN
2022-01-25,1.079610741790568,1.4812859827701574,1.3720556172990632,0.28327266192043143,0.3058242086649058,32.0,TXN
2022-04-26,1.372669837262999,1.5308791149151972,1.1152566140505102,0.24610512362196185,0.33782107999174865,25.0,TXN
2022-07-26,1.4160391657768343,1.7873617200062668,1.262226189221063,0.26054977716083566,0.3689486890941698,25.0,TXN
2022-10-25,0.9470317447175667,1.336172756182585,1.4109059845518397,0.366701936981549,0.34727837517094756,32.0,TXN
2023-01-24,0.9269318829462555,1.3955253735892004,1.5055317432317887,0.28094197830444545,0.2604140769483857,21.0,TXN
2023-04-25,1.4329059433940936,1.3021092923762507,0.9087193045567055,0.17316771184571383,0.24813304350767915,39.0,TXN
2023-07-25,1.246704794377394,1.5243506648494676,1.2227037801765497,0.26702033456481594,0.3328955312982118,25.0,TXN
2000-01-19,1.0377295067329064,1.1188173418583258,1.0781396641411007,0.3771059502229955,0.391333971710953,33.0,JPM
2000-04-19,0.8992655650592762,1.155286934877332,1.2847005153601982,0.564679653370818,0.5077969675659849,33.0,JPM
2000-07-19,0.8808185210424421,1.0997926671966134,1.2486030219880222,0.64055586548754,0.5642134700837964,33.0,JPM
2000-10-18,1.0180586798728553,1.082318113396172,1.063119577283445,0.5151336629618971,0.5244362968730574,33.0,JPM
2001-01-17,0.8313936362408133,1.0888218396502314,1.309634560800095,0.7436888083184456,0.6182981425794697,33.0,JPM
2001-04-18,0.9738993736847845,1.0960232180777285,1.1253967788590764,0.6300517720521134,0.6136070261905419,33.0,JPM
2001-07-18,0.9918005740950712,1.1522056408975747,1.1617311695436945,0.32318511092627994,0.3205351785556637,33.0,JPM
2001-10-17,1.0009366798634356,inf,inf,0.37940046279233125,0.379755839566007,33.0,JPM
2002-01-16,1.1157147765907238,1.1995155003943228,1.0751094505171543,0.33457161873571567,0.3732864988513158,33.0,JPM
2002-04-17,1.2205082958629636,1.1858548140870926,0.9716073361456595,0.322280576999396,0.39334611782326545,33.0,JPM
2002-07-17,1.037093445924581,inf,inf,0.47185695925347687,0.489359759855683,33.0,JPM
2002-10-16,1.1033105270346413,inf,inf,0.7033808591929501,0.7760475064622526,33.0,JPM
2003-01-22,1.0178821812721535,1.2754122798633256,1.2530058029597393,0.4600493336098151,0.4682760191875592,26.0,JPM
2003-04-16,0.9197503590578814,inf,inf,0.3526122418653684,0.3243152360638771,33.0,JPM
2003-07-16,1.1233624023457085,inf,inf,0.31189983005208244,0.3503765423785255,33.0,JPM
2003-10-22,1.265363527362503,1.2712867764804447,1.0046810651562623,0.20557595880068233,0.26012832036896,26.0,JPM
2004-01-21,1.3028469219198393,1.6077109867987662,1.2339983767468918,0.13233119860395784,0.17240729477512942,26.0,JPM
2004-04-21,1.0412559321014843,1.3829397081168282,1.3281458145700555,0.22572634947256495,0.235038900419921,26.0,JPM
2004-07-21,0.9368464738135495,1.6252331607323631,1.7347913517960425,0.15594454860703397,0.14609610047294544,26.0,JPM
2004-10-20,1.247637582171187,1.5547919635778007,1.2461887857466525,0.14994567177653595,0.1870778553923117,26.0,JPM
2005-01-19,1.3237876947295946,1.6647420564869342,1.2575597001806134,0.10981416998931401,0.1453706469387978,33.0,JPM
2005-04-20,0.8664583412788396,1.5335204429060176,1.7698720986892862,0.19273751616842966,0.1669990285615011,26.0,JPM
2005-07-20,0.9185253282340683,1.7364733109531552,1.8905012824106346,0.12037623574497487,0.11056862144923463,26.0,JPM
2005-10-19,1.2614517884723477,1.400033259685998,1.1098587139675595,0.14743291506658437,0.18597951439043459,33.0,JPM
2006-01-18,1.1868696842797113,1.539315733543105,1.296954294082662,0.14494699941025369,0.1720331994273393,33.0,JPM
2006-04-19,0.9277733318517711,1.3505540783355556,1.4556940062503667,0.11825494850047426,0.10971378757824461,33.0,JPM
2006-07-19,1.4606590646030013,1.2984925376840042,0.8889771536364147,0.21698176656378607,0.31693638418496656,33.0,JPM
2006-10-18,1.051975521600013,1.5502710081839237,1.4736759329019586,0.12788054605280524,0.1345272041363943,33.0,JPM
2007-01-17,1.1900783678625184,1.4395905944764242,1.2096603327577922,0.12094469226728817,0.14393366197508886,33.0,JPM
2007-04-18,1.2588750627109524,1.3391147948187572,1.063739233927639,0.15793883461975608,0.19882526033644016,33.0,JPM
2007-07-18,0.986258879001459,1.3441964469597814,1.3629245582262512,0.23233201848478813,0.2291395161069534,33.0,JPM
2007-10-17,1.271750998486835,inf,inf,0.19049970997263654,0.24226819636915298,33.0,JPM
2008-01-16,1.4162470086566972,inf,inf,0.3312370377416193,0.4691134638578738,33.0,JPM
2008-04-16,0.9744922476170665,inf,inf,0.5315338226141062,0.5179755894837115,33.0,JPM
2008-07-17,2.1229368682124403,inf,inf,0.48194243032816386,1.0231333536995644,32.0,JPM
2008-10-15,0.8341393249286978,inf,inf,1.3916024937011657,1.1607903646649829,33.0,JPM
2009-01-15,1.4860532539364133,inf,inf,0.7898781525466889,1.1738009988052898,32.0,JPM
2009-04-16,0.9607837284198084,inf,inf,1.3812990653688093,1.3271296660878413,32.0,JPM
2009-07-16,0.8544700596036788,inf,inf,0.5424990025117188,0.46354915501112465,32.0,JPM
2009-10-14,0.9224862230268848,inf,inf,0.3823621201684564,0.3527237880627512,33.0,JPM
2010-01-15,1.026517467261937,inf,inf,0.23993684097254628,0.24629935829796837,31.0,JPM
2010-04-14,2.4460303089570674,inf,inf,0.12591466375505064,0.30799108388699176,33.0,JPM
2010-07-15,0.9879732740354933,inf,inf,0.36788017439126275,0.3634557803460841,32.0,JPM
2010-10-13,1.4384168307204512,inf,inf,0.23653049319235406,0.34022944238649117,33.0,JPM
2011-01-14,0.9758037153336887,1.3147022445748255,1.3473019459915112,0.21633734511426875,0.21110278512792988,38.0,JPM
2011-04-13,1.1641768031560968,1.2847939039755574,1.1036072016659895,0.1770288149360733,0.20609283983879012,33.0,JPM
2011-07-14,0.8730219551392616,1.3735465864410643,1.573324219803797,0.2665992422115361,0.2327469916741608,32.0,JPM
2011-10-13,0.8880070707239037,1.2260104147581001,1.3806313656474107,0.6736808105268636,0.5982333231588653,39.0,JPM
2012-01-13,1.0003005341964495,1.2090859085492363,1.2087226460600724,0.3864069884624857,0.38652311697626573,38.0,JPM
2012-04-13,1.160824040897323,1.313155954124483,1.1312273935241786,0.259287849942664,0.300987569726022,38.0,JPM
2012-07-13,1.221719038288995,1.3145932098356965,1.0760192553574108,0.3319441143865962,0.40554244419408453,38.0,JPM
2012-10-12,0.9779845799766629,1.370490384039148,1.4013415058873948,0.18612487529997854,0.18202725799345826,38.0,JPM
2013-01-16,0.9422508040969741,1.4626758596160863,1.5523211582906236,0.1517537421812165,0.14299008559497617,33.0,JPM
2013-04-12,1.0061131076136909,1.3454814873747247,1.3373063895032151,0.20874594910629965,0.2100220355571085,38.0,JPM
2013-07-12,0.7995958267230584,1.3050963466088457,1.6321950452861336,0.2047168019004223,0.16369070045966874,38.0,JPM
2013-10-11,1.075336908506154,1.5334638692271223,1.4260310950894388,0.21516404842222311,0.2313738426520218,23.0,JPM
2014-01-14,1.5231983770967097,1.4199181989737635,0.9321951889682266,0.13161054511610948,0.20046896872967124,25.0,JPM
2014-04-11,1.395767443031013,1.724550943879248,1.235557508157847,0.17017618289110134,0.23752637565869053,23.0,JPM
2014-07-15,1.6400160275790732,1.8350961344897192,1.1189501222122906,0.12160467000747693,0.1994336078407264,25.0,JPM
2014-10-14,1.2574030238530438,1.5680677772837919,1.2470685591949526,0.21872488212771807,0.27502532817929326,25.0,JPM
2015-01-14,1.204887956246137,1.5569183293550097,1.292168554996295,0.24794395418067816,0.29874468421634315,33.0,JPM
2015-04-14,1.1944115768779064,1.5989606316132448,1.3387015519330416,0.1502482231304297,0.1794582171123201,25.0,JPM
2015-07-14,0.9157390738697812,1.8581911966753746,2.0291710266582017,0.18766311198373603,0.17185044436750746,25.0,JPM
2015-10-13,1.1659446578529746,1.613945787710206,1.384238760253168,0.22485735131755605,0.262171227547674,39.0,JPM
2016-01-14,0.9534867859020103,1.4994265090743288,1.5725718816919447,0.28377559582314554,0.270576280778839,24.0,JPM
2016-04-13,1.267181413234496,1.5899000909334595,1.254674409148111,0.20665569053474342,0.2618702499847668,25.0,JPM
2016-07-14,0.8136607089243176,1.5941440548790553,1.9592245728401445,0.35338922921125276,0.2875389307662461,38.0,JPM
2016-10-14,0.888094067297458,1.8492251562142692,2.0822401863820694,0.13977406450909613,0.12413251745258046,23.0,JPM
2017-01-13,1.8612321573935673,1.760675047373245,0.945972827935049,0.11296454676557723,0.21025324708548182,23.0,JPM
2017-04-13,1.1428946763540886,1.890804282866284,1.654399414037064,0.1351753940690703,0.1544912382556065,24.0,JPM
2017-07-14,0.9516975811051182,1.6300754608922423,1.7128082420881925,0.14851392760107723,0.14134034565836584,23.0,JPM
2017-10-12,1.1451301782303378,2.123853530979452,1.8546830494517352,0.1324409975932781,0.1516621831789943,24.0,JPM
2018-01-12,1.039911073203014,1.7408046131462243,1.6739937269678253,0.12642981776229784,0.13147576747405262,23.0,JPM
2018-04-13,0.994094949538011,1.6042451751523439,1.6137745955734812,0.2877341954046742,0.2860351104611698,30.0,JPM
2018-07-13,1.1583493541188192,1.7097232133650633,1.475999625920874,0.21442850757248882,0.24838312325125475,23.0,JPM
2018-10-12,1.6792708630739153,1.4386483669065449,0.8567101344646035,0.13591632566596926,0.22824032550692755,37.0,JPM
2019-01-15,0.8412844903233152,1.6515610847884823,1.963142199559353,0.2639713391865724,0.2220749935475385,25.0,JPM
2019-04-12,1.3664887451561685,1.5726245598919635,1.1508507226762683,0.1909781581912921,0.260969503739055,36.0,JPM
2019-07-16,1.050315691579972,1.4833859282465045,1.412323875705477,0.1513879824560539,0.15900517349022691,32.0,JPM
2019-10-15,0.9523743006452139,1.6641122412203442,1.7473300571980392,0.22275956585161039,0.2121504857399589,32.0,JPM
2020-01-14,0.9960955007166729,1.676439865784577,1.6830111817375026,0.15944096991383722,0.15881843276107566,32.0,JPM
2020-04-14,0.9644367688450642,1.3113857700346463,1.3597426108142492,1.04398719423291,1.0068596363216122,39.0,JPM
2020-07-14,0.8218719875670746,1.2845558061916327,1.5629633636671398,0.49055635530098807,0.4031745267448831,25.0,JPM
2020-10-13,0.9185746868246647,1.262941848257426,1.3748929361674138,0.23901069264112604,0.21954917214056854,32.0,JPM
2021-01-15,0.9561019568323886,1.4718657567912556,1.5394443513823746,0.2739660775278832,0.26193950283010303,30.0,JPM
2021-04-14,0.973788650393223,1.5661900140912548,1.6083469585097503,0.18637785006924884,0.1814926350821243,39.0,JPM
2021-07-13,0.967825372607337,1.7528460624622082,1.8111181129091634,0.24571831895366075,0.2378124235977752,39.0,JPM
2021-10-13,1.071918995330384,1.6041467490581014,1.4965186325144613,0.2239288281383929,0.24003356448361635,25.0,JPM
2022-01-14,1.7107109126086721,1.7138015524626788,1.0018066406376598,0.2323480344036641,0.39748031797752337,23.0,JPM
2022-04-13,1.0690028804746154,1.417814150752754,1.3262959124331577,0.25748230872217753,0.275249329695262,25.0,JPM
2022-07-14,1.2992075981018845,1.4208052771748028,1.0935937253219348,0.26863081625228924,0.3490071975592854,38.0,JPM
2022-10-14,1.256750190652252,1.3812797257438583,1.0990885348718153,0.34568658466580865,0.43444168118468085,30.0,JPM
2023-01-13,1.2358639362855566,1.3795202475432984,1.116239585151669,0.15526603975132133,0.19188769905853767,30.0,JPM
2023-04-14,1.5216866963556896,1.470062848951549,0.9660745884630684,0.25263401199269087,0.38442981509624147,22.0,JPM
2023-07-14,0.9180022244484161,1.4704501541460655,1.6017936721554125,0.1930899326008811,0.17725698764620357,30.0,JPM
2023-10-13,,1.3914090639139198,,,,22.0,JPM
2000-01-18,0.9226182432689946,1.1081885730494907,1.2011344682747533,0.5551040657884825,0.5121491380092461,33.0,BAC
2000-04-17,0.852438621416635,1.0957197030687824,1.2853942507295693,0.5216864930291315,0.4447057149294318,36.0,BAC
2000-07-17,1.001132287564802,1.0688510340005306,1.0676421560635614,0.4310160372451989,0.4315040713444019,36.0,BAC
2000-10-16,1.0265359693373648,1.0725215530868317,1.0447968557586451,0.497306661846112,0.5105031761761276,36.0,BAC
2001-01-16,0.9130369868645557,1.1471478345102715,1.2564089418213733,0.5443009792050046,0.49696692600076464,33.0,BAC
2001-04-16,1.056091366715629,1.1500413831442113,1.0889601216235298,0.44822651541301767,0.47336815326071785,36.0,BAC
2001-07-16,0.9988579905006004,1.1965988960721303,1.1979669857498236,0.2985375162949569,0.2981965836154209,36.0,BAC
2001-10-15,0.9594407483497314,1.2017811544872894,1.2525850674514203,0.4857952089298192,0.46609171880033984,33.0,BAC
2002-01-22,1.1902630264252472,inf,inf,0.193263794548948,0.23003474899825802,26.0,BAC
2002-04-15,0.9951635781075622,1.3060198207872062,1.3123669811859264,0.1942814219329844,0.19334179501065377,36.0,BAC
2002-07-15,0.9567360320151174,1.2458243536453697,1.3021610057074597,0.31967180528498046,0.3058415345354614,36.0,BAC
2002-10-15,0.9822579697215413,1.2516345327980374,1.2742421760679234,0.6123163901983052,0.6014526542634103,33.0,BAC
2003-01-15,0.9616837204435562,1.2565331473976944,1.3065970866369092,0.17076242924754323,0.1642194482707569,33.0,BAC
2003-04-14,0.8944323177979208,1.3238697543678224,1.4801228980938104,0.2348551203144309,0.21006200960954596,36.0,BAC
2003-07-14,1.2128512328457175,1.423699882905691,1.1738454349139413,0.14542009280313056,0.17637293883681554,36.0,BAC
2003-10-14,0.907496716439546,1.3161873213391275,1.4503494034700533,0.12716040538796342,0.11539765035069835,33.0,BAC
2004-01-15,1.1470071223994205,1.5797021119967654,1.3772382761601267,0.10615999571770758,0.12176627120210257,32.0,BAC
2004-04-14,0.9816398026482818,1.3325518243365906,1.3574753394693384,0.14707524114632695,0.14437491069332883,33.0,BAC
2004-07-14,0.9912483029900716,1.3405043033445205,1.3523395695114215,0.13015663168052818,0.12901754027622736,33.0,BAC
2004-10-14,0.8045449135588475,1.3969688154294906,1.7363465878493942,0.6168312237126828,0.49626842356231854,32.0,BAC
2005-01-18,1.1836465556498066,1.4356256245768275,1.2128837090128546,0.14090910588539118,0.16678657784093717,33.0,BAC
2005-04-18,1.0272427196417537,inf,inf,0.1295194162087282,0.13304787735266618,29.0,BAC
2005-07-18,1.040603273931495,inf,inf,0.13227285928065732,0.13764357041973194,29.0,BAC
2005-10-19,2.0761752127416186,1.6610968006661215,0.8000754418374063,0.08537087765674733,0.1772449000809361,33.0,BAC
2006-01-23,0.9660306369690049,inf,inf,0.13396665805581454,0.1294158960142674,29.0,BAC
2006-04-20,1.0723903016797482,1.5881717189868887,1.4809642687921007,0.10150743055234306,0.10885558407276327,32.0,BAC
2006-07-19,1.2306101562880951,1.418848491674238,1.15296341771949,0.1486119739418551,0.1828834044788686,33.0,BAC
2006-10-19,0.9165302126923535,1.5877078284745436,1.7323027724427897,0.11915835728384944,0.10921223454543796,32.0,BAC
2007-01-23,1.2912781389579242,inf,inf,0.07411146326038887,0.09569851235432351,29.0,BAC
2007-04-19,1.015093717227637,1.363242536067704,1.342972095020852,0.16148607665799203,0.16392350183526827,32.0,BAC
2007-07-19,1.0508318583503378,1.5264669365745687,1.4526271966772237,0.1378073220083264,0.14481232428029303,32.0,BAC
2007-10-18,1.3561161397436334,1.3860669869428395,1.0220857538093073,0.15436791970300834,0.20934082736789883,32.0,BAC
2008-01-22,1.511390486204075,inf,inf,0.35656800147806694,0.5389134851187509,26.0,BAC
2008-04-21,0.872418154546941,inf,inf,0.47916322912321074,0.4180307000784246,30.0,BAC
2008-07-21,0.9305396808258685,inf,inf,1.4687433423338956,1.3667239609905024,29.0,BAC
2009-01-16,1.7060331408044234,1.1013310767853821,0.6455508104995463,0.9504995023863894,1.6215836513892934,31.0,BAC
2009-07-17,0.9296026879734803,1.0951563023703885,1.1780907225621438,0.6311694120980841,0.5867367820530203,31.0,BAC
2009-10-16,1.1840543454921693,1.1259132307951722,0.9508965826455965,0.34448797945325393,0.40789248904144243,31.0,BAC
2010-01-20,1.1966919997308816,inf,inf,0.35724122020127447,0.4275077101889634,26.0,BAC
2010-04-16,2.1864777760921683,1.4258890080182773,0.6521397215235957,0.15055759117375545,0.32919082712338665,31.0,BAC
2010-07-16,1.401996900931745,1.2832485300337044,0.9153005467992673,0.3746070617795534,0.5251979396820806,31.0,BAC
2010-10-19,1.0049042342665313,inf,inf,0.41287868077026607,0.41490353454441986,26.0,BAC
2011-01-21,1.1156983929530158,1.2875438991852777,1.154025054905227,0.3344301102976715,0.37312313661421187,31.0,BAC
2011-04-15,1.1918278344990625,1.238969448188055,1.0395540465866084,0.17738331001058608,0.2114103662461927,31.0,BAC
2011-07-19,1.3036017047843953,1.2569194671655404,0.9641898001149241,0.265430967098894,0.34601626121268897,26.0,BAC
2011-10-18,0.9882268075779861,1.1313299441874642,1.1448079889273648,0.7899014923841634,0.7806018301198887,33.0,BAC
2012-01-19,0.884489549815649,1.1257126921977478,1.2727258252314866,0.5499253085959931,0.48640318863230175,32.0,BAC
2012-04-19,0.9043846323698836,1.1258971395672637,1.2449317461497773,0.5083962882387477,0.45978579023701327,32.0,BAC
2012-07-18,1.0243900147261458,1.1431985928838033,1.1159798284342113,0.42948263287642163,0.4399577206169014,33.0,BAC
2012-10-17,0.7974982283400344,1.1431998835789805,1.4334826623483696,0.3248347704386033,0.2590551539280279,33.0,BAC
2013-01-17,1.0277646449877147,1.1201292740396696,1.0898694360643812,0.35931183161913877,0.3692879970639297,24.0,BAC
2013-04-17,1.5093119987706927,1.2446093584378946,0.82462032995935,0.2063378732873693,0.31142822795345326,25.0,BAC
2013-07-17,1.0228493410406028,1.27971273557719,1.251125345864979,0.22686980983229196,0.23205363548896668,25.0,BAC
2013-10-16,0.9677988862040001,1.370366707468483,1.4159622696441363,0.19500917823793418,0.18872966549823003,25.0,BAC
2014-01-15,0.9908152563474496,1.5220378225052966,1.5361469383466608,0.22665914726481498,0.22457734110068198,25.0,BAC
2014-04-16,0.970644564640223,1.2848882263965777,1.323747407860705,0.2581931908672154,0.2506138173423783,39.0,BAC
2014-07-16,1.2041857797502802,1.4236781600652262,1.182274516113671,0.18071581422048022,0.21761541366029574,39.0,BAC
2014-10-15,1.236936159858309,1.433231783063554,1.158695031785416,0.23525419368868214,0.29099441893184136,39.0,BAC
2015-01-15,1.211882247652611,1.9003450951906895,1.568093846470328,0.2596681078930191,0.31468717023709264,24.0,BAC
2015-04-15,1.0363930066191342,1.7865815321153489,1.7238456075108413,0.14020534711036672,0.14530784123579232,25.0,BAC
2015-07-15,0.9726793229882355,2.000939847421423,2.0571423696704043,0.2417445358921665,0.2351399115076977,25.0,BAC
2015-10-14,1.0534072882704446,1.6467729928303707,1.563282323149818,0.22769446814370206,0.23985501224143835,25.0,BAC
2016-01-19,1.0610895248047445,1.3274155950008661,1.250993025536775,0.2851737458106535,0.30259487442901534,25.0,BAC
2016-04-14,1.1933567213820897,1.5366395488636808,1.2876615360108057,0.24966836545267695,0.29794342202943197,24.0,BAC
2016-07-18,0.8660910084172949,1.3732852940134093,1.5856131522748023,0.3716703932574357,0.3219003856951851,21.0,BAC
2016-10-17,0.8496546874817532,1.6890268004959197,1.9878979371042338,0.200013266392071,0.16994220934855975,21.0,BAC
2017-01-13,1.2980843475279493,1.8612415636098343,1.4338371517647157,0.21289332983307974,0.2763534991494258,30.0,BAC
2017-04-18,1.0956030942658956,1.742562033456089,1.5905048484950524,0.19032549253452144,0.20852119853850232,24.0,BAC
2017-07-18,0.8304228347517606,1.3037904639928493,1.5700320480500674,0.20608741588954205,0.17113969610965854,25.0,BAC
2017-10-13,1.0341858348813362,1.5238583305336886,1.4734859820513186,0.1733275828512814,0.17925293097901643,23.0,BAC
2018-01-17,0.8307189493585149,1.504968540991775,1.811645854658689,0.14355138359716782,0.1192508545608004,25.0,BAC
2018-04-16,0.8707107743867177,1.7198079771749708,1.9751770941232603,0.34557378692336566,0.3008948196197943,21.0,BAC
2018-07-16,1.2278428193544844,1.7310323770287268,1.4098159387687628,0.21462342167092754,0.263523827163938,21.0,BAC
2018-10-15,1.1280997243620658,1.7297053508829856,1.533291174112399,0.21652245899526343,0.24425892631075338,21.0,BAC
2019-01-16,1.2670056806978522,1.3377416414102743,1.0558292372244626,0.30274180348385177,0.38357558479875303,32.0,BAC
2019-04-16,0.8566858199880049,1.6422399359244868,1.9169687388399648,0.2689705967911178,0.23042329626466176,25.0,BAC
2019-07-17,0.8621754085026906,1.4240815725552123,1.6517306785963244,0.17610577226709268,0.15183406614406242,25.0,BAC
2019-10-16,0.9220181365417106,1.4338065290157613,1.5550741055850132,0.24051935024731386,0.22176320311725134,32.0,BAC
2020-01-15,1.0203081781021193,1.6912092597175252,1.6575474900763343,0.1487682956281145,0.15178950867167898,25.0,BAC
2020-04-15,0.9449799192004781,1.3574576300294754,1.436493625365059,1.0483436125069303,0.9906636622411363,24.0,BAC
2020-07-16,0.8927770315692937,1.1997636211342875,1.343855832654412,0.5019500840074518,0.4481295059961304,24.0,BAC
2020-10-14,1.4663589924782463,1.295396827849812,0.883410429843311,0.24063472068474467,0.3528568865785664,32.0,BAC
2021-01-19,0.9101417570936995,1.373930378534095,1.509578445143956,0.33676911518946345,0.30650763423342875,25.0,BAC
2021-04-15,1.13750131382895,1.305586152483071,1.147766720451803,0.21320156003360402,0.24251705464860634,24.0,BAC
2021-07-14,0.9841821554288207,1.3213072360770988,1.342543378569375,0.2984594572153584,0.2937384719103273,32.0,BAC
2021-10-14,1.2530770437503902,1.470509459091926,1.1735187923407908,0.23403088614551307,0.29325873095750365,31.0,BAC
2022-01-19,1.01145655394072,1.619020150527221,1.600681852541646,0.27202301055032424,0.2751394568438111,39.0,BAC
2022-04-18,1.2205451828163862,1.4282158285210322,1.1701458074869868,0.27194234834317565,0.33191792327403874,21.0,BAC
2022-07-18,0.8456201518766131,1.3435719365769212,1.5888598841870618,0.43877747909916986,0.3710390785158775,21.0,BAC
2022-10-17,1.1433363988569742,1.3757435843200363,1.2032710457704365,0.4212812181104034,0.4816661508204282,21.0,BAC
2023-01-13,1.1120955651931297,1.3648402545735314,1.2272688582626525,0.1981358965480539,0.2203460518566555,30.0,BAC
2023-04-18,0.8837881446589073,1.4049812709353469,1.589726315549968,0.34535671767062176,0.30522217275560887,32.0,BAC
2023-07-18,1.1945024658780776,1.5718377912556323,1.315893299642689,0.22085936782154691,0.26381705947511114,21.0,BAC
2000-01-18,1.1304293719332417,1.1680532885154682,1.0332828547420727,0.48910581503838985,0.5528995793027432,33.0,WFC
2000-04-18,0.8830900149299602,1.015756010556453,1.150229300958651,0.6181392991713006,0.545872642933979,33.0,WFC
2000-07-18,0.9463306617854009,1.1479237094121502,1.2130260127537371,0.411690911287622,0.3895957325298501,33.0,WFC
2000-10-17,1.0529470915779255,1.108670208926809,1.0529210990700186,0.2869727586900583,0.30216713162479075,33.0,WFC
2001-01-16,0.9898119415560402,1.12589015729821,1.1374788583862174,0.3086287297422225,0.30548440220612366,33.0,WFC
2001-04-17,0.9394264125629745,1.190797029220141,1.267578826074699,0.4548414896299576,0.42729010888787045,33.0,WFC
2001-07-17,1.1658034913872306,1.3770343066657766,1.1811890398674265,0.20813579533430407,0.24264543688338974,33.0,WFC
2001-10-16,1.0001237075537575,inf,inf,0.2254724265434294,0.22550031918575683,33.0,WFC
2002-01-15,2.794271322175137,inf,inf,0.08650955903971537,0.24173117991869356,33.0,WFC
2002-04-16,1.0184642232976686,1.1510766708017126,1.1302082532410027,0.15790561983276066,0.16082122445730954,33.0,WFC
2002-07-16,1.1735723955560735,inf,inf,0.2190578758993355,0.2570802761846082,33.0,WFC
2002-10-15,0.9790295584358737,inf,inf,0.3899688714901171,0.38179105205870534,33.0,WFC
2003-01-16,0.9342319773508015,inf,inf,0.221123566464216,0.2065807067367259,32.0,WFC
2003-04-15,0.9686603476796362,inf,inf,0.25467047687232813,0.2466891926708881,33.0,WFC
2003-07-15,1.3059486478024391,inf,inf,0.15769912315725454,0.2059469566468469,33.0,WFC
2003-10-21,1.0838360566486298,inf,inf,0.1161360763042577,0.12587246697625104,26.0,WFC
2004-01-20,1.0237140230993358,inf,inf,0.12319676720680095,0.12611825819010652,26.0,WFC
2004-04-16,1.0655530908413036,inf,inf,0.15583996111199433,0.1660557522394741,31.0,WFC
2004-07-20,1.0889285632483938,inf,inf,0.11318005091427769,0.12324499023046445,26.0,WFC
2004-10-19,1.0960222726009545,inf,inf,0.10592031997580006,0.11609102981449666,26.0,WFC
2005-01-18,1.2182605709149306,1.5695813934750398,1.288379047100131,0.08570534399805872,0.10441144130953553,33.0,WFC
2005-04-19,1.0581073201820126,inf,inf,0.12290445261047085,0.13004610099010247,26.0,WFC
2005-07-19,1.0819491575941884,inf,inf,0.10430479066857523,0.11285248039690313,26.0,WFC
2005-10-18,0.9799713539147099,1.3517487835639261,1.3793758135521716,0.13440271465246353,0.1317108102477871,33.0,WFC
2006-01-17,1.4555824965971542,1.4811826350066852,1.0175875558200094,0.11500690034327155,0.1674020311275593,33.0,WFC
2006-04-18,0.9957213927276223,1.4450380174380117,1.4512473348388721,0.08375933725316015,0.08340096394365924,33.0,WFC
2006-07-18,1.40373323197459,1.3646104904849115,0.9721295039552167,0.14439450861909758,0.20269137026326867,33.0,WFC
2006-10-17,1.0603832808265716,1.4645133323823436,1.3811169591817325,0.07821962389886353,0.08294278141489742,33.0,WFC
2007-01-16,1.6886286815509288,1.6319399914879842,0.9664291559877577,0.06171099571607101,0.104206957333224,33.0,WFC
2007-04-17,1.166151572499405,1.2715362809144388,1.0903696491093036,0.15181016451887724,0.17703366207508206,33.0,WFC
2007-07-17,1.0558767707376633,1.3259118664996168,1.2557448967963372,0.16633014447591687,0.1756241358255601,33.0,WFC
2007-10-16,1.2016174062607559,inf,inf,0.20018702544531855,0.2405482142826596,33.0,WFC
2008-01-16,1.2629163773129803,inf,inf,0.37788678783663787,0.4772394131290855,33.0,WFC
2008-04-16,1.016923962546769,inf,inf,0.517313461174507,0.5260684548163639,33.0,WFC
2008-07-16,3.049849679858558,inf,inf,0.4855632533355628,1.4808949327365462,33.0,WFC
2008-10-15,0.8785201248678766,inf,inf,1.2344332523332233,1.0844744549808423,33.0,WFC
2009-04-22,0.874611835514828,inf,inf,1.811532493927195,1.5843877596084182,26.0,WFC
2009-07-22,0.9763984736533381,inf,inf,0.48196144641866084,0.47058642064293554,26.0,WFC
2009-10-21,1.1193621003202703,inf,inf,0.45262114423707006,0.5066469546625707,26.0,WFC
2010-01-20,0.9488303999520231,inf,inf,0.3094071351243808,0.2935748957680759,26.0,WFC
2010-04-21,1.09210144558011,inf,inf,0.24880063646210443,0.27171553474151566,26.0,WFC
2010-07-21,0.9752125505232869,inf,inf,0.41700818450098737,0.4066716151962933,26.0,WFC
2010-10-20,0.9152517762474416,inf,inf,0.45740297805768393,0.41863888812816474,26.0,WFC
2011-01-19,0.9874491904439228,1.2411473537119686,1.2569227517964665,0.2319126692064956,0.22900197746164333,33.0,WFC
2011-04-20,1.3492295228990434,inf,inf,0.18335073292839574,0.2473822219121693,26.0,WFC
2011-07-19,1.4534560091496695,inf,inf,0.2229321644159221,0.3240220940030641,26.0,WFC
2011-10-17,1.2108545137643385,inf,inf,0.5119621569253493,0.6199116885895858,36.0,WFC
2012-01-17,0.8599936508248734,1.339074943787355,1.5570753836414546,0.24588694488666543,0.21146121142325786,33.0,WFC
2012-04-13,1.1781793240529028,inf,inf,0.2371498121860493,0.2794050054206324,38.0,WFC
2012-07-13,1.0839910975301768,inf,inf,0.2034772431088173,0.22056752007994143,38.0,WFC
2012-10-12,1.0001629731460941,inf,inf,0.19520996904303212,0.195241783025836,38.0,WFC
2013-01-11,0.9907604528407082,inf,inf,0.18488235917712512,0.18317412990058696,38.0,WFC
2013-04-12,1.0589987288277871,1.6114448618701198,1.5216683627692726,0.15992090359705988,0.1693560336222775,38.0,WFC
2013-07-12,1.005823501149208,1.6034541026907454,1.594170449247519,0.2114992802844669,0.21273094658626018,23.0,WFC
2013-10-11,1.2468622640493445,1.7610548957241388,1.4123892802761453,0.13564655505571205,0.16913257074725918,23.0,WFC
2014-01-14,1.0523839609395529,1.7881887203761786,1.6991789943089879,0.11980757371714619,0.12608356897900777,25.0,WFC
2014-04-11,1.2579040283691938,1.7901008299775705,1.4230821983282316,0.14900841155158986,0.1874382811516396,23.0,WFC
2014-07-11,0.848083309523989,2.2106585410470334,2.6066525731862695,0.12094972366071356,0.10257544192818988,22.0,WFC
2014-10-14,1.1275424313386628,1.705710858262684,1.512768664712331,0.19356921425948395,0.2182575024784531,33.0,WFC
2015-01-14,0.9712974964995347,1.721044711651487,1.771902756728985,0.2260762172100023,0.21958726379416024,33.0,WFC
2015-04-14,1.056706728069612,1.848822649336809,1.7496080986578284,0.13138968798219125,0.13884036728974855,25.0,WFC
2015-07-14,0.9212303797328744,1.7561519871015412,1.9063114132327745,0.15949896757220966,0.1469352944635481,25.0,WFC
2015-10-14,0.947934895991491,1.6143273902444457,1.702993947232993,0.21548759495548706,0.20426821091158615,25.0,WFC
2016-01-15,1.1384265463893783,1.6969235982399662,1.4905868135470937,0.27572608046143254,0.3138938895291885,23.0,WFC
2016-04-14,1.1094640305755556,1.6579062058563394,1.4943307400387456,0.20141760165410627,0.22346558416002646,24.0,WFC
2016-07-15,0.976037297510734,2.209150313757791,2.2633871875510945,0.2418696064780836,0.23607375705685343,23.0,WFC
2016-10-14,0.8735542274335532,1.4998014341834136,1.7168956283226229,0.19564897791291025,0.1709099917488766,23.0,WFC
2017-01-13,1.1828074441029368,1.3794507067831316,1.1662512893883017,0.18217326426538977,0.21547589308963452,23.0,WFC
2017-04-13,1.7203648514203833,1.8830771979987786,1.0945801388839438,0.14608472612602724,0.25131902815659024,30.0,WFC
2017-07-14,0.8779135791294402,2.5656570293485825,2.92244828003771,0.16596879098968453,0.14570625532153994,23.0,WFC
2017-10-13,1.3313141265843709,1.4295018951562928,1.0737525176149323,0.13281382635214437,0.17681692322833337,23.0,WFC
2018-01-12,0.9266439151665143,3.547802324238395,3.828657660370941,0.16553267166733127,0.15338984296178898,23.0,WFC
2018-04-13,1.0066999518442303,1.713178366137541,1.701776545234827,0.2630183261671041,0.2647805362865737,30.0,WFC
2018-07-13,1.1205621363958291,1.4418759342481566,1.2867434008486132,0.20061035110712525,0.22479636361971767,37.0,WFC
2018-10-12,1.3686723893573944,1.86138144977757,1.3599905019283012,0.15508014210784993,0.21225390864063523,23.0,WFC
2019-01-15,0.981707371717815,1.3894050593819542,1.41529451587059,0.2573275124112074,0.2526203158798898,32.0,WFC
2019-04-12,1.131991364897484,1.5673572460294913,1.3846017687347245,0.1921388998962691,0.2174995755434787,36.0,WFC
2019-07-16,1.2167398078661595,1.418051806220226,1.1654519701357635,0.16966024440234873,0.20643237317663946,25.0,WFC
2019-10-15,0.8738817285469879,1.4676375240841657,1.679446401201707,0.22739182705987623,0.19871356288854236,25.0,WFC
2020-01-14,2.4653740637914843,1.5163054901722637,0.6150407406494519,0.10937933217687448,0.2696609686636997,32.0,WFC
2020-04-14,0.9270904120850233,1.5318728180455552,1.6523445805036192,1.1133947314401904,1.03221758038418,24.0,WFC
2020-07-14,0.9262523453461441,1.1884750567841331,1.283100726012192,0.6009879865031281,0.5566665320233792,25.0,WFC
2020-10-14,1.3259448503516191,1.2526952917979897,0.9447567079926402,0.2872016896291818,0.38081360137609765,32.0,WFC
2021-01-15,1.36492250775748,1.4778551263983668,1.0827392163284282,0.3890658854121121,0.5310447839995844,37.0,WFC
2021-04-14,1.3659186766507243,1.4258786789950748,1.0438971978122258,0.2586614967145109,0.3533105692927804,39.0,WFC
2021-07-14,1.0376554445606903,1.5877155627360173,1.5300990044997111,0.3584681189600421,0.3719663953403169,39.0,WFC
2021-10-14,1.5738293976204847,1.382912290547514,0.8786926287171765,0.25485985155671836,0.4011059266531562,31.0,WFC
2022-01-14,1.044522196988286,1.3988592665888753,1.3392336425422684,0.3427694381545203,0.3580302866016,23.0,WFC
2022-04-14,1.0864078848917786,1.3146839338899532,1.2101200222979918,0.3348240925441807,0.3637555341917325,30.0,WFC
2022-07-15,1.2550787895439586,1.3019612346225522,1.037354184828212,0.3446841215585818,0.4326057300607675,30.0,WFC
2022-10-14,1.035873129195103,1.3381480763268891,1.2918069197978526,0.34940055547253746,0.36193464673984455,30.0,WFC
2023-01-13,1.1616767980971738,1.3385127616106964,1.152224752877203,0.18277874002457384,0.21232982147198268,30.0,WFC
2023-04-14,0.9325358748700805,1.3186742077192262,1.4140734348723494,0.3724951096047258,0.34736505292006953,22.0,WFC
2023-07-14,0.9820189654644542,1.4178267537443718,1.443787547497923,0.2366621724491785,0.23240674175311254,23.0,WFC
2000-03-21,0.8355686185270317,inf,inf,0.7752013668227639,0.6477339351563636,29.0,GS
2000-06-20,0.8831790356634875,inf,inf,0.6383859891808225,0.5638091223058004,26.0,GS
2000-09-19,1.0320662661338027,inf,inf,0.4371440270115127,0.4511616037204661,26.0,GS
2000-12-19,0.93617814832834,inf,inf,0.6501828744871445,0.6086869995121724,26.0,GS
2001-03-20,0.9821672706783221,inf,inf,0.6017788080599852,0.5910474494643295,29.0,GS
2001-06-19,1.0830837267434084,inf,inf,0.35109886963613735,0.38026947218090573,26.0,GS
2001-09-26,0.9048818695425156,inf,inf,0.524825833607486,0.4749053814989512,26.0,GS
2001-12-20,0.9861016287465542,1.247131163613806,1.264708552605323,0.34879757383291554,0.3439498556594845,32.0,GS
2002-03-19,0.861617499991599,inf,inf,0.3429063468731013,0.2954541093240536,29.0,GS
2002-06-20,0.970913148808913,1.2855774399566156,1.324091080168935,0.3374012842271214,0.3275873432811255,32.0,GS
2002-09-24,0.9739970039096782,inf,inf,0.3400967713396796,0.33125323632420284,26.0,GS
2002-12-19,1.172817700661392,1.29953665573558,1.1080465915570057,0.28037022991409716,0.32882316838175724,32.0,GS
2003-03-20,0.9233831612961111,1.259553835570424,1.3640641159217648,0.42940927221582764,0.39650929126851325,32.0,GS
2003-06-25,0.9666442822695267,inf,inf,0.30239859231134575,0.29231187022411603,25.0,GS
2003-09-23,1.3755379762453814,inf,inf,0.2102068636149449,0.2891475237697902,26.0,GS
2003-12-18,1.0183439530392815,1.3703644868058142,1.3456794069586369,0.18135922323248405,0.1846860683067013,32.0,GS
2004-03-23,1.2041886286222394,inf,inf,0.21053405074788942,0.25352270984838593,26.0,GS
2004-06-22,1.2172497788680123,inf,inf,0.1583385657114034,0.19273758409848402,26.0,GS
2004-09-21,1.1525348117260275,inf,inf,0.19956494334946778,0.23000554441039417,26.0,GS
2004-12-16,1.6060393746313026,1.3486389322062562,0.8397296812949323,0.13407461578650887,0.2153291120916969,32.0,GS
2005-03-17,0.80084044882886,1.4205045658464488,1.7737672565412732,0.17608338240152124,0.14101469499373806,32.0,GS
2005-06-16,1.1738672525159408,1.4046698019624362,1.1966172486299604,0.19449645340817773,0.22831301738635226,32.0,GS
2005-09-20,1.1790143737080616,inf,inf,0.17122898764435668,0.2018814376281766,26.0,GS
2005-12-15,1.0298725061284524,1.3608093634452947,1.3213376950520959,0.17488229724841578,0.1801064697447269,32.0,GS
2006-03-14,1.859473741313925,1.3378032266327378,0.7194526047393555,0.16543827786182785,0.30762813349226575,33.0,GS
2006-06-13,1.3596017322950298,1.1005039257175353,0.8094310999882788,0.26093556287259884,0.35476844329896406,33.0,GS
2006-09-12,1.491203954450641,1.2368960170111587,0.8294613311073405,0.16289650214405602,0.24291190816339367,33.0,GS
2006-12-12,0.8633466432688373,1.1791118453667218,1.36574556067343,0.2905014337949935,0.250803437731692,33.0,GS
2007-03-13,0.818192151540041,1.1670776845364237,1.4264102660233215,0.3630870846823696,0.29707500301266904,33.0,GS
2007-06-14,1.1357029421728022,1.1708359936536858,1.0309350712904448,0.23049950948821976,0.2617789710951589,32.0,GS
2007-09-20,1.2017862299912887,1.2365770885784029,1.0289492904136257,0.32773432690268617,0.3938666011671118,32.0,GS
2007-12-18,0.9184771971211675,1.1896471961346065,1.2952386840559371,0.49632538935467724,0.45586355247455607,33.0,GS
2008-03-18,2.066652469030427,1.1654588389380698,0.563935570398465,0.46756409479664524,0.9662924909414635,36.0,GS
2008-06-17,0.8715349494870491,1.1703361488122244,1.3428447700244697,0.47657856082818856,0.4153548719380059,33.0,GS
2008-09-16,3.3078563418731473,1.2393527444653596,0.3746694585181255,0.4115709565726698,1.3614175988297035,33.0,GS
2008-12-16,0.9338534760031624,1.1358837983580117,1.2163404940350249,1.2038295609118512,1.124200419972893,33.0,GS
2009-04-13,1.0604644819557092,inf,inf,0.8447233916702032,0.8957991539434117,36.0,GS
2009-07-14,1.056896434284171,inf,inf,0.3641602253437594,0.38487964367393945,33.0,GS
2009-10-15,1.1311405572982278,inf,inf,0.2461189813190516,0.27839516169090417,32.0,GS
2010-01-21,1.328226095655825,inf,inf,0.24520153024270946,0.3256830711631077,25.0,GS
2010-04-20,0.7975047762224223,inf,inf,0.6694513759412715,0.5338906697618364,26.0,GS
2010-07-20,0.8747004302530408,inf,inf,0.3050974336168779,0.26686885645378167,26.0,GS
2010-10-19,1.0190611032993497,inf,inf,0.2178919456174603,0.222045206500971,26.0,GS
2011-01-19,1.3691438941679774,1.4588072671621168,1.0654886410231026,0.1846198237061277,0.25277110436961314,33.0,GS
2011-04-19,0.9146444243141405,inf,inf,0.18613746674772197,0.17024959611676263,26.0,GS
2011-07-19,1.2511313313022732,1.4756488181375087,1.1794515741217515,0.18801078769597468,0.23522618710925386,26.0,GS
2011-10-18,0.909311967748072,1.2790182852049492,1.4065780838367956,0.5273302289175761,0.4795076881100824,33.0,GS
2012-01-18,1.1193080827647883,1.1397527338381348,1.0182654368249056,0.3797402436067846,0.42504632402014375,33.0,GS
2012-04-17,0.8528991958249144,1.251341239203157,1.4671619405067842,0.37966367393355777,0.3238148421818639,33.0,GS
2012-07-17,0.866039638546637,1.2606796283348027,1.4556835186556119,0.30316615604967795,0.26255390820483643,33.0,GS
2012-10-16,1.132318605768044,inf,inf,0.21039777211279723,0.23823731197546524,33.0,GS
2013-01-16,1.152841624087473,inf,inf,0.23002230350320793,0.26517928594697987,33.0,GS
2013-04-16,1.0592562025151235,1.318396536497004,1.2446436786176673,0.20403756158217765,0.21612805265198315,33.0,GS
2013-07-16,0.9423942651180618,inf,inf,0.2334823592107633,0.2200324363264586,33.0,GS
2013-10-17,1.187935883099764,inf,inf,0.1987169445767558,0.23606298904267523,24.0,GS
2014-01-16,1.3169266864317304,inf,inf,0.13171336716460966,0.1734568481788553,24.0,GS
2014-04-17,0.9076335941944874,1.5886392269342662,1.750308976106335,0.21996722127323431,0.19964963964919977,24.0,GS
2014-07-15,0.9910995904560959,1.6923654421882341,1.7075634562712527,0.1407121293755511,0.13945973379631388,25.0,GS
2014-10-16,1.0806753025114266,1.6274210822941304,1.5059297445884978,0.2350174779629907,0.2539775840931275,24.0,GS
2015-01-16,0.9237049120692139,1.5960996133229501,1.72793236505313,0.22786463615596475,0.21047968370412884,23.0,GS
2015-04-16,1.0194820157696998,1.5317826692170426,1.5025107314527373,0.1707236421881819,0.17404968287755263,24.0,GS
2015-07-16,0.8500203390060632,1.5135566343544855,1.7806122570246985,0.18194027384970035,0.15465293325657828,24.0,GS
2015-10-15,0.9696764171662942,1.6719406666058085,1.7242253570441117,0.23996035312673886,0.2326838954818949,24.0,GS
2016-01-20,1.1279191082949682,1.4782801756534274,1.3106260588918353,0.3234253134181155,0.3647975911105814,25.0,GS
2016-04-19,0.9548615035173543,1.4452183444326554,1.5135371350808562,0.2694791433848794,0.25731526001905464,25.0,GS
2016-07-19,0.8448698180403664,1.5062125572991767,1.7827747247413357,0.3238849658736637,0.27364063218369256,25.0,GS
2016-10-18,0.9134677590105945,1.4306488279711491,1.5661733146670984,0.21343409062705682,0.19496516046156173,32.0,GS
2017-01-18,1.2575871914993764,1.3489089444219176,1.0726166372716166,0.15871625165350128,0.19959952516223492,25.0,GS
2017-04-18,1.7861624002967034,1.7546742802786444,0.9823710766653534,0.14192480985234662,0.2535007590275207,24.0,GS
2017-07-18,1.066785943132314,1.5247616135383468,1.429304185487594,0.16747688427813795,0.17866198594751478,25.0,GS
2017-10-17,1.4369058213459558,1.5220924908626643,1.059284796714731,0.16550765236383475,0.2378189091588969,25.0,GS
2018-01-17,1.3549223169536773,1.5413739335049215,1.137610558345847,0.1525450344471122,0.20668667151285977,25.0,GS
2018-04-17,0.8308488136714742,1.4735151456366764,1.773505746641553,0.29831103461283576,0.24785136921318468,25.0,GS
2018-07-17,0.9742216011105644,1.5950809348454769,1.637287587369407,0.17685618839982192,0.17229711902918615,32.0,GS
2018-10-16,1.341775417303177,1.7274715565085008,1.2874520834347458,0.19789110900251383,0.2655254253624365,25.0,GS
2019-01-16,1.5585311024571407,1.2975331122857585,0.8325359116928117,0.30281932300612585,0.4719533333300623,32.0,GS
2019-04-15,1.4085861642491118,1.4683954141896036,1.0424604837520712,0.20270103613496945,0.2855218749786772,21.0,GS
2019-07-16,0.9851230070054067,1.3331810525258652,1.3533142998847334,0.19842096503026246,0.1954690577235268,32.0,GS
2019-10-15,0.7935196305020225,1.3758252183680328,1.7338263169338521,0.24083444069160603,0.19110685638976446,25.0,GS
2020-01-15,0.9508532129404095,1.540639823366674,1.6202709339356536,0.16229323359009123,0.15431704259762663,25.0,GS
2020-04-15,0.8056501486519047,1.393395301568751,1.7295290069769378,0.9815459319639668,0.7907826259954421,24.0,GS
2020-07-15,0.8217010231898504,1.283022712701151,1.5614228003762805,0.5491460961699449,0.4512339091035557,25.0,GS
2020-10-14,0.9001796268266635,1.3160821073428686,1.4620216544806233,0.2851375345526611,0.25667499944788935,25.0,GS
2021-01-19,0.9605296123821372,1.370283783339316,1.4265919193693346,0.318830519664917,0.3062461554693381,32.0,GS
2021-04-14,1.0109307098443805,1.404031023103182,1.3888499077442351,0.19171334703535525,0.19380891000509376,39.0,GS
2021-07-13,0.948818826813119,1.5159417600015788,1.5977146712964216,0.2925178931013298,0.2775464841542491,39.0,GS
2021-10-15,1.082238970816927,1.5146472783183784,1.3995497474786445,0.2510903969230182,0.2717398127479809,23.0,GS
2022-01-18,1.2654897843965267,1.514566371391589,1.19682228182809,0.29658791033485754,0.37532897070427523,25.0,GS
2022-04-14,0.9967516806040727,1.4250632943388462,1.429707440749133,0.24044156094884303,0.23966052996282586,30.0,GS
2022-07-18,1.055502414594976,1.381354900267542,1.308717896962466,0.36013880360240025,0.38012737679167935,28.0,GS
2022-10-18,1.0366604992323263,1.4404525384034794,1.3895123229544981,0.37504554145922075,0.3887948982439739,25.0,GS
2023-01-17,1.8576308443821214,1.3560102844617832,0.7299675759382723,0.1871721568209626,0.3476967717201476,32.0,GS
2023-04-18,0.9042454714892649,1.3777669183915893,1.5236647147620754,0.212471941330241,0.1921267907664032,25.0,GS
2023-07-19,1.1290252973666641,1.3945839080900369,1.235210505329474,0.21306854377442783,0.24055977599440548,31.0,GS
2000-04-13,1.1865880948614627,inf,inf,0.6859117677967966,0.8138947377930589,39.0,MS
2000-06-22,0.8867320044731026,inf,inf,0.5733852109527328,0.5084390174433495,25.0,MS
2000-09-21,1.1340337152643463,inf,inf,0.4466088644498142,0.5064695098220136,25.0,MS
2000-12-19,0.8378563166426831,inf,inf,0.8593992703741625,0.7200531072011052,26.0,MS
2001-03-21,0.9091667480399195,inf,inf,0.6903377638327938,0.627632139793011,25.0,MS
2001-06-21,1.4841014661781784,inf,inf,0.362334927839939,0.5377417976548179,25.0,MS
2001-09-21,1.2118539456084017,1.1559757860122812,0.9538903513920837,0.6986294977368452,0.8466369133508118,31.0,MS
2001-12-19,0.9653674093084632,1.1981973961841133,1.241182771067895,0.43940195336149596,0.4241843253616655,33.0,MS
2002-06-19,0.8673830273409989,1.2466449887836515,1.437248538982019,0.495738888836893,0.42999549817000715,33.0,MS
2002-09-19,1.3974572933438731,1.195776361340744,0.8556800748303788,0.42667963576871065,0.596266568926292,32.0,MS
2002-12-19,0.9997631627586915,1.3098328704100883,1.310143161102083,0.45723565869946886,0.4571273682674346,32.0,MS
2003-03-20,0.8823568577349532,1.151223905145101,1.3047146345077894,0.5877644495097372,0.5186179927577262,32.0,MS
2003-06-18,1.642724578600166,1.298624652877204,0.7905309689733967,0.27182338004059686,0.4465309474308623,33.0,MS
2003-09-23,1.08737070104498,inf,inf,0.2899994832521218,0.31533694140654167,26.0,MS
2003-12-18,1.0224419438132046,1.286468041725174,1.2582308946826672,0.234752017096865,0.24002030867458932,32.0,MS
2004-03-18,0.9723604758011372,1.2564729977977824,1.2921884723487576,0.2552012763801266,0.2481476345260374,32.0,MS
2004-06-22,0.886136763076537,inf,inf,0.2393367549330486,0.21208509730161407,26.0,MS
2004-09-22,1.738322845506717,inf,inf,0.22813840567199822,0.3965782025171137,26.0,MS
2004-12-21,0.9213555393208718,inf,inf,0.20679850475539338,0.19053494787965533,26.0,MS
2005-03-17,0.9596479537699839,1.243228706229244,1.2955049832026537,0.2302146950219832,0.22092506100562706,32.0,MS
2005-06-22,1.1460828399837653,inf,inf,0.2001676593557843,0.22940871950738015,26.0,MS
2005-09-21,0.9409419977407694,inf,inf,0.13530110240749438,0.12731048959583618,26.0,MS
2005-12-20,0.9314986759352979,inf,inf,0.160960740464832,0.14993471662055613,26.0,MS
2006-03-22,1.134914924150159,inf,inf,0.14218393387755596,0.16136666853201764,25.0,MS
2006-06-21,1.0227786713179685,inf,inf,0.30928327854682497,0.3163283406929868,26.0,MS
2006-09-20,0.9010467834402832,inf,inf,0.18508207924906298,0.1667676121798078,26.0,MS
2006-12-19,1.04494378607449,inf,inf,0.17373958651901739,0.18154810132819843,26.0,MS
2007-03-21,1.1598453471393793,inf,inf,0.3492589592066745,0.4050863787826037,25.0,MS
2007-06-20,1.0326447402546635,inf,inf,0.22215027740642657,0.2294023155098608,26.0,MS
2007-09-19,1.1662520778214138,1.3138669916334744,1.1265720478610497,0.3908986209342798,0.45588632888212904,33.0,MS
2007-12-19,1.016717753409905,1.2074796787888022,1.1876252526712678,0.5558726222626025,0.5651655636889059,33.0,MS
2008-03-19,1.6256599619384797,1.1173986375920217,0.6873507767636758,0.7282168779513705,1.1838330220933835,32.0,MS
2008-06-18,0.8799041008502049,1.1969565791774956,1.3603261742057342,0.6288704085843005,0.5533456514166699,33.0,MS
2008-09-16,3.0689104399915843,1.223864057769492,0.3987943218612949,0.5638791129779815,1.7304944967113216,33.0,MS
2008-12-17,0.9494659957170534,1.0976042656812233,1.156022722912044,1.5493562981552362,1.4710611203484492,33.0,MS
2009-04-22,0.8830693997466957,inf,inf,1.1031520285231995,0.9741597996573316,26.0,MS
2009-07-22,0.9033394282678497,inf,inf,0.4586506331692744,0.4143172007418196,26.0,MS
2009-10-21,1.1787839365394905,inf,inf,0.3573170334138896,0.4211995792402375,26.0,MS
2010-01-20,1.2602735726653362,inf,inf,0.3151330601970377,0.39715386763948113,26.0,MS
2010-04-21,1.0964217952796138,inf,inf,0.3452562980743863,0.37854653016631207,26.0,MS
2010-07-21,1.0546892912183565,inf,inf,0.3677273789002713,0.38783812861391115,26.0,MS
2010-10-20,0.9070040913656213,inf,inf,0.28667403695846866,0.2600145244096304,26.0,MS
2011-01-20,1.4295012578650368,1.248368222773583,0.8732893489286072,0.25462494861443985,0.3639866843281621,32.0,MS
2011-04-21,1.3053080437940734,inf,inf,0.15946959331289295,0.20815694289188874,25.0,MS
2011-07-21,1.963777560084427,inf,inf,0.31283194321609076,0.6143323501653647,25.0,MS
2011-10-19,0.8784696588655065,1.1948845462374926,1.3601887488984172,0.8677374072386896,0.7622809841218108,33.0,MS
2012-01-19,1.066128010707966,1.1138198678788256,1.0447337061702278,0.5119881729431817,0.5458449323259204,32.0,MS
2012-04-19,0.935432289520217,1.200873225455899,1.2837628537195638,0.4653978018600653,0.4353481313316372,32.0,MS
2012-07-19,1.0324290225912547,1.2236067360821934,1.185172742442971,0.4290208013764933,0.44293352663644975,32.0,MS
2012-10-18,1.1197780030530344,inf,inf,0.30621853772617036,0.3428967826728313,32.0,MS
2013-01-18,1.452199210618951,inf,inf,0.27963790444549014,0.4060899440948784,31.0,MS
2013-04-18,1.3077311002349798,1.2948138312621342,0.9901223814509538,0.2570364294277812,0.3361345326560631,32.0,MS
2013-07-18,1.0277781095375147,1.2419440146975171,1.2083775701901007,0.28901711745412906,0.2970454666009866,32.0,MS
2013-10-18,1.0407208470166227,1.3859526329233638,1.3317237152464065,0.21050714759932823,0.21907917695262608,31.0,MS
2014-01-17,1.7757096014955405,1.3918060980388771,0.7838027664358341,0.1791487970741317,0.31811623906091185,31.0,MS
2014-04-17,0.9991285520090519,1.2879392163798542,1.2890625673643903,0.3049647917648126,0.3046990308097193,32.0,MS
2014-07-17,0.9194244843495043,1.4648883016886487,1.593266577760393,0.18368531590429193,0.16888477685787942,32.0,MS
2014-10-17,1.012330705346944,1.5633341732711108,1.5442919640922361,0.24846678159858465,0.25153055227098026,31.0,MS
2015-01-20,0.9703026336566836,1.698210465963436,1.7501863924284717,0.25637703538826034,0.2487633126463218,26.0,MS
2015-04-20,0.8391354647183881,1.9303405228526602,2.3003920153708175,0.20112510508947712,0.16877120852579303,21.0,MS
2015-07-20,0.9626459254111338,2.556897660372755,2.656114354071292,0.18467396131950078,0.17777563639375077,21.0,MS
2015-10-19,1.2921056881675035,1.8838826393933323,1.4579942311569742,0.26109656986055907,0.33736436307785234,21.0,MS
2016-01-19,1.103356320469612,1.3577371063440138,1.2305518001348212,0.37870168352139094,0.4178428960858094,25.0,MS
2016-04-18,0.93198836941612,1.576206837864831,1.691230158647051,0.36307079154354616,0.3383777549932896,21.0,MS
2016-07-20,0.7977033727780356,1.390806339096615,1.7435131736413165,0.4120547000687495,0.32869742401388335,32.0,MS
2016-10-19,0.9902025094577671,2.093893997880835,2.1146118878525635,0.19790624357593703,0.19596725902625295,25.0,MS
2017-01-17,1.2764233493773827,1.9004155486273626,1.4888599065148351,0.1935696389135085,0.24707680683975108,25.0,MS
2017-04-19,1.3970733887420035,1.696403101173422,1.2142548235787027,0.21237089796108521,0.29669773008467554,24.0,MS
2017-07-19,1.1330702556053782,1.6952649336246208,1.49616930215759,0.16733514658805207,0.1896024773162876,32.0,MS
2017-10-17,1.1952938252614154,1.6793511896114264,1.404969350731939,0.1467093885876195,0.17536082628665914,32.0,MS
2018-01-18,1.210367237662921,1.6764462981031845,1.385072435817255,0.14497328944471313,0.17547091988010455,24.0,MS
2018-04-18,0.893830539622925,1.5305508601155886,1.712350151697964,0.3330317264686069,0.2976739277809893,32.0,MS
2018-07-18,1.0129273145514701,2.42268024332111,2.391761194033835,0.22022562594863246,0.22307255188756483,25.0,MS
2018-10-16,1.5800057997390278,1.501187677346434,0.9501152955225783,0.22995350905837486,0.3633278779825733,25.0,MS
2019-01-17,1.3168626167607904,1.3294107642452453,1.009528820489506,0.31100963077195193,0.40955695621615984,31.0,MS
2019-04-17,1.003815870976549,1.4255621875043263,1.420143104648751,0.2750087711971079,0.27605816918541537,31.0,MS
2019-07-18,0.920486873682819,1.4462569356596213,1.5711869196713522,0.19309264709655222,0.17773924705704522,24.0,MS
2019-10-17,0.9581129064002637,1.44624257076506,1.5094698767797141,0.2511976315824031,0.2406756928762789,24.0,MS
2020-01-16,2.464558833182278,1.5586748565131814,0.6324356454905948,0.1417072116049777,0.349245760086678,31.0,MS
2020-04-16,0.8064967981137131,1.4189832112006955,1.7594406010284296,1.1045441231442064,0.8908112986911213,23.0,MS
2020-07-16,0.8349078757797336,1.316520283268823,1.5768449687210149,0.4522467110517578,0.37758434085259407,24.0,MS
2020-10-15,0.8640028838928555,1.3364271278110489,1.5467854942678392,0.32915540870854715,0.28439122237311626,31.0,MS
2021-01-20,0.9182638534957516,1.2717638771730122,1.384965630882144,0.30092922189840315,0.2763324269299058,25.0,MS
2021-04-16,1.3650054791525514,1.4730048986566855,1.079120136258489,0.20940418923063522,0.2858378656573148,37.0,MS
2021-07-15,0.8911221724152693,1.5021973746553603,1.6857367274162331,0.31933341882249233,0.2845650899058944,24.0,MS
2021-10-14,0.911048920556726,1.5928361749236792,1.748354165164177,0.2941423392366895,0.2679780606516163,24.0,MS
2022-01-19,1.1907856322841741,1.4395134192898782,1.2088770474401782,0.33247086651683766,0.39590153100131975,32.0,MS
2022-04-14,0.9209210464517009,1.4573221801742529,1.5824615864620533,0.2917246407414696,0.26865536142738067,24.0,MS
2022-07-14,1.0897750267936466,1.4089388779382002,1.2928713204996105,0.29536272127493746,0.3218789174912393,31.0,MS
2022-10-14,1.315430975874675,1.4213315033554443,1.080506335507534,0.3270626868891615,0.43022838938680297,30.0,MS
2023-01-17,1.7620810680445864,1.3925014356392307,0.7902595748245085,0.1872378791707698,0.3299283221076333,32.0,MS
2023-04-19,0.8206376591782311,1.3880042130087036,1.691372797098565,0.278346225788824,0.2284213951724359,25.0,MS
2023-07-18,1.5516390477155333,1.553767917125249,1.001372013299646,0.19647801807926335,0.3048629648695435,21.0,MS
2000-01-18,0.9733474395187774,1.134094334590685,1.1651485261536012,0.45638043326011585,0.4442167261602041,33.0,C
2000-04-17,1.0102820870135338,inf,inf,0.5621498608631249,0.5679299346471655,36.0,C
2000-07-19,0.9458167836591338,1.1055783489679638,1.168913861615726,0.32156098306518854,0.3041377747529858,33.0,C
2000-10-17,0.8716895882691609,1.091371360648265,1.252018350724261,0.6089125974942461,0.5307827714016646,33.0,C
2001-01-16,0.8653957552284497,1.1936510952506134,1.3793123990254723,0.5103932651578243,0.4416921651647698,33.0,C
2001-04-16,0.8701571537037812,inf,inf,0.5818916634272302,0.5063371936117973,36.0,C
2001-07-16,0.9249891593622118,inf,inf,0.31828977976014894,0.2944145958139237,36.0,C
2001-10-17,0.889587716001962,inf,inf,0.39250677704802167,0.3491692073094409,33.0,C
2002-01-17,1.1053115880960471,1.2086292684843292,1.093473805487059,0.2545286305385086,0.28133344483643097,32.0,C
2002-04-15,1.287523586844399,inf,inf,0.24111341270659511,0.31043920596428926,36.0,C
2002-07-17,1.383267523131069,inf,inf,0.4604654590360063,0.636946915008147,33.0,C
2002-10-15,1.1597391932244774,inf,inf,0.673416094486298,0.7809870381239177,33.0,C
2003-01-21,1.2431360407604422,1.4286476263398078,1.1492287082802988,0.27515101257086505,0.34205014037857184,26.0,C
2003-04-14,1.0504515065563997,inf,inf,0.314325335530635,0.33018352225700137,36.0,C
2003-07-14,1.129274973353601,inf,inf,0.252953383536146,0.28565392545248447,36.0,C
2004-01-20,1.2834836123784017,1.8814491318916624,1.4658926017802292,0.10935394131341264,0.1403539916247546,26.0,C
2004-04-15,1.052509218649096,inf,inf,0.1657204104706803,0.1744222597387032,32.0,C
2004-07-15,1.411185325716156,inf,inf,0.10088778208704298,0.1423713576252843,32.0,C
2004-10-14,0.9345902186450945,inf,inf,0.1697772376635428,0.15867214566893065,32.0,C
2005-01-20,0.9033240520231313,1.4878186175665489,1.6470486025854767,0.14016739486783447,0.1266165790935385,32.0,C
2005-04-15,0.9700970601285044,inf,inf,0.1593931007677761,0.15462677845958606,31.0,C
2005-10-17,1.2252583856910686,inf,inf,0.08575381014738183,0.10507057498803944,36.0,C
2006-01-20,1.8882715862061812,1.6909598527558067,0.8955066978226351,0.1215740267629257,0.22956478035710243,31.0,C
2006-04-17,0.8956474733750833,inf,inf,0.11146317717202825,0.09983171300848637,36.0,C
2006-07-17,1.048443915695548,inf,inf,0.17706501522105741,0.18564273789105726,36.0,C
2006-10-19,1.0630310531984324,1.7473972504993562,1.6437875876173258,0.10631951761442915,0.1130209487852159,32.0,C
2007-01-19,0.8218072363638527,1.5703540802426894,1.910854529817525,0.14843633639424,0.12198605538812554,31.0,C
2007-04-16,1.051515720481101,inf,inf,0.16107133603811788,0.16936904196297506,36.0,C
2007-07-20,1.1707941918022369,1.4853426466148718,1.2686624660551498,0.18109978583173778,0.21203057738842762,31.0,C
2007-10-15,1.273947233295586,inf,inf,0.23111031249028438,0.2944223431830761,36.0,C
2008-01-15,1.3243728641942227,inf,inf,0.34188210691385656,0.45277938515025973,33.0,C
2008-04-18,0.858701504637777,inf,inf,0.6384397430006615,0.5482291679352237,31.0,C
2008-07-18,1.7096944857923233,inf,inf,0.5243264814465004,0.8964380940839727,31.0,C
2010-01-19,1.1408009215355337,1.021495129593627,0.8954192710667525,0.38491581458747626,0.4391123159949935,26.0,C
2011-01-18,1.5912319405057145,1.1587592377862437,0.7282151698249437,0.22675736566226873,0.36082356298673574,33.0,C
2011-04-18,1.083577329195652,inf,inf,0.17456435344196342,0.18915397587540855,29.0,C
2011-07-15,0.8440111997838651,1.2764057336330454,1.5123090001174253,0.3682075396860393,0.31077128733987913,31.0,C
2011-10-17,0.8694617874118846,1.2513955156017396,1.439276036876505,0.808431689796973,0.7029004620112864,36.0,C
2012-01-17,1.1365291961864559,1.1941839035275639,1.0507287516542156,0.5046891817824155,0.5735939900951688,33.0,C
2012-04-16,0.9520657291721083,1.2724244236206397,1.336488001439887,0.390818403995883,0.37208480877421996,36.0,C
2012-07-16,0.8882734350306657,1.3022253578156435,1.4660185776811923,0.43913804859234995,0.39007466287579007,36.0,C
2012-10-15,1.4557962831211329,1.2225546554229312,0.8397841577132298,0.2529064770591059,0.3681803092799064,36.0,C
2013-01-17,0.9867771211779425,1.3813684491397782,1.3998788779079123,0.2531745001931062,0.2498268044562178,24.0,C
2013-04-15,1.1616849943180285,1.6136373803925943,1.389049000619902,0.23977802405243645,0.27854653250894273,21.0,C
2013-07-15,0.8826122718147116,1.4551865426686093,1.6487268409226234,0.2597184405395735,0.22923068283680706,21.0,C
2013-10-15,1.16722216189722,1.4408095393401281,1.2343918633263569,0.22112083607004246,0.25809714031819575,25.0,C
2014-01-16,1.4791431253280183,1.6428123206924932,1.1106513579124935,0.1743672122907977,0.2579140633425446,24.0,C
2014-04-14,1.1907856128440235,1.7022689645996114,1.42953437313874,0.23811159256161724,0.2835398586737518,21.0,C
2014-07-14,1.5431225267640847,1.6790218583424545,1.0880677517315165,0.1238958459755513,0.19118647089736657,20.0,C
2014-10-14,1.1346420035628,1.6122259207591259,1.4209115436381716,0.25905424647898967,0.29393382925637224,25.0,C
2015-01-15,0.9877609848513508,1.619483474341788,1.639549951029404,0.2721440875122139,0.2688133119025366,32.0,C
2015-04-16,1.1181611109934926,1.508947715836615,1.349490427632478,0.144054685655239,0.16107634735608037,24.0,C
2015-07-16,1.0268986156158246,1.952263319535328,1.90112567087703,0.24090474648927418,0.24738475066511686,24.0,C
2015-10-15,1.156403870590034,1.5161396679436252,1.3110814538955518,0.23722902456730413,0.2743325622259287,24.0,C
2016-01-15,1.234102161820055,1.7628727444616583,1.4284658102063221,0.30912521533023846,0.3814920965121373,23.0,C
2016-04-15,1.1204698542924714,1.664654460518956,1.485675365688543,0.27950300856858495,0.31317469528514974,23.0,C
2016-07-15,0.814939857900952,1.4094557632402376,1.7295212027922964,0.459659478814503,0.37459483034791674,30.0,C
2016-10-14,0.8198453785382744,1.7365530943546854,2.1181470796979243,0.21287155575661199,0.17452176120931095,23.0,C
2017-01-18,1.0142302082348555,1.4284687126127886,1.408426510090707,0.17185341866922754,0.17429892860276244,39.0,C
2017-04-13,1.0579498188718137,1.9029694694265127,1.7987332059433772,0.1505156458922579,0.1592380003090883,30.0,C
2017-07-14,0.7913792746695748,3.2780528924159293,4.142202098715079,0.18353082158711956,0.1452424884671258,23.0,C
2017-10-12,1.3317987340404127,1.4221267707705632,1.067824089647625,0.15607435885190907,0.20785963353514159,38.0,C
2018-01-16,0.8768378834276122,1.445174038239549,1.6481656022778994,0.15433572103099616,0.13532740696609308,32.0,C
2018-04-13,1.0048101740849855,2.4011765906351092,2.389681805144641,0.27199577042402995,0.27330411743014926,23.0,C
2018-07-13,1.2137659755051005,1.5862476543432933,1.306880969112013,0.2188335946719928,0.2656127715103391,30.0,C
2018-10-12,1.4175267095682098,2.484572623137359,1.7527518926921526,0.15459360856170273,0.21914056926474632,23.0,C
2019-01-14,0.9931873995538627,1.4977141268837606,1.5079874428094135,0.33173553315301213,0.3294755515118543,28.0,C
2019-04-15,1.0181190148986619,1.760467589430984,1.7291373244867758,0.232204514495513,0.23641183155319376,21.0,C
2019-07-15,0.9978351576143553,1.7306857339535453,1.7344405243159644,0.16885982002085134,0.16849426512523785,28.0,C
2019-10-15,0.9139398619003845,1.7393273799016253,1.9031092224000232,0.27230946832571,0.24887447787576653,39.0,C
2020-01-14,1.0127530488621064,1.8488404317422469,1.825558988757959,0.15863694488792537,0.16066004959741637,25.0,C
2020-04-15,0.9844573333665871,1.2108740977526808,1.229991444740228,1.180019804923838,1.1616791504750819,24.0,C
2020-07-14,0.8849692617234289,1.247061980344399,1.4091585259309622,0.6316382819650974,0.5589804640669073,25.0,C
2020-10-13,1.0983237569698228,1.3053610901026733,1.1885030090799893,0.3148523036365696,0.34580976502072047,39.0,C
2021-01-15,1.385585867198859,1.3230083979562686,0.9548368161627551,0.3402105137044457,0.47139087966134374,23.0,C
2021-04-15,0.8504578902824157,2.0775297408715336,2.4428366937505137,0.20672985189011114,0.1758150336968602,24.0,C
2021-07-14,0.9509484014330832,1.4220979058568464,1.495452228232088,0.28609497470314815,0.2720615588519971,32.0,C
2021-10-14,0.9774254244602658,1.4216314845515774,1.4544654241387287,0.22474810174254,0.21967450874234118,31.0,C
2022-01-14,1.0306384406256215,1.5799805827791409,1.533011500929517,0.26178839054748526,0.2698091786077514,23.0,C
2022-04-14,1.0746207033451962,1.469544628691829,1.3675007601447382,0.25703127952085447,0.27621113438041633,24.0,C
2022-07-15,2.3649225630328004,1.3694554709000835,0.5790698994997452,0.2837433128456901,0.6710309626584471,30.0,C
2022-10-14,1.1397375147135649,1.4212756650954808,1.2470201662640465,0.320290207332979,0.3650467648927819,30.0,C
2023-01-13,0.8660037522719007,1.3725286537687118,1.584899199533464,0.20436152096528765,0.1769778439759318,30.0,C
2023-04-14,0.9952882550397271,1.4809070466024354,1.4879177354939497,0.32775017861412603,0.3262059033618124,22.0,C
2023-07-14,1.2982421008254248,1.4121274467634042,1.0877227335837982,0.2148542360893852,0.2789328148319252,23.0,C
2000-01-14,1.054315247252565,inf,inf,0.5296328415907368,0.5583999803348162,38.0,USB
2000-07-17,0.9237215375841967,inf,inf,0.3715134084547257,0.3431749368909449,36.0,USB
2001-01-16,0.9034188257639604,1.9225966199174824,2.1281343327018587,0.5054093409967425,0.45659631337341416,33.0,USB
2001-04-17,0.9287970181441367,1.096275678164313,1.180317826983146,0.46765090347360094,0.43435276467869205,33.0,USB
2001-07-17,1.1524281663906368,1.5066429336402434,1.3073638579652165,0.259004135486163,0.29848366094591094,33.0,USB
2001-10-16,0.8502962838053394,inf,inf,0.834500254872866,0.7095724655530066,33.0,USB
2002-01-15,0.979703534361682,1.1455657495903142,1.1692983738562281,0.26168114765015676,0.25636994522867973,33.0,USB
2002-04-16,1.0791755069752016,1.1178238210848277,1.0358128162285232,0.22398232889027536,0.24171624333364924,33.0,USB
2002-07-16,1.3351211825691784,inf,inf,0.32094480588572805,0.42850020877358863,33.0,USB
2002-10-15,0.8225048321179692,inf,inf,0.7165671783489557,0.5893799667291547,33.0,USB
2003-01-21,0.9765160395208187,1.4544345418573463,1.4894118304201585,0.29244908659429125,0.28558122380253825,26.0,USB
2003-07-15,1.1992688933745395,inf,inf,0.17119852406688596,0.2053130645050488,33.0,USB
2003-10-21,1.2078235595308962,1.8303101927546226,1.5153787805443144,0.17134444948817787,0.20695386288667283,26.0,USB
2004-01-20,0.8856612271398258,1.588701091590395,1.7938022382677652,0.21123054484955914,0.18707870356087455,26.0,USB
2004-04-20,0.9190620329156085,1.6791182529155948,1.826991207099268,0.18457858044571138,0.16963916537711268,26.0,USB
2004-07-20,0.9487389007726553,1.497959226617164,1.5788951263590247,0.15196314844926795,0.14417335041771032,26.0,USB
2004-10-19,1.1717168897091852,1.4539156992120492,1.24084214538625,0.17324753865853854,0.2029970671467546,26.0,USB
2005-01-18,1.322172667957635,1.5445523863731918,1.1681926451853428,0.14843541299217927,0.1962572460152631,33.0,USB
2005-04-19,1.1405833144537385,1.4902108141847643,1.306533942150884,0.16187092203301442,0.18462727276609828,26.0,USB
2005-07-19,1.010601966328688,1.7297384625051153,1.7115922194263131,0.14462874479010585,0.14616209387253096,26.0,USB
2005-10-18,1.888248445546142,1.4370699401930243,0.7610597766319769,0.12568724009432747,0.23732873573309857,33.0,USB
2006-01-17,1.2807221382165113,1.5043226223881345,1.1745893800844276,0.12391949690224272,0.15870644303935463,33.0,USB
2006-04-18,0.8903584550172767,1.6466150322023947,1.849384394480135,0.07710284263446167,0.0686491678454595,33.0,USB
2006-07-18,1.1839490618381812,1.5947099058667102,1.346941314680201,0.08626876421534292,0.10213782245869452,33.0,USB
2006-10-17,1.0834637479376286,1.638440597815427,1.5122246599705769,0.07705971877866528,0.08349141172295235,33.0,USB
2007-01-16,0.8948520280853262,1.5853738720076116,1.7716603664627808,0.10349961961837562,0.09261684452156323,33.0,USB
2007-04-17,1.0101443266153376,1.5985348490871092,1.5824816384835574,0.12262835552374753,0.12387233761448217,33.0,USB
2007-07-17,1.0203106612253303,1.5024750032482344,1.4725662098285381,0.12048615536249838,0.1229333088464086,33.0,USB
2007-10-16,1.1478060199138078,inf,inf,0.1758923393394759,0.20189028595057273,33.0,USB
2008-01-15,0.9204734927020672,inf,inf,0.35104548503493804,0.3231280637074007,33.0,USB
2008-04-15,0.963111228830874,inf,inf,0.3387382394987218,0.32624260209562084,33.0,USB
2008-07-15,2.466469995730225,inf,inf,0.4000586086038173,0.986732554654897,33.0,USB
2008-10-21,0.9421570956339897,1.472734437040847,1.5631516695735597,0.7198691251732435,0.6782298042098042,26.0,USB
2009-01-21,1.6930304574815236,1.1485780930153937,0.6784154933183938,0.6630024597159836,1.1224833576843272,26.0,USB
2009-04-21,1.1770139172420941,1.043859888272398,0.8868713215543836,1.3210831113035377,1.5549332078377505,26.0,USB
2009-07-22,0.8965611926201139,1.1298143756724817,1.2601642642714745,0.37808101857756576,0.3389727689229298,26.0,USB
2009-10-21,1.160498608581985,1.1961746564888311,1.0307419997258236,0.3189480391423978,0.3701387556347051,26.0,USB
2010-01-20,0.9213167340293096,1.3468704115116856,1.461897262650651,0.2761434334681091,0.2544155662464782,26.0,USB
2010-04-20,0.9984374458272178,1.571748991781396,1.5742087782767227,0.2368469002626309,0.236476814150315,26.0,USB
2010-07-21,0.854063963007155,1.3161011603725552,1.5409866443007025,0.3978630407775976,0.3398004853405923,26.0,USB
2010-10-20,0.9141056725956719,1.3005754112391037,1.4227845316242507,0.27023139061292345,0.24702004707269012,26.0,USB
2011-01-19,1.0488362696834146,1.554705410897688,1.4823146908973384,0.20746782472371458,0.2175997793625533,33.0,USB
2011-04-19,1.1090924416373948,1.4684868400224014,1.3240436819264758,0.1596549286199432,0.1770720746025368,26.0,USB
2011-07-20,1.3994414112977698,1.5265513622401266,1.0908290621645114,0.21349375161900502,0.2987719970689559,26.0,USB
2011-10-19,0.8951902207133348,1.2640961054036484,1.4120977599558113,0.4949980740007506,0.44311743511740753,33.0,USB
2012-01-18,1.0204960643084566,1.37820183244366,1.3505214577947482,0.20004113589591663,0.20414119188157606,33.0,USB
2012-04-17,0.8557484945084352,1.5440518031151647,1.804328974019533,0.21067853715712453,0.18028784099744874,33.0,USB
2012-07-18,0.9045048959755533,1.5520757728846797,1.715939603854426,0.19066438793561982,0.17245687237595034,33.0,USB
2012-10-17,0.9495065862319197,inf,inf,0.1606525031701927,0.15254060985474233,33.0,USB
2013-01-16,0.9074786239060277,1.569728553347371,1.729769178022998,0.18592400190629646,0.16872205740102758,33.0,USB
2013-04-16,1.3134111833847717,1.7394514900311064,1.324376944582117,0.12165355292161176,0.15978113690573606,33.0,USB
2013-07-17,1.0894139124872932,1.593208155624095,1.4624452077966994,0.11304395601410192,0.12315165840436426,33.0,USB
2013-10-16,0.8864498362734485,1.8103157156784997,2.0422088668760954,0.1691934299484404,0.14998148827633817,25.0,USB
2014-01-22,1.145313204009776,1.8009366425430762,1.5724403038731614,0.12706341517970193,0.14552740715188883,32.0,USB
2014-04-16,0.9373779238985062,1.8156580242297333,1.936954112038937,0.17374133108494072,0.16286128822776472,25.0,USB
2014-07-16,1.7773403498528346,2.4511775145992467,1.3791266905082116,0.08790299976246474,0.15623354835093273,25.0,USB
2014-10-22,1.0888807762003188,1.8865588320303004,1.73256693778129,0.1792041982975041,0.1951320065405421,26.0,USB
2015-01-21,1.193913099718565,1.8156823462672937,1.5207826655853725,0.20037644537853513,0.2392320630124746,32.0,USB
2015-04-15,1.0507403198641236,2.1327533421547615,2.02976254154838,0.13609318785010877,0.14299859973295154,25.0,USB
2015-07-15,1.2022242849105211,1.8744749430086327,1.5591724161088176,0.17176547809021284,0.20650062906931993,25.0,USB
2015-10-15,0.95311732214358,1.8185086821438123,1.9079589048428474,0.21155597801366363,0.20163766724784918,24.0,USB
2016-01-15,1.2223621565657732,1.956404582022085,1.6005114126885311,0.24164998222204315,0.2953837934030174,23.0,USB
2016-04-20,1.0293756823125917,1.575553386399206,1.5305912248282119,0.18762982024000732,0.19314157423174647,25.0,USB
2016-07-15,0.8391669707317944,2.3943695684043087,2.8532695541106703,0.27051475013393306,0.22700704340816086,37.0,USB
2016-10-19,0.9836309060072572,1.83268478550618,1.8631834098680289,0.1240631286854601,0.12203232767097406,32.0,USB
2017-01-18,1.269586233615556,1.9434554163104558,1.530778583488449,0.12359991416893305,0.1569207495049417,25.0,USB
2017-04-19,1.3513037510825423,2.3955568068499784,1.7727744816299629,0.14046283516435815,0.189807956045286,24.0,USB
2017-07-19,1.1400249116141614,1.8077831445422015,1.5857400361388254,0.1100977144749873,0.12551413721326857,32.0,USB
2017-10-18,1.06987603908192,1.6758525372282609,1.5663987938886268,0.1061787945092662,0.11359814810406685,32.0,USB
2018-01-17,1.23210110614172,2.015246369665385,1.6356176937264961,0.10474631782155093,0.12905805405220505,32.0,USB
2018-04-18,0.9215045020574586,2.8331440597047064,3.0744766340035214,0.2318777643936041,0.21367640381572486,25.0,USB
2018-07-18,1.1183405919308063,2.3163332755208836,2.071223464688653,0.1372392687101684,0.15348024500548071,25.0,USB
2018-10-17,1.4508514674078365,1.6274256274132246,1.1217038159811523,0.1774611248283142,0.2574697333650049,25.0,USB
2019-01-16,0.9548171586089603,2.1649167676049466,2.2673626548133448,0.22383266196862361,0.2137192663047611,32.0,USB
2019-04-17,0.9008596107950507,1.592091185991146,1.7673022154762283,0.1578238551597242,0.1421771367333636,31.0,USB
2019-07-17,1.2771917659694068,1.560151760326466,1.2215485582482508,0.1167631667673523,0.14912895516377503,32.0,USB
2019-10-16,0.9727834856783223,1.5914875733379328,1.6360141766059977,0.20147785543679927,0.19599433049880272,32.0,USB
2020-01-15,1.441045923779077,1.714556568472582,1.1898000890743552,0.10503274465214811,0.15135700854430667,25.0,USB
2020-04-15,0.9973647540208498,1.4947336569984215,1.4986830554944337,1.0249841166895284,1.0222830314173295,24.0,USB
2020-07-15,0.9149302754770202,1.172217540097076,1.2812096959912198,0.5501426996970787,0.5033422117855199,25.0,USB
2020-10-14,0.9821265464701118,1.4596428019355832,1.4862064437436557,0.3162371514935041,0.31058490146186074,39.0,USB
2021-01-20,1.1205876982697283,1.9618369100078943,1.7507214411126573,0.27894572278192215,0.3125831454343798,32.0,USB
2021-04-15,1.2316727890973014,2.1625451793775636,1.7557789686678902,0.20509423039006616,0.2526089827722973,24.0,USB
2021-07-15,1.3215266588764798,1.5492730660231404,1.1723358402321473,0.28291775013775505,0.3738833490763982,31.0,USB
2021-10-14,0.9595469272602923,2.1488727964814136,2.2394660807438527,0.20841033725966202,0.1999794987267899,24.0,USB
2022-01-19,2.2635368770333035,1.889899027014373,0.8349318476716678,0.1953111651010628,0.4420940247025956,25.0,USB
2022-04-14,1.2089108640084754,1.4653996453521967,1.2121651719575606,0.24889505258547684,0.3008919330685437,24.0,USB
2022-07-15,1.516600791563057,1.5428252872786445,1.0172916273428552,0.21799613723534572,0.3306131142888141,30.0,USB
2022-10-14,1.3121602562145636,1.5001834057583374,1.1432928246784426,0.2965885396068288,0.3891716941207997,23.0,USB
2023-01-25,1.217740924125763,1.4025922288362576,1.1517985484828823,0.26232160237882196,0.31943975049893764,24.0,USB
2023-04-19,0.9712993944608689,1.376734516427221,1.4174151907006938,0.42920152933654704,0.41688318554626697,25.0,USB
2023-07-19,1.4155985672459772,1.3929495039827802,0.9840003629650033,0.26048519489813704,0.36874246868659194,31.0,USB
2000-01-24,1.0243658569550946,inf,inf,0.3810375177198565,0.39032182337114285,30.0,AXP
2000-04-24,1.0145853370121956,inf,inf,0.5611595544179337,0.5693442556367329,29.0,AXP
2000-07-24,1.2293811450569605,inf,inf,0.40164745047857137,0.4937778025785549,29.0,AXP
2000-10-23,1.1468670281903444,inf,inf,0.4441711850307409,0.5094052869839893,29.0,AXP
2001-01-22,1.047423251877999,inf,inf,0.4819362966777155,0.5047912830642128,29.0,AXP
2001-04-23,0.8555739801908621,inf,inf,0.6483687915948186,0.5547274676563185,29.0,AXP
2001-07-23,0.8774650588290144,inf,inf,0.33439819585837804,0.29342273260118795,29.0,AXP
2002-01-28,1.2010145681455422,inf,inf,0.3158527734010351,0.379343782243816,22.0,AXP
2002-04-18,1.2100710936339336,1.281193688300382,1.0587755504950225,0.24876278221629575,0.30102065193189304,32.0,AXP
2002-10-28,0.8301969202626024,inf,inf,0.6431451953189102,0.5339371604354491,22.0,AXP
2003-01-27,1.150151510715297,inf,inf,0.31935665454670675,0.367308538683878,22.0,AXP
2003-04-24,0.9694348335593652,inf,inf,0.35554324667407133,0.34467600816263466,25.0,AXP
2003-07-28,0.9063148566761094,inf,inf,0.2555904980605578,0.23164546561752986,22.0,AXP
2003-10-27,1.024058062859396,inf,inf,0.21459773512471525,0.21976054092582967,22.0,AXP
2004-01-26,1.422375793697925,inf,inf,0.1419907954731542,0.20196427040892748,22.0,AXP
2004-04-22,0.9722565423447782,inf,inf,0.20150896194300844,0.19591840659019488,25.0,AXP
2004-07-26,1.175823652687079,inf,inf,0.1166887752122812,0.13720542189768595,22.0,AXP
2004-10-25,1.0506617848495394,inf,inf,0.1412136971496947,0.14836783509250054,22.0,AXP
2005-01-24,1.2659255203754767,inf,inf,0.10652370168389032,0.13485107248650088,30.0,AXP
2005-07-25,1.052240463654501,inf,inf,0.12044617755776393,0.1267383417187939,22.0,AXP
2006-01-23,1.0287438948413914,inf,inf,0.1837566937768002,0.18903857685912231,29.0,AXP
2006-04-24,1.3162673737450707,inf,inf,0.16629753101966732,0.21889201441554693,29.0,AXP
2006-07-24,0.994491703819078,inf,inf,0.2138466391788499,0.21266870855295805,29.0,AXP
2006-10-23,1.4033203228990854,inf,inf,0.11967297951726795,0.1679395242584681,29.0,AXP
2007-01-22,1.4033687486260604,inf,inf,0.1292516271533798,0.18138769425612072,29.0,AXP
2007-04-19,1.1400696012596896,1.337694541479746,1.1733446273821317,0.18112763244500407,0.20649810769868743,32.0,AXP
2007-07-23,1.1514652380541608,inf,inf,0.3358854518932111,0.38676042182314574,29.0,AXP
2008-01-28,0.8901447631713799,inf,inf,0.5857136078564148,0.5213699007516028,22.0,AXP
2008-04-24,1.0706860101796918,inf,inf,0.4263214695258393,0.45645643326056395,25.0,AXP
2009-01-26,1.1825520255511455,inf,inf,0.7408655231157806,0.8761120250215753,22.0,AXP
2009-07-23,0.902754669343138,inf,inf,0.6443181026253856,0.581661175687378,25.0,AXP
2009-10-22,1.3382538531270352,inf,inf,0.2865577442369325,0.38348700536846636,25.0,AXP
2010-01-21,2.492747729196652,inf,inf,0.1731956786682695,0.4317331347070018,25.0,AXP
2010-04-22,0.9967180863463541,inf,inf,0.2823239112894788,0.28139734859026716,25.0,AXP
2010-07-22,1.0527991563293468,inf,inf,0.40571357244058426,0.42713490677681243,25.0,AXP
2010-10-21,0.9705077734638407,inf,inf,0.29535248945643344,0.2866418869293657,25.0,AXP
2011-01-24,0.9645465386850509,inf,inf,0.22589306362329067,0.217884372630807,30.0,AXP
2011-04-20,0.907120441787783,inf,inf,0.14416004702396326,0.13077052554452512,26.0,AXP
2011-07-20,0.8803610061086034,inf,inf,0.1947268276967905,0.17142990594748314,26.0,AXP
2011-10-19,1.1246605998786257,1.3332725510064112,1.1854888053785284,0.3612727490451569,0.40630922666092634,33.0,AXP
2012-01-19,1.036512174332447,1.320593596660151,1.2740743711096911,0.19585356235643048,0.20300460176881924,32.0,AXP
2012-04-18,0.8095249998118254,1.359468317970576,1.6793407470882127,0.22766324722440748,0.184299090166498,33.0,AXP
2012-07-18,1.0790520518659557,1.3880448060531467,1.2863557449827039,0.21860360298530723,0.23588466634658653,33.0,AXP
2012-10-17,1.3776218763341967,inf,inf,0.1521294542161668,0.209576864162973,33.0,AXP
2013-01-10,0.8118953960298858,inf,inf,0.1613206458059513,0.13097548961441977,39.0,AXP
2013-04-17,1.2662639234832553,1.5393487324207564,1.2156618410057012,0.18546364612373561,0.23484592420415148,33.0,AXP
2013-07-17,1.183046226707193,inf,inf,0.21694173955633858,0.256652106397421,33.0,AXP
2013-10-16,1.3421842895487088,inf,inf,0.20992840405608074,0.281762605854105,33.0,AXP
2014-01-16,1.456986673437592,inf,inf,0.14721600990498782,0.2144917645482238,24.0,AXP
2014-04-16,0.9157907422758073,1.4358978814156576,1.567932296244168,0.2719194065498981,0.24902127516352818,39.0,AXP
2014-07-29,1.5957337428318148,2.133846294582775,1.3372195105657272,0.10685274567947116,0.17050853179495853,25.0,AXP
2014-10-15,1.1615247755868399,1.675751657401311,1.4427171013676114,0.23494219401945257,0.27289117918432443,33.0,AXP
2015-01-21,1.120238238359541,1.5398338694435967,1.3745592827633744,0.2175747268393626,0.24373552870608592,32.0,AXP
2015-04-16,1.5977256381240268,1.4541288917035908,0.910124277288909,0.15732334915349366,0.25135954841807473,38.0,AXP
2015-07-22,1.1864857547500962,2.0429312010536136,1.7218337370463468,0.14937551433521376,0.1772319198671999,25.0,AXP
2015-10-21,1.756366210165706,1.728101075434611,0.9839070379699297,0.17593051416020358,0.30899841040806086,25.0,AXP
2016-01-21,2.7973312022797865,1.666610192298524,0.5957857943100408,0.20175117478716514,0.56436485632874,24.0,AXP
2016-04-20,0.9802304466293092,1.5569993155547408,1.58840129982572,0.17098886376294764,0.16760849029499228,32.0,AXP
2016-07-20,0.8702777897998099,1.665756956111916,1.9140520137772221,0.2594969496293256,0.2258344317832021,25.0,AXP
2016-10-19,2.5344715995553684,1.6855899170700361,0.665065616582859,0.17118154393377624,0.43385476146819546,25.0,AXP
2017-01-19,1.0527829000791395,1.6346623762721484,1.5527060480838621,0.12043558811085216,0.12679252772407967,24.0,AXP
2017-04-19,2.3759087425802323,1.602752356322936,0.6745849819898175,0.12315755659160293,0.29261111542080914,39.0,AXP
2017-07-19,0.9947477695131177,2.690067155009592,2.7042706075392893,0.09468377386475633,0.0941864728610508,25.0,AXP
2017-10-18,0.8203067435379255,1.56681033238126,1.91002980863441,0.10902339644026576,0.08943262730335867,32.0,AXP
2018-01-18,1.2301506111748097,1.5167371839991706,1.23296868710301,0.10687580517706984,0.13147333705837236,31.0,AXP
2018-04-18,1.6645999315496367,2.0416424294564646,1.2265063759529446,0.23534302279246166,0.39175197963101627,25.0,AXP
2018-07-18,1.4453177064166898,1.7061521960493684,1.1804686184045676,0.12923774530379276,0.18678960162494207,32.0,AXP
2018-10-18,1.473875271313664,1.5488013017209075,1.0508360726755812,0.18604078949089892,0.2742009190863069,24.0,AXP
2019-01-17,0.821904347286405,1.3531282706618297,1.6463330254053414,0.3165737032931014,0.26019330297315657,31.0,AXP
2019-04-18,1.1932036913663904,1.8375965987432004,1.5400527269898798,0.12922091671696512,0.15418687482843169,30.0,AXP
2019-07-19,1.8778909492610985,1.5809971772846567,0.8419004191413448,0.09933768508451053,0.18654533974075155,37.0,AXP
2019-10-18,1.0880705516760454,1.7214040143490275,1.582070217503273,0.18942727025459336,0.20611023444840273,37.0,AXP
2020-01-24,1.771201571873128,1.9217919352633925,1.085021584093903,0.13637209083777355,0.24154246165148952,31.0,AXP
2020-04-24,0.8048537236086353,1.3758883663192807,1.7094887256660245,1.0489545805727887,0.8442550000703432,23.0,AXP
2020-07-24,0.8231440925254168,1.251303380683343,1.5201510793138633,0.3596501608353251,0.29604390526741386,23.0,AXP
2020-10-23,1.4070656437340534,1.2823186563438294,0.911342453747096,0.2532228040568954,0.3563011077984576,23.0,AXP
2021-01-26,1.523286379799758,1.4518433259039931,0.9530993942812275,0.2631079789787559,0.40078880079497986,25.0,AXP
2021-04-23,1.2778117954123542,1.781604591618253,1.3942621268755178,0.21812432783072233,0.27872183896848823,30.0,AXP
2021-07-23,0.8425448237952634,1.5021764640021515,1.782903913925388,0.34428917762305894,0.29007906449503634,23.0,AXP
2021-10-22,1.2908002622769152,1.8969341414668301,1.4695799163541547,0.2771461225872007,0.3577402877245888,30.0,AXP
2022-01-25,1.831521535530982,1.587778108247074,0.866917520457523,0.256022559232682,0.46891083081641355,32.0,AXP
2022-04-22,1.0941523664830786,1.4262589824119016,1.3035286730643463,0.29422935864398053,0.32193174904910976,30.0,AXP
2022-07-22,0.8912931097040071,1.3434969842186872,1.5073570855550025,0.37796261077381793,0.3368754707084414,30.0,AXP
2022-10-21,0.9437993018645751,1.3689993459770564,1.4505195577835817,0.414207357043711,0.3909286144050252,23.0,AXP
2023-01-27,1.775950795106655,1.2827146742820381,0.7222692643379258,0.28232209497007943,0.5013901490382892,30.0,AXP
2023-04-20,0.8867965905677464,1.3940385435476448,1.5719935759508854,0.2560640657949796,0.227076740513903,31.0,AXP
2023-07-21,1.3136580403781177,1.83840701980566,1.3994562993551203,0.1825987752401806,0.23987234925746,37.0,AXP
2006-07-18,1.2981374548529023,inf,inf,0.26551801113197554,0.3446788751884673,33.0,BLK
2006-10-30,1.1518208587398533,inf,inf,0.2531983734403414,0.2916391679275881,22.0,BLK
2007-01-23,1.2949500853649083,inf,inf,0.21644348833785337,0.28028351369978177,29.0,BLK
2007-04-19,1.0362564547813489,1.4335927245837317,1.3834343013923336,0.20457074837113978,0.21198775845904472,32.0,BLK
2007-07-18,1.3754804975437613,1.3162600126056208,0.9569456018868371,0.25475047439504134,0.35040430927040067,33.0,BLK
2007-10-17,1.362840066495468,inf,inf,0.2942656835687209,0.40103706376212994,33.0,BLK
2008-01-17,0.8392620733838564,inf,inf,0.47917164236878196,0.40215058608117166,32.0,BLK
2008-04-16,0.8011890522683677,inf,inf,0.6166174406583304,0.4940271428931941,33.0,BLK
2008-07-17,1.8007871383230862,inf,inf,0.524828642506341,0.9451046692489838,32.0,BLK
2008-10-21,0.9043353294048083,inf,inf,1.1432726878009658,1.033901882722007,26.0,BLK
2009-01-21,1.2053867808140102,inf,inf,0.6463230274486117,0.7790692334222472,26.0,BLK
2009-04-21,1.2628118077929558,inf,inf,0.7517252462125857,0.9492875171333202,26.0,BLK
2009-07-21,1.236786544816497,inf,inf,0.36673342883997473,0.453570970323699,26.0,BLK
2009-10-20,0.9033552990662711,inf,inf,0.3548059929513131,0.3205158738730387,26.0,BLK
2010-04-26,1.6039134622575852,inf,inf,0.30975519185141015,0.49682052221465783,22.0,BLK
2010-07-21,1.4211449802468499,inf,inf,0.2998053047417723,0.4260668038851468,26.0,BLK
2010-10-20,1.1010728483987162,inf,inf,0.22029852645001016,0.24256472601635262,26.0,BLK
2011-01-25,1.305223426209838,inf,inf,0.21030753570449034,0.2744983223099627,26.0,BLK
2011-04-21,1.0274361792967261,inf,inf,0.23325337288460432,0.23965295424463245,25.0,BLK
2011-07-20,0.9042390304349196,inf,inf,0.29577632851394114,0.2674525005210464,26.0,BLK
2011-10-19,1.0292111714287326,1.3555250972237922,1.3170524522601872,0.4373609053297093,0.45013672971152113,33.0,BLK
2012-01-19,1.0463456371804363,1.405933328991276,1.3436605257702536,0.23203584710665856,0.24278969628951896,32.0,BLK
2012-04-18,1.1290419676031136,1.4214645866523274,1.2590006637840123,0.235476275316656,0.26586259720736977,33.0,BLK
2012-07-18,1.1867909962671044,1.421863756830757,1.1980742702826725,0.2245963186622167,0.2665488887830562,33.0,BLK
2012-10-17,0.9732112588119004,inf,inf,0.18062773271082624,0.17578894312784268,33.0,BLK
2013-01-17,1.2408725940934144,inf,inf,0.1835475637331141,0.2277591415490356,32.0,BLK
2013-04-16,1.1929966995630066,1.4489085612455137,1.2145117935164844,0.2717135262781413,0.32415334007644886,33.0,BLK
2013-07-18,0.9032339618637663,inf,inf,0.28196174396468643,0.2546774230952406,32.0,BLK
2013-10-16,0.9749512770471057,inf,inf,0.2512173252037191,0.244924652023724,33.0,BLK
2014-01-16,0.9360748121960661,inf,inf,0.19238920329340004,0.18009068734142022,32.0,BLK
2014-04-17,1.0026951429069884,inf,inf,0.27042562899491,0.2711544647107635,32.0,BLK
2014-07-16,1.1089788637965052,inf,inf,0.15538318247353242,0.172316665152583,33.0,BLK
2014-10-15,0.9162429360006227,inf,inf,0.26754256170154933,0.24513398223855531,33.0,BLK
2015-01-15,0.8884061666095507,inf,inf,0.2280618017959582,0.2026115110836144,32.0,BLK
2015-04-16,1.1439739765011203,inf,inf,0.15665747528216722,0.1792120749471668,31.0,BLK
2015-07-15,0.9874764012598676,inf,inf,0.188989947415173,0.18662311314782665,32.0,BLK
2015-10-14,0.9096233387279653,inf,inf,0.269030516532113,0.2447164366676497,32.0,BLK
2016-04-14,1.0423679957515317,inf,inf,0.21049719702351824,0.21941554137272,31.0,BLK
2016-07-14,0.8412873809741257,inf,inf,0.356413675992924,0.29984632801944766,31.0,BLK
2016-10-18,0.8937885110779555,1.5237674447216354,1.7048411630217672,0.1735717515066849,0.15513643734435278,32.0,BLK
2017-01-13,0.9070360320062009,inf,inf,0.16156526474287686,0.14654551664241036,37.0,BLK
2017-04-19,1.4725554398510332,1.4826043288208957,1.0068241158858366,0.12133359616851487,0.17867044707463506,32.0,BLK
2017-10-11,1.1397033214789403,inf,inf,0.1237884415771343,0.1410820980261617,39.0,BLK
2018-01-12,1.4029449357264223,inf,inf,0.1273412869204253,0.17865281359389595,37.0,BLK
2018-04-12,0.8911970096971672,1.502708176659114,1.6861683334975968,0.3691246800800919,0.3289628110928014,24.0,BLK
2018-07-16,0.9225173239538356,1.8912996501366441,2.0501508221338165,0.16758423474610237,0.15459935977482575,21.0,BLK
2018-10-16,0.9621657720702965,1.5836043071760917,1.6458747059445307,0.3768050609339287,0.3625489323734886,39.0,BLK
2019-01-16,0.9575926801227707,1.3539651629324587,1.4139259739943606,0.29108976525818353,0.27874542846989214,39.0,BLK
2019-04-16,1.1224301310481972,2.068030684544618,1.842458276323497,0.18447928578004674,0.2070651089137757,25.0,BLK
2019-07-19,0.9441861543625077,1.904583474151442,2.0171694589584104,0.1490055405242859,0.14068896828633232,23.0,BLK
2019-10-15,0.8986985996963208,1.7045107058525875,1.8966433311775033,0.2763308352442868,0.2483381346869553,39.0,BLK
2020-01-15,1.127219561543945,1.651828519305071,1.4654008639120604,0.1391236200706989,0.1568228660164996,25.0,BLK
2020-04-16,0.8269701640948541,1.2642024088110382,1.5287158638845804,1.0032029877249433,0.8296189393793443,23.0,BLK
2020-07-17,1.0829316829188125,1.4756868152418392,1.3626776633447815,0.23833209968213587,0.2580973818023496,37.0,BLK
2020-10-13,0.9895857416553981,1.5481744990412152,1.5644672653138665,0.23501254402168087,0.23256506267401697,32.0,BLK
2021-01-14,1.50651263074145,1.64856480932251,1.0942920594772227,0.20203054634912973,0.3043615698705599,38.0,BLK
2021-04-15,0.9531319288273056,1.5935094498440772,1.6718666132658737,0.20798204750771712,0.19823433010248273,38.0,BLK
2021-07-14,1.1937022679969544,1.8694080109632254,1.5660588582948012,0.24019252994932017,0.2867183677564299,39.0,BLK
2021-10-13,1.4087295660819172,1.6866654723775254,1.197295430569139,0.19404741482589136,0.2733603304869957,39.0,BLK
2022-01-14,1.0146251286450743,1.6150265094235907,1.5917470047093054,0.2193862174577446,0.22259476911102033,23.0,BLK
2022-04-13,1.0123504028354864,1.3626042826116167,1.3459808765770294,0.2871463002351909,0.290692672715815,31.0,BLK
2022-07-15,1.1764114146954823,1.3464481148494323,1.1445384650555814,0.32065255855381236,0.37721933003401636,23.0,BLK
2022-10-13,1.310904054039545,1.4150121253260342,1.0794170030717967,0.37667702227513605,0.4937874355640198,24.0,BLK
2023-01-13,0.8421284541419631,1.368772534163815,1.6253726227056948,0.32383421913487653,0.2727100103583233,23.0,BLK
2023-04-14,1.0850692239835547,1.410368245963837,1.2997956395685337,0.1913779017325691,0.20765827132055975,22.0,BLK
2023-07-14,1.0927961567293938,1.745608600756415,1.5973780562889328,0.19084233242622597,0.2085517674166531,23.0,BLK
2000-01-18,0.9690523233941264,1.0372807194375497,1.0704073396206841,0.7659283372634313,0.7422246347785282,33.0,SCHW
2000-04-17,0.9701681484344994,inf,inf,1.2344820449439637,1.1976551598189198,36.0,SCHW
2000-07-18,1.026397484315304,1.029795160163066,1.0033102924546122,0.7554483549078321,0.775390291007534,33.0,SCHW
2000-10-17,0.875379033849612,1.010458138698672,1.1543092758973552,1.045254108469701,0.9149935315995443,33.0,SCHW
2001-01-18,0.8396248153793023,1.1417858191479424,1.3598762187991529,1.1335858958402685,0.9517868485114664,32.0,SCHW
2001-04-17,1.06290598392047,1.0750689043512538,1.011443082092662,1.0121347987229727,1.075804134096788,33.0,SCHW
2001-07-17,1.0836892212535996,1.0482036803147743,0.9672548732211473,0.5574698478019937,0.6041240652369052,33.0,SCHW
2002-01-15,1.121188430879491,1.0348405027935168,0.9229853557994345,0.5535601789750504,0.620645268462407,33.0,SCHW
2002-04-16,1.0290644163528344,1.0471351863461094,1.017560387577408,0.3896635761413781,0.4009889205558855,33.0,SCHW
2003-01-21,1.4399145723942803,1.1417327621804012,0.7929170133210998,0.5162083631338601,0.7432959444682435,26.0,SCHW
2003-10-21,1.038337437575616,1.4361413982495133,1.38311626478837,0.3521376001378618,0.3656376534011743,26.0,SCHW
2004-01-22,1.14088100437831,1.1278695957031277,0.9885952972963448,0.3122124205360449,0.3561972199205462,25.0,SCHW
2004-04-20,1.0153860296225634,1.1415226029304797,1.1242252400841122,0.36164934830350237,0.36721369588948083,26.0,SCHW
2004-07-20,1.6653518057737748,1.2982110330645107,0.7795416131075806,0.22343051483664336,0.3720904113481682,26.0,SCHW
2005-01-18,1.01830800438383,1.1339703474587617,1.1135828674399137,0.25574666358224085,0.2604288746202544,33.0,SCHW
2006-01-18,1.1228818790646573,1.098511456725944,0.9782965396511577,0.30386095492512744,0.34119996004070824,33.0,SCHW
2006-04-17,0.8902510678864932,inf,inf,0.24600089113197982,0.219002556031274,36.0,SCHW
2006-07-18,1.0211203230085615,1.217148070328187,1.191973211092364,0.36647007184708114,0.37421003813746223,33.0,SCHW
2006-10-16,0.9176421251682274,inf,inf,0.3319633599653439,0.3046235631165834,36.0,SCHW
2007-01-17,1.1794599698777837,0.995880331162701,0.8443528026355102,0.19468583261480443,0.22962414627148847,33.0,SCHW
2007-04-17,1.1513778382912905,1.2216936352358865,1.0610710008531592,0.1866412452163356,0.21489459345317916,33.0,SCHW
2007-07-17,1.2054531362487264,1.2030140301493644,0.9979766064511206,0.3648133455159166,0.43976539149755195,33.0,SCHW
2007-10-15,1.0804831804223654,inf,inf,0.2785811085580336,0.3010022021803723,36.0,SCHW
2008-01-16,0.9122568329340264,inf,inf,0.5374852536109732,0.4903245952078884,33.0,SCHW
2008-04-15,1.1722866475052616,inf,inf,0.5074763723235002,0.594907775199248,33.0,SCHW
2008-07-16,1.653727794708465,inf,inf,0.463908084025493,0.7671776927429078,33.0,SCHW
2008-10-15,0.8670251388622134,inf,inf,1.4027167076626255,1.2161906482455347,33.0,SCHW
2009-07-16,1.0044350870480894,inf,inf,0.3960538437380789,0.3978103770107877,32.0,SCHW
2009-10-15,1.1131632248475836,inf,inf,0.3238249795604389,0.36047005853370095,32.0,SCHW
2010-01-19,0.9642353892444905,1.5350312958756454,1.591967389911287,0.25381628101537207,0.24473864052144625,26.0,SCHW
2010-04-15,1.030920358682033,inf,inf,0.17282147880747128,0.17816518092015765,32.0,SCHW
2010-07-16,1.018540505537308,inf,inf,0.28379836578984613,0.28906013096225175,31.0,SCHW
2010-10-15,1.1426270904737947,inf,inf,0.2460653388251854,0.28116092216827004,31.0,SCHW
2011-01-18,1.0642352512853852,1.3533391557086438,1.2716541329316788,0.24533233745864713,0.26109132180373423,33.0,SCHW
2011-04-15,1.14458904076204,inf,inf,0.21453793414157452,0.24555776824617448,31.0,SCHW
2011-10-17,1.0673921151440433,inf,inf,0.4407861028619296,0.4704916106598949,36.0,SCHW
2012-01-18,1.0285107009734202,1.3054207079347555,1.2692339580903316,0.3222964974124357,0.3314853964749424,33.0,SCHW
2012-04-16,0.8349725952579712,inf,inf,0.3028956289446915,0.2529095493922445,36.0,SCHW
2012-07-17,1.0933108204859328,1.260689324739314,1.1530932476996691,0.2714997752386879,0.2968336420279562,33.0,SCHW
2012-10-15,1.0917425027900842,inf,inf,0.2433105585852549,0.2656324781851196,36.0,SCHW
2013-01-16,0.9407447904727841,1.409567696566827,1.4983529123328223,0.23794585031263535,0.2238463190962286,33.0,SCHW
2013-04-15,1.2036463155371666,inf,inf,0.2372226548979495,0.2855321745298617,36.0,SCHW
2013-07-16,1.1415145916999143,inf,inf,0.2280960541620414,0.2603749741351442,33.0,SCHW
2013-10-15,0.9893913613866024,inf,inf,0.30353281524132436,0.300312745297122,33.0,SCHW
2014-01-16,1.17856862138446,inf,inf,0.21662367831387006,0.2553058699096086,32.0,SCHW
2014-04-15,1.0233915171745687,inf,inf,0.37252906905257194,0.38124308916934124,33.0,SCHW
2014-07-16,0.9857723788720141,inf,inf,0.23828367924474667,0.2348934693354699,33.0,SCHW
2014-10-15,0.8680915372376874,inf,inf,0.38363188788130537,0.3330275952842785,33.0,SCHW
2015-01-16,0.9508685331662703,inf,inf,0.32730684236716173,0.3112257770969467,31.0,SCHW
2015-04-15,0.8876092085973132,inf,inf,0.19883065217312693,0.17648391782027684,32.0,SCHW
2015-07-16,0.9324148453489689,inf,inf,0.2694907296050418,0.25127715696766584,31.0,SCHW
2015-10-15,0.8822074571747328,inf,inf,0.3675882336622608,0.32428908090653463,31.0,SCHW
2016-01-19,1.3026026584836907,1.3286122570489414,1.0199674078629068,0.4040893907934221,0.5263679147125666,25.0,SCHW
2016-10-17,0.9303685809454428,2.2133466856623,2.3789998189890413,0.20916019015708556,0.19459606930672668,21.0,SCHW
2017-01-18,1.165353414347978,1.7309559201688436,1.4853484778583872,0.1667744958808338,0.19435122820089246,25.0,SCHW
2017-04-18,0.9615502136188506,2.050124336669338,2.132103251221353,0.2298946684486407,0.2210552675566253,24.0,SCHW
2017-07-18,0.9495488802750299,1.4417776090714838,1.51838166420025,0.13714073385024655,0.1302218302675975,25.0,SCHW
2017-10-16,1.4671508915827085,1.58075278551549,1.077430272908216,0.15836960851392037,0.23235211233080277,21.0,SCHW
2018-01-17,0.9472498601079231,1.5020949853907128,1.5857431588531188,0.17288459577808654,0.16376490916560732,25.0,SCHW
2018-04-16,1.0949872860936125,2.24819476929334,2.053169747124477,0.3482771159622742,0.381359014016041,28.0,SCHW
2018-07-17,1.3195479513254038,2.0117928987483964,1.5246076481932131,0.22847247275316082,0.3014803833556825,25.0,SCHW
2018-10-15,0.9330786441641793,1.475436849584027,1.5812566912895902,0.32976607876165176,0.30769768566225997,35.0,SCHW
2019-01-16,1.1415217040965648,1.6579135620085867,1.4523714757755835,0.2935324037131601,0.33507360969420735,25.0,SCHW
2019-04-15,0.9236017166742815,2.2785388649130653,2.467014540767271,0.24236053674954253,0.22384460779597776,28.0,SCHW
2019-07-16,1.1222905891653612,1.365521684719274,1.2167273769396942,0.250320686601224,0.2809325508459654,32.0,SCHW
2019-10-15,0.9646288439585033,1.603903836659615,1.6627160246191146,0.4499827874102177,0.43406637602074327,25.0,SCHW
2020-01-16,1.3635648118667332,2.115952945239074,1.551780250432185,0.1804395891389147,0.24604107441751485,24.0,SCHW
2020-04-15,0.849690946203446,1.2839607703018852,1.5110915045509496,0.8952684893953533,0.7607015298604675,39.0,SCHW
2020-07-16,0.9902390907827109,2.0783553767808733,2.0988419828367784,0.43892338162702227,0.4346390903456154,24.0,SCHW
2020-10-15,1.2104293247199647,1.5215700439166464,1.2570498853938992,0.2843134550690329,0.3441413434280095,24.0,SCHW
2021-01-19,0.8475427496707473,1.4659537169823502,1.7296516518510043,0.3816198157662112,0.32343910798333864,25.0,SCHW
2021-04-15,1.1640830764992118,1.2934410993837786,1.1111243909443214,0.22206150353237472,0.25849803820400735,24.0,SCHW
2021-07-16,1.0437351681499945,1.8688754773081626,1.7905648236618465,0.3187212349463168,0.33266056174966785,23.0,SCHW
2021-10-15,0.9776850980229653,1.4471478122437702,1.4801778355527082,0.3141461263729474,0.30713598635646994,23.0,SCHW
2022-01-18,1.1489233032646844,1.637762419588899,1.4254758476350597,0.27990897468488707,0.3215939438083914,25.0,SCHW
2022-04-18,1.373995349867627,1.5224698969444692,1.1080604436478962,0.3981808357125132,0.5470986166753987,21.0,SCHW
2022-07-18,0.9575778288143718,1.3340305841283147,1.3931301916002474,0.2811628302392753,0.26923529252382905,21.0,SCHW
2022-10-17,0.9284398734838937,1.262356818385711,1.3596538175906014,0.44415887995336173,0.4123748143106471,21.0,SCHW
2023-01-18,1.682333291698824,1.321191262454648,0.7853326501792675,0.2042024382560682,0.3435365601242571,32.0,SCHW
2023-04-17,0.9305844391139619,1.3740134026540303,1.4765058869480674,0.5447426786837556,0.5069290601043599,20.0,SCHW
2023-07-18,2.0780606408298525,1.746782575835566,0.8405830616848631,0.281422141219542,0.5848122751263908,21.0,SCHW
2000-01-25,1.6179723574458986,inf,inf,0.3019167135733893,0.4884928968126548,26.0,JNJ
2000-04-18,1.0392270272214734,1.0793345996611106,1.038593657967952,0.5138935778951629,0.5340520952641968,33.0,JNJ
2000-07-18,0.9028470679517351,1.2261907360102118,1.3581378059874945,0.35257502697219933,0.3183213293348541,33.0,JNJ
2000-10-17,1.0184384846900203,1.3305753344225713,1.3064857175223061,0.2848886607444771,0.29014157595397455,33.0,JNJ
2001-01-23,0.8928429418522655,inf,inf,0.3141345281039494,0.28047279620970333,29.0,JNJ
2001-04-17,0.9300360775252245,1.1826331424084344,1.2715992110277667,0.2652045274395901,0.24664977844184716,33.0,JNJ
2001-07-17,0.7886503590536967,1.447265489573806,1.835116757330058,0.9403255400773813,0.741588074809388,33.0,JNJ
2001-10-16,0.8885357095190174,inf,inf,0.22445397928772148,0.19943537574078243,33.0,JNJ
2002-01-22,0.9843834079045536,inf,inf,0.15401960944715498,0.1516143480317188,26.0,JNJ
2002-04-16,1.5899579884298918,1.4540420697720857,0.9145160314631803,0.12041890677176156,0.1914610027797567,33.0,JNJ
2002-07-16,2.2264093798522664,inf,inf,0.36944752162373656,0.8225414275062601,33.0,JNJ
2002-10-15,0.9488165345139458,inf,inf,0.35950790646518904,0.34110704594266444,33.0,JNJ
2003-01-21,0.9894888699380379,inf,inf,0.24969462622280966,0.2470700535308087,26.0,JNJ
2003-04-15,1.4211187928666915,inf,inf,0.17468281279091719,0.2482450280479865,33.0,JNJ
2003-07-15,1.2215037710534193,inf,inf,0.18174410737299174,0.22200111252284696,33.0,JNJ
2003-10-14,1.258327556562657,inf,inf,0.12338703621168458,0.15526130778775715,33.0,JNJ
2004-01-20,1.1025956252744649,inf,inf,0.17934615821285652,0.19774628945527764,26.0,JNJ
2004-04-13,1.726304932653395,inf,inf,0.12727648597790556,0.21971802555444903,33.0,JNJ
2004-07-13,1.4400450355647754,inf,inf,0.1215321263533459,0.17501173521676677,33.0,JNJ
2004-10-12,1.0175885806932867,inf,inf,0.18799424571826576,0.19130079767895503,33.0,JNJ
2005-01-25,1.3988396577135187,inf,inf,0.14963830407216938,0.20931999404914486,26.0,JNJ
2005-04-19,0.9698762115103768,inf,inf,0.12494213872199228,0.12117840816168983,26.0,JNJ
2005-07-19,1.2151162991945879,inf,inf,0.0912744317750499,0.11090904974958753,26.0,JNJ
2005-10-18,0.9344654588596382,1.420488803928345,1.5201084111357295,0.20734278112210186,0.19375466710249845,33.0,JNJ
2006-01-24,1.1113172501216182,inf,inf,0.17513193104774483,0.19462713602046863,29.0,JNJ
2006-04-18,1.0064732869663917,1.5011594318136032,1.4915044952044814,0.07800917257095243,0.07851414833101497,33.0,JNJ
2006-07-18,1.0287013576504196,1.4364137100943721,1.3963369440623448,0.09941929666221379,0.10227276545306915,33.0,JNJ
2006-10-17,2.288523538473045,1.557382715533181,0.6805185480295747,0.07084284604318596,0.16212552070225306,33.0,JNJ
2007-01-23,1.1742528987252927,inf,inf,0.0978310917730872,0.11487844310000778,29.0,JNJ
2007-04-17,1.4629616159905967,1.4023871284784304,0.9585946159830377,0.08274962827764347,0.12105952990768247,33.0,JNJ
2007-07-17,1.1919767237218242,1.611787699944847,1.3521972936788618,0.11101129237781522,0.1323228765846337,33.0,JNJ
2007-10-16,1.2494643185362273,inf,inf,0.06809303235464226,0.08507981426805837,33.0,JNJ
2008-01-22,1.0614011351980903,inf,inf,0.15165925201272787,0.16097130224960263,26.0,JNJ
2008-04-15,0.9015934265549298,inf,inf,0.12271099271451781,0.11063542439743913,33.0,JNJ
2008-07-15,0.9760247080217387,inf,inf,0.14806240841278775,0.1445125689400866,33.0,JNJ
2008-10-14,1.7400973050955366,inf,inf,0.4187470987370929,0.72866069802899,33.0,JNJ
2009-01-20,0.9914204325870019,inf,inf,0.1731675282864023,0.17168182580372685,26.0,JNJ
2009-04-14,0.8880930137271494,inf,inf,0.22078874459785536,0.19608094158694325,33.0,JNJ
2009-07-14,0.8997521642997017,inf,inf,0.15992465859155744,0.1438925576926447,33.0,JNJ
2009-10-13,1.3784685831840453,inf,inf,0.11848368731438916,0.16332604058268746,33.0,JNJ
2010-04-20,1.3887522199980755,inf,inf,0.07885654528092019,0.10951220232025669,26.0,JNJ
2010-07-20,1.1621461284798917,inf,inf,0.16199365217964845,0.18826029571889663,26.0,JNJ
2010-10-19,1.0326956971615509,inf,inf,0.08616333323684501,0.08898050348678668,26.0,JNJ
2011-01-25,1.2468769728936426,inf,inf,0.09709009625273422,0.12105940531356164,26.0,JNJ
2011-04-19,2.1285470135096456,inf,inf,0.09888227703573046,0.21047557547343748,26.0,JNJ
2011-07-19,0.9467116864647909,inf,inf,0.09892508587434877,0.09365353488177898,26.0,JNJ
2011-10-18,1.2782095442473225,1.5062270648877671,1.1783882162878963,0.17604075627347918,0.2250169748452778,33.0,JNJ
2012-01-24,0.9070479536141466,inf,inf,0.09035909915614615,0.08196003598000012,29.0,JNJ
2012-04-17,1.3513261597752577,1.867397585524154,1.3818999743442586,0.08792448495243638,0.11881465660099329,33.0,JNJ
2012-07-17,1.1224176574831966,1.7163042059954483,1.5291136900357813,0.10240567722919322,0.11494194034857137,33.0,JNJ
2012-10-16,1.9979857166405317,inf,inf,0.08326822577185321,0.16636872574216172,33.0,JNJ
2013-01-22,1.2000328196325523,2.329099164489525,1.9408628884022443,0.07014452143328422,0.08417572783736005,26.0,JNJ
2013-04-16,1.5648194117478782,1.6918465050056373,1.081176838876169,0.09793060031750105,0.15324370438094856,33.0,JNJ
2013-07-16,1.0679786741225188,1.583077906985646,1.4823122833293907,0.14099320430444245,0.15057773539334385,33.0,JNJ
2013-10-15,0.8661973608939466,1.71712087254295,1.9823667792878288,0.17207865113551543,0.1490540734797736,33.0,JNJ
2014-01-21,1.5276848806155598,2.032533193929785,1.330466262853111,0.10969433723612612,0.1675783804847743,26.0,JNJ
2014-04-15,1.0127582519550766,1.6736584787983433,1.652574516739245,0.16036004895018033,0.16240596285821515,33.0,JNJ
2014-07-15,1.5788337641021233,1.759144060666761,1.1142047381202158,0.10634901136649713,0.16790740992430617,33.0,JNJ
2014-10-14,1.1061964939350886,1.9201531575245834,1.7358156241247837,0.23053138218151703,0.2550130067112041,33.0,JNJ
2015-01-20,1.2080538041683349,1.9286366077325152,1.5964823760976887,0.18361843581258588,0.2218209498988336,26.0,JNJ
2015-04-14,0.9160922246171368,1.6922611675621777,1.84726070376749,0.15288618449587535,0.14005784486805245,25.0,JNJ
2015-07-14,0.9581996407471942,1.8218511555426098,1.901327320600902,0.13723047533620328,0.13149419216671668,32.0,JNJ
2015-10-13,1.125599282540074,1.9947204074437177,1.7721407950281818,0.17712111163406852,0.1993673961780079,25.0,JNJ
2016-01-26,1.4731765514983468,2.0600950769326936,1.398403385417315,0.18704663421285622,0.27555271555906824,32.0,JNJ
2016-04-19,1.28311362674941,1.6780860356094487,1.307823407550153,0.07045798077659776,0.09040559524770057,25.0,JNJ
2016-07-19,1.0703552869787933,2.0027733645721804,1.8711295108610613,0.09369939003956519,0.10029163751553669,32.0,JNJ
2016-10-18,1.2874681020937235,2.0405715581368575,1.5849492152997127,0.12318582419822072,0.1585978192853343,39.0,JNJ
2017-01-24,1.6471501974205607,1.9743310583620044,1.1986345030670604,0.08456751987019909,0.1392954070495656,28.0,JNJ
2017-04-18,1.9326897241045373,2.2314771121820467,1.1545966661647902,0.07694238301565606,0.14870575300247396,24.0,JNJ
2017-07-18,1.3418980548337915,2.4806115773350315,1.8485842262006125,0.0936456399593445,0.12566290210510997,25.0,JNJ
2017-10-17,1.372468936523499,1.7266630024390937,1.2580707340544828,0.12350172333689026,0.16950227888700117,32.0,JNJ
2018-01-23,2.553383641361108,2.6056220433797996,1.020458501093414,0.08519468367117737,0.2175347116169186,28.0,JNJ
2018-04-17,0.9281469113819282,1.6798235028868602,1.8098681170912398,0.22436592104166173,0.2082445366341799,32.0,JNJ
2018-07-17,1.4133703811714053,2.065850484665526,1.4616483493543593,0.15295459480339538,0.21618149395919278,32.0,JNJ
2018-10-16,1.1289794096544827,1.695802672332387,1.5020669622764662,0.16454048558633194,0.18576282028151897,25.0,JNJ
2019-01-22,0.9010440028099373,1.5230529504690407,1.6903202792753147,0.26801036658045496,0.2414891334982118,25.0,JNJ
2019-04-16,1.0762725174018544,2.1958775253831466,2.040261634371231,0.09566154777540836,0.10295789484279652,25.0,JNJ
2019-07-16,0.8452112180053187,1.8181382516638858,2.151105206524181,0.240576714657295,0.20333813801921033,25.0,JNJ
2019-10-15,1.9312874259303792,1.5909215728263395,0.8237621968982314,0.18688855916628033,0.3609355243680829,32.0,JNJ
2020-01-22,0.9484442498653717,1.6277629078646692,1.7162452174661023,0.07843678876879043,0.07439292128566405,32.0,JNJ
2020-04-14,0.8232242695895912,1.59255635710872,1.9345352365554898,0.6634679293236655,0.546182901513593,24.0,JNJ
2020-07-16,0.8654747874168234,1.4287944974882212,1.6508793996792608,0.18238805254435922,0.1578522610031977,31.0,JNJ
2020-10-13,1.0120232699472735,1.6710811542364488,1.6512279943162889,0.177049600519014,0.17917831566011105,25.0,JNJ
2021-01-26,1.8600645739388166,1.4008459170110945,0.7531168200492661,0.14217577490766992,0.26445612217805614,25.0,JNJ
2021-04-20,1.1404983867579406,1.8042849033194297,1.5820144283135853,0.12833728268253347,0.1463684638603272,32.0,JNJ
2021-07-21,0.934012548723835,1.9632260435197235,2.101926838351507,0.12118369973336614,0.11318709625174522,32.0,JNJ
2021-10-19,1.1278624222229963,1.667508958610944,1.478468406921754,0.13020918027842543,0.1468580414644957,39.0,JNJ
2022-01-25,1.5303489125576721,1.5487258035029559,1.0120083013713326,0.1148448960912397,0.17575276184602753,39.0,JNJ
2022-04-19,1.2069104649533193,1.6876842258856877,1.398350809685757,0.16463910641889876,0.1987046604775321,32.0,JNJ
2022-07-19,1.0340278146240225,1.9144405819547714,1.8514401207387938,0.17020304601887995,0.17599468371725438,35.0,JNJ
2022-10-18,1.0466547393570778,1.7876554060146783,1.7079704880644504,0.17446769448229654,0.18260743929459836,25.0,JNJ
2023-01-24,0.857742868181995,1.5817124090824775,1.84404029197579,0.13093059555609934,0.11230478456506542,21.0,JNJ
2023-04-18,1.0617856353024873,1.6575196345240206,1.5610680531120742,0.1995627500155529,0.21189286130797527,25.0,JNJ
2023-07-20,2.511560067049459,1.840168351908365,0.732679411514201,0.11287863402137814,0.28350146963118383,38.0,JNJ
2000-01-18,0.9873888950732717,1.164331198973632,1.1792022421795922,0.4402642890656271,0.434712069920729,33.0,PFE
2000-04-19,1.1293357524357013,1.1477502164325233,1.0163055707366977,0.42103032969957754,0.4754846041895238,33.0,PFE
2000-07-24,1.4459210737227666,1.1583833191077493,0.8011386929476704,0.37556338785247595,0.5430350170146119,29.0,PFE
2000-10-24,1.2336173430547739,1.1923586409195503,0.9665546999906343,0.406026545303754,0.5008813880273257,26.0,PFE
2001-01-24,0.9527745037012653,1.2759873030297697,1.3392332583133912,0.38123785134391536,0.3632337046063357,25.0,PFE
2001-04-18,1.08441008262048,1.1629342782734196,1.0724119010985083,0.365450182604606,0.39629786271193035,33.0,PFE
2001-07-17,1.1106509477005682,1.22504849644171,1.103000451202049,0.39548141817083077,0.43924181188939787,33.0,PFE
2001-10-17,0.8210871464602193,inf,inf,0.3299857612544416,0.27094706708091265,33.0,PFE
2002-01-23,1.139190008958237,1.4460747392528952,1.269388537365507,0.1588606545079315,0.18097247043200188,26.0,PFE
2002-04-17,1.4544991469755308,1.198683916289123,0.8241214295530203,0.20912433596971333,0.30417116827977236,33.0,PFE
2002-07-15,1.1202970900783824,inf,inf,0.5950426717227105,0.6666245736034188,36.0,PFE
2002-10-16,0.9953231121042065,inf,inf,0.4460230190292399,0.4439370193702968,33.0,PFE
2003-01-22,1.004031305978981,1.3785213554291478,1.3729864270367746,0.24859874766564818,0.24960092528347988,26.0,PFE
2003-04-22,0.9419136472648377,1.438150306203122,1.526838803513755,0.2592231861659715,0.24416585673720226,26.0,PFE
2003-07-25,0.9208065828230773,1.4448862392753408,1.5691528125760148,0.24589731166833464,0.22642386328270042,24.0,PFE
2003-10-22,1.2299060518381795,1.6461358562684156,1.3384240640235505,0.16143216077381575,0.19854639149702996,26.0,PFE
2004-01-22,1.3519144145865427,1.731698368400582,1.2809230745055624,0.1595691979101174,0.21572389877870055,25.0,PFE
2004-04-20,0.9543756611065838,1.4562671444314779,1.5258846215157653,0.24016869189467552,0.22921115410408438,26.0,PFE
2004-07-21,0.9643559695951353,1.6265141607010105,1.6866325423213469,0.22050965186616736,0.21264979913048354,26.0,PFE
2004-10-20,0.9610570155874368,1.7941142771515415,1.8668135688650132,0.2458481555363057,0.23627409464739796,26.0,PFE
2005-01-19,0.8368373658705572,1.370056512623999,1.6371837211149587,0.33011415680911166,0.27625186142071706,33.0,PFE
2005-04-19,1.0626966978753363,1.4468745174692308,1.3615121985059202,0.20923269859119367,0.22235089788040702,26.0,PFE
2005-07-20,0.9723715753069756,1.5548115613296956,1.5989891115840618,0.14612401592595367,0.14208683955610116,26.0,PFE
2005-10-20,2.2823717384858173,1.355555788109061,0.5939241908981797,0.1738200894191979,0.39672205967145496,32.0,PFE
2006-01-19,1.0733139559192606,1.3075137852188696,1.2182025380439818,0.28028900430459674,0.3008381000108374,32.0,PFE
2006-04-19,1.1434204668124026,1.3621631305248152,1.1913055346317332,0.11501391272597951,0.13150926177906042,33.0,PFE
2006-07-20,1.6385709097430683,1.1407695500367296,0.69619785341826,0.16950321234972016,0.27774303286425345,32.0,PFE
2006-10-19,1.1361453600304785,1.252855197963578,1.102724389007731,0.11063544315335651,0.12569794539360177,32.0,PFE
2007-01-22,1.2806181531439764,1.339258201063389,1.0457904237695277,0.15499178894979723,0.1984852985173703,29.0,PFE
2007-04-20,1.3688669021026154,1.3922724181158324,1.0170984600308952,0.12079041795582014,0.16534600523086365,31.0,PFE
2007-07-18,1.2328050403486361,1.4362007807950263,1.164986136322796,0.14682484411293387,0.18100640787082764,33.0,PFE
2007-10-18,1.04968849221814,inf,inf,0.14145482334027684,0.14848350022903856,32.0,PFE
2008-01-23,1.2149597434550774,1.7179761163535034,1.4140189628571218,0.2051384344620338,0.2492349397067688,26.0,PFE
2008-04-17,1.1730802448927315,inf,inf,0.20796620414136002,0.24396104568355842,32.0,PFE
2008-07-23,1.1294454754567809,1.3367032588356365,1.1835040184609482,0.2905996005567052,0.32821640401831853,26.0,PFE
2008-10-21,0.8539667113229725,1.3221068355755028,1.5481948160804577,0.7394366927673268,0.6314543207540493,26.0,PFE
2009-01-26,1.8866313684736642,1.3593706928006293,0.7205279820510972,0.2579051470392261,0.4865719404950168,22.0,PFE
2009-07-22,0.9024483971930405,1.2231950552062218,1.3554182809907205,0.28015049411270926,0.2528213643848528,26.0,PFE
2009-10-20,1.0986173808610293,1.296941735443415,1.180521770397398,0.23943382783813846,0.2630461648290663,26.0,PFE
2013-10-29,1.101001489968171,1.814748495930643,1.6482706994184955,0.15172587669143048,0.16705041630399195,25.0,PFE
2014-01-28,1.323098793133017,1.7543369471438934,1.3259304265479155,0.17841206139937585,0.2360567831178879,25.0,PFE
2014-05-05,0.9371692439812057,2.018509928123792,2.153837144237601,0.24750126824806223,0.23195057644842607,21.0,PFE
2014-07-29,1.209013800339203,1.7796843178399149,1.4720132370206225,0.12821971904176743,0.15501940979711212,25.0,PFE
2014-10-28,0.8686249625455745,1.9774710538941216,2.2765533333269463,0.1854263177902472,0.16106592834551728,25.0,PFE
2015-01-27,1.1260372232088327,1.8528868970885697,1.645493469397447,0.16245845365453365,0.18293426603995191,25.0,PFE
2015-04-28,1.1438150407177268,1.645923908732486,1.4389773260016703,0.11672262774885178,0.13350909721123297,32.0,PFE
2015-07-28,1.2736384859567513,1.7173550304269882,1.3483850004241345,0.1339286029015398,0.1705766230258201,25.0,PFE
2015-10-27,1.1249632324913177,1.4231152653312436,1.2650326910503957,0.25558190911113865,0.2875202506399687,25.0,PFE
2016-02-02,1.0785629348026256,2.0212041423388847,1.873978863095977,0.15218845871644482,0.16414483067629693,25.0,PFE
2016-05-03,1.050360260097799,2.5565399245629292,2.433964823007384,0.17326188413634425,0.18198739768648528,32.0,PFE
2016-08-02,2.1061406683132198,2.2326057490082407,1.0600458851574739,0.0943738520048898,0.1987646077328715,28.0,PFE
2016-11-01,1.2762066888599573,2.3772649800313217,1.862758596066399,0.12790930437920686,0.16323870981616803,25.0,PFE
2017-01-31,1.044999413371712,2.291842340431961,2.193151796169229,0.12416360787986655,0.12975089739657583,24.0,PFE
2017-05-02,0.9600989745501266,2.8879617378897664,3.0079833584271642,0.05401376689620378,0.05185856220863483,25.0,PFE
2017-08-01,1.2056270635405086,3.2156168295905827,2.6671737279581555,0.08917997274647711,0.1075177886689578,25.0,PFE
2017-10-31,0.9848139837288673,2.3305326438398724,2.3664698941576967,0.11160174689991698,0.10990696095560801,25.0,PFE
2018-01-30,1.0851707033673756,2.633354602223281,2.426673143729149,0.24211590621651305,0.26273708824540304,28.0,PFE
2018-05-01,1.4089719140362318,1.8214075471242277,1.2927209754710485,0.1347628805159783,0.18987711370163393,25.0,PFE
2018-07-31,2.1060654639556677,2.1543063033538687,1.0229056694693592,0.09513875752498775,0.20036845150702912,32.0,PFE
2018-10-30,0.9019509147039944,2.495264392140629,2.766519054930538,0.2910734185718832,0.26253393612692866,32.0,PFE
2019-01-29,1.2673045654707626,1.8379576339886194,1.4502888130177907,0.23245903446943486,0.2945963956680402,25.0,PFE
2019-04-30,1.0483463157714288,1.6635697923344748,1.5868513746913222,0.18871654701573562,0.19784029678905204,25.0,PFE
2019-07-29,2.198490937223637,1.9287075407506542,0.8772870099643537,0.1445599214962024,0.31781367729516136,28.0,PFE
2019-10-29,1.1328994165890425,1.6939971697321727,1.4952758779172959,0.1358705372629876,0.1539276523968784,25.0,PFE
2020-01-28,1.5398489980087935,1.7455061229426871,1.1335566832850705,0.1720793826390504,0.26497626493471355,25.0,PFE
2020-04-28,0.8662996810636909,1.890980743120463,2.182825163687711,0.4302923811998344,0.37276215259755263,39.0,PFE
2020-07-28,0.9600344764510014,1.3285994427429448,1.3839080526091445,0.3305150689402875,0.3173058611692555,25.0,PFE
2020-10-27,1.380980120548725,1.1853307618771238,0.8583257240561428,0.21808055077763744,0.3011649053022341,25.0,PFE
2021-02-02,0.8992915125734168,1.3402557721298067,1.4903462930440927,0.19773280050681794,0.17781942925315397,25.0,PFE
2021-05-04,1.2706722961348882,2.4136785016346876,1.8995287053763417,0.16048525367186164,0.20392416577901443,32.0,PFE
2021-07-28,1.6515374266225422,2.71438923101847,1.6435529629924892,0.12760899644550988,0.21075103360350253,25.0,PFE
2021-11-02,3.6030120807721744,1.4056378150572324,0.39012853233508593,0.15878622600536468,0.5721086905575498,25.0,PFE
2022-02-08,0.9208073855885843,1.3882031129601982,1.5075933736922107,0.2737772240158047,0.2520960898796933,25.0,PFE
2022-05-03,0.9713006241477629,1.4554177454506576,1.4984215074788694,0.2990564027373815,0.2904736706342034,32.0,PFE
2022-07-28,0.9458998661688698,1.2814150083278364,1.3547047146944704,0.22194093826543881,0.20993390380267196,24.0,PFE
2022-11-01,1.0358673351904377,1.3438696244424777,1.297337582515251,0.30256971208191846,0.31342208136363486,25.0,PFE
2023-01-31,0.891349585866452,1.801414025345349,2.020996087179704,0.24114659344735725,0.21494591620240755,38.0,PFE
2023-05-02,0.9814942468704659,1.467601738171978,1.495272889119305,0.14976961780274162,0.1469980182293794,32.0,PFE
2023-08-01,0.833811235275274,1.5650992400738062,1.8770426373028004,0.20308528299736692,0.16933479068226312,25.0,PFE
2000-02-10,1.264270413398585,1.0655643675161868,0.8428294739981768,0.440707346857493,0.5571732595993163,39.0,UNH
2000-10-27,1.3953433899013632,1.0405083109631201,0.7457005340002174,0.3731784073739291,0.5207120239831301,24.0,UNH
2001-04-27,0.9945846549936765,1.1914224347172717,1.197909528098286,0.2670463707430593,0.2656002225127991,24.0,UNH
2001-07-27,0.9630337976009598,1.0880809331454793,1.129847089329604,0.21472930695234177,0.20679157993053587,24.0,UNH
2001-10-26,1.032186536594992,1.3154301568753062,1.2744112718372462,0.2141249066006666,0.22101684574286823,24.0,UNH
2002-01-24,1.2175745900945993,1.2153036252009932,0.9981348453621804,0.1298869734079329,0.15814707840579204,26.0,UNH
2002-04-18,1.9143752447135163,1.2703975660336913,0.6636094828022102,0.16136731663106005,0.30891759626434906,32.0,UNH
2002-07-18,1.3962626954127852,inf,inf,0.32635516083261334,0.4556775365260178,32.0,UNH
2002-10-17,0.9329486082090145,inf,inf,0.22640167064594516,0.21122112352533023,32.0,UNH
2003-01-23,1.093285046333783,1.4088470958947736,1.2886365734345264,0.2437240333409434,0.26645984108380977,25.0,UNH
2003-04-16,1.45145995477653,inf,inf,0.20547279194006313,0.2982355292971314,33.0,UNH
2003-07-17,0.8313151301228034,inf,inf,1.2029545593290827,1.000034326020476,32.0,UNH
2003-10-16,1.2829481942250482,inf,inf,0.2109957224894013,0.2706965811569868,32.0,UNH
2004-01-22,1.1705668796819368,1.7406034389026286,1.4869747889805156,0.2230633069675534,0.261110519208543,25.0,UNH
2004-04-15,1.4175979657198163,inf,inf,0.20817211014725415,0.295104359864349,32.0,UNH
2004-07-15,1.728938796698651,inf,inf,0.18814867947852773,0.3252975514980459,32.0,UNH
2004-10-14,0.8863067981556711,inf,inf,0.18638826055409283,0.165197182425503,32.0,UNH
2005-01-20,1.2729018392327331,1.474634262794889,1.1584823097464876,0.16102872039472038,0.2049737543597331,32.0,UNH
2005-04-14,1.2306386609074795,inf,inf,0.16206771227424324,0.19944679240951338,32.0,UNH
2005-07-14,0.798060250093925,inf,inf,0.6597234183906083,0.526499036273628,32.0,UNH
2005-10-14,1.4234306063497357,inf,inf,0.1641172078032168,0.2336094566157585,38.0,UNH
2006-01-19,1.1374249903680682,1.2451771944086967,1.0947334593077298,0.22806861133522877,0.2594109380512313,32.0,UNH
2006-04-18,1.1471600874436694,1.195761616657094,1.042366823728786,0.26842058006332975,0.30792137609712983,33.0,UNH
2006-07-19,1.3746147590943472,1.2908433714260519,0.9390582800642361,0.2085989964747792,0.2867432592865012,33.0,UNH
2006-10-19,1.4736333319833437,1.1988026197905048,0.8135012921952927,0.23237409895577735,0.3424342177108294,32.0,UNH
2007-01-18,1.2462727376989953,1.2508043183478332,1.0036361066978041,0.2146851252468473,0.2675562187846401,32.0,UNH
2007-04-19,1.2743493497463299,1.1822869277617611,0.9277573123862036,0.2297599515308847,0.29279444483113115,32.0,UNH
2007-07-19,1.0757560219120184,1.2294603239464197,1.1428802617913416,0.21204020798849935,0.22810353063110506,32.0,UNH
2007-10-18,1.0355918927762289,inf,inf,0.16530109179050417,0.17118447052530536,32.0,UNH
2008-01-22,1.7035868798449374,1.3919581810602575,0.8170749596210528,0.1608359583324662,0.27399802842247645,26.0,UNH
2008-04-22,1.2610912645000727,1.2241084277372483,0.9706739410509791,0.45813353624130604,0.5777482005284386,26.0,UNH
2008-07-22,1.4153598255181579,1.1839583575702606,0.8365069689164152,0.43360680446255173,0.6137096511076032,26.0,UNH
2008-10-16,0.8140203795387202,inf,inf,2.0857817743567244,1.697868871596806,32.0,UNH
2009-01-22,1.1234735946185848,1.1156777266981546,0.9930609246556642,0.5440131856530442,0.6111844492055332,25.0,UNH
2009-04-21,0.9095783473612259,1.1743834812432312,1.2911295488181205,0.5888666710730633,0.5356203734907435,26.0,UNH
2009-07-21,1.0287253144705115,1.0971932597944805,1.0665561004097674,0.3275296752755467,0.3369380681962613,26.0,UNH
2009-10-20,1.0677703824140627,1.1149320442347432,1.0441683554792514,0.3748809919303243,0.4002868201132056,26.0,UNH
2010-01-21,1.0888397576389008,1.3935564955922315,1.2798545293883234,0.33456292551422134,0.3642854147318664,25.0,UNH
2010-04-20,1.0669621312513071,1.1923152566837028,1.1174860116969518,0.2259208174489569,0.24104895687937655,26.0,UNH
2010-07-20,0.8513778421384971,1.4198560247534138,1.667715501247964,0.2222665055149734,0.18923277784500242,26.0,UNH
2010-10-19,1.3844669572626818,1.5474375960553337,1.117713635517074,0.20405774198934,0.2825112011578749,26.0,UNH
2011-01-20,1.0353314727005722,1.407419442695155,1.359390185467871,0.19921133923218254,0.20624976922590885,32.0,UNH
2011-04-21,1.8713046458601743,1.5715991285141533,0.8398414079668697,0.22289694650503428,0.4171080915429174,25.0,UNH
2011-07-19,0.8758244495177433,1.3488450703830202,1.540086111007448,0.2152287665063814,0.1885026159458344,26.0,UNH
2011-10-18,0.9390702984956916,1.2859664226387266,1.3694037865948185,0.38544410337583884,0.3619591092105532,33.0,UNH
2012-01-19,1.2310444508265852,1.3216678995329831,1.073615090540028,0.1646559162646333,0.2026987520133437,32.0,UNH
2012-04-19,1.0356087873031992,1.6082846458815594,1.552984742500737,0.2153047093153227,0.22297144891470916,32.0,UNH
2012-07-19,0.9833084105347989,1.3106699118379947,1.3329184392159845,0.2532079022465176,0.24898145989287399,32.0,UNH
2012-10-16,0.9490651447177969,1.2845693657789785,1.35351021257971,0.17386526039474148,0.16500945851793278,33.0,UNH
2013-01-17,0.9587159802246551,1.3912157740215465,1.4511240061895538,0.23640535414162786,0.22664559082624747,32.0,UNH
2013-04-18,1.2118491847697888,1.6309566963346334,1.3458413116352108,0.23150498053514618,0.2805491219316627,32.0,UNH
2013-07-18,1.881303116809015,inf,inf,0.17079787937582516,0.3213225828141101,32.0,UNH
2013-10-17,1.610034915532279,inf,inf,0.20906331465931632,0.33659923615841064,32.0,UNH
2014-01-16,1.0260696028408751,inf,inf,0.2130116183285855,0.21856474661890382,24.0,UNH
2014-04-17,1.2663345332658338,1.499460388464057,1.1840949994445777,0.15722149848488629,0.19909501290321346,24.0,UNH
2014-07-17,0.9618814343277788,1.6198052197002728,1.6839967608193738,0.1450163743306694,0.13948855814219838,24.0,UNH
2014-10-16,1.3285854336980578,1.707654750560755,1.2853179835094044,0.2246380603611832,0.29845085485005307,24.0,UNH
2015-01-21,1.2557492443163092,1.6092771299646926,1.2815274524340734,0.24314062005141773,0.30532364989216665,26.0,UNH
2015-04-16,1.4866480864563718,1.7481916246139628,1.1759283454775202,0.1770057382028617,0.26314524199108186,24.0,UNH
2015-07-16,0.9353541144248112,1.5765944695112561,1.685558918485937,0.2256555362457567,0.21106783427020565,24.0,UNH
2015-10-15,0.8668448004961103,1.6029663285957465,1.8491964509429382,0.3199680101656132,0.2773626059371484,24.0,UNH
2016-01-19,1.0799326796422426,1.6831787630706951,1.5585960076958634,0.2548509618367547,0.2752218821257694,25.0,UNH
2016-04-19,1.341406667300577,1.6848006572507106,1.2559954399519824,0.13382822759489005,0.17951807676880455,25.0,UNH
2016-07-19,0.9220890301962983,1.63356091929231,1.7715869789108656,0.1216375389692914,0.11216064034365834,25.0,UNH
2016-10-18,1.9956873111737694,1.9042539460182604,0.9541845234754075,0.1598053428754352,0.3189214950342796,25.0,UNH
2017-01-17,1.2283292292962311,1.776029810386216,1.4458907009839608,0.09992932671632232,0.12274611286955148,32.0,UNH
2017-04-18,1.2105222986263466,1.959621152704176,1.6188228460788185,0.09305761123457147,0.1126483134563504,24.0,UNH
2017-07-18,1.027399573897237,1.8694308039719227,1.8195752183160898,0.10625884023063621,0.10917028717577024,25.0,UNH
2017-10-17,2.214603496157726,1.8269733596040052,0.8249663485015498,0.12412316854968052,0.27488360302429715,25.0,UNH
2018-01-16,1.131331918763294,1.6623663776233444,1.469388735571561,0.16519401719503107,0.18688926444147108,25.0,UNH
2018-04-17,1.041796169342558,1.4221749224884759,1.3651182105862052,0.27176629349802317,0.28312508352266585,32.0,UNH
2018-07-17,1.4913294517112567,1.5180310781014283,1.017904579272898,0.1262335667213991,0.18825583584618047,32.0,UNH
2018-10-16,1.417463020310186,1.4197007616762332,1.0015786947059526,0.19196737297015531,0.2721066522912883,32.0,UNH
2019-01-15,1.0327797467278856,1.4513826776513097,1.405316750497545,0.27760577655069435,0.28670562359622415,32.0,UNH
2019-04-16,1.148673723603855,1.6794659370714564,1.462091368994053,0.343463805558157,0.39452784845363853,25.0,UNH
2019-07-18,0.9609945029219807,1.4150446399347099,1.4724794321217793,0.27827144706047574,0.26741733094526215,31.0,UNH
2019-10-15,2.090204195790849,1.3453993877753156,0.6436688771769836,0.18652932539192552,0.38988437857223923,32.0,UNH
2020-01-15,1.096437749436287,1.373590588930499,1.2527757181259993,0.2098250254677045,0.23006007869922152,25.0,UNH
2020-04-15,0.8718798882456571,1.2284738840431835,1.4089944046249798,0.9570544618864203,0.8344365372745396,24.0,UNH
2020-07-15,0.9136364727104505,1.4476829449053026,1.5845284072455172,0.31723252089410214,0.28983520141873176,25.0,UNH
2020-10-14,1.1083800323884947,1.4935810382794517,1.3475351365369432,0.23644197220092955,0.26206756080606586,25.0,UNH
2021-01-20,0.9478953439338329,1.4513043427734642,1.5310807802372446,0.212494283691058,0.20142234212330887,25.0,UNH
2021-04-15,1.1034248627452374,1.8659998963966984,1.691098288064882,0.20963693893334845,0.23131861056886172,24.0,UNH
2021-07-15,1.3751905442961456,2.078742026452306,1.511602908465499,0.1337990259614002,0.18399915533815206,24.0,UNH
2021-10-14,1.2159055588972458,1.827109627301006,1.5026739650389342,0.21760390186780382,0.26458579391879344,24.0,UNH
2022-01-19,0.8277376860304567,1.814730378678223,2.192397917003201,0.24297141960218685,0.2011166006330493,25.0,UNH
2022-04-14,0.8607403312980914,1.5935140418141973,1.8513295867186825,0.23655295599902,0.20361066971613928,24.0,UNH
2022-07-15,1.4135051051911531,1.4928535916259986,1.0561359744251613,0.2600160937354672,0.36753407592694426,23.0,UNH
2022-10-14,0.9571514816139843,1.5375408411212563,1.6063714789727932,0.22298738836096307,0.21343270915092874,23.0,UNH
2023-01-13,0.9649305463845546,1.6912225081067322,1.7526883302051959,0.20753751376063193,0.20025928654833858,23.0,UNH
2023-04-14,1.0248769375477647,1.594693032320531,1.555984893304529,0.25029115470554314,0.25651763212991086,22.0,UNH
2023-07-14,1.916170612567646,1.602699296833526,0.8364074087776181,0.21443703472700182,0.4108979441900287,23.0,UNH
2013-03-15,0.9565515243825642,inf,inf,0.22868869686291643,0.21875252159328484,31.0,ABBV
2013-04-26,1.0291664378683296,inf,inf,0.3062973852940866,0.3152309889514984,24.0,ABBV
2013-07-26,0.896418907438582,inf,inf,0.2530331374652763,0.2268236886323795,24.0,ABBV
2013-10-25,1.0005837298722742,inf,inf,0.230851093135438,0.23098584781454828,24.0,ABBV
2014-04-25,0.9282842938519305,inf,inf,0.3619293438475391,0.3359733253778054,24.0,ABBV
2014-07-25,0.8827233862770921,inf,inf,0.2470982954458425,0.21811944409925146,24.0,ABBV
2015-01-30,1.2150272783060547,1.3585963698436394,1.1181612084773465,0.2639080860294108,0.32065552349127513,30.0,ABBV
2015-04-23,1.0600389123454426,1.4239247583951076,1.3432759324320755,0.228911344362369,0.2426549325014187,24.0,ABBV
2015-07-24,1.518615835426655,1.8500930740079093,1.2182759002299788,0.1719336943075278,0.2611012308188175,30.0,ABBV
2015-10-30,1.1900486713857374,1.330355092762059,1.1178997336410985,0.5858082493275013,0.6971403287989978,23.0,ABBV
2016-01-29,0.8343240243662039,1.985607358978585,2.3798995366182294,0.4918338253600453,0.4103487764938177,23.0,ABBV
2016-04-28,0.8276067379627137,1.7374431206943395,2.099358355843421,0.19119532765047842,0.15823454143052468,24.0,ABBV
2016-07-29,0.9923009835074958,1.8329038993369366,1.8471249447502849,0.1742188008762756,0.17287748745502485,23.0,ABBV
2016-10-28,1.9948804226154988,1.5119386382362021,0.7579094070480129,0.1703061430663687,0.3397403906542532,30.0,ABBV
2017-01-27,1.0445585562650739,1.6401057113740072,1.5701424314960122,0.18674492509118779,0.1950660093430805,23.0,ABBV
2017-04-27,1.0487228755445481,2.2905021522604945,2.184087146064354,0.11243583117140561,0.11791402818031782,31.0,ABBV
2017-07-28,1.0017963026165173,2.33355075063718,2.3293665034921296,0.16298828374103685,0.16328106002158255,30.0,ABBV
2017-10-27,0.9646691239041195,2.1648612441902526,2.2441489942466766,0.3007036682404441,0.2900795441962642,23.0,ABBV
2018-01-26,3.7012671867584532,1.481438938791489,0.4002518229679398,0.18690041683942588,0.691768380039244,23.0,ABBV
2018-04-26,1.22537170333216,1.3132798649948587,1.071739996462828,0.3336600719638422,0.40885761071626436,24.0,ABBV
2018-07-27,0.9972553850937614,1.593587492375764,1.5979733137524605,0.3130005119501045,0.3121414460793459,23.0,ABBV
2018-11-02,1.225219243735598,1.365635268823926,1.1146048152657237,0.33056160834431986,0.4050104437836505,30.0,ABBV
2019-01-25,1.240426728782026,1.4204242214233995,1.145109330897854,0.34930059285182813,0.43328179175281556,30.0,ABBV
2019-04-25,0.865776752912709,1.6170758280211308,1.867774599607632,0.19557099265407987,0.16932081898396453,31.0,ABBV
2019-07-26,0.8244053813031584,1.8157594414286267,2.202507992558721,0.37529616761540474,0.3093961801645918,30.0,ABBV
2019-11-01,1.1366582505874907,2.043350973449773,1.797682788466675,0.18928660845515916,0.21515418522628052,23.0,ABBV
2020-02-07,1.4983831186351402,2.364711721037824,1.5781756292021045,0.221698852412691,0.3321898178759596,23.0,ABBV
2020-05-01,0.9500653620490969,1.4686475228962517,1.5458384039269457,0.42889593679607424,0.40747917347354884,37.0,ABBV
2020-07-31,1.0234982050096786,2.1091812252921667,2.060757131735489,0.17285187859002782,0.17691358746944436,30.0,ABBV
2020-10-30,1.799197047616518,1.5328680504733867,0.851973413642519,0.20035876099752697,0.3604848912508541,23.0,ABBV
2021-02-03,1.0283188743101257,1.5850732667255218,1.541421932753018,0.29394856439571326,0.30227285684447736,25.0,ABBV
2021-04-30,1.1349012119579096,2.0917870415564694,1.8431446010598216,0.17239040874387343,0.19564608381334136,23.0,ABBV
2021-07-30,1.2643524626510723,1.9631068307738826,1.5526578930828152,0.11425706018173669,0.14446119541605054,23.0,ABBV
2021-10-29,1.6432144765956114,2.018772157953335,1.228550616311389,0.1462684925258286,0.24035050438825856,30.0,ABBV
2022-02-02,0.9146252290519563,1.8241778811759597,1.9944539284869598,0.1763102844932542,0.1612578343388582,25.0,ABBV
2022-04-29,1.2254932854331704,1.7868669581431655,1.4580797621519146,0.2959117455327055,0.36263785723113956,37.0,ABBV
2022-07-29,1.3285977587829274,1.5687984373220631,1.1807926266255133,0.19160711589988647,0.2545687847514498,23.0,ABBV
2022-10-28,1.0574517492646567,1.4368448680661372,1.3587805486778073,0.2855308790258765,0.3019351274949882,23.0,ABBV
2023-02-09,1.369865159457159,1.5011424996590637,1.0958323082353059,0.15682484316668216,0.214828888791371,31.0,ABBV
2023-04-27,3.4409946115432275,1.495806528821002,0.43470179343005666,0.11607761250477111,0.39942243914972014,31.0,ABBV
2023-07-27,1.3230363411560262,1.5058669146908832,1.1381901372226144,0.21013008213234294,0.27800973503119025,31.0,ABBV
2000-02-22,1.126242886626642,inf,inf,0.3719171180415896,0.4188690086090215,26.0,TMO
2000-10-30,1.849479759669721,1.09714993088121,0.5932208369109908,0.38581189928291276,0.7135512987634801,22.0,TMO
2001-02-21,1.6929046613308418,inf,inf,0.2880808571693633,0.48769342594219967,26.0,TMO
2001-04-26,1.1256550027565617,1.1167883220386963,0.9921230921586522,0.5091803212533533,0.5731613759240304,25.0,TMO
2001-07-25,1.1218806233061343,1.120783628061071,0.9990221818415667,0.46983949908608197,0.5271038300885356,26.0,TMO
2001-10-24,1.1061776971841968,1.1444418654384125,1.0345913394851642,0.514168252634605,0.5687614536645696,26.0,TMO
2002-02-13,0.8557396832319747,1.147242021622278,1.340643707545911,0.3703994091797305,0.31696547308077316,33.0,TMO
2002-04-24,1.0240308735951134,1.2351723503657144,1.2061866318828227,0.26860106110471194,0.2750557792516326,26.0,TMO
2002-07-23,1.3472410753689268,1.0436754096752612,0.7746760611418134,0.39581374671354713,0.5332565377681633,26.0,TMO
2002-10-22,1.1930746957293192,1.1127723106105207,0.9326929106733672,0.42414584725060056,0.5060376776533646,26.0,TMO
2003-04-23,2.423484371846606,1.3556253579112647,0.5593703733597126,0.21140790669229528,0.5123437579535831,26.0,TMO
2003-07-22,1.13973968628981,2.141594549539536,1.879020775797551,0.20368450298389826,0.23214731153296406,26.0,TMO
2003-10-21,1.3065033410600813,1.694484507470612,1.2969614804779048,0.19556193333852256,0.25550231929094863,26.0,TMO
2005-10-26,1.0935367750399927,1.6843835079117828,1.5403080594616325,0.18395722140143533,0.2011639866366435,26.0,TMO
2006-04-26,1.2115212211984616,1.6807058957664547,1.387269051799081,0.12730705427110212,0.15423519785770445,26.0,TMO
2006-07-26,1.089913081917356,1.3023468388800845,1.194908897312269,0.23805779039345873,0.2594623000021705,26.0,TMO
2006-10-25,1.4253945765875957,1.3925426702538126,0.9769524124243332,0.19371876452028253,0.27612567633046026,26.0,TMO
2007-02-08,1.088385219528433,1.0853811607773787,0.9972398938379963,0.2005453529170742,0.21827059796005688,39.0,TMO
2007-04-26,2.1744807299558766,1.4958461827712035,0.6879096062633567,0.15496753908813066,0.33697392751582417,25.0,TMO
2007-07-26,1.2525859557812826,1.2406564801733002,0.9904761221751512,0.192051813242771,0.24056140405022472,25.0,TMO
2007-10-25,1.1608494706192831,1.426221977388612,1.2286019966290371,0.17139134096692102,0.19895954743017932,25.0,TMO
2008-02-06,1.3595991144281152,1.1565208589453926,0.8506337248034006,0.31793436856434965,0.43226328594635177,40.0,TMO
2008-04-24,0.9286504231206001,1.174197814012326,1.2644131578238,0.29282326260343483,0.27193044671623434,25.0,TMO
2008-07-24,1.3058207727827607,1.1880479832310975,0.9098093765956226,0.23623984662043088,0.3084868990759719,25.0,TMO
2008-10-23,0.8530825343650451,1.2368276890304195,1.4498335614747972,0.9979670853465059,0.8513482903802946,25.0,TMO
2009-04-23,1.2870349688010345,1.0733042010140543,0.8339355394623926,0.3744985016299496,0.48199266736133634,25.0,TMO
2009-07-23,1.077296817823209,1.1414790651503037,1.0595771251388098,0.2791835859767227,0.30076358876119563,25.0,TMO
2009-10-22,1.0530522513651528,1.290671161127206,1.2256477866639661,0.20461703698805184,0.21547243146793474,25.0,TMO
2011-10-26,1.3959921910875341,1.2299054585403857,0.8810260303692958,0.4147862229119595,0.5790383281557887,26.0,TMO
2012-04-25,1.2781540010878645,1.3818450081333302,1.0811255975079779,0.21493337023145656,0.2747179471286355,26.0,TMO
2012-07-25,1.7500117404734108,1.6951708176907323,0.9686625400765352,0.25186645606588515,0.44076925514672954,26.0,TMO
2012-10-24,1.4742632703605332,1.423379772751185,0.9654854742485007,0.20597792437745555,0.3036656884147822,26.0,TMO
2013-04-24,0.8538676149695388,1.4145628402027668,1.6566535788492582,0.2789633017711113,0.2381977291473265,26.0,TMO
2013-07-24,0.9384346653005126,1.3612691611009775,1.4505742503289365,0.16283677170261796,0.15281167135136225,26.0,TMO
2013-10-23,0.8735999122739825,1.6469137353951768,1.8852036409988375,0.19232752391107028,0.16801730801658327,26.0,TMO
2014-04-23,1.0662920306321033,1.4020189791346636,1.31485459785678,0.21409339735153066,0.2282860834068894,26.0,TMO
2014-07-23,0.9444326371171967,1.545377566270372,1.636302585844037,0.13584389979955483,0.1282954125239778,26.0,TMO
2014-10-22,1.1508712949909887,1.813293651136632,1.5755833506567996,0.2883613609540985,0.33186681290660724,26.0,TMO
2015-04-22,1.2645807471726773,1.3998166475081204,1.1069412931027145,0.1571720342855816,0.19875672855151044,25.0,TMO
2015-07-22,1.1028586401638152,1.5420906054674144,1.398266785341009,0.19507786024390117,0.21514330367465562,25.0,TMO
2015-10-21,1.0711870927903524,1.727665770989747,1.6128515575083366,0.21994336466417952,0.23560049337315078,25.0,TMO
2016-10-27,1.1516922494614332,1.5534797240987135,1.3488670474470663,0.17642330099565215,0.20318534838109414,24.0,TMO
2017-04-26,2.3797302966542184,1.6139470412400545,0.678205863710347,0.1108956015663977,0.26390162281325164,25.0,TMO
2017-07-26,1.6688417076245818,1.677676287447827,1.0052938393035613,0.09045760717282625,0.15095942762193298,25.0,TMO
2017-10-25,1.8481430353271056,1.6558044690071971,0.8959287443431746,0.1345200136948861,0.2486122264223106,25.0,TMO
2018-04-25,0.8959599048700381,1.5367594306249674,1.7152100470923188,0.2055709386974429,0.18418331867940535,25.0,TMO
2018-07-25,1.26582655407975,1.4705584097925664,1.1617376844031018,0.17960596013796995,0.22734999361363142,25.0,TMO
2018-10-24,1.1502549803638753,1.5008877477359777,1.3048304709458263,0.258181994442992,0.29697512494832995,25.0,TMO
2019-04-24,1.0474136328027863,1.4964693128462938,1.4287281222814279,0.25878407892074445,0.27105397221389993,24.0,TMO
2019-07-24,0.9814881593611477,1.538792521854595,1.5678156757960255,0.18212385263608535,0.17875240489955233,25.0,TMO
2019-10-23,1.1842265537899515,1.3620334673206562,1.150146028191699,0.2856322292892755,0.33825327054258,25.0,TMO
2020-04-22,1.0283587346337615,1.4184825536408026,1.3793654936435964,0.5655625398864834,0.5816011778739203,25.0,TMO
2020-07-22,0.9188604095469993,1.4891564347288808,1.6206557810702051,0.2415874329898003,0.22198512761841616,25.0,TMO
2020-10-21,0.9480386368503153,1.4978495827628173,1.5799457158614845,0.21991614195336917,0.20848899943885255,25.0,TMO
2022-10-26,0.9126333508572969,1.3478474598401553,1.4768772788919373,0.3673714601366479,0.33527544667384684,32.0,TMO
2023-02-01,0.9667879025738906,1.3778456632686926,1.4251788418126026,0.29556768251605425,0.28575125984832167,31.0,TMO
2023-04-26,1.5744058170227644,1.516645503273043,0.9633129443976857,0.1922480552946896,0.3026764565672734,32.0,TMO
2023-07-26,1.106125130747409,1.5889641523301032,1.4365139242939358,0.24591330312462342,0.2720108845712513,25.0,TMO
2000-01-26,0.9078285552388288,inf,inf,0.4719071708852261,0.42841080515157787,26.0,MRK
2000-04-24,0.8961094416570108,inf,inf,0.4722638596017287,0.42320010354249,29.0,MRK
2000-07-24,1.6791524921632237,inf,inf,0.30016298051471585,0.5040194167864263,29.0,MRK
2000-10-20,1.41585713916281,1.1689385674317223,0.8256048827941147,0.22208500462752775,0.3144406393028909,31.0,MRK
2001-01-23,1.0919590381344537,inf,inf,0.3092559995384053,0.3376948837932661,29.0,MRK
2001-04-20,1.2345694287094793,1.1339303437598431,0.9184824420487746,0.31554527995096776,0.38956255600103895,31.0,MRK
2001-07-20,1.0225036309028432,1.3641842117407448,1.3341607506432096,0.33191066901121596,0.3393798641993601,31.0,MRK
2001-10-18,1.2508335634460281,inf,inf,0.25455721046097146,0.3184087026617775,32.0,MRK
2002-01-22,1.0883662278384345,inf,inf,0.19537870196854712,0.21264358086147736,26.0,MRK
2002-04-18,0.9377145714451481,1.2443137363100087,1.3269642748457549,0.2747691009926987,0.2576549897837371,32.0,MRK
2002-07-19,0.9700299430706598,inf,inf,0.43087483090916495,0.41796148769739744,31.0,MRK
2002-10-18,0.8433646286585318,inf,inf,0.4329136404774633,0.36510405164248894,31.0,MRK
2003-10-22,1.9937314752709865,inf,inf,0.1498004148480983,0.29866180209130483,26.0,MRK
2004-04-22,0.8687869891397609,inf,inf,0.2109947066077837,0.1833094558782036,25.0,MRK
2004-07-21,1.1094468680568552,inf,inf,0.1298356805145543,0.14404578910890273,26.0,MRK
2004-10-21,0.7935049349651603,inf,inf,0.7843499830084524,0.6223855822570465,25.0,MRK
2005-01-25,2.8299449814053106,inf,inf,0.19184852490618196,0.5429207702482614,26.0,MRK
2005-04-21,1.0015500635986994,inf,inf,0.16872524136516265,0.16898677621998456,25.0,MRK
2005-07-21,0.9227550488103697,inf,inf,0.19571644424534393,0.18059833706260434,25.0,MRK
2005-10-24,1.1076594818842636,inf,inf,0.2345522248951114,0.2598039959021204,29.0,MRK
2006-04-20,1.1702097859345628,1.3905079930337862,1.1882553109255423,0.15677299125197128,0.1834572885332904,32.0,MRK
2006-07-24,1.3063036929784788,inf,inf,0.172641222098085,0.22552186598704618,29.0,MRK
2006-10-20,1.0749705719435318,1.2244321505169937,1.1390378327317718,0.13751482725694766,0.14782439250711701,31.0,MRK
2007-01-30,1.0532971749468434,inf,inf,0.13918602176212047,0.14660424351413137,22.0,MRK
2007-04-19,0.8437215452093981,1.4439976218067807,1.7114623064987675,0.39206366007003224,0.3307925570947398,32.0,MRK
2007-07-23,2.052595480595816,inf,inf,0.20407589075569077,0.4188852510636964,29.0,MRK
2008-10-22,0.9057441354734682,inf,inf,0.9180640409113445,0.8315311210445245,26.0,MRK
2009-04-21,1.1077639924976066,inf,inf,0.3901323611478293,0.4321745819876375,26.0,MRK
2009-07-21,1.1368784426905485,inf,inf,0.33234082711097696,0.3778311219684163,26.0,MRK
2009-10-22,1.182684374246957,inf,inf,0.19035235004919324,0.22512675000436783,25.0,MRK
2010-02-16,0.895626767440361,inf,inf,0.2787882542497382,0.24969022295403448,36.0,MRK
2011-10-28,1.1322313712094758,inf,inf,0.2329418421140089,0.2637440613088055,24.0,MRK
2012-04-27,1.057702159393385,inf,inf,0.1295924397156347,0.1370702033282839,24.0,MRK
2012-07-27,1.2193265630286292,inf,inf,0.22020558126903558,0.26850251456849467,24.0,MRK
2012-10-26,0.9074132729857662,inf,inf,0.17979037181172994,0.1631441697370097,24.0,MRK
2013-10-28,1.2367098023046526,1.5900533121292515,1.2857125488664607,0.1128704076603405,0.13958793954366525,22.0,MRK
2014-02-05,0.9312508236983197,1.9419327540128546,2.0852950726000614,0.24816452619624443,0.23110341943295587,25.0,MRK
2014-04-29,1.4312659141050272,1.7755257477918653,1.2405282137261715,0.18054535280877898,0.2584084094252717,25.0,MRK
2014-07-29,1.3312408298660605,1.6042557234848416,1.2050830229164844,0.1127759043804758,0.1501318885363601,25.0,MRK
2014-10-27,0.929642319557661,2.276590712144641,2.448888851389511,0.28477268348419127,0.2647367380209032,22.0,MRK
2015-02-04,0.9680297503229719,1.4162832004586252,1.4630575144886806,0.23649179633204417,0.22893109455673985,25.0,MRK
2015-04-28,1.68607431773079,1.7379344853795258,1.0307579370039466,0.1465177005164017,0.2470397319336762,25.0,MRK
2015-07-28,1.117375955842457,1.5657847671074259,1.401305226696852,0.12652822792708573,0.14137959962107968,25.0,MRK
2015-10-27,0.9240276582631356,1.5616496146147252,1.6900463970419528,0.2723285382034751,0.25163910143437995,25.0,MRK
2016-02-03,0.9940890417639724,1.648365148785295,1.6581665017253737,0.2586342293459274,0.25710545321785644,25.0,MRK
2016-05-05,0.9861334760426298,1.7522011022396822,1.7768396924027918,0.14383726574544006,0.1418427428540183,24.0,MRK
2016-07-29,0.8306720754275069,1.860655937967654,2.2399403964676,0.134495355500806,0.11172153608921487,23.0,MRK
2016-10-25,1.4775857115483944,1.981449331531592,1.3410046645992455,0.17952534334652234,0.26526408218964104,32.0,MRK
2017-02-02,1.035262071235846,1.5588368228933727,1.5057412670711565,0.21379396166170542,0.22133277956761419,31.0,MRK
2017-05-02,1.2405901457848054,1.9279446201286232,1.5540544366560263,0.08669337248745651,0.1075509436127901,25.0,MRK
2017-07-28,1.6689331388130606,2.0716519298849048,1.2413031305485709,0.09623007824497633,0.16060156653361476,23.0,MRK
2017-10-27,4.867023827872506,2.461942808920331,0.5058415360165815,0.07525570282556283,0.3662712988353066,30.0,MRK
2018-02-02,1.2304667823726771,1.92736569314554,1.566369544270875,0.2321296538340963,0.2856278282465239,23.0,MRK
2018-05-01,0.9147745206373677,1.6166875744452913,1.7673071756730465,0.21948326585746256,0.20077769931268424,25.0,MRK
2018-07-27,1.4161397689069743,1.539157283331881,1.0868682012368425,0.11683140822668797,0.1654496034472183,23.0,MRK
2018-10-25,1.0154175893950708,1.776906611721656,1.7499269564359605,0.2063696131043683,0.20955133506283105,31.0,MRK
2019-02-01,0.9940675032432337,1.8699871691254992,1.881147068005442,0.2196017358356276,0.21829894925000248,30.0,MRK
2019-04-30,0.9228098601024263,1.881971821848056,2.039392840513395,0.23797693153699717,0.21960745889926103,32.0,MRK
2019-07-30,0.8900976661072207,1.8288891112730712,2.0547061080067635,0.20024495154517732,0.17823756402011584,25.0,MRK
2019-10-29,1.133132153040263,1.598486656288503,1.4106798152357298,0.23544808102922543,0.2667937909858445,32.0,MRK
2020-02-05,1.0227035593000107,1.907924862273787,1.8655697879644282,0.2087386265069526,0.21347773629205596,25.0,MRK
2020-04-28,0.9133076018455379,2.5035167164928103,2.741153923863008,0.4948070372073016,0.4519110285280965,25.0,MRK
2020-07-31,1.0991215042813565,1.467401844127903,1.335067905060543,0.20502204871318272,0.22534414259247895,23.0,MRK
2020-10-27,1.008269124058432,1.6946273916105936,1.680729233073674,0.17003629824245958,0.17144234948706305,39.0,MRK
2021-02-04,0.8388053906943277,1.8437384794351037,2.198052730573101,0.23550727197088345,0.19754476927689218,24.0,MRK
2021-04-29,1.822843424266498,2.4769181855332163,1.3588211431433912,0.14068140477185193,0.2564401736049438,24.0,MRK
2021-07-29,1.1178482449900065,2.4500233381793755,2.1917316139824314,0.12481125271053162,0.13952003979747196,31.0,MRK
2021-10-28,1.2360067172078988,1.7195639280418094,1.3912253906890177,0.28001068407295776,0.3460950864041546,24.0,MRK
2022-02-03,1.359262325966603,1.6815107604072608,1.237075970020356,0.16072547364294848,0.2184680811459981,24.0,MRK
2022-04-28,1.5729664884872494,1.2964327461538687,0.82419603700564,0.1707925787256009,0.26865100281769055,24.0,MRK
2022-07-28,0.8560388771743808,1.4816298667621475,1.7307974044972372,0.22673936497723463,0.19409771140634405,24.0,MRK
2022-10-27,0.7944067184066599,1.455869138630453,1.8326495797398177,0.23719703849253945,0.18843092096463646,24.0,MRK
2023-02-02,1.2044665860266648,1.4919448923220546,1.2386768629619964,0.18013073690698736,0.21696145372082642,24.0,MRK
2023-04-27,1.184245340066719,1.6649357187735052,1.4059043869066057,0.15916718812240252,0.188493000825478,38.0,MRK
2023-08-01,0.8323213006977376,1.755766325844127,2.10948142787198,0.2141496458658149,0.17824131179099492,39.0,MRK
2000-01-18,0.9662421206259783,1.18183811998465,1.2231283389084697,0.35858620593017515,0.34648109604519617,33.0,ABT
2000-04-11,0.9937763185141182,1.0241253303991873,1.0305390773755272,0.6430032407161815,0.6390013933515742,40.0,ABT
2000-07-12,1.038701605773781,1.0446102011383236,1.0056884434679785,0.3438100349109192,0.3571160353431115,40.0,ABT
2000-10-10,0.903399607811289,1.0851171313805674,1.2011485526427605,0.31165386447306,0.281547978937835,40.0,ABT
2001-01-15,0.9319374127317063,1.187332888801316,1.2740478840966276,0.49408168283305465,0.46045320517756444,36.0,ABT
2001-04-12,1.0445195250088863,1.1594693120683939,1.1100503957152257,0.32690685395641145,0.34146059181670024,39.0,ABT
2001-07-12,1.0063152793067835,1.231706289175834,1.22397653548927,0.3336965032787798,0.33580388990068233,39.0,ABT
2001-10-10,1.1143607230440713,1.2093113018149066,1.0852063221606207,0.3015052150924932,0.3359855694920289,40.0,ABT
2002-01-16,1.0201900395584265,1.2660723720319083,1.2410162057452632,0.14263684937597124,0.14551669300736142,33.0,ABT
2002-04-09,1.1252479547258674,1.3326240228399424,1.1842936636704182,0.23653334921904307,0.26615866743318756,40.0,ABT
2002-07-11,1.2839182307428643,1.1863622530900126,0.9240169854147124,0.48513490005465976,0.622873542549795,39.0,ABT
2002-10-09,0.9608202458240006,1.228075039016147,1.278152749542604,0.4520063091226091,0.43429681304518447,40.0,ABT
2003-01-16,1.0000370362201871,1.3081220138772611,1.308073567776584,0.3976459244628111,0.397660651764826,32.0,ABT
2003-04-09,0.9435468759972598,1.2445208999841149,1.3189815277261636,0.3460111897362459,0.32647777713572995,40.0,ABT
2003-07-10,0.9276912363727229,1.313784189097814,1.4161869139076018,0.2103396096184961,0.1951302125051385,39.0,ABT
2003-10-09,0.9257564177074636,1.2756651003820063,1.3779705719362485,0.16497605708299679,0.15272764361265714,39.0,ABT
2004-01-16,1.304471699675597,1.489535107174931,1.1418684725359367,0.1752049081434446,0.22854984431738604,31.0,ABT
2004-04-08,1.1415724594608099,1.2960278001647796,1.1353005141495114,0.1997501772047043,0.22802930106930688,39.0,ABT
2004-07-09,0.9961581841186907,1.4857293034270358,1.491459215126032,0.1899320593050078,0.18920237530320005,38.0,ABT
2004-10-14,0.9053123030348444,1.4993605016504858,1.6561804104773965,0.15108397365330187,0.13677818013972648,32.0,ABT
2005-01-18,0.8433826140770898,1.4300700259225736,1.695636122980189,0.212359708397335,0.1791004859927929,33.0,ABT
2005-04-12,1.0869964787341568,1.3986702725015627,1.2867293499702597,0.18922333627454047,0.20568510022475472,33.0,ABT
2005-07-13,2.7616997288806697,1.5881913715113556,0.5750774984342911,0.08441214929791822,0.23312100983029538,33.0,ABT
2005-10-19,1.2111927603879393,1.4209339424085616,1.1731691179803974,0.198923814105454,0.24093508351328216,33.0,ABT
2006-01-25,1.3775777087540004,inf,inf,0.2268091432221001,0.3124472198443586,25.0,ABT
2006-04-19,1.2677168500192113,1.3051986072626012,1.0295663477556694,0.13877612335735864,0.17592882996046819,33.0,ABT
2006-07-19,1.3001017009594773,1.3020889753574072,1.0015285530327844,0.1444365922863818,0.1877822593123155,33.0,ABT
2006-10-18,1.0867637646476749,1.4193531497320862,1.3060365057278438,0.12837182516225568,0.1395098479880261,33.0,ABT
2007-01-24,1.0362796858637167,inf,inf,0.1524543384090678,0.15798533391510955,25.0,ABT
2007-04-18,1.0025686364258863,1.309152725748155,1.3057986038893332,0.21312660978274536,0.21367405455595898,33.0,ABT
2007-07-18,1.4083506729427848,1.3522373640686731,0.9601567209416235,0.14755644281210453,0.20781121553147097,33.0,ABT
2007-10-17,0.9111095995772216,1.2249697320511763,1.34448120469765,0.1830144202770314,0.16674619517546344,33.0,ABT
2008-01-23,1.3230672552862894,inf,inf,0.2057954112454898,0.2722811699070834,26.0,ABT
2008-04-16,0.8051021246792275,1.2845774603632945,1.595545982287777,0.22444117053541582,0.1806980632635561,33.0,ABT
2008-07-16,0.943185852917814,1.1781248942197515,1.2490909300379522,0.2988345235995235,0.2818564950225052,33.0,ABT
2008-10-15,0.8488220230555266,1.2633350394468763,1.4883391395751215,0.6946760561593813,0.5896563353574407,33.0,ABT
2009-01-21,1.568065088312671,inf,inf,0.22203420614073735,0.3481640870605091,26.0,ABT
2009-04-15,1.0668685666204634,1.217501521793968,1.141191670545386,0.33511102874722326,0.357519422898259,33.0,ABT
2009-07-15,0.9986350743981994,1.157859325659917,1.1594418775624016,0.2282394196025464,0.22792788977539077,33.0,ABT
2009-10-14,1.2231407276603374,1.3196963646480546,1.078940742307234,0.16769646610692884,0.20511637758009607,33.0,ABT
2010-04-21,1.4190893664734185,inf,inf,0.11013225954401759,0.15628751842460603,26.0,ABT
2010-07-21,1.042070366321248,inf,inf,0.1591463313032426,0.16584167575985273,26.0,ABT
2010-10-20,1.172453092983377,inf,inf,0.10094883754232825,0.1183577768095792,26.0,ABT
2011-01-26,1.512955453264698,inf,inf,0.10455871802618649,0.15819268262408473,26.0,ABT
2011-04-20,1.069575563372937,inf,inf,0.16111740630086696,0.17232724061343616,26.0,ABT
2011-07-20,1.0603395254690646,inf,inf,0.10023945955268028,0.10628786097536451,26.0,ABT
2011-10-19,0.9469346035061085,1.421845840465222,1.5015248520866311,0.19147856078545497,0.1813176750372951,33.0,ABT
2012-01-25,1.1305126449762681,inf,inf,0.09906721913718934,0.11199674393722749,25.0,ABT
2012-04-18,1.1519551329084246,1.9380150452284168,1.6823702502504327,0.10276624901956498,0.11838210804783324,33.0,ABT
2012-07-18,1.1725579731598768,1.5783772653593253,1.3460974224633204,0.11296956215948281,0.13246336083448187,33.0,ABT
2012-10-17,1.2666830209389526,1.5605462866232818,1.2319943196732024,0.2410606646805329,0.30534745096708926,33.0,ABT
2013-04-17,0.9941254928980988,1.574558800265171,1.5838632159758612,0.21047364365536056,0.20923721474094412,33.0,ABT
2013-07-17,0.7971667529536858,1.435784086139969,1.801108840553196,0.22307797729294956,0.17783034681409665,33.0,ABT
2013-10-16,1.9456073597421837,1.4222835564713556,0.7310229113544396,0.1769441863892339,0.3442639113024862,33.0,ABT
2014-01-22,1.386677958168979,inf,inf,0.1412260249154128,0.195835015870026,26.0,ABT
2014-04-16,1.0198925380781438,1.4625687898460804,1.4340420536874434,0.15248157384080702,0.15551481935465056,33.0,ABT
2014-07-16,1.3722429161714844,1.5537186922557913,1.132247559047795,0.1236917097584023,0.16973507250510683,33.0,ABT
2014-10-22,1.0380748692379276,inf,inf,0.22519536956140834,0.23376965381044576,26.0,ABT
2015-04-22,1.3978003984708238,inf,inf,0.12864708823869356,0.17982295120215708,25.0,ABT
2015-07-22,1.0492435394772603,inf,inf,0.16444182455256703,0.17253952203163408,25.0,ABT
2015-10-21,0.9296037504263387,inf,inf,0.28062814071260744,0.2608729720816102,25.0,ABT
2016-04-20,0.8319733231583427,inf,inf,0.14415356989037512,0.1199319245868338,25.0,ABT
2016-07-20,0.8595827089126322,1.6802374726935092,1.954712973250708,0.23361432513680105,0.20081083444188788,32.0,ABT
2016-10-19,0.9916305947706312,1.7459028799203293,1.7606383759510413,0.264060174577533,0.26185014797155576,32.0,ABT
2017-01-25,0.9153441830847299,2.9710332131077846,3.245809901905246,0.1408041117712114,0.1288842246641905,24.0,ABT
2017-04-19,1.0714884324412504,3.8995943039565635,3.6394180150613784,0.13342397836046077,0.14296224942352542,24.0,ABT
2017-07-20,1.1881289844819776,1.7898049070934121,1.5064062323786878,0.14610686503295606,0.17359380117745143,31.0,ABT
2017-10-18,0.871385113553949,1.9538256001968324,2.2422067692069514,0.16021163995393625,0.13960603807392513,25.0,ABT
2018-01-24,1.8902577222763068,1.6432474722884511,0.8693245650702073,0.11285092297911735,0.2133173286272853,24.0,ABT
2018-04-18,0.8339691234497506,1.5745786345402157,1.8880538742572395,0.2597837037735398,0.21665158772254867,32.0,ABT
2018-07-18,1.3708113789963225,1.542020639132693,1.1248962933629323,0.14963936415184853,0.20512734312512837,32.0,ABT
2018-10-17,1.2407766358074095,1.6496237786872492,1.3295090599556552,0.21924531303293374,0.2720344619215459,32.0,ABT
2019-01-23,0.9603871222187799,1.7122440662332554,1.7828686231000916,0.33807391353417265,0.3246818329163247,25.0,ABT
2019-04-17,2.086132785570144,1.9025174370201954,0.9119829045303238,0.1175710738491334,0.24526887179136578,25.0,ABT
2019-07-17,1.3788926809181075,1.8773490042372256,1.3614902959577908,0.14692550737650908,0.20259450676164778,32.0,ABT
2019-10-16,0.9777475825066992,2.0479906205111638,2.0946005463502453,0.2366931050851626,0.23142611129302185,25.0,ABT
2020-01-22,1.2505562388499132,2.3279971114711424,1.8615693074404305,0.1360333475688101,0.17011735149381416,32.0,ABT
2020-04-16,0.8474851912088112,1.5495086283657142,1.828360712894076,0.6994657549164766,0.5927868690494056,23.0,ABT
2020-07-16,1.0191130139439921,1.3554533240456756,1.3300323963090595,0.24115860859244412,0.24576787644118525,31.0,ABT
2020-10-21,1.0785931571498588,1.5518876099374097,1.4388072088628983,0.27140880361789715,0.2927396783724937,32.0,ABT
2021-01-27,1.5859704093065843,1.444611476138286,0.9108691231949888,0.1839416418814259,0.29172600106321017,25.0,ABT
2021-04-20,1.2899725482069189,1.8074318587328013,1.4011397849087244,0.18639376181049755,0.240442835892561,25.0,ABT
2021-07-22,1.0349370760777241,2.1254154672839367,2.053666369108142,0.17484021563501065,0.1809486215500967,31.0,ABT
2021-10-20,1.511847037331932,2.0534501213930283,1.3582393394882748,0.137830890256878,0.20837922308768364,32.0,ABT
2022-01-26,1.551254018637593,1.6492993171396197,1.063203896540514,0.18857497313941163,0.29252768489698844,39.0,ABT
2022-04-20,1.2130610349602595,1.6443829122693816,1.3555648601995136,0.23882503382153664,0.28970934270197224,32.0,ABT
2022-07-20,1.0515453926248481,1.6173890633402004,1.5381067471589636,0.2576031257213696,0.2708813799780657,31.0,ABT
2022-10-19,1.5216874995003296,1.440675028337991,0.9467614269099666,0.27697904131289386,0.42147554478941596,25.0,ABT
2023-01-25,0.935926215335995,1.514807168106827,1.6185113134832059,0.18614054584275458,0.17421381659118557,38.0,ABT
2023-04-19,2.2864020927418127,1.5441933880411518,0.6753813744936624,0.16181833867790038,0.3699817881971548,32.0,ABT
2023-07-20,1.7054296575432,1.6159623705778907,0.947539737819387,0.1319476601574509,0.22502745287594803,38.0,ABT
2000-01-28,0.8548676752146486,1.2198002701925004,1.4268878161596423,0.5710896027880297,0.48820604107466004,24.0,DHR
2000-04-20,0.8966697269221927,1.2454765802287182,1.3890025979842104,0.5685914532058073,0.5098387430763439,32.0,DHR
2000-07-20,1.0625021761677649,1.0268211666975442,0.9664179422211491,0.24369773667793726,0.25892937554746726,32.0,DHR
2000-10-19,1.0522131469472813,1.0266522469511068,0.97570748847766,0.31782926402395134,0.3344241300905802,32.0,DHR
2001-01-24,0.8037739626163398,1.047496072876139,1.303222201259751,0.43513514830497774,0.34975030242674066,25.0,DHR
2001-04-19,1.3544330530026147,1.0713147972956096,0.7909691770446933,0.4242444998895202,0.5746107732049303,32.0,DHR
2001-07-19,0.8317509869284078,1.0668121094356477,1.282609971255102,0.4829215379389385,0.4016704657896966,32.0,DHR
2001-10-18,0.8065136670592912,inf,inf,0.4265612341423997,0.3440274651735237,32.0,DHR
2002-01-24,0.9414963701138324,1.1232947701606169,1.1930951683061763,0.33604076711935965,0.3163811624531448,26.0,DHR
2002-04-18,1.1600957851396987,1.176889067265717,1.0144757720363549,0.22374962792195174,0.25957100027883206,32.0,DHR
2002-07-18,0.9890097334143584,inf,inf,0.32297157503660734,0.31942203132737046,32.0,DHR
2002-10-17,1.0142426280086045,inf,inf,0.5118587092316089,0.5191489224201592,32.0,DHR
2003-04-17,1.1061985917265078,inf,inf,0.3054509161876851,0.3378893733283888,32.0,DHR
2003-07-17,1.3055396131486816,inf,inf,0.18588096200893883,0.2426749592328548,32.0,DHR
2003-10-16,0.849817299657389,inf,inf,0.20539640276390764,0.17454941635616544,32.0,DHR
2004-04-22,0.8840743990516586,1.0735890750856785,1.2143650763299005,0.17905780087965856,0.1583004177081957,25.0,DHR
2004-07-22,1.1851543375389855,1.591399288969293,1.3427780994953697,0.21243512612143015,0.2517684111684544,25.0,DHR
2004-10-21,0.9624496285218446,1.3044758340705067,1.355370499829643,0.24358729267653437,0.23444049934917233,25.0,DHR
2005-01-27,1.1323557906299369,1.5389508209206793,1.3590700322771794,0.13784755975376609,0.15609248251138325,25.0,DHR
2005-04-21,1.1309490157847464,1.6484125068808932,1.457548027253101,0.21733033207912847,0.24578952516506242,25.0,DHR
2005-07-21,1.3829690631770033,1.837499765120998,1.3286629571451378,0.1641588985280351,0.22702667810948546,25.0,DHR
2005-10-20,2.1966777970630504,1.3759102103388372,0.6263595927351857,0.14550185047396214,0.3196206843677405,32.0,DHR
2006-01-26,1.1323415594024746,1.5402953068475953,1.3602744631755757,0.1756371694024179,0.19888126629017047,25.0,DHR
2006-04-20,1.3862366324911035,1.2285296908250014,0.8862337511722665,0.12577337071292558,0.17435165387414114,32.0,DHR
2006-07-20,1.3193440850447498,1.3183097899785947,0.9992160535845962,0.20570433717947895,0.27139480052579634,32.0,DHR
2006-10-19,0.8917550382518507,1.4139120753185712,1.5855386453328366,0.17418207133758157,0.15532773968843164,32.0,DHR
2007-01-25,1.1516210401346254,1.4423916666034065,1.2524881157388281,0.14431726750082252,0.1661988017086842,25.0,DHR
2007-04-19,0.8728831867999689,1.369629213787653,1.5690864877450308,0.14977280565042844,0.13073416389211837,32.0,DHR
2007-07-18,1.17655443644869,1.366305841616274,1.1612772000081266,0.1441535822178133,0.16960453668833922,33.0,DHR
2007-10-18,1.2346977231234157,inf,inf,0.15416404212874135,0.19034599180385928,32.0,DHR
2008-01-24,0.9254490303276258,1.237669203840427,1.3373715496814227,0.24199583564903035,0.22395481144471865,26.0,DHR
2008-04-17,1.1166827290990693,inf,inf,0.28143483093778027,0.3142734150751357,32.0,DHR
2008-07-17,1.4844317952393422,inf,inf,0.24854452229066631,0.3689473914208385,32.0,DHR
2008-10-16,1.0957872927477004,inf,inf,0.7713692179143081,0.8452565870072306,32.0,DHR
2009-01-26,1.480239597840423,1.3098208207044735,0.8848708159242734,0.3272918203006588,0.4844703124583072,22.0,DHR
2009-04-23,1.1142983404164233,1.3212986264065194,1.1857673824702442,0.4480637446750469,0.49927668709217277,25.0,DHR
2009-07-23,1.3463850649226194,1.2816054764667075,0.9518862841369716,0.28124945702598575,0.37867006845738327,25.0,DHR
2009-10-22,1.0161379299323083,1.4980991649956412,1.4743069034884264,0.1912713574578712,0.1943580812225838,25.0,DHR
2010-04-22,1.1385834103999677,1.6240696327156467,1.4263949552410349,0.19796202172548352,0.22539627382587354,25.0,DHR
2010-07-21,0.7970101689268125,1.6419122507293562,2.0600894627733775,0.8012308995458561,0.6385891745964247,26.0,DHR
2010-10-21,1.385251088840433,1.8561904175563144,1.3399667630726033,0.18549224771233574,0.2569533381149724,25.0,DHR
2011-01-27,0.9467786299134242,1.6012082703729982,1.6912171650086956,0.16520538384972716,0.15641292697556602,25.0,DHR
2011-04-21,1.1334871660496175,1.3772626621876012,1.2150668339612347,0.15668132703337834,0.17759627335195735,25.0,DHR
2011-07-21,0.9156064170292998,1.6113676869395128,1.7598912119550472,0.19251232594386186,0.17626552099143608,25.0,DHR
2011-10-20,1.026444668581006,1.346338717692022,1.311652501983618,0.3874625802648443,0.3977088997874896,32.0,DHR
2012-04-19,1.073100783376548,1.625461759318029,1.5147335501922368,0.2057357756289047,0.22077522199595934,32.0,DHR
2012-07-19,0.9853696614572678,1.4916444910834281,1.5137917772680642,0.2493956697345791,0.2457469266552708,32.0,DHR
2012-10-18,1.5299820867596972,inf,inf,0.1633427490549859,0.24991148005621286,32.0,DHR
2013-04-18,1.2936470775663789,1.5355254309875401,1.1869739882040975,0.18404736509907244,0.23809233599420743,32.0,DHR
2013-07-18,0.9205973973927625,inf,inf,0.2115103476768557,0.19471587559295167,32.0,DHR
2013-10-17,1.4340084580200088,inf,inf,0.16971444766988586,0.2433719534068105,32.0,DHR
2014-04-16,1.0826103407623888,inf,inf,0.2012165260223323,0.21783909180406125,33.0,DHR
2014-07-17,2.5355628853286527,inf,inf,0.10869218734761966,0.275595876163813,32.0,DHR
2014-10-16,1.0988827001041874,inf,inf,0.20157320816848523,0.2215053112608485,32.0,DHR
2015-04-23,1.0007897781064106,1.9800464439518923,1.97848388069903,0.12511959146774837,0.12521840818177263,24.0,DHR
2015-07-23,1.102048855789003,1.9188438851558614,1.7411604531652825,0.13669207384526624,0.15064134357660156,24.0,DHR
2015-10-22,1.5887393258834823,1.7901775101262962,1.1267912117242997,0.18112295353315108,0.28775715909828375,24.0,DHR
2016-04-21,0.8800002622808906,1.8958503616139648,2.1543747688211727,0.11717773681463298,0.10311643913035819,24.0,DHR
2016-10-20,1.4719523174158695,1.714596827015842,1.1648453599542914,0.14441119981325432,0.21256640022592588,31.0,DHR
2017-04-20,2.6240031270757465,1.7288265203527038,0.6588507850900889,0.07920938324005516,0.20784566931564596,31.0,DHR
2017-07-20,1.4998445714342235,1.8825824249785175,1.25518501105638,0.10791107802614498,0.16184984457512847,31.0,DHR
2017-10-19,2.372460724367666,1.7247436597215637,0.7269851264582098,0.09695741724443646,0.23002766434855376,31.0,DHR
2018-01-30,1.1171296086977478,2.1961903425209415,1.9659225978989747,0.1373223013194043,0.15340680873842033,21.0,DHR
2018-04-19,0.8434527507424492,1.589581535716781,1.8846124270951183,0.22236229091705442,0.18755208593538228,31.0,DHR
2018-07-19,1.997874761311468,1.475432239978851,0.7385008652946448,0.1334771290178696,0.26667058727711623,31.0,DHR
2018-10-18,1.2347659066427044,inf,inf,0.22236110144346372,0.2745639070259088,31.0,DHR
2019-04-18,1.3688853577726248,inf,inf,0.14213442968408121,0.19456573962990148,30.0,DHR
2019-07-18,1.1813025503935113,inf,inf,0.14026369540515823,0.16569386110973205,31.0,DHR
2019-10-24,0.8903529475877348,1.5100554795346726,1.6960189592519688,0.19928862179414183,0.17743721183511146,24.0,DHR
2020-05-06,0.8237750289894207,1.5645550233386178,1.8992503636071136,0.4071651010268087,0.33541244290183975,39.0,DHR
2020-07-23,1.1291674681409796,1.8545741002393294,1.6424260816623004,0.18561366583902722,0.2095889131078202,24.0,DHR
2020-10-22,1.0807375745832768,1.790373972150604,1.6566223052260924,0.20031287395467762,0.21648564955558394,24.0,DHR
2021-04-22,1.0496386358669678,1.455415912981385,1.3865875961961502,0.2522828192488719,0.2648057942490587,24.0,DHR
2021-07-22,1.187542141031986,1.6446632419954064,1.3849304249246916,0.17637528435381433,0.209453082806654,24.0,DHR
2021-10-21,1.274764939730566,1.7301484475898732,1.3572293947428118,0.17194186412299606,0.21918546005591225,24.0,DHR
2022-01-27,1.2646795430180195,1.4047490405686867,1.1107549326024573,0.2663655674614076,0.3368670841328284,31.0,DHR
2022-04-21,1.137149821960097,1.4876731798975884,1.3082472961507365,0.3092074002455056,0.35161514013792117,31.0,DHR
2022-07-21,1.4367659137773465,1.4943289925233807,1.0400643404705345,0.3638504665637092,0.5227679480707215,38.0,DHR
2022-10-20,1.2110521149849223,1.3915868021643245,1.149072599721813,0.3614183684677158,0.4376964795272272,31.0,DHR
2023-01-24,0.9979517913221998,1.4324158652514678,1.435355773402281,0.2936458085650485,0.29304436067174594,21.0,DHR
2023-04-25,2.035758263829754,1.4167504630287544,0.6959325614444536,0.21153468084141774,0.43063347460950574,39.0,DHR
2023-07-25,1.2691498307071971,1.7628439042592596,1.388995894422462,0.2601095233675761,0.33011795754728895,32.0,DHR
2000-01-24,0.9071358367228807,1.1539967137449278,1.2721322066977938,0.6201897399398654,0.5625963386672955,30.0,BMY
2000-04-20,1.740132568982897,1.0499973700007523,0.6034007918227018,0.658201798917792,1.1453583872599815,32.0,BMY
2000-07-20,0.8791914358198682,1.0369655763193666,1.1794536821805708,0.49997566158608503,0.43957431978485867,32.0,BMY
2000-10-19,1.052113437615327,1.1059256282329142,1.0511467572732038,0.24043433153448626,0.25296419107149154,32.0,BMY
2001-01-24,0.8551820347769576,1.327516027616218,1.5523198262255953,0.4335248789957458,0.37074268814601624,25.0,BMY
2001-04-25,1.0453737008108888,1.1297890445797358,1.0807513559058992,0.3843695118146242,0.4018097790445283,26.0,BMY
2001-07-25,1.1080266194737165,1.3875828447889984,1.2523010010788944,0.24153525081343205,0.26762748744254333,26.0,BMY
2001-10-23,1.0069671326153506,1.1792975043948448,1.1711380304259864,0.2927097365290673,0.29474908408126965,26.0,BMY
2002-01-24,1.3487575795911895,1.2165503293224709,0.9019784931931275,0.21158729473860738,0.2853799675238917,26.0,BMY
2002-04-25,0.8181101435827571,1.0467020350027743,1.2794145668686403,0.5549866297972937,0.4540401913899745,25.0,BMY
2002-07-23,0.8537913562458505,1.0971930640472638,1.2850833590909831,0.53442345643832,0.45628612768206844,26.0,BMY
2002-10-24,0.797517791326406,1.2687924208752068,1.5909267914449807,0.4674679800667854,0.3728140309786791,25.0,BMY
2003-07-24,1.04020087288823,1.4990117023741392,1.4410790660192117,0.2046531525109073,0.21288038788117383,25.0,BMY
2003-10-23,1.6552118406790657,1.4344721336164583,0.8666396036823619,0.1528798243420816,0.25304849545194913,25.0,BMY
2005-01-27,1.1779563474774941,1.4208434666081642,1.2061936502577493,0.13361317833722278,0.157390491528974,25.0,BMY
2005-10-28,1.0661494115914596,1.7372573277634042,1.6294689176540185,0.13801208623875733,0.1471415045359609,24.0,BMY
2006-01-25,1.754304720740857,1.7268120232336546,0.984328436683684,0.15931647893250647,0.2794896510831074,25.0,BMY
2006-04-27,0.9077723892497468,1.791397400197285,1.9733993029660597,0.22743302798489198,0.20645742320814991,25.0,BMY
2006-07-27,1.8056443689955335,0.9955911307861907,0.5513771969061829,0.22260716093864755,0.4019493666469514,25.0,BMY
2006-10-26,1.0487653002218646,1.3222270850598263,1.2607464079714605,0.1268281231965583,0.13301293470081413,25.0,BMY
2007-01-25,2.11459864093683,1.283841705005181,0.6071325688719827,0.13377099808485507,0.28287197074699777,25.0,BMY
2007-04-26,1.3571023524288306,1.6670484092020266,1.2283881213664392,0.15270662354090409,0.2072385180388248,25.0,BMY
2007-07-26,1.6847169127425625,1.0059277514606795,0.5970900771828322,0.2067927274386327,0.3483872053480275,25.0,BMY
2007-10-25,1.203565218882914,1.17862248895728,0.9792759631681742,0.187451173654461,0.2256097128492905,25.0,BMY
2008-04-24,1.0193291623785774,1.2695419820370304,1.2454681263847962,0.2919186093648605,0.2975611515666024,25.0,BMY
2008-07-24,0.8240946058755033,1.0634276279686017,1.2904193528106342,0.3237695234724998,0.26681671784056926,25.0,BMY
2008-10-23,0.9878379532322826,1.2096359224031203,1.224528697692873,0.6313999683934346,0.6237208524486983,25.0,BMY
2009-07-23,1.125122111205186,1.1175007582256817,0.9932261992688594,0.20127771580449805,0.22646200854451426,25.0,BMY
2009-10-22,1.0444091994547609,1.5030544044933327,1.4391432067794978,0.15954152077801662,0.16662663199556343,25.0,BMY
2010-07-22,0.929912913230113,1.5584727712081972,1.6759341106413292,0.21043417923479793,0.1956854606554187,25.0,BMY
2011-01-27,1.7540781931179659,1.7220601149840014,0.9817464932523614,0.10640838252407923,0.18664862335044224,25.0,BMY
2011-10-27,1.5581164191471901,1.6317908672170744,1.0472843024850536,0.1346979403979644,0.20987507255937793,25.0,BMY
2012-01-26,0.8855868064328022,1.6880786440805404,1.9061695949155164,0.18725208124259393,0.16582797262552437,25.0,BMY
2012-04-26,1.0592324844517393,1.938900847151696,1.830477138505882,0.14645246939163628,0.1551272130077952,25.0,BMY
2012-07-25,1.0108677821199021,1.761009410481436,1.7420768983144397,0.2084390854970201,0.21070435606347337,26.0,BMY
2012-10-24,1.2529226608403883,1.7542396877254811,1.4001180939203688,0.15370276187999105,0.19257767339319498,26.0,BMY
2013-01-24,1.671057871118176,1.9800935871598242,1.18493417935003,0.10292431953792808,0.171992494293337,26.0,BMY
2013-04-25,1.3092798447836322,1.8080994016893184,1.380987730692608,0.1648511645168775,0.21583630709105842,25.0,BMY
2013-07-25,0.8848180594936619,1.5091956481989968,1.705656470283434,0.24338002954447763,0.2153470454610548,25.0,BMY
2013-10-23,1.634117144533972,1.7169177826519244,1.0506699525152867,0.2299755983136332,0.375807068028766,26.0,BMY
2014-01-24,1.6636487133957163,1.4522325753091105,0.8729202046175488,0.21303986827635726,0.35442350275995466,31.0,BMY
2014-04-29,0.9522462416450228,1.2819538152706873,1.3462419269369745,0.2356155032993595,0.22436397749011558,25.0,BMY
2014-07-24,0.8262218211033955,1.8163371286616237,2.198364993841433,0.14371056897499976,0.11873680801032943,25.0,BMY
2014-10-24,0.8853033106335225,1.7598582254743247,1.9878590809910912,0.2417972823566496,0.2140639345725305,24.0,BMY
2015-01-27,0.9016174541332662,1.5687031469938182,1.7398766403672032,0.21052613383568855,0.1898140368174528,25.0,BMY
2015-04-28,0.9558606153040129,1.8367725746902182,1.9215903922414774,0.1886557819186375,0.1803286317854085,25.0,BMY
2015-07-23,1.5597419996022046,2.247751616082674,1.4411047574893403,0.1575962732945269,0.24580952643826093,24.0,BMY
2015-10-27,0.9964439451419829,1.2630673459676354,1.2675749118909658,0.31490268806253396,0.31378287682884654,25.0,BMY
2016-01-28,0.9097031248921241,1.482028443721164,1.6291341682451714,0.3021517002356308,0.2748683458958217,24.0,BMY
2016-04-28,1.303150802851365,1.641156566705223,1.25937578606734,0.1281873793301147,0.16704748628945146,24.0,BMY
2016-07-28,1.5352312307737574,1.6131249819957731,1.050737471763623,0.12473124134106862,0.19149129715998736,24.0,BMY
2016-10-27,1.1089641813167295,1.4498793426464631,1.3074176488955196,0.34381521962197703,0.38127876355231727,31.0,BMY
2017-01-26,0.9508799090008004,1.6344044237761155,1.7188336910952018,0.5646275841088667,0.536893025796781,24.0,BMY
2017-04-27,1.6737072865040772,1.593425806367994,0.9520337392425593,0.10728966999458649,0.17957150243655726,31.0,BMY
2017-07-27,1.8180232753827006,1.3315589675896808,0.7324212982418405,0.13484781985230548,0.24515647512610478,31.0,BMY
2017-10-26,1.5168969411410254,1.360925725447607,0.8971774472851827,0.18229407160660774,0.2765213196082063,24.0,BMY
2018-02-05,1.2596600295082578,1.3087824860568271,1.0389965986042644,0.2113696719520942,0.26625392720832575,21.0,BMY
2018-04-26,0.8881591207597772,1.3212723420405315,1.4876527315400947,0.33080191045552015,0.29380473393582934,24.0,BMY
2018-07-26,1.9595216563018345,1.3689083886818598,0.6985931409736869,0.15304726926448528,0.29989943856161705,24.0,BMY
2018-10-25,0.937248524126469,1.6532754370274176,1.763966967638917,0.4307293257233897,0.4037004248322361,24.0,BMY
2019-01-24,0.845608345494103,1.5753084771790422,1.862929198337752,0.48244809207762474,0.40796213292854694,32.0,BMY
2019-04-25,1.2081080098281975,1.3480073340978054,1.1158003449455671,0.15377661791452932,0.18577876382683317,31.0,BMY
2019-07-25,1.3133593018174974,1.3371814760512357,1.0181383526966092,0.2259589878629097,0.29676533853901943,24.0,BMY
2019-10-31,1.0187175838510383,1.4160234097273325,1.3900058585171042,0.16163524450328728,0.16466066574556065,24.0,BMY
2020-02-06,1.0585137097979787,1.8650565270718062,1.7619578374924962,0.22125186723188553,0.23419813478335297,24.0,BMY
2020-05-07,0.9313055540230366,1.5668709840611497,1.682445656307545,0.27860008844184697,0.2594618097172013,24.0,BMY
2020-08-06,0.9754394296943166,1.4253351542280357,1.4612236401748773,0.22550069250195323,0.2199622668897787,38.0,BMY
2020-11-05,1.715431354771973,1.3232670040560408,0.7713902397638864,0.21682977964471914,0.37195660265084896,31.0,BMY
2021-02-04,0.8603466734689641,1.6071003294368815,1.8679683190462821,0.2649935093203309,0.22798628423461362,24.0,BMY
2021-04-29,2.092905381631035,1.436146380813373,0.6861974714280494,0.12214028494555526,0.25562805967650065,31.0,BMY
2021-07-28,1.0399587023597028,2.4765382327584304,2.381381325180585,0.13293057216190685,0.13824230532942947,25.0,BMY
2021-10-27,1.2814673907995258,2.6299931206034834,2.052329337044303,0.17729270032613567,0.22719481409473533,25.0,BMY
2022-02-04,0.9864968164917495,2.478912756940013,2.5128441526610295,0.20032610543059368,0.19762106526747122,30.0,BMY
2022-04-29,1.1129485561272532,2.513813914672805,2.2586973142947127,0.17558026469870433,0.1954118020808639,37.0,BMY
2022-07-27,0.9741092100888095,2.0349793795394167,2.089066973664983,0.1795494931663001,0.17490081496007068,32.0,BMY
2022-10-25,1.0319472568243808,1.6012592609741982,1.5516871142249709,0.232347256306852,0.2397701137765272,32.0,BMY
2023-02-02,1.2718910876480092,1.4278763723536583,1.1226404416388343,0.17069264147070165,0.2171024494136824,24.0,BMY
2023-04-27,1.7897738501661604,1.6835162284847505,0.940630699419625,0.12182785432728463,0.21804430789682633,31.0,BMY
2023-07-27,1.5112424941715572,2.0564765315335785,1.3607852740144866,0.17070773118424062,0.25798077744923953,24.0,BMY
2000-01-25,1.0790181955023233,inf,inf,0.7478550817190841,0.8069492407737686,26.0,AMGN
2000-04-25,1.00376512488524,inf,inf,0.8221639952160107,0.8252595453341468,26.0,AMGN
2000-07-26,0.9550190851412507,inf,inf,0.5378589776524527,0.5136655887726538,26.0,AMGN
2000-10-26,1.4517788707734904,inf,inf,0.607754218924226,0.8823247336576375,25.0,AMGN
2001-01-24,0.81192380475953,inf,inf,0.8330921796892855,0.6764073722487347,25.0,AMGN
2001-04-26,1.079285674176664,inf,inf,0.5902274747568758,0.6370240580105646,25.0,AMGN
2001-07-26,0.9663794828390203,inf,inf,0.5311672385398842,0.5133091212812039,25.0,AMGN
2001-10-25,1.0968068517651086,inf,inf,0.3609721449851957,0.3959167219161108,25.0,AMGN
2002-01-23,1.0971716698897545,inf,inf,0.3406231909262075,0.37372211519168375,26.0,AMGN
2002-04-25,1.074379743886529,inf,inf,0.3163773512845782,0.33990941764462357,25.0,AMGN
2002-07-24,0.9736673358454913,inf,inf,0.999820497193714,0.973492559826318,26.0,AMGN
2002-10-23,0.9171728019311779,inf,inf,0.41542041777528677,0.38101230855038026,26.0,AMGN
2003-01-23,1.272986480086822,inf,inf,0.2508913125973814,0.3193812489077031,25.0,AMGN
2003-04-22,1.3125617787267732,inf,inf,0.21169138715874183,0.27785802367021617,26.0,AMGN
2003-07-22,1.018339122652589,inf,inf,0.24072630666722888,0.24514101593090395,26.0,AMGN
2003-10-21,1.392621522087619,inf,inf,0.27430724244246074,0.3820061694898772,26.0,AMGN
2004-01-22,1.7852509735784896,inf,inf,0.146275512848994,0.26113850172435943,25.0,AMGN
2004-04-22,1.2502156311388801,inf,inf,0.2138299085564815,0.26733349408231055,25.0,AMGN
2004-07-22,1.242576560397206,inf,inf,0.15762623874527226,0.19586266956844922,25.0,AMGN
2004-10-20,1.1718651228721595,inf,inf,0.24382558325303677,0.28573069707819587,26.0,AMGN
2005-01-27,1.4075104972771544,inf,inf,0.16274609782300684,0.22906684107677677,25.0,AMGN
2005-04-21,1.0216675122394294,inf,inf,0.18697933178976556,0.19103070874984066,25.0,AMGN
2005-07-19,2.5816736210295326,inf,inf,0.26124834455815943,0.6744579596834345,26.0,AMGN
2005-10-19,1.6685273951273827,1.353643752413498,0.8112805078097953,0.20555492996660418,0.34297403185276965,33.0,AMGN
2006-01-26,1.2595064273467438,inf,inf,0.22601569323320017,0.2846682183084456,25.0,AMGN
2006-04-18,1.8840779522896172,1.290892286954915,0.6851586397400193,0.12437086790685184,0.23432441013042388,33.0,AMGN
2006-07-20,1.4099539581682767,1.2304199137382474,0.8726667325624813,0.15565076458998794,0.21946041162557214,32.0,AMGN
2006-10-23,0.9745818864522086,inf,inf,0.1801225477816852,0.17554417240965284,29.0,AMGN
2007-01-25,1.602207485117111,inf,inf,0.18309390630693526,0.2933544271643027,25.0,AMGN
2007-04-23,0.8631932136463158,inf,inf,0.2805505094874749,0.24216929587460467,29.0,AMGN
2007-07-26,1.08622604812846,inf,inf,0.1634600684115463,0.17755458413748165,25.0,AMGN
2007-10-24,1.0904045110968736,inf,inf,0.18483508828126524,0.20154501407088052,26.0,AMGN
2008-01-24,1.2498304527313804,inf,inf,0.28306977226083657,0.35378922161933013,26.0,AMGN
2008-04-24,0.8346666389798924,inf,inf,0.31183594132239534,0.26027905705669463,25.0,AMGN
2008-07-28,2.1663414746937786,inf,inf,0.23355119685837225,0.5059516442186631,22.0,AMGN
2008-10-22,1.0780218343285304,inf,inf,0.8517778360151117,0.9182351052213968,26.0,AMGN
2009-01-26,1.0111185703591075,inf,inf,0.33315624379432796,0.33686046493153116,22.0,AMGN
2009-04-23,1.3997739528259732,inf,inf,0.3135173576100862,0.4388534309414246,25.0,AMGN
2009-07-27,0.8496341675203661,inf,inf,0.4269628964484478,0.36276226508606124,22.0,AMGN
2009-10-21,1.581482661508438,inf,inf,0.20782664990033037,0.32867424341675683,26.0,AMGN
2010-01-25,1.0759348513675255,inf,inf,0.17805520562303817,0.19157580119723777,23.0,AMGN
2010-04-21,1.4453752977331376,inf,inf,0.11915733864398452,0.17222707381963742,26.0,AMGN
2010-10-25,0.8520197465429792,inf,inf,0.20235945956374418,0.17241425544807557,22.0,AMGN
2011-01-24,1.0745885492236231,inf,inf,0.15830401893527216,0.17011168604392307,30.0,AMGN
2011-04-20,2.01253064082988,inf,inf,0.13492301772164264,0.27153670731803875,26.0,AMGN
2011-10-24,1.2820853959659186,inf,inf,0.2221635640551143,0.28483266099080096,29.0,AMGN
2012-01-26,0.9153766082611152,inf,inf,0.2154749688015998,0.19724074610677805,25.0,AMGN
2012-04-24,0.9697328465901568,inf,inf,0.17718854643668086,0.17182555351921472,26.0,AMGN
2012-07-26,1.5764151699591562,inf,inf,0.20773386010768063,0.3274748083879209,25.0,AMGN
2012-10-23,0.8105630411280563,inf,inf,0.23809972200743904,0.19299483476209459,26.0,AMGN
2013-01-23,1.2083196105806697,inf,inf,0.18284987140519204,0.22094108541104718,26.0,AMGN
2013-04-23,1.3339753577796771,inf,inf,0.34719980365779424,0.46315598230543975,26.0,AMGN
2013-10-22,0.8761321575401662,1.604203296933862,1.8310060681231388,0.27077903827467303,0.23723822302024053,26.0,AMGN
2014-01-28,0.913692161971416,1.3938641364237838,1.5255292695258882,0.3081782501082418,0.2815800516139672,25.0,AMGN
2014-04-22,1.1425467215272176,1.5051714561579248,1.3173828499074371,0.31147817967846303,0.3558783730188935,26.0,AMGN
2014-07-29,1.6354559676204101,1.5277585703785328,0.9341483969155238,0.1906752366700513,0.31184095368946946,25.0,AMGN
2014-10-27,1.0627444338198875,2.1882242568792036,2.0590314917142734,0.31726426395719,0.3371708305704672,22.0,AMGN
2015-01-27,0.9877251951316359,1.2899233142399915,1.3059536403423233,0.2970277200453433,0.29338176274129163,25.0,AMGN
2015-04-21,0.8629533736876921,1.4328336611755903,1.6603836370122833,0.24344378151315849,0.21008063256006954,25.0,AMGN
2015-07-30,1.017312845520897,1.4399745903983117,1.4154687977629912,0.3181290113561377,0.3236367297854622,24.0,AMGN
2015-10-28,0.9465333424957824,1.4365443944265017,1.5176902174821199,0.3298008432921578,0.31216749455925386,25.0,AMGN
2016-01-28,0.9300304169960534,1.367397067522806,1.4702713400916743,0.3552773673771835,0.33041875813106203,31.0,AMGN
2016-04-28,0.9601953098020869,1.45300228945078,1.5132361870735123,0.177264711619935,0.1702087446908811,24.0,AMGN
2016-07-27,0.8768842822411281,1.5406741698329027,1.7569868693452573,0.16371234172251972,0.143556779265366,25.0,AMGN
2016-10-27,2.9008270074493883,1.5348779824951315,0.5291173787866462,0.15858166284669958,0.4600179704719394,24.0,AMGN
2017-02-02,1.3046027352319822,1.4699120868514561,1.1267124061257459,0.2283874711019095,0.29795491949226643,24.0,AMGN
2017-04-26,0.8931675915466961,1.5384052964473394,1.7224150439485681,0.16087160878947088,0.143685307370734,32.0,AMGN
2017-07-25,1.6595472240183011,1.404238383875112,0.8461575323388486,0.12536491302597735,0.20804899340155647,32.0,AMGN
2017-10-25,0.8679512474781139,1.5580222141891615,1.7950572900449093,0.1570885440420578,0.1363451977658247,25.0,AMGN
2018-02-01,2.1844607659569117,1.5920511489624132,0.7288073898022192,0.18338645654374344,0.4006005193276697,24.0,AMGN
2018-04-24,0.9599867180285724,1.390916231130554,1.4488911200635546,0.24440476990333299,0.23462533293002905,25.0,AMGN
2018-07-26,1.0026344742282958,1.4734281266064029,1.4695566175703922,0.12955223128470067,0.12989353329923842,24.0,AMGN
2018-10-30,1.004965304750384,1.8759474162903422,1.8666787872406154,0.2984001889695065,0.2998818368453122,32.0,AMGN
2019-01-29,1.2428986856489384,1.463567702694997,1.177543849385313,0.22859729434454518,0.2841232766837387,32.0,AMGN
2019-04-30,0.8723524516306065,1.5375402142941177,1.76252180115977,0.22148016647942131,0.19320876621587804,32.0,AMGN
2019-07-30,1.7509891245064224,2.3221194852422054,1.326175846978362,0.16323206670027035,0.28581757356288034,25.0,AMGN
2019-10-29,1.2351281061646455,2.0832039745532014,1.6866298841032974,0.12655497272300414,0.1563116037850825,25.0,AMGN
2020-01-30,1.275902497804328,1.9542323314575425,1.5316470771242607,0.21072768417165869,0.26886797859114087,31.0,AMGN
2020-04-30,0.9188929604252194,1.294708075880807,1.408986826149673,0.46750774410470985,0.42958957500209277,38.0,AMGN
2020-07-28,0.9693303618640904,1.4740015653744887,1.520639013658749,0.27602194121464235,0.26755644816001795,25.0,AMGN
2020-10-28,0.9671270658840652,1.6103865154833235,1.6651240279489492,0.28188818056775555,0.272621688979891,25.0,AMGN
2021-02-02,0.8126408647330515,1.8870804347499808,2.322157937959319,0.25415954405263164,0.20654043165908867,25.0,AMGN
2021-04-27,2.2213101581234724,2.0251866130404137,0.9117081671977133,0.166276807493498,0.3693523615456482,25.0,AMGN
2021-08-03,3.1591491337418907,2.231099111204414,0.706234184190527,0.10827639492175441,0.3420612792217553,28.0,AMGN
2021-11-02,1.218008394469558,1.8309843987226837,1.5032609028282407,0.16407020016059365,0.1998388810779037,25.0,AMGN
2022-02-07,2.257507611066087,2.0896385254600585,0.9256396369238579,0.18304167735529442,0.4132179797718802,28.0,AMGN
2022-04-27,1.5589742749875393,2.3207964157862566,1.4886688337463467,0.15368755339256643,0.23959494212478497,25.0,AMGN
2022-08-04,0.9194889490413304,1.7868916224799833,1.943353016197766,0.1414969750660343,0.1301049048959952,31.0,AMGN
2022-11-03,0.9643447225481284,1.6449700869987416,1.7057905213108526,0.28802168935580236,0.27775219610966445,24.0,AMGN
2023-01-31,1.0073397384839236,1.7727945816352777,1.759877540722643,0.1525161170049642,0.15363554541836413,24.0,AMGN
2023-04-27,1.0672711767474152,1.6980239408741609,1.5909957823924463,0.15070898799798824,0.16084735896702498,31.0,AMGN
2023-08-03,2.289824329692934,1.7409818672748836,0.7603124155416541,0.14097224719381946,0.32280168143589427,39.0,AMGN
2000-01-25,1.0047864546365095,inf,inf,0.5707700733473853,0.5735020384113397,26.0,PG
2000-04-25,0.9743730183590709,inf,inf,0.811658658362297,0.7908582968257453,26.0,PG
2001-01-30,1.4043782292506604,inf,inf,0.2934990798133168,0.4121837179949241,22.0,PG
2003-04-28,0.99784793893476,inf,inf,0.14138599157426415,0.14108172028662683,22.0,PG
2003-10-27,0.9177532287207782,inf,inf,0.09338249353554531,0.08570208494824391,22.0,PG
2005-01-27,1.1096414946881776,inf,inf,0.15784342410490973,0.17514961305047194,25.0,PG
2006-01-27,1.1646079090821604,inf,inf,0.11409646725969258,0.13287764816897174,24.0,PG
2007-01-30,0.9122063919655293,inf,inf,0.08960251443946181,0.0817359864078607,22.0,PG
2011-01-27,1.9107897925026491,inf,inf,0.09085505228436945,0.17360490650226765,25.0,PG
2011-10-27,0.9689197940092364,inf,inf,0.16769908697264813,0.16248696480507524,25.0,PG
2012-01-27,1.046612814758605,inf,inf,0.11876285294459898,0.124298723809109,24.0,PG
2012-04-27,1.5427430115258938,inf,inf,0.12278738571055199,0.18942938120848848,24.0,PG
2012-10-25,1.7361804744939855,inf,inf,0.10295895526572449,0.17875532780665057,25.0,PG
2013-01-25,1.884730547479758,inf,inf,0.1065385222669521,0.200796407399877,24.0,PG
2013-04-24,2.175031509018574,2.010228818555692,0.9242297457395249,0.14702163372021734,0.3197766858488604,26.0,PG
2013-10-25,1.0096659419634888,1.7624549722980378,1.7455822753321821,0.15759265275218579,0.15911593418756065,24.0,PG
2014-01-24,1.213665009912002,1.7996738345013108,1.4828423162926958,0.11549284008042579,0.14016961890097523,25.0,PG
2014-04-23,1.4100880461286323,1.8145391127428063,1.2868268174633393,0.09374012700911477,0.13218183253813248,26.0,PG
2014-08-01,2.018318582452459,2.0884366292413277,1.0347408220874963,0.08149057288450955,0.16447393754750209,23.0,PG
2014-10-24,1.1835454090366235,2.1790828282537382,1.8411484777989695,0.1383668911800091,0.16376349881876986,24.0,PG
2015-01-27,1.3759691923790298,1.7498449838045826,1.271718141290015,0.14603919980941146,0.20094543981743565,25.0,PG
2015-04-23,1.2851522991714746,1.746748476147864,1.3591762449275282,0.11128055125176117,0.14301245629426998,24.0,PG
2015-07-30,1.7719614463065894,1.492270717317119,0.8421575539510483,0.1111579731509761,0.19696764287311264,24.0,PG
2015-10-23,1.4484079718086051,1.998019730600716,1.379459219701628,0.12239506022384074,0.17727798093820524,23.0,PG
2016-01-26,1.1271670840019428,2.0789988976700764,1.8444460694227414,0.19092203658364984,0.21520103524770484,25.0,PG
2016-04-26,1.1248128085921367,2.073952851763762,1.8438204436519612,0.1294130284096885,0.1455654319539157,25.0,PG
2016-08-02,0.9615738841043785,2.2231408827485084,2.31198134589436,0.11028490032215696,0.10604707996084069,21.0,PG
2016-10-25,1.3817893967833923,2.0219931322314193,1.463314986305677,0.14432899777192584,0.199432278769621,32.0,PG
2017-01-20,1.6128037979021603,1.8622037458485823,1.1546375004019873,0.10715986061558194,0.1728278301834767,30.0,PG
2017-04-26,1.3133009199033718,1.7432127124603454,1.3273520836249815,0.10096458408263831,0.13259688115339022,32.0,PG
2017-07-27,1.2399761079949085,1.9381485942549528,1.5630531763946787,0.08854698395765971,0.1097961445425065,31.0,PG
2017-10-20,1.8240124486076355,2.031022888299536,1.1134917910510547,0.1008558857210157,0.1839623910704817,23.0,PG
2018-01-23,1.4080430708325018,2.7093402427237856,1.9241884704009056,0.12089391924738976,0.1702238453020712,21.0,PG
2018-04-19,1.5573369554898644,1.820189998314333,1.1687836674637875,0.139945422953045,0.21794217891643647,31.0,PG
2018-07-31,0.9946423027790018,2.0560293132665084,2.0671042318650854,0.13206226582109512,0.1313547161865067,25.0,PG
2018-10-19,2.201460959967559,2.0932786869015225,0.9508588727970761,0.19725611551017866,0.43425163741050965,30.0,PG
2019-01-23,1.3366664500723147,1.6932370507083783,1.266761091083548,0.2015588228067712,0.26941691616188157,25.0,PG
2019-04-23,2.288279921193529,2.441438023269028,1.066931541310564,0.08072765967747522,0.18472748272491105,24.0,PG
2019-07-30,1.539848055099812,2.389189517127938,1.5515748513076975,0.15057555505092346,0.23186347559073917,25.0,PG
2019-10-22,1.2049269931048818,1.761416640173682,1.4618451161383859,0.17438986381107996,0.21012705422985442,25.0,PG
2020-01-23,0.9965128224677796,1.596953408250754,1.6025417558562207,0.09627280067014614,0.09593708032268528,31.0,PG
2020-04-17,0.8460502779975312,1.3768637021370613,1.6274017489786572,0.64528362485924,0.5459423901994146,22.0,PG
2020-07-30,1.2316698490678273,1.9051388619905647,1.5467934555939997,0.11095664416829323,0.13666195317583435,24.0,PG
2020-10-20,1.314254572555748,1.6940624056563982,1.2889910684214414,0.10141131332919189,0.1332802822517741,25.0,PG
2021-01-20,1.2861095008548669,1.6490670937178071,1.2822136004917817,0.11343948135016875,0.14589559473650052,25.0,PG
2021-04-20,1.027076323046148,1.9293714059180551,1.8785083081224587,0.14743656507249034,0.1514286051372075,32.0,PG
2021-07-30,1.3751781141363086,2.1906958806935504,1.5930270109551838,0.1097209052580829,0.15088578757413904,23.0,PG
2021-10-19,1.2911937234859594,1.9445345119887114,1.5059974941164254,0.11362481446650192,0.14671164727140393,25.0,PG
2022-01-19,1.4491352005127627,1.7969068673979447,1.2399856595589744,0.1405733827622588,0.20370983721594324,25.0,PG
2022-04-20,1.145459526663408,1.6845854664466169,1.4706634562232161,0.16447860587638718,0.1884035860334237,24.0,PG
2022-07-29,2.005679605298639,2.139640846903387,1.0667909476921673,0.17629273210943724,0.3535867373542748,30.0,PG
2022-10-19,0.9641719769409063,1.907169512381966,1.9780387295977757,0.21999599295673533,0.2121139714481732,25.0,PG
2023-01-19,1.3881968504355406,1.8096561326085758,1.3036019582098923,0.14535712815736018,0.20178430749640264,24.0,PG
2023-04-21,1.703037347873529,1.6324391786239054,0.958545730463413,0.09727606351522403,0.16566476922054407,37.0,PG
2023-07-28,1.3669206776365663,2.321169129142296,1.698100824076818,0.11988498022414827,0.1638732584064391,30.0,PG
2000-01-26,1.1550213771078788,inf,inf,0.44286172775422716,0.5115147626590619,26.0,KO
2000-04-18,0.8806957625544908,1.2045695562196055,1.3677476461629687,0.640572058366736,0.5641490974143923,33.0,KO
2000-07-19,1.0278938441499317,1.121174046417496,1.0907488675007164,0.3251666226937805,0.3342367697899604,33.0,KO
2000-10-20,1.0131566021844884,1.2279079435798759,1.2119626333504194,0.3406369696389156,0.3451185947377845,31.0,KO
2001-04-18,0.9033004561395096,1.1011498109037534,1.2190293976046516,0.29790415766733525,0.2690969615067603,33.0,KO
2001-07-18,1.2495358756605146,1.0964726168413734,0.8775039102112768,0.2174401749058349,0.27169929935473786,33.0,KO
2001-10-18,1.6844511643033289,1.25745642202853,0.7465080903954854,0.21118275278803741,0.3557270338145917,32.0,KO
2002-04-16,1.2375206542007688,1.4262184564359912,1.1524805275731658,0.17903152518687654,0.22155521017182486,33.0,KO
2002-07-17,1.3128544762526209,1.3210080056543188,1.0062105355537738,0.3066616649402436,0.40260213951188023,33.0,KO
2002-10-16,1.830666309153199,1.2271932111819772,0.6703533052671041,0.29640221018183854,0.5426135401384371,33.0,KO
2003-04-16,1.5651946856144083,1.2545197015790102,0.80151032527085,0.21901217534701878,0.34279669293800474,33.0,KO
2003-07-17,1.5601971793082214,1.3009293145912066,0.8338236550126491,0.16898689673787767,0.26365287963048645,32.0,KO
2003-10-16,0.9675601888434663,1.20768082528328,1.248171265424668,0.13524074449742599,0.13085356028526046,32.0,KO
2004-04-21,1.0906453610019038,inf,inf,0.14914819073470217,0.16266778232663004,26.0,KO
2004-07-22,3.516057642259245,inf,inf,0.10212808965861736,0.3590882501335189,25.0,KO
2004-10-21,0.9137012792575666,inf,inf,0.14596389474529026,0.1333673973541885,25.0,KO
2005-02-16,1.1235444180065883,inf,inf,0.10503888085879506,0.11801584826255827,32.0,KO
2005-04-19,1.436411903694537,inf,inf,0.1381665954515242,0.19846414239951685,26.0,KO
2005-07-21,0.9711356464041099,inf,inf,0.1475723143691616,0.14331273490624627,25.0,KO
2005-10-20,1.0748953559946062,1.620540698857131,1.5076264771444996,0.10354458437044362,0.11129959287818153,32.0,KO
2006-04-19,1.1831855797976527,1.640733374978883,1.3867083938425617,0.07334254067100458,0.08677783650765548,33.0,KO
2006-07-18,1.0714847506975984,1.4993527806925568,1.3993225565892484,0.12206515897798625,0.13079095643639033,33.0,KO
2006-10-19,3.001537966545084,1.6066571890088295,0.5352779831261538,0.07317665268514742,0.21964250129915325,32.0,KO
2007-02-14,1.0989429382526752,inf,inf,0.055651212713805305,0.06115750721703384,32.0,KO
2007-04-17,1.224670402506022,1.5535331975743585,1.2685316754576499,0.10538514738587551,0.1290620708672166,33.0,KO
2007-07-17,1.1781198667886335,1.533470833255987,1.3016254767318232,0.11122503488357581,0.13103642328059945,33.0,KO
2007-10-17,1.2418771763055252,1.3385634414749104,1.0778549336553702,0.11751411972547063,0.1459381031806969,33.0,KO
2008-02-13,0.8893397699864372,inf,inf,0.2403647483168956,0.2137659299809958,33.0,KO
2008-04-16,0.868224397667451,1.2772644046635786,1.4711224518627257,0.16443976343957656,0.14277061456490447,33.0,KO
2008-07-17,1.2138704170482881,1.1891762834902868,0.9796566971143025,0.2044038583752011,0.24811979681218457,32.0,KO
2008-10-15,0.9353133649229023,1.2925829336525179,1.3819784706690952,0.8989907578434311,0.8408380707531296,33.0,KO
2009-02-12,1.6275068122609084,inf,inf,0.29144719495088456,0.4743322951968977,39.0,KO
2009-04-21,1.027520522281817,inf,inf,0.20179714905440582,0.2073507119913647,26.0,KO
2009-07-21,1.0701676233792163,inf,inf,0.19468725745786342,0.20834799961589928,26.0,KO
2009-10-20,1.3065850913467216,inf,inf,0.10048228351509153,0.13128865358529304,26.0,KO
2010-04-20,0.9753865850472397,inf,inf,0.1430408308145619,0.1395201074905355,26.0,KO
2010-07-21,0.9633451274519867,inf,inf,0.16141978595079134,0.1555029642700375,26.0,KO
2010-10-19,0.9809920217213354,inf,inf,0.08981169980883809,0.08810456096970175,26.0,KO
2011-07-19,1.5582510165932884,inf,inf,0.10887340017014537,0.16965208649509692,26.0,KO
2011-10-18,0.9092690916063284,1.3796782324343861,1.5173486541778582,0.20613391823841118,0.1874312005858933,33.0,KO
2012-04-17,1.2332055851433044,1.6359346248724986,1.3265708853259817,0.09948518023598259,0.12268567990600202,33.0,KO
2012-07-17,1.0051623611653173,1.4816533924596185,1.4740438457543215,0.1403387484633059,0.1410632277683621,33.0,KO
2012-10-16,0.9298815724210442,1.419215421072753,1.5262324398769156,0.12176523833338176,0.11322725128766824,33.0,KO
2013-02-12,1.331135746140164,inf,inf,0.1495262565047342,0.1990397450199749,33.0,KO
2013-04-16,2.0201208526545034,1.5461759007652114,0.7653878225817464,0.14565305402521678,0.29423677168915335,33.0,KO
2013-07-16,1.1106456004525433,1.4348572954291106,1.2919128251572456,0.14206060194593406,0.1577789825488917,33.0,KO
2013-10-15,0.9576250052850558,1.709868765430084,1.7855306158396607,0.15281242397055192,0.14633699831242197,25.0,KO
2014-02-18,1.357395856605497,1.9718012895422858,1.4526354120995042,0.1537297234356044,0.2086720896285984,21.0,KO
2014-04-15,1.8566731378839185,1.892017151527629,1.0190362067089485,0.09808095095829632,0.18210426698237875,25.0,KO
2014-07-22,1.6170119636813365,1.959356060853538,1.2117140162604678,0.09191475450881614,0.14862725767958876,32.0,KO
2014-10-21,1.7596770655582668,1.8143495224882118,1.031069596802752,0.16620115925562637,0.29246036821132276,32.0,KO
2015-02-10,1.1569316213063983,1.4716075655615655,1.2719918260163359,0.15257259443168583,0.17651605904277384,25.0,KO
2015-04-22,1.001682692791218,1.6617422771357853,1.658950772629696,0.1120009178766997,0.11218938101382062,25.0,KO
2015-07-22,0.9382541814903518,1.820021613508554,1.9397958990362034,0.12689074469609316,0.11905577180353408,25.0,KO
2015-10-21,1.319722894841429,1.7150561595628526,1.2995577831275897,0.11997960866349258,0.15833983646732622,25.0,KO
2016-02-09,1.2707293897870127,1.93742787761503,1.5246581161861401,0.13217235408405067,0.1679552948519387,25.0,KO
2016-04-20,2.1721254457538524,1.700875942018364,0.7830468287838975,0.11923037286929491,0.25898332681611524,32.0,KO
2016-07-27,1.6921974506462427,1.8742454717202641,1.107580838751706,0.10115049017678979,0.1711666016087815,25.0,KO
2016-10-26,0.8871965668465588,2.18000452430919,2.457183228354651,0.10503243721080527,0.09318441770095319,32.0,KO
2017-02-09,1.5508829657342968,2.4011532157120046,1.548249138564192,0.0863911193362632,0.13398251536932942,24.0,KO
2017-04-25,0.9628808037945956,2.0891024097418924,2.169637614031763,0.07475102552159497,0.0719763275387037,25.0,KO
2017-07-26,1.29840158628857,2.172866233007053,1.6734932057639471,0.06793353848536574,0.0882050141315945,25.0,KO
2017-10-25,0.8902833263472915,2.4454287202312552,2.746798292027448,0.0879982192123589,0.07834334731301701,25.0,KO
2018-02-16,0.9808006047669668,1.8005845813125496,1.8358314346067917,0.24393858799321474,0.23925511462974497,23.0,KO
2018-04-24,1.244096347271482,1.7764307951051155,1.4278884420817846,0.1409066090148063,0.1753013975817314,25.0,KO
2018-07-25,1.046010947023199,1.9160288280351265,1.8317483516667552,0.10841794456530408,0.11340635686906243,25.0,KO
2018-10-30,1.05360551031712,1.7289027484331034,1.6409393568117623,0.16069144528880577,0.16930539221710778,25.0,KO
2019-02-14,3.207089726522647,1.6123054676912458,0.5027316368349386,0.12131052220956014,0.3890537294973777,31.0,KO
2019-04-23,1.3197845617431432,1.7297589754063487,1.3106373763924926,0.07915933163808768,0.10447326381385368,24.0,KO
2019-07-23,2.9161011776312344,1.649215251898382,0.5655548801081206,0.1025442459334836,0.29902939632593845,25.0,KO
2019-10-18,1.067923832014763,1.9497077310051436,1.8256992423577554,0.14501157481698987,0.15486131666505534,37.0,KO
2020-01-30,1.7588160003229418,1.939548254860408,1.1027579090162252,0.096456224678994,0.16964875129615925,24.0,KO
2020-04-21,0.8364818638848732,1.4015420913597194,1.6755199985454994,0.6234508627715379,0.5215053397317684,32.0,KO
2020-07-21,1.020923026526131,1.491983172572454,1.4614061332803778,0.24339135904545592,0.24848384290699507,25.0,KO
2020-10-22,1.0141434417087847,1.944309090716221,1.9171933779309862,0.17219184340098947,0.17462722870085956,31.0,KO
2021-02-10,0.9086269746817469,1.4125350994726393,1.5545819558872218,0.18708993914102678,0.1699949653951033,25.0,KO
2021-04-19,0.8540330120053167,2.3551614436238273,2.7576936845728928,0.1169684202419224,0.09989489224871265,21.0,KO
2021-07-21,0.8834710024127954,2.801779201598839,3.1713312535975327,0.1460954509011803,0.1290710944556151,32.0,KO
2021-10-27,1.1897976925255567,2.588906025908763,2.175921202547763,0.10238145783469509,0.1218132222891228,25.0,KO
2022-02-10,1.1908523662911898,2.1977889542730784,1.8455595475011806,0.1345942560587369,0.16028188831674917,31.0,KO
2022-04-25,1.2968404490014747,2.230929183324274,1.7202803822490405,0.14949230186793994,0.19386766387668322,28.0,KO
2022-07-26,1.0093222475709172,1.5719502653670454,1.5574315033183659,0.16903707228985632,0.17061287772640538,25.0,KO
2022-10-25,1.1136351923474985,1.621120580693581,1.4557016443385948,0.20896480877334006,0.2327105650121568,25.0,KO
2023-02-14,1.2926743073816707,1.6017273501023164,1.2390803630549732,0.12639044921693557,0.1633816864011604,21.0,KO
2023-04-24,1.0177457867822268,3.329314154829195,3.2712630187891785,0.0701786470531404,0.07142402236041058,21.0,KO
2023-07-26,1.0566111717768407,3.925900512280548,3.715558397587821,0.12583637655305552,0.13296012128187576,25.0,KO
2000-04-19,1.1156799230954517,1.1380230277486012,1.020026446824604,0.3694696359945256,0.4122098550724768,33.0,PEP
2000-07-13,0.9979208578881487,inf,inf,0.38839282066005354,0.3875852967906785,39.0,PEP
2001-04-23,1.0793672981225455,inf,inf,0.28038852310948426,0.3026422026132549,29.0,PEP
2001-07-19,1.1848009160653392,1.362356902498967,1.1498614526930666,0.18329101623628857,0.21716336394330168,32.0,PEP
2002-04-23,0.9555643450196996,inf,inf,0.19140100769010426,0.18289597854950496,26.0,PEP
2002-07-19,1.5627082662030753,inf,inf,0.3775881438063823,0.5900601135465091,31.0,PEP
2003-04-17,1.5938226030928135,inf,inf,0.24431746680273658,0.38939870092057965,32.0,PEP
2003-07-10,1.9831247293058973,inf,inf,0.14084804660698588,0.2793192443007433,39.0,PEP
2004-04-15,0.8499408221184839,inf,inf,0.12422979035439603,0.10558797014542226,32.0,PEP
2004-07-15,1.5088643566829538,inf,inf,0.10098170183244867,0.15236769057216754,32.0,PEP
2005-04-14,1.4387228792771223,inf,inf,0.11373189194216123,0.16362867504066075,32.0,PEP
2005-07-12,0.9705255509850376,inf,inf,0.14417986613746475,0.13993024402401194,33.0,PEP
2006-04-26,0.8908477691614366,inf,inf,0.09705437693094336,0.08646067517628409,26.0,PEP
2006-07-13,1.2276321905270722,inf,inf,0.09823047723946025,0.1205908959499983,39.0,PEP
2006-10-12,1.0449759662531672,inf,inf,0.11921351394248675,0.12457525692248551,39.0,PEP
2007-02-08,1.427461705035806,inf,inf,0.08361286685463573,0.11935416548325015,39.0,PEP
2007-04-25,0.9546664109124224,inf,inf,0.12136224311355784,0.11586045705350112,26.0,PEP
2007-07-24,2.1814287978326603,inf,inf,0.114950941009319,0.25075729305569183,26.0,PEP
2007-10-11,1.4656859202786865,inf,inf,0.10433198776185694,0.15291792549724195,39.0,PEP
2008-02-07,1.4196885652175104,inf,inf,0.2458646545355198,0.34905123863523096,39.0,PEP
2008-04-24,1.2291744791973869,inf,inf,0.10103892431687593,0.12419446717586015,25.0,PEP
2008-07-23,1.1659950275327866,inf,inf,0.18092643480214782,0.21095932332853926,26.0,PEP
2008-10-14,1.9567411581894794,inf,inf,0.371156392932099,0.7262569901753849,33.0,PEP
2009-02-13,0.9775710858866661,inf,inf,0.35125460210649845,0.34337634280393853,38.0,PEP
2009-07-22,0.8355612845059539,inf,inf,0.22073705850768557,0.18443934014474767,26.0,PEP
2009-10-08,0.8453938493867283,inf,inf,0.22291419316710878,0.18845028784447884,39.0,PEP
2010-02-11,1.0061943793326198,inf,inf,0.1737976702452652,0.17487423894188997,39.0,PEP
2010-04-22,1.36975852434971,inf,inf,0.07724075699014758,0.1058011853144791,25.0,PEP
2010-07-20,1.3615986173389885,inf,inf,0.17572870381879352,0.23927196014644186,26.0,PEP
2010-10-07,1.6520289800851147,inf,inf,0.10237051796635108,0.16911906238673588,39.0,PEP
2011-02-10,1.2043567254396101,inf,inf,0.10843971204785696,0.13060009650957125,39.0,PEP
2011-07-21,1.899799737510202,inf,inf,0.09752970427092308,0.18528690657334732,25.0,PEP
2012-02-09,1.7533377175725755,inf,inf,0.10562141926325633,0.18519001817781391,39.0,PEP
2012-04-26,0.8615081087054696,inf,inf,0.10341357389592228,0.08909163246154932,25.0,PEP
2012-07-25,1.6396938317488319,inf,inf,0.08940535457327224,0.1465974084191117,26.0,PEP
2012-10-17,1.149957387816768,inf,inf,0.08794295746209392,0.10113065363999066,33.0,PEP
2013-02-14,2.041004309190203,inf,inf,0.08146609487572998,0.16627265069426278,32.0,PEP
2013-04-18,1.3608753380940428,1.7389156594025406,1.2777920289436338,0.15448623212798668,0.21023650337804867,32.0,PEP
2013-07-24,0.8427564253749631,inf,inf,0.15771688328714942,0.1329169167803583,26.0,PEP
2013-10-16,1.22627948013863,inf,inf,0.10792911375487303,0.13235125750714877,33.0,PEP
2014-02-13,1.1314895667047584,inf,inf,0.1660607921959891,0.18789605380848864,39.0,PEP
2014-04-17,0.9449514670146827,inf,inf,0.10730687456665175,0.10139978854251812,32.0,PEP
2014-07-23,1.3807419510436498,inf,inf,0.09493017612764874,0.13107407659940704,26.0,PEP
2014-10-09,1.16148156700445,1.7180442331971426,1.4791833826757237,0.0924857120660357,0.10742044977598153,24.0,PEP
2015-02-11,1.2156621961147367,1.5775697736399013,1.2977040650616785,0.16950483135219577,0.2060606155336684,39.0,PEP
2015-04-23,1.109735881683684,1.5998145716219176,1.4416174136810729,0.1081114037219718,0.11997510392946308,24.0,PEP
2015-07-09,1.4448278802323828,1.8530913611834006,1.2825689388588997,0.11593895245891774,0.16751183091758112,38.0,PEP
2015-10-06,0.9670395914828487,1.9517332905595406,2.0182558271133164,0.15981678372039673,0.15454915724107524,21.0,PEP
2016-02-11,0.9555634738387705,1.9577555644576028,2.0487969852936523,0.16989238019132594,0.16234295299436052,24.0,PEP
2016-04-18,1.2365610221677739,1.9534064292610616,1.579708881520954,0.12461769810707161,0.15409738815147553,21.0,PEP
2016-07-07,0.90614275906897,2.0120873446591965,2.220497073470571,0.170871971696987,0.15483439988106276,24.0,PEP
2016-09-29,0.8824726724317304,2.178829615223131,2.469005197882418,0.12942377166030303,0.11421294165326167,24.0,PEP
2017-02-15,1.02740008317526,2.2796719171202353,2.218874569364187,0.09030152578166198,0.09277579509893241,24.0,PEP
2017-04-26,1.0584604205165604,1.7538795270878704,1.6570100242689516,0.09675716732742659,0.10241363201737916,25.0,PEP
2017-07-11,1.2214965663703983,1.9432091796281625,1.5908429324548072,0.08666873282928084,0.10586555956263996,32.0,PEP
2017-10-04,0.9396783393864967,1.778938603039889,1.8931356917318474,0.12043718656327183,0.11317221547015698,24.0,PEP
2018-02-13,1.0531754723480886,1.8151459949249191,1.7234981658640347,0.21976680857079617,0.23145301242298025,35.0,PEP
2018-04-26,1.0284602575676252,1.7599321811050432,1.7112301308243028,0.19339922101016385,0.19890341265349118,24.0,PEP
2018-07-10,1.934697625354938,1.9970399017029927,1.0322232660706436,0.12522322573591096,0.2422690774705523,25.0,PEP
2018-10-02,0.9711242247203649,2.2351007365745605,2.301560067887461,0.14602722285170333,0.14181057357992835,21.0,PEP
2019-02-15,1.4117282792740358,1.7143024492928192,1.2143289005830347,0.12917615696801188,0.18236163379968415,23.0,PEP
2019-04-17,2.2233847299805998,1.8047534995910786,0.811714443863625,0.0837848151817474,0.1862858786793439,31.0,PEP
2019-07-09,1.231917691461325,1.678582536914341,1.3625768576496156,0.11013267132192459,0.13567438620937422,32.0,PEP
2019-10-03,1.8643296886354899,1.7292966470697477,0.9275701919092576,0.11997227693283251,0.2236678776990784,24.0,PEP
2020-02-13,0.9391589251749399,2.1423088825169354,2.2810930345126423,0.11122576289686581,0.1044586679339832,24.0,PEP
2020-04-28,0.8225142110296955,1.7111854740074488,2.080432716007711,0.5729779779621328,0.47128252948091387,25.0,PEP
2020-07-13,0.8776214172166619,1.5857030392839322,1.8068189861556938,0.17975012649765906,0.1577525607617498,28.0,PEP
2020-10-01,0.9501475296475115,1.745866752179042,1.8374691273751234,0.23954645828735754,0.22760447557754343,38.0,PEP
2021-02-11,0.9858553288558404,1.8751224036577854,1.902025935016253,0.17664202929144063,0.1741434858768762,24.0,PEP
2021-04-15,0.8812922342956985,1.9733688357527899,2.239176471729432,0.1570372221453889,0.13839568437209973,38.0,PEP
2021-07-13,1.249632077632522,2.1355567264960897,1.708948389466752,0.0986594023367899,0.12328795392010565,25.0,PEP
2021-10-05,1.3469186053042892,2.920529278318475,2.1683042069633327,0.11741197645191759,0.1581443755686369,21.0,PEP
2022-02-10,1.0003472633604678,1.9733859429369092,1.972700896194499,0.15854777622527672,0.1586028340588434,24.0,PEP
2022-04-26,1.3876297983811594,1.947975719342925,1.4038151397551983,0.1642093702210062,0.227861815292072,25.0,PEP
2022-07-12,0.8420975934155769,1.9067987293860227,2.264344114382255,0.1821142063623038,0.15335793490448377,25.0,PEP
2022-10-12,1.6265876128545254,2.3265632261926745,1.4303337906955718,0.188433872883147,0.30650420347393115,25.0,PEP
2023-02-09,1.0298517542410264,1.7881748237079615,1.736341969942848,0.1552260009597639,0.1598597693922321,24.0,PEP
2023-04-25,1.3697448733242188,1.8985419270255413,1.3860551435523834,0.08825631183855683,0.12088863067936677,25.0,PEP
2023-07-13,1.2117741433672553,1.7975831507731703,1.483430852698408,0.14150998265321074,0.1714781380075096,31.0,PEP
2023-10-10,,3.1228206342365663,,,,22.0,PEP
2000-02-15,1.132815210918784,1.0898952523598966,0.9621121272514724,0.609828240303189,0.6908227066632879,36.0,WMT
2000-05-09,0.9867029141881211,1.0213453054380428,1.0351092418516126,0.5905934841857506,0.5827403119465961,40.0,WMT
2000-08-09,1.2526668213272354,1.0484004931703117,0.8369348300129017,0.4425697421890222,0.5543924321635365,40.0,WMT
2000-11-14,0.9568184126269832,1.0868845080076508,1.1359360288892915,0.5614454228726031,0.5372013182896495,33.0,WMT
2001-02-20,1.0307141234793564,inf,inf,0.4608952831512027,0.47505127778896167,26.0,WMT
2001-05-15,0.9869157666799174,1.1371916287907564,1.1522681744323346,0.33095976043272796,0.3266294057076675,33.0,WMT
2001-08-14,0.9309747631003527,1.1579511943381633,1.2438051386934794,0.2462085779266074,0.22921397250849807,33.0,WMT
2001-11-13,0.9095904620515121,1.2046601674725932,1.3243984163549538,0.2670275472569932,0.2428857100899704,33.0,WMT
2002-02-19,0.9351830819213601,inf,inf,0.20509002454402545,0.1917967212244091,29.0,WMT
2002-05-14,1.1945691433084331,1.2114015740145607,1.0140907965021675,0.28882836451359345,0.3450254519601792,33.0,WMT
2002-08-13,1.2352514877442005,1.1818403570591578,0.9567609258398212,0.4230204737497076,0.5225366695455828,33.0,WMT
2002-11-13,1.0105735535172664,1.2663373678577077,1.253087777183822,0.3194735983501567,0.32285156953966576,33.0,WMT
2003-02-18,0.9519041656818356,1.3216965271347376,1.388476460955526,0.2365977873725903,0.2252184193910739,36.0,WMT
2003-05-13,1.1757217472130659,1.274425169256443,1.083951345016237,0.20598794545730417,0.24218450713789139,33.0,WMT
2003-08-13,0.963837896792108,1.2831677597826179,1.331310756770738,0.1966641708287586,0.18955238078595452,33.0,WMT
2003-11-13,1.554273240055613,1.3878985613520383,0.8929566086477679,0.13651665966586862,0.21218419094043903,39.0,WMT
2004-02-13,1.0621536585074336,1.1617236628270826,1.0937435026675588,0.19070089202165116,0.20255365014142784,38.0,WMT
2004-05-13,0.854495695535805,1.2275073031507013,1.43652836352909,0.2126899696545001,0.18174266355341132,39.0,WMT
2004-08-12,1.2152437990455764,1.3213002904366205,1.0872717815753006,0.16558543228519604,0.20122666979686568,39.0,WMT
2004-11-16,1.1704655311024346,1.44433010801796,1.2339791900215795,0.14673944583595921,0.17175346340406294,33.0,WMT
2005-02-17,1.1174678986304825,1.3794067417718312,1.2344039085707688,0.10079467665621046,0.11263481551615445,32.0,WMT
2005-05-12,1.1670463550208494,1.3375083879445258,1.1460627782181205,0.12904126630307575,0.1505971394862793,39.0,WMT
2005-08-16,1.7669569205395113,1.5992834931322875,0.9051061033474277,0.09312621764633557,0.16455001475386138,33.0,WMT
2005-11-14,0.8486005483620903,1.2808154424365334,1.5093266730839077,0.1978672443634291,0.16791025206970164,36.0,WMT
2006-02-21,0.874854138488796,inf,inf,0.171702463120059,0.15021461044930348,26.0,WMT
2006-05-16,1.2107220270229078,1.5627045145664709,1.2907211396897327,0.1692792521498745,0.20495011929581797,33.0,WMT
2006-08-15,0.8538235341243967,1.2535255115951833,1.468131834619298,0.20135129256121714,0.17191847221513376,33.0,WMT
2006-11-14,1.0712836940498045,1.4027080728628378,1.30937125306196,0.19502422250683468,0.20892626951631288,33.0,WMT
2007-02-20,1.7155266719277944,inf,inf,0.10703845792073786,0.1836273294850467,26.0,WMT
2007-05-15,0.8615754568333984,1.385518134935173,1.6081216380367351,0.12724313502955029,0.10962956219199858,33.0,WMT
2007-08-14,1.0239402951273369,1.4829820588501748,1.4483091112902746,0.3210046655716735,0.32868961200271146,33.0,WMT
2007-11-13,1.6379094970923918,1.296699190139229,0.7916793891488648,0.18980716047136714,0.31088695075219186,33.0,WMT
2008-02-19,0.8208657491983286,inf,inf,0.2620197312321843,0.21508302298265167,29.0,WMT
2008-05-13,1.1880213340571473,1.2588314042636266,1.059603365845847,0.154605709910524,0.18367488174075303,33.0,WMT
2008-11-13,0.9818913011979998,1.2511422784443946,1.2742166845941942,0.5546717566735522,0.5446273728979745,39.0,WMT
2009-02-17,1.0640535567423368,1.3243298748120034,1.244608287261891,0.35963002470117206,0.3826656068946166,36.0,WMT
2009-05-14,1.2568897654427593,1.1997860674216352,0.9545674572336036,0.24002820534090868,0.3016889947105812,32.0,WMT
2009-08-13,1.3473178314568282,1.3491977225289105,1.0013952840437432,0.11262522570215433,0.1517419748603624,39.0,WMT
2009-11-12,0.8351475356138696,1.3058078914609719,1.563565520792858,0.16781403097793884,0.14014947441265518,39.0,WMT
2010-02-18,0.9229051910602317,1.4619072809584757,1.5840275849776502,0.1653040588440326,0.15255997401048368,32.0,WMT
2010-05-18,1.5692698431986047,1.6078913805683568,1.0246111511905631,0.13746628414507417,0.21572169416543538,33.0,WMT
2010-08-17,0.9726320159906097,1.755974090954501,1.805383806090395,0.16021413783072588,0.1558293998684963,33.0,WMT
2010-11-16,1.0131526193034903,1.339521916032734,1.3221324117521525,0.10137401211813032,0.10270734590678751,33.0,WMT
2011-02-22,1.2657377897092714,inf,inf,0.1518839418352786,0.19224524483091707,26.0,WMT
2011-05-17,1.0849043132232452,1.2969077495861834,1.195412105730391,0.09038003407817004,0.09805368880067056,33.0,WMT
2011-08-16,0.9223656720945538,1.5655523313793773,1.6973228500842223,0.36776325867434484,0.3392122052588453,33.0,WMT
2011-11-15,1.0490875933282935,1.293586738558465,1.2330588473117705,0.2006558059920585,0.21050551659555763,33.0,WMT
2012-02-21,2.3671633121219284,inf,inf,0.08852983266662624,0.20956457191673106,26.0,WMT
2012-05-17,1.321876148894825,1.6334234431709005,1.2356856915351333,0.17829650988006832,0.23568590384165283,32.0,WMT
2012-08-16,1.4294762332853945,1.5212064692732408,1.0641705219379693,0.12347294520474945,0.17650164062393917,32.0,WMT
2012-11-15,1.5702507161994104,1.4562277934389027,0.9273855304861854,0.13198309488945884,0.20724654927638747,32.0,WMT
2013-02-21,0.9862316113703729,1.792381663686373,1.8174043936756918,0.14465177930565506,0.14266015739220775,25.0,WMT
2013-05-16,1.203525968766027,1.5309163571412263,1.272026027581999,0.11870728426893092,0.14286729929934922,32.0,WMT
2013-08-15,1.4540272879073548,1.4504995459977046,0.9975738131333647,0.09059257860135196,0.13172408136825767,32.0,WMT
2013-11-14,0.8116138439491422,1.8656201622590276,2.298654928286231,0.12553263947383653,0.10188402806444229,24.0,WMT
2014-02-20,1.0421900014122718,2.218981092251277,2.129152159629564,0.13532803357222617,0.14103752349975837,24.0,WMT
2014-05-15,1.368543100604222,2.396082943303332,1.7508275349497169,0.10009110556276996,0.13697899194977767,32.0,WMT
2014-08-14,0.9415554939702349,2.5208011295483623,2.6772730292496725,0.10930255211001833,0.10291441844415564,38.0,WMT
2014-11-13,1.6854346497775046,1.9760702649117325,1.1724395633925024,0.1333372583025219,0.22473123524940367,31.0,WMT
2015-02-19,1.1833566889381313,1.7854723504479775,1.5088200938384404,0.17918346770851074,0.21203795505999581,31.0,WMT
2015-05-19,1.6402638414647788,1.62324322260205,0.9896232432658338,0.13232401649550446,0.2170462996149649,25.0,WMT
2015-08-18,1.4989299708257644,1.6408364500830332,1.0946718539353057,0.1433085610572285,0.21480949724459378,32.0,WMT
2015-11-17,1.2721747592352903,1.6176773679638703,1.271584234964906,0.21199435314830026,0.26969386517568,32.0,WMT
2016-02-18,1.1450095679788117,1.5560004853876919,1.358941033247755,0.20315176639528532,0.2326107162743981,24.0,WMT
2016-05-19,1.9335285907302255,1.555454873803385,0.8044643773361244,0.2598536891130698,0.502434537306844,24.0,WMT
2016-08-18,1.719843878649203,2.153011795746908,1.2518646735760244,0.08507187877904542,0.14631034996332828,24.0,WMT
2016-11-17,1.463707548151097,1.8704778006619842,1.2779040478575825,0.13573526245857148,0.1986767282108813,31.0,WMT
2017-02-21,1.2179729914609578,2.0012704094985905,1.643115589203721,0.15001984685515535,0.18272012165268833,25.0,WMT
2017-05-18,2.0450662945984397,1.7756997563092645,0.8682846913077373,0.08960097153206473,0.18323992684349988,31.0,WMT
2017-08-17,1.048576572566114,2.1126387824792876,2.0147682465469954,0.11868124130489435,0.12444636923537805,24.0,WMT
2017-11-16,3.640009168636153,1.6103849489689475,0.44241233314594375,0.13961927036924288,0.508215424262334,24.0,WMT
2018-02-20,2.0095076238086675,1.8713828476109868,0.9312643681660239,0.24721625030294303,0.4967829397131558,25.0,WMT
2018-05-17,1.0007542225360013,1.979400658316583,1.977908874869,0.2224247502374338,0.22259250799662733,31.0,WMT
2018-08-16,3.562325779392262,1.821410049630866,0.5112980009205114,0.124251991916137,0.4426260739436938,31.0,WMT
2018-11-15,1.0990448720857184,1.4050786658307006,1.278454321127221,0.1873369099093209,0.20589167018822335,31.0,WMT
2019-02-19,1.2201573818479976,1.667875252543438,1.366934526116087,0.16418291826450607,0.2003289996937835,35.0,WMT
2019-05-16,0.8770246117856246,1.581031980007725,1.8027224763838035,0.19936304358016832,0.17484629590029768,24.0,WMT
2019-08-15,1.7488010859949796,1.5836774594502743,0.9055789547095584,0.19061402237092692,0.33334600932814834,31.0,WMT
2019-11-14,1.3010869504432883,1.4662930310721245,1.1269754343263143,0.10899528196191037,0.1418123390205283,24.0,WMT
2020-02-18,1.1358396273393925,2.166083680390836,1.9070330249567913,0.13242030624517875,0.15040823129769207,28.0,WMT
2020-05-19,0.9184248101473041,1.3860865251222345,1.5091997840301408,0.23681954064110833,0.21750094165248168,32.0,WMT
2020-08-18,1.1507163645797065,1.9933183566181396,1.7322412524707507,0.17578233290683698,0.20227560707989517,25.0,WMT
2020-11-17,1.1569859938129892,2.236027940922103,1.9326318148009716,0.18595061262443766,0.21514225434741918,25.0,WMT
2021-02-18,2.063783349795254,1.7699780527310476,0.8576375291072318,0.1562208475573319,0.32240598407972415,38.0,WMT
2021-05-18,0.938405180838864,2.4984952297381335,2.662490873616731,0.1869510814760883,0.17543586342058984,25.0,WMT
2021-08-17,0.9629164987164264,1.5147297623279754,1.5730645017996052,0.13353627452544597,0.12858428191767796,32.0,WMT
2021-11-16,1.3290119505808178,3.029810968675645,2.2797469709369635,0.1136536174587383,0.15104701582940386,25.0,WMT
2022-02-17,1.5932114391678058,1.6079297335402354,1.0092381299873905,0.14424114516438444,0.2298066424745613,24.0,WMT
2022-05-17,2.923169432547574,1.5317023654985131,0.5239868577045217,0.18802542099926448,0.5496301632069386,25.0,WMT
2022-08-16,1.059329437267551,1.3829705312692084,1.305515057559867,0.3172775033969587,0.3361013991311538,32.0,WMT
2022-11-15,1.7365615235797285,1.3835701026529879,0.7967296775071417,0.1973317190152416,0.3426786706237148,32.0,WMT
2023-02-21,1.0763493703379108,1.5247443952581594,1.416588737149053,0.17888254629868924,0.19254011607303634,32.0,WMT
2023-05-18,1.4364016424638377,1.622396333731139,1.1294865487262096,0.08563468836754069,0.12300580702301435,31.0,WMT
2023-08-17,1.444707283237362,1.465706677648108,1.0145353973461597,0.1032151892220283,0.14911573560978675,31.0,WMT
2000-02-22,0.8804022725057031,inf,inf,0.5486441944593656,0.4830275955990864,26.0,HD
2000-05-16,1.0615611989276925,inf,inf,0.42708213825040015,0.45337382672169735,33.0,HD
2000-08-15,1.296912482410447,inf,inf,0.4299070264313005,0.5575517888547116,33.0,HD
2000-11-14,0.8688496999170633,inf,inf,0.7732122526772665,0.6718052337108394,33.0,HD
2001-02-20,1.0842020428095842,inf,inf,0.4701764191835045,0.5097662341596509,26.0,HD
2001-05-15,0.856331507261065,inf,inf,0.37397768604327275,0.3202488755714411,33.0,HD
2001-08-14,0.9456444526721619,inf,inf,0.27346919180361823,0.258604624205831,33.0,HD
2001-11-13,1.206005262384386,inf,inf,0.4082540632201377,0.49235654863329387,33.0,HD
2002-05-21,1.3072559793605356,inf,inf,0.33775623215012324,0.44153385404453377,26.0,HD
2002-08-20,1.0134916793553412,inf,inf,0.6497874272959637,0.6585541509141729,26.0,HD
2002-11-19,1.4330031579954636,1.2595675943190354,0.8789705642246901,0.46265523060712427,0.6629864065231286,26.0,HD
2003-02-25,0.8680565900708077,inf,inf,0.3483921852040106,0.30242413229551074,26.0,HD
2003-05-20,2.1966958254981086,inf,inf,0.2091401692651529,0.45941733676872915,26.0,HD
2003-08-19,1.2877683676295475,inf,inf,0.23441663437291058,0.3018743265916155,26.0,HD
2003-11-18,1.0839807924732165,1.251787306738636,1.1548058004630795,0.17714086732826742,0.19201729774588824,33.0,HD
2004-02-24,1.0585125299171552,inf,inf,0.1867569597896094,0.19768458198653585,26.0,HD
2004-05-18,1.1554575331860215,1.334066830134768,1.1545788502120498,0.2173235034214905,0.25110807916673933,33.0,HD
2004-08-17,1.3923357712036546,1.3007489146526345,0.9342207113792353,0.16623270606474466,0.2314517429979267,33.0,HD
2004-11-16,1.144765043144897,1.4826597240647401,1.2951650934340022,0.17436867271613632,0.19961116114500624,33.0,HD
2005-02-22,1.6807127422523882,inf,inf,0.15266899064136796,0.25659271791775773,26.0,HD
2005-05-17,1.3249635568275195,1.3322628164080983,1.0055090266769722,0.2180660237734594,0.2889295344821172,33.0,HD
2005-08-16,0.9463402528024193,1.3446962347569005,1.4209437153019968,0.19474212217837986,0.18429230913356762,33.0,HD
2005-11-15,0.8467022232761302,inf,inf,0.2240618785214662,0.18971369069555163,33.0,HD
2006-02-21,0.8468006213584861,inf,inf,0.2241612135731757,0.1898198549382375,26.0,HD
2006-05-16,1.5285263694732876,inf,inf,0.18572480126108043,0.2838852561927471,33.0,HD
2006-08-15,1.0558805554876372,inf,inf,0.22439789494703902,0.23693737396693598,33.0,HD
2006-11-14,1.7438682799955592,inf,inf,0.12682667810956025,0.22116902101246927,33.0,HD
2007-02-20,0.8737649818145147,inf,inf,0.11546515534433173,0.10088940935965013,26.0,HD
2007-05-15,1.0524269814988485,inf,inf,0.15670206504649273,0.16491748131151657,33.0,HD
2007-08-14,0.9571549380403266,inf,inf,0.4019752625969504,0.38475260756472807,33.0,HD
2007-11-13,1.0208564959035051,inf,inf,0.24372176223751862,0.24880494417322047,33.0,HD
2008-05-20,1.1043976858780666,inf,inf,0.28516561310785926,0.3149362432083198,26.0,HD
2008-08-19,0.9252308866732671,inf,inf,0.49403939695093424,0.45710050929243906,26.0,HD
2008-11-18,0.9078482124419827,1.1379618204509445,1.2534714557513849,0.968185998371612,0.8789659279330243,33.0,HD
2009-02-24,1.3339470163188527,inf,inf,0.47467152200028995,0.6331866605038154,26.0,HD
2009-05-19,1.9487572722804816,inf,inf,0.23263747737607524,0.45335397584161263,26.0,HD
2009-08-18,1.397120892943197,1.299555408180202,0.9301667556073391,0.22059533741653,0.30819835479048824,33.0,HD
2009-11-17,0.9297836007475249,1.3299223993065097,1.4303569112611605,0.26253814548860915,0.24410366224597657,33.0,HD
2010-02-23,0.9037443456529086,inf,inf,0.2097976552386453,0.189603444653164,26.0,HD
2010-05-17,1.048427477054656,inf,inf,0.3274079625269204,0.3432635041197045,36.0,HD
2010-08-17,1.1651907529575782,1.3498283134754723,1.158461230531767,0.23914709124741465,0.27865197931818975,33.0,HD
2010-11-16,1.1440603481411782,1.4079316087951552,1.230644529445238,0.1738059897952566,0.19884454119418332,33.0,HD
2011-02-22,1.1884344989070976,inf,inf,0.1359699818891491,0.16159141729283805,26.0,HD
2011-05-17,1.0516069957742387,1.4060619653591981,1.3370603001019352,0.09637381207048618,0.10134737498275502,33.0,HD
2011-08-16,0.9862392520031484,1.3714594550857575,1.3905950835967937,0.5396346614691572,0.5322088848823138,33.0,HD
2011-11-15,0.8226887640663442,inf,inf,0.27830011712151054,0.22895437939421434,33.0,HD
2012-02-21,0.913987220195807,inf,inf,0.13615130903223896,0.12444055646839636,26.0,HD
2012-05-15,1.4524225827073618,inf,inf,0.146861773640088,0.21330535657132058,33.0,HD
2012-08-14,1.198570635967301,inf,inf,0.1859554374825949,0.22288072696509145,33.0,HD
2012-11-13,1.437470651008597,inf,inf,0.1831561050758179,0.26328152559953494,33.0,HD
2013-05-21,1.2035976239915753,1.8966942443084074,1.57585409484132,0.13528446864976104,0.16282806502981514,26.0,HD
2013-08-20,0.8180686235921245,1.533224023790803,1.8741997670787618,0.2174548505921889,0.17789299031738304,26.0,HD
2013-11-19,0.9253328312460889,1.8048134603449653,1.9504478814552964,0.168057183130156,0.1555088290770697,26.0,HD
2014-02-25,1.3845056812127547,1.632392378232073,1.1790434668366132,0.14477329440378858,0.200439448589932,32.0,HD
2014-05-20,1.0057588814442135,1.6835222354232315,1.6738825442990746,0.16294427154969568,0.1638826482915641,26.0,HD
2014-08-19,2.0758410762936865,1.7068451643417404,0.8222426966274459,0.12721103526182606,0.26406989235434314,26.0,HD
2014-11-18,1.08489488157966,1.460402813030194,1.3461237930294003,0.1483494864238897,0.1609435985062492,25.0,HD
2015-02-24,1.1629392530061409,1.6810101637898223,1.4454840693049904,0.2042359141842781,0.23751396147849066,25.0,HD
2015-05-19,0.8921753182660566,1.6685696324595194,1.8702261744949253,0.19857491747510972,0.17716364019801192,25.0,HD
2015-08-18,2.240267395218989,1.5115184284203855,0.6747044712814886,0.1108969121649182,0.2484387365535303,32.0,HD
2015-11-17,1.4697885817873984,1.6131464302504817,1.0975363737611479,0.18075048228511365,0.26566499501522545,32.0,HD
2016-02-23,0.8131798031087053,1.6169840785885363,1.9884705355531058,0.32600898814654594,0.26510392479267647,25.0,HD
2016-05-17,1.0826533712713284,1.6559251122948377,1.5295062632561085,0.16728848399844273,0.1811154411757837,25.0,HD
2016-08-16,0.9477795500557632,1.9121407012188427,2.0174952087817686,0.1136107974426007,0.10767799048162455,25.0,HD
2016-11-15,1.2302023214359885,1.4993180803899742,1.2187573167963563,0.20782271904653096,0.25566399141818164,32.0,HD
2017-02-21,1.0168758694239035,2.572416356657435,2.52972504708446,0.10566106981985328,0.10744419223732309,25.0,HD
2017-05-16,1.0288649416275393,1.9112965838255607,1.8576749060980946,0.11129103975140353,0.11450344911749594,25.0,HD
2017-08-15,1.3219920965389278,1.4804564999622043,1.1198678901622392,0.15757205589819392,0.2083090125328025,32.0,HD
2017-11-14,1.367504581096905,1.6623882953525526,1.2156363630015155,0.10442168594844822,0.14279713390036528,25.0,HD
2018-02-20,0.9090180221877915,1.8629609100781757,2.0494213146560827,0.3417334823247471,0.3106418942181882,25.0,HD
2018-05-15,0.9483910006560149,1.4830595796407835,1.5637638680828172,0.2093355990005056,0.1985319982090158,32.0,HD
2018-08-14,1.074767484688248,1.6102223259847885,1.4982052852593108,0.0882689325833756,0.09486857864875115,25.0,HD
2018-11-13,0.9752971434701321,1.4588881784116914,1.4958396917076267,0.26681799399515344,0.260226827369904,32.0,HD
2019-02-26,1.1883260906362687,1.6321216846012456,1.3734628040753984,0.15749236832945457,0.18715229036198805,39.0,HD
2019-05-21,1.0573091360653712,1.6537010124858993,1.5640657553002117,0.1618856809720224,0.1711632094898833,39.0,HD
2019-08-20,1.2644383818831286,1.5511743759262067,1.2267694481213407,0.23406669272737013,0.2959629102049314,32.0,HD
2019-11-19,2.2744030453844264,1.700883630798376,0.7478373871553129,0.11611850809882278,0.2641002884454587,32.0,HD
2020-02-25,1.990533060843519,1.8184405549015281,0.91354451260957,0.14173663480612236,0.2821314575142908,32.0,HD
2020-05-19,0.942662841390916,1.3540792466944669,1.436440673418821,0.33829281742307254,0.31889606849417196,25.0,HD
2020-08-18,1.2751583551933539,1.402655843730689,1.099985611997188,0.14040970241442707,0.1790446051839691,32.0,HD
2020-11-17,0.8825699873158642,1.6633917411917565,1.8847136942086418,0.29358779765961607,0.25911177885653985,25.0,HD
2021-02-23,1.289752386287105,1.4857063931208006,1.1519314939186127,0.19834303725002336,0.2558134055966498,39.0,HD
2021-05-18,0.8101953726279184,1.9007493177130241,2.3460382297023337,0.300366237380917,0.24335533561967784,25.0,HD
2021-08-17,1.578191662973358,1.5239238890814129,0.9656139522434791,0.15748248097934128,0.24853753854595684,39.0,HD
2021-11-16,1.931044638657458,1.8619479495561866,0.9642179741897058,0.14091377806944042,0.2721107956539598,39.0,HD
2022-02-22,1.9970314178250204,1.5405046091545702,0.7713972826888941,0.21482220778696032,0.42900669819709447,25.0,HD
2022-05-17,0.9934427470423068,1.375355633364578,1.3844337154398763,0.4027953198041502,0.40015408900201943,32.0,HD
2022-08-16,1.1707270146597561,1.3641563649383361,1.1652215656224483,0.21206097657224177,0.24826551402825311,32.0,HD
2022-11-15,0.8501906734587189,1.3101666355663377,1.5410268266486142,0.47624156922760574,0.40489614047065525,32.0,HD
2023-02-21,1.4714098974028806,1.3696353294914076,0.9308319401064852,0.24677385831356163,0.36310549754287075,32.0,HD
2023-05-16,1.2708006906307703,1.3470030252921135,1.0599640330880837,0.20693061735373566,0.2629675714457789,32.0,HD
2023-08-15,1.078175534923289,1.391672277807528,1.2907659585380442,0.1241314860332541,0.13383553135472653,32.0,HD
2000-01-26,1.747412648847301,1.254138217835687,0.7177115369188797,0.3427102719777894,0.5988562641438879,26.0,MCD
2000-04-20,1.5067867229323169,1.1705358469872829,0.7768424218056121,0.4739684056800159,0.7141693007680461,32.0,MCD
2000-07-25,1.3500352567129845,1.3758212621380723,1.0191002459357028,0.30339147140115036,0.4095891829775821,26.0,MCD
2000-10-19,1.0324414857581923,1.0046580980551327,0.9730896248491445,0.32894224634708963,0.3396136215472265,32.0,MCD
2001-01-24,1.293786955642419,1.325263726844663,1.0243291765038816,0.3272982883735758,0.4234542561018232,25.0,MCD
2001-04-19,0.8575003849752287,1.1234539892238429,1.3101498365581457,0.25299967866064776,0.21694732185011462,32.0,MCD
2001-07-24,1.3016464736101596,1.4860134561379075,1.141641364430082,0.18399233746997792,0.23949297723908722,26.0,MCD
2001-10-18,0.90016805167119,inf,inf,0.28442962137363964,0.25603445810948344,32.0,MCD
2002-01-24,1.618067099750402,1.3400733119589796,0.8281939062760099,0.20230388786280207,0.3273412651023947,26.0,MCD
2002-04-18,1.437148163238055,1.1770785735405995,0.8190377329561556,0.20677661945197978,0.297168638845987,32.0,MCD
2002-07-24,2.60815531970511,1.5399004282158202,0.5904174558093145,0.24505773633311342,0.639148638652102,26.0,MCD
2002-10-22,1.0000390077326058,1.1880884354840304,1.1880420926557558,0.4742729429616551,0.47429144327379635,26.0,MCD
2003-01-23,0.8505966384006118,1.3207591638022573,1.5527443963165648,0.366211951571211,0.31149865494859974,25.0,MCD
2003-04-28,1.191864788802582,1.3392449383416285,1.123655091520166,0.3285365970943526,0.39157120190977956,22.0,MCD
2003-10-22,0.9098279966650569,1.2626769733744523,1.3878194318077166,0.19231218109248768,0.1749710064576657,26.0,MCD
2004-01-26,1.1293484356304124,1.4399516600647468,1.2750286932136696,0.20564445872641393,0.2322442477587385,22.0,MCD
2004-07-22,1.0045184375934844,1.5995795828529364,1.5923844928969493,0.2065001312423093,0.207433189198374,25.0,MCD
2004-10-19,0.8511347191650235,1.7480201208346815,2.0537525746212264,0.23997541062125702,0.20425140372563477,26.0,MCD
2005-01-28,0.9755014895038366,1.5841955688919784,1.6239806765418043,0.15350221823462643,0.14974164253002106,24.0,MCD
2005-04-21,0.9001606666173572,1.8693631960442083,2.0766994886245596,0.163453741853034,0.14713462922752849,25.0,MCD
2005-07-21,0.8457989905124287,1.440332440009883,1.702925229477107,0.2593032628894219,0.21931843798845196,25.0,MCD
2005-10-20,1.2431084648092419,1.1494738758290612,0.9246770562417905,0.26748045694396566,0.33250722019808765,32.0,MCD
2006-01-24,0.9758538826820098,1.186771754445123,1.2161367347163003,0.18192378634730436,0.17753103325922936,29.0,MCD
2006-04-21,1.1290098175792918,1.2271266441485922,1.08690520227687,0.13838301586828922,0.15623578350152945,31.0,MCD
2006-07-25,0.8360478127633146,1.3861586876952356,1.6579897304122935,0.2977045742059983,0.24889525811455876,26.0,MCD
2006-10-19,1.221682148971637,1.1526970346813976,0.9435326820905845,0.15988771506570518,0.1953319673356355,32.0,MCD
2007-01-24,1.4993081963887693,1.4527834076360733,0.9689691626679854,0.11526692346526324,0.17282064312398615,25.0,MCD
2007-04-20,0.9547607716033271,1.405069509269066,1.4716456216666052,0.15242826083374636,0.14553252392778088,31.0,MCD
2007-07-24,1.3723534086565894,1.5582236787119332,1.1354390704922679,0.14790936584853165,0.20298392239446694,26.0,MCD
2007-10-19,0.908156226175427,inf,inf,0.20866798917122764,0.18950313356935697,31.0,MCD
2008-01-28,1.3800043907506772,1.5330774644316183,1.1109221642386764,0.30045116101280267,0.4146239214038064,22.0,MCD
2008-04-22,0.8733134830291029,1.2897505810362258,1.4768472101938739,0.1741700495124604,0.1521050525790781,26.0,MCD
2008-07-23,0.9740227792136591,1.2082914702842975,1.2405166450622094,0.22504865664744086,0.21920251800604088,26.0,MCD
2008-10-22,0.882596308199266,1.3915225607572226,1.5766240441185428,0.6926507710538852,0.6113310134035341,26.0,MCD
2009-01-26,0.8342643854292618,1.3152647145930727,1.5765562303325669,0.3480275497844136,0.2903469899333456,22.0,MCD
2009-04-22,0.9533884622221946,1.4368775793718123,1.5071270906957301,0.30013193934414656,0.2861423281150809,26.0,MCD
2009-07-23,1.6152140793085163,1.2298947305978518,0.761443790240101,0.14909813143337203,0.24082540108977415,25.0,MCD
2009-10-22,1.1749426096490503,1.7159517563366051,1.460455806304575,0.12535071874055678,0.1472799005984139,25.0,MCD
2010-01-22,0.9220753689889762,1.8018280200615884,1.954100587284129,0.13980952605410496,0.1289149203245127,24.0,MCD
2010-04-21,0.8692690494184399,1.861056415570657,2.1409440688308696,0.10909929059825083,0.09483663663056763,26.0,MCD
2010-07-23,1.1240737904161922,2.2360492311725317,1.9892370503048797,0.1901250123541153,0.21371454328981576,24.0,MCD
2010-10-21,0.934948524153336,1.7978031495564921,1.9228899806912192,0.11211550600743704,0.10482222687635773,25.0,MCD
2011-01-24,0.9585232505954389,2.21652078870397,2.3124329924465137,0.15274564395466603,0.14641025115772002,30.0,MCD
2011-04-21,1.802875081309578,1.531580086481919,0.8495209137670288,0.08921659624225406,0.16084637820441758,25.0,MCD
2011-07-22,1.2203877878875422,1.8726045916501814,1.5344340628740711,0.11015236836790689,0.13442860516308355,24.0,MCD
2011-10-21,1.1469366158738263,1.364260315477979,1.189481874234679,0.19946959944795095,0.22877898736054053,31.0,MCD
2012-01-24,1.2455371706258214,1.7171959828097147,1.3786790336790253,0.11013034844911533,0.13717144260734693,29.0,MCD
2012-04-20,1.0618053105342777,1.7589530849677115,1.6565683628787315,0.1408735666034206,0.14958030113341628,31.0,MCD
2012-07-23,1.1831973484649436,inf,inf,0.1544383612798607,0.1827310595676022,29.0,MCD
2012-10-19,2.1151469105844645,inf,inf,0.10286433514352401,0.21757318068814976,31.0,MCD
2013-01-23,0.8548552207936435,2.1643628881760937,2.531847306455834,0.10953140448253897,0.09363349296275872,26.0,MCD
2013-04-19,1.081221719542871,1.6465573000169125,1.522867391817711,0.14154013542115396,0.1530362686043909,31.0,MCD
2013-07-22,1.4057955019836923,inf,inf,0.1076850006200281,0.15138308950274662,29.0,MCD
2013-10-21,0.9318738154863458,2.10636492889288,2.2603542388338984,0.11953228419917507,0.11138900575048352,21.0,MCD
2014-01-23,0.9296476554878352,2.0985709104801784,2.2573831043320896,0.11127173195334801,0.10344350473250082,25.0,MCD
2014-04-22,0.9457686145818476,1.7998305194317301,1.903034729300558,0.1135096951688408,0.1073539071414424,26.0,MCD
2014-07-22,1.1798264511369203,1.7461781767996902,1.4800296900590884,0.09359108718262835,0.1104212402487265,32.0,MCD
2014-10-21,0.8539717178261605,1.8986798239288605,2.2233521137703143,0.1574799930806797,0.13448346021435992,26.0,MCD
2015-01-23,1.0541009376508519,1.8422533122046478,1.7477010468373706,0.15402397001341303,0.16235681121184536,24.0,MCD
2015-04-22,1.6081513053463168,2.1376186369147163,1.3292397486531147,0.14952470391060302,0.24045834777535777,25.0,MCD
2015-07-23,0.8831778991925491,1.63415917488661,1.8503171064183674,0.12803818043460766,0.11308049121267333,24.0,MCD
2015-10-22,2.7952603339762576,1.6763660720438014,0.5997173328250148,0.1348013711574371,0.3768049257619951,24.0,MCD
2016-01-25,0.8485794214383061,1.8557904645517103,2.186937860696909,0.20760336319547332,0.1761679418290613,22.0,MCD
2016-04-22,1.6658995402104038,1.6279919839186703,0.9772449926440668,0.08322054887712478,0.1386370741104596,30.0,MCD
2016-07-26,1.7965728396058473,2.0396358908481185,1.1352926226445665,0.1367813899596761,0.24573773016509,25.0,MCD
2016-10-21,1.3352741477860426,2.027371316227229,1.5183184064401465,0.1387119637238849,0.18521849914913885,23.0,MCD
2017-01-23,0.9655304515184727,2.0873705258461817,2.16188989437196,0.09936285281588722,0.09593786014348714,28.0,MCD
2017-04-25,3.963171788870122,1.703328163126537,0.42978913200533914,0.06101230149129341,0.24180223204433252,25.0,MCD
2017-07-25,2.275087951010554,1.7707709562860239,0.7783307698058348,0.10705537812799962,0.24356040086989073,25.0,MCD
2017-10-24,1.1017100618842521,1.6991896541775724,1.5423201738499621,0.11553920641350063,0.12729070624787517,32.0,MCD
2018-01-30,1.7469732981946886,2.3546118492431387,1.3478236053615589,0.0967261407690378,0.16897798516092968,28.0,MCD
2018-04-30,2.010722165236483,2.107286772725392,1.0480248386169015,0.16689767953698056,0.3355848635715422,36.0,MCD
2018-07-26,1.0466824332551246,1.472901037761421,1.4072090931924595,0.14569286637268672,0.15249416388287745,31.0,MCD
2018-10-23,1.7454288050041094,1.5621538526644358,0.8949971767314554,0.18062659538389111,0.31527086253286585,25.0,MCD
2019-01-30,0.9740545457126172,1.3787079272563043,1.4154319522708487,0.16635886245366427,0.16204260619257171,32.0,MCD
2019-04-30,1.2557634118488015,2.0855088732431124,1.6607498303941788,0.11219297831315125,0.1408878372320014,25.0,MCD
2019-07-26,1.091681455674029,1.9645419437525458,1.7995560275772868,0.10877669475306029,0.11874950047143037,30.0,MCD
2019-10-22,1.6466137075997358,1.7665615638852283,1.0728451705047082,0.14968743816964142,0.24647738754561946,32.0,MCD
2020-01-29,1.115672131141259,1.8487883102629823,1.6571071900593177,0.12623992515394292,0.1408423663316125,25.0,MCD
2020-04-30,0.811462241343696,1.4933775713643422,1.8403537407870836,0.6368896293763625,0.516811886142299,24.0,MCD
2020-07-28,1.0121446003699823,1.379455236794937,1.3629033206230483,0.20976666766266175,0.21231420001236767,32.0,MCD
2020-11-09,1.1248063581425685,1.864239352012303,1.6573869257734155,0.19558088424102787,0.2199906221254538,21.0,MCD
2021-01-28,1.3041263174428894,1.4327897575189383,1.0986587252746576,0.16604435736298856,0.21654281629996538,24.0,MCD
2021-04-29,1.0490754406327079,1.7972895032234126,1.7132128287546693,0.12195592085949901,0.12794096141344657,24.0,MCD
2021-07-28,1.0460107943197783,2.7377152977874437,2.6172916308839644,0.17713197498526942,0.18528195785377274,25.0,MCD
2021-10-27,1.4728915205501434,2.3679617737483487,1.6076959780879758,0.12611927177125942,0.18576000596984707,25.0,MCD
2022-01-27,1.698550200113981,1.8119196380497573,1.0667448262218973,0.1111427665487521,0.18878156836260435,31.0,MCD
2022-04-28,1.271563903068446,1.7868344394948572,1.4052258287475743,0.18356130174583385,0.23340992530025725,24.0,MCD
2022-07-26,1.230933463137636,1.6443008576228582,1.3358161971091054,0.1545052361957686,0.1901856654633559,25.0,MCD
2022-10-27,1.1731513228399897,1.4289502813165995,1.2180442995685896,0.22639935874498923,0.2656007072018095,24.0,MCD
2023-01-31,0.8887324403732392,1.4990493042818995,1.6867273390542004,0.19577854054632501,0.1739947401124466,24.0,MCD
2023-04-25,1.3723374633074088,1.5591581457714798,1.136133194246423,0.07772766278062189,0.10666858356917235,25.0,MCD
2023-07-27,1.0673599528993583,1.7949470739636573,1.6816698706822322,0.09912084424851877,0.10579761964844363,24.0,MCD
2000-02-14,0.8574836171374284,inf,inf,0.5243937797582684,0.44965907507148795,36.0,DIS
2000-11-09,1.9377227645792072,inf,inf,0.39807700708155197,0.7713628786774815,39.0,DIS
2001-04-24,1.3617521631378258,inf,inf,0.4244316054232713,0.5779706567891998,26.0,DIS
2001-11-08,0.8831132293889566,inf,inf,0.38819224918716255,0.3428177108034377,39.0,DIS
2002-04-25,1.307516065016504,inf,inf,0.28126371758215496,0.3677568292449326,25.0,DIS
2002-11-07,0.9429417253556068,inf,inf,0.5412036110244428,0.5103234667480728,39.0,DIS
2003-11-20,1.1010510635976807,1.4675935494928456,1.3329023494128316,0.15896041151867477,0.17502353017256186,32.0,DIS
2004-05-13,1.4942580112358674,inf,inf,0.1634613259944175,0.2442533958943961,39.0,DIS
2004-11-18,1.0169728756671566,1.3610501677091944,1.3383347779224846,0.1702845021032494,0.1731747197854915,32.0,DIS
2005-11-17,1.462350660602659,inf,inf,0.13710708561152038,0.20049863721731215,32.0,DIS
2006-11-09,1.4267190642465317,inf,inf,0.16306129730277827,0.23264266150264531,39.0,DIS
2007-11-08,1.0972313830171023,inf,inf,0.20723933864603342,0.22738950615813688,39.0,DIS
2009-11-12,1.0474625633325252,inf,inf,0.3072756842947076,0.32185977592109016,39.0,DIS
2010-11-11,2.0377122232502565,inf,inf,0.1512320550844469,0.30816740719283353,39.0,DIS
2011-11-10,1.2109883314580456,inf,inf,0.38890500523958815,0.47095942339077135,39.0,DIS
2012-11-08,1.75727734200597,inf,inf,0.17604536760032943,0.3093605356491708,39.0,DIS
2013-05-07,0.8389967950683664,1.2388521893396471,1.4765875109674265,0.18396363401304738,0.15434489934607667,40.0,DIS
2013-08-06,1.136010326960279,1.269761738666018,1.117737848443358,0.16502444212644396,0.18746947045649925,40.0,DIS
2013-11-07,1.3309095237933513,1.2826390502093012,0.9637312133386274,0.14974919892261904,0.19930263502653872,39.0,DIS
2014-02-05,1.207033112179933,1.4270941511558661,1.1823156604034641,0.28573408588636134,0.344890502943303,32.0,DIS
2014-05-06,0.9488247433245248,1.4513362797696638,1.5296147049079072,0.1765970990194812,0.16755969714901495,25.0,DIS
2014-08-05,1.22270930574929,1.455066736105789,1.1900348915837422,0.14397900371179725,0.17604446767092605,32.0,DIS
2014-11-06,1.0512235097332157,1.352144881255582,1.2862582207648072,0.20348403068765436,0.2139071969141374,31.0,DIS
2015-02-03,2.2405277927202665,1.6913852134574356,0.7549048125860975,0.16977975134058274,0.3803962515197115,25.0,DIS
2015-05-05,0.9206830045432358,1.4634720087489126,1.5895503680715408,0.14136647597663263,0.1301537118438553,39.0,DIS
2015-08-04,4.289693592666993,1.537202082710414,0.35834775829634563,0.09959860105214183,0.4272474807719688,25.0,DIS
2015-11-05,1.2034642376386153,1.4610767291704292,1.214059116569421,0.1559405273384069,0.1876688478502795,31.0,DIS
2016-02-09,1.0427642456301665,1.5060739570334492,1.444309165129932,0.295570186075774,0.30821002211407245,25.0,DIS
2016-05-10,1.5921374770151153,1.7016608209912667,1.0687901299713654,0.14562486831705443,0.23185481043297343,25.0,DIS
2016-08-09,1.0729916013817837,1.6170199696791294,1.507020155233977,0.11642753221882896,0.1249257642404105,25.0,DIS
2016-11-10,1.0856284169163322,1.5341364081586057,1.4131321401076031,0.16195511619662412,0.17582307640804168,38.0,DIS
2017-02-07,0.869521930708745,1.853171307340996,2.1312530965498264,0.11963722850076972,0.10402719391063257,25.0,DIS
2017-05-09,1.0491666360642986,1.8603363129577302,1.7731561879782447,0.1384485903612542,0.14525564181716116,25.0,DIS
2017-08-08,1.3391053968777527,1.5358638342657993,1.1469327491673225,0.1745919334760834,0.23379700036914486,25.0,DIS
2017-11-09,1.0857247281027604,1.9905678663469126,1.833400138012249,0.14125084617141315,0.15335953655374238,24.0,DIS
2018-02-06,1.4430428824511314,1.3549706378731803,0.9389676872052805,0.19727626433647705,0.2846781091273012,39.0,DIS
2018-05-08,1.0279491604879367,1.4282840261051042,1.3894500632960685,0.19479667231913728,0.20024107577630088,39.0,DIS
2018-08-07,1.2912673903110605,3.1143336276697524,2.411842544029183,0.14027243746042972,0.18112922425210054,25.0,DIS
2018-11-08,0.8947027957573642,1.4927612245731592,1.6684436794561925,0.2627148904280068,0.23505174695302727,24.0,DIS
2019-02-05,0.8875948163126276,1.420235582257615,1.600094498250631,0.16554163390691115,0.14693389613969704,25.0,DIS
2019-05-08,0.8887515258016233,1.3562391340368694,1.5260048446201973,0.32849636645092173,0.29195164690354586,25.0,DIS
2019-08-06,2.077013281989269,1.3776844564666046,0.6633007445899052,0.15112900906178844,0.31389695911521115,25.0,DIS
2019-11-07,1.457504873809496,1.3435257234598736,0.9217984430805272,0.15611294210972562,0.2275353739896648,24.0,DIS
2020-02-04,1.2075364973008789,1.4099741930320022,1.1676451984545544,0.2073974425119477,0.2504399812800377,25.0,DIS
2020-05-05,0.9186196423395724,1.4050855037686283,1.5295617892407654,0.603657076718308,0.554531247910724,25.0,DIS
2020-08-04,2.074512070107223,1.252850350872861,0.6039253128125238,0.20685188178205188,0.429116725481259,32.0,DIS
2020-11-12,0.9074500791781046,1.3076536215463064,1.4410198991118872,0.6234034934190043,0.5657075494629824,31.0,DIS
2021-02-11,0.8573972705020967,1.2315117702937037,1.4363374046811737,0.3900173534703938,0.3343998143139671,31.0,DIS
2021-05-13,1.3294068140172202,1.4453682661688585,1.087227965833291,0.1522138396452843,0.20235411561216543,24.0,DIS
2021-08-12,0.8648862767530189,1.3698651270895041,1.5838673406083994,0.21643818142286655,0.18719441287801747,24.0,DIS
2021-11-10,1.6842049685715919,1.4280706633675846,0.8479197544339037,0.21324800000446775,0.3591533411454794,32.0,DIS
2022-02-09,1.0476234700668223,1.2598603573180702,1.2025889007982138,0.3184390157609847,0.3336041866961863,25.0,DIS
2022-05-11,0.984915888091723,1.351887134792708,1.372591457948752,0.34578844152591875,0.3405725299773531,32.0,DIS
2022-08-10,1.079585523990767,1.2633867294788477,1.1702516395446338,0.3359883759531762,0.36272818690821657,32.0,DIS
2022-11-08,2.1840103445795513,1.2349834323773223,0.5654659262225572,0.334527263956613,0.7306110050251369,32.0,DIS
2023-02-08,0.9228905873284355,1.2190836779575631,1.320940634454341,0.3017550532168237,0.27848689829259776,32.0,DIS
2023-05-10,1.4259356185004102,1.2311092960649062,0.863369481828083,0.3332690186648722,0.47522016425691926,32.0,DIS
2023-08-09,1.3752339906064628,1.1733207414530562,0.8531789858798028,0.24086094576533085,0.33124015962610276,32.0,DIS
2000-03-16,1.620767689885439,1.0467019013047096,0.6458062483826376,0.626305715515352,1.015096067697864,32.0,NKE
2000-09-14,1.1538416226474142,1.0318414782002692,0.894266126258105,0.5774626893937242,0.6663004865483945,32.0,NKE
2000-12-19,0.9094928858550276,inf,inf,0.4678759588114182,0.42552985600158477,26.0,NKE
2001-03-20,1.0023738121509211,inf,inf,0.5991964342247642,0.6006188140011156,29.0,NKE
2001-09-20,1.0875027132429682,1.1252409263559833,1.034701718582824,0.5180378588113798,0.5633675770199532,32.0,NKE
2001-12-20,1.219553837085663,1.1575965651366047,0.9491967717496458,0.2893695996061492,0.3529018055356212,32.0,NKE
2002-03-21,1.3780546130276001,inf,inf,0.2663978772869728,0.3671108236960734,25.0,NKE
2002-06-27,1.2948850315402225,inf,inf,0.31000610512202775,0.40142226520859847,25.0,NKE
2002-09-18,1.1752921897260724,1.1329232014909096,0.9639502511753798,0.31021372942070863,0.364591773333956,33.0,NKE
2002-12-19,1.4565470849105675,1.1990842888720783,0.823237574187794,0.36809836921495626,0.5361526066403783,32.0,NKE
2003-03-19,1.316410015417149,1.2179056255703054,0.925171953499891,0.3412646410425782,0.4492441913761882,32.0,NKE
2003-06-26,1.9698150543644304,inf,inf,0.18604260537198658,0.36646952481492,25.0,NKE
2003-09-18,2.1103092368688956,1.3027130665440099,0.6173090861682761,0.1704219266068005,0.35964296588332406,32.0,NKE
2003-12-18,0.9188341845341843,1.38581869381937,1.5082358897235957,0.18583078209450982,0.17074767512715863,32.0,NKE
2004-03-18,0.8625645229091882,1.3054194161709816,1.5134165404440332,0.20159567400774225,0.17388927637104443,32.0,NKE
2004-06-24,1.4868825844978628,inf,inf,0.14085465640151476,0.2094343355488427,25.0,NKE
2004-09-20,0.9554689472027058,inf,inf,0.1805827933133704,0.17254125141004983,29.0,NKE
2004-12-16,2.0261611985923507,1.3226894521324646,0.652805637108926,0.1675606884101505,0.33950496526607,32.0,NKE
2005-03-17,1.307649962807153,1.4053462012137925,1.074711307448756,0.12861353288935173,0.16818148149925732,32.0,NKE
2005-06-27,1.9138800280331583,inf,inf,0.12274393708417132,0.23491716974755403,22.0,NKE
2005-09-19,2.0479689810322594,inf,inf,0.17548691158150337,0.35939175149606967,29.0,NKE
2005-12-20,1.0242739520594581,inf,inf,0.259025910289064,0.26531349281757827,26.0,NKE
2006-03-21,1.1653815177923088,inf,inf,0.1304357274243766,0.15200738600016386,29.0,NKE
2006-06-27,1.8097941515384597,inf,inf,0.14127238900050385,0.2556739433869781,22.0,NKE
2006-09-21,1.7036910060104737,inf,inf,0.14005616624860268,0.23861243077405206,25.0,NKE
2006-12-20,1.4723274571930869,inf,inf,0.13596030373627727,0.20017808827923286,26.0,NKE
2007-03-22,0.8241478014191514,inf,inf,0.18340900663435877,0.15115612957817734,25.0,NKE
2007-06-26,2.0711160829731368,inf,inf,0.1934797680995032,0.40071905944079395,22.0,NKE
2007-09-20,1.1906645156516444,1.18150201250396,0.992304714697347,0.22852489524795702,0.27209648371475154,32.0,NKE
2007-12-19,1.0511344995911738,1.1759360628918898,1.1187303464487715,0.23362882966078694,0.24557532295556284,33.0,NKE
2008-03-19,1.6835319230036818,1.1856128276028215,0.7042413698265397,0.29286549303512427,0.49304840667084415,32.0,NKE
2008-06-25,1.9705126754743265,inf,inf,0.24060759959162967,0.47412032481075767,25.0,NKE
2008-09-24,1.4131843309455512,inf,inf,0.47034101218816754,0.6646785486253889,26.0,NKE
2008-12-17,0.9051534825433578,1.1231588109319155,1.240849019081264,0.7470303242050635,0.676177099519707,33.0,NKE
2009-03-18,0.9640862813841394,1.1891866359075616,1.2334856940400039,0.5912896361135765,0.570054226501719,32.0,NKE
2009-06-24,1.0189126445274146,inf,inf,0.31975177321831455,0.325799124842203,25.0,NKE
2009-12-17,0.9378730231397728,1.201779451253699,1.281388228046512,0.21339200879735634,0.2001346084046456,32.0,NKE
2010-03-17,2.1080323961129483,1.2246896483575176,0.5809633906081103,0.1228526402862459,0.25897734567141706,32.0,NKE
2010-06-23,1.0971368896083058,inf,inf,0.2740005761224385,0.300616139837856,26.0,NKE
2010-09-23,1.1384420553357018,inf,inf,0.15518960991557273,0.17667437847903042,25.0,NKE
2010-12-21,2.182527028805022,inf,inf,0.14976526486071456,0.3268667385346525,26.0,NKE
2011-03-17,2.4252642144066354,1.1903014552779114,0.4907924869411106,0.17987232149519117,0.4362379044845326,32.0,NKE
2011-06-27,1.7475666840269406,inf,inf,0.27351513041341224,0.47798592948776303,22.0,NKE
2011-09-22,1.207393720143011,inf,inf,0.35477061959104395,0.4283478181854715,25.0,NKE
2011-12-20,1.118362069183056,inf,inf,0.23180284688239688,0.2592395114819205,26.0,NKE
2012-03-22,1.6251800438971837,inf,inf,0.12436793123525448,0.2021202799443128,25.0,NKE
2012-09-27,0.8799594761465473,inf,inf,0.18170112416589143,0.1598896260362566,25.0,NKE
2012-12-20,1.697182241826361,1.305614145218031,0.7692834116700643,0.18967219073448585,0.3219082738828718,32.0,NKE
2013-03-21,3.219023702863571,inf,inf,0.16952391046630377,0.5457014859931536,25.0,NKE
2013-06-27,1.5104218128038278,inf,inf,0.14908150606911186,0.22517595865243278,25.0,NKE
2013-09-26,1.7190641309869923,1.147016259294885,0.6672329662514284,0.15611200317200855,0.26836654506952745,31.0,NKE
2013-12-19,1.0935008910292088,1.2835360132150662,1.173785978360745,0.15743374025992277,0.17215393525228656,32.0,NKE
2014-03-20,1.8006126930499957,1.4694604315157667,0.8160891218792301,0.15112205204202897,0.2721122851066394,24.0,NKE
2014-06-26,1.0658791648975607,1.3611362485565057,1.2770080262215477,0.13641753816148802,0.145404611652948,31.0,NKE
2014-09-25,4.083652942914591,1.5069939629292062,0.3690308613379942,0.14265306823150434,0.5825456218993785,25.0,NKE
2014-12-18,1.76515206023746,1.4146991301733776,0.801460203934534,0.13274850269062738,0.23432129301779892,32.0,NKE
2015-03-19,1.2244433331694815,1.4500122890795575,1.1842216375389043,0.1847383256125434,0.22620161117717164,31.0,NKE
2015-06-25,2.2371930658106836,1.6998924331730951,0.7598326935440912,0.11066937887614584,0.2475887670192888,31.0,NKE
2015-09-24,1.8860601442615896,1.5328648765375386,0.8127338256955055,0.25155004573958184,0.4744385155566052,24.0,NKE
2015-12-22,10.000034817862904,1.5791541902283657,0.15791486919700995,0.2448234425146102,2.448242949375159,25.0,NKE
2016-03-22,1.201924887376642,1.4521602657191912,1.2081955211766358,0.26365502193128076,0.3168935325410407,25.0,NKE
2016-06-28,1.292713347554298,1.6213909815191503,1.2542540730987901,0.20814487134679088,0.26907165341496875,28.0,NKE
2016-09-27,1.5722204816435887,2.078516008108748,1.3220257797022725,0.15597176386457093,0.2452220017059558,25.0,NKE
2016-12-20,0.8916752607335052,1.5679240686048794,1.7584025683465547,0.21760652840793543,0.19403435795545873,32.0,NKE
2017-03-21,3.0205663573468597,2.3168161220883046,0.7670138139667622,0.1259015044405292,0.3802938486524188,21.0,NKE
2017-06-29,2.286365303320301,1.6574870187444584,0.7249440919775268,0.23523877765225046,0.5378417792195844,31.0,NKE
2017-09-26,1.1312254500580667,1.32198082840718,1.1686271983531855,0.13608648401599732,0.15394449412781647,32.0,NKE
2017-12-21,1.2234826468789057,2.26438544725691,1.8507703832443712,0.17631557659740973,0.2157190483413793,24.0,NKE
2018-03-22,1.1715772990429385,1.4021487507845014,1.1968043012867497,0.20805950926987068,0.24375779791059432,31.0,NKE
2018-06-28,3.286926411378292,1.3128666697069804,0.39942076742644866,0.16767904357318605,0.5511486769553567,24.0,NKE
2018-09-25,0.9757682708598552,1.2636678940997201,1.2950491749297868,0.18247369588709855,0.17805204271316122,32.0,NKE
2018-12-20,1.6847589554686553,1.463179752003741,0.8684801747183609,0.32482388997633904,0.5472499575878024,24.0,NKE
2019-03-21,2.570603669841673,1.5178806685447837,0.5904763485528953,0.13279063469406385,0.34135209286516555,31.0,NKE
2019-06-27,0.9462452085311914,1.5745658778385585,1.6640146376885516,0.2549177041045502,0.24121465607870268,38.0,NKE
2019-09-24,1.2132116284445527,1.553430963481049,1.280428679597053,0.20518604312845332,0.24893409351796508,25.0,NKE
2019-12-19,0.9668118562282565,1.3148725247765618,1.3600086886668579,0.14197549496585884,0.13726359182686748,31.0,NKE
2020-03-24,1.3940792123909502,1.340096240911782,0.961276969773774,0.787429803091709,1.0977395197072506,32.0,NKE
2020-06-25,1.2690258544343036,1.3799558854222627,1.0874135310957935,0.40746220875915734,0.5170800776202782,31.0,NKE
2020-09-22,1.853302639463336,1.2831534031634158,0.6923604250274961,0.2489513540647335,0.4613822015861421,25.0,NKE
2020-12-18,1.7994093771079513,1.1915275118221256,0.6621770048443194,0.16562482100026238,0.2980268559896981,36.0,NKE
2021-03-18,1.0882524959836153,1.4044470216547837,1.290552538898959,0.2748957746959732,0.2991560129482424,24.0,NKE
2021-06-24,5.094622684324315,1.4192314281811789,0.2785743942427814,0.14307985528666278,0.7289378764132725,31.0,NKE
2021-09-23,2.118758522820192,1.4435415781949217,0.681314818393501,0.1545505550626719,0.3274553057456275,31.0,NKE
2021-12-20,1.9586063972022087,1.3074175361805063,0.6675243877729085,0.17429066899408696,0.3413668192644714,34.0,NKE
2022-03-21,0.8165889489537067,1.3125085634236842,1.6073063015430198,0.4735822124338934,0.38672200109456406,35.0,NKE
2022-06-27,0.9896847805519445,1.2319649165480868,1.2448053569754032,0.4934313567498593,0.4883415040224327,35.0,NKE
2022-09-29,1.9360459834685149,1.241178231940239,0.6410892316289984,0.3515867213509183,0.6806880597123093,31.0,NKE
2022-12-20,1.7671179082776651,1.1949522553573382,0.6762153502943148,0.35003537648001504,0.6185537823085492,32.0,NKE
2023-03-21,1.649663767982239,1.276938419850815,0.7740598082072704,0.1925563036643736,0.31765315745170275,35.0,NKE
2023-06-29,0.9120562910932494,1.2629742634673007,1.384754730383383,0.32801372250017197,0.29916697917119717,31.0,NKE
2023-09-28,1.0,1.2647674340310373,1.2647674340310373,0.20429417914422085,0.20429417914422085,31.0,NKE
2000-01-27,1.617905229048281,inf,inf,0.4283079546469497,0.6929616794662738,25.0,SBUX
2000-04-27,1.2313755834806204,inf,inf,0.931690064934698,1.1472603973320608,25.0,SBUX
2000-07-27,1.0611369728984046,inf,inf,0.38677007358710686,0.4104160250939157,25.0,SBUX
2000-11-16,1.1309395126947914,inf,inf,0.4217631448532349,0.4769886055129402,32.0,SBUX
2001-01-25,1.6734864188535576,inf,inf,0.3834662128221894,0.641725499247142,25.0,SBUX
2001-04-26,4.196482751545412,inf,inf,0.5569729525235555,2.3373273883424224,25.0,SBUX
2001-07-26,0.8515500086905464,inf,inf,0.42910955421230945,0.3654082446186886,25.0,SBUX
2001-11-15,1.2500144327647698,inf,inf,0.4411516670048399,0.5514459507942875,32.0,SBUX
2002-01-24,0.9917511544048033,inf,inf,0.46658341351689303,0.4627346389815124,26.0,SBUX
2002-04-25,2.1064187333801785,inf,inf,0.18158763317115717,0.38249959226189334,25.0,SBUX
2002-07-25,2.0853973554984795,inf,inf,0.33420742614073007,0.6969552826618318,25.0,SBUX
2002-11-14,0.9067222818793145,inf,inf,0.4327805238101546,0.39241174410206836,32.0,SBUX
2003-01-23,3.1389025454367228,inf,inf,0.22926347393664162,0.7196357019153902,25.0,SBUX
2003-04-24,1.3041572788042721,inf,inf,0.364140216393445,0.47489611371487406,25.0,SBUX
2003-07-24,0.8578765375841056,inf,inf,0.28717270090951524,0.2463587223449309,25.0,SBUX
2003-11-13,1.2569744513989147,inf,inf,0.18394892287421943,0.23121909641524324,39.0,SBUX
2004-01-21,0.8988812997308931,inf,inf,0.17057174729151733,0.15332375390276856,26.0,SBUX
2004-04-21,1.5923827626044789,inf,inf,0.17427201672828288,0.27750775544243705,26.0,SBUX
2004-07-12,0.7854084147887223,inf,inf,0.21355021215140035,0.16772413360362667,37.0,SBUX
2005-01-26,1.0929597502089212,inf,inf,0.30827446514935325,0.3369315824254259,26.0,SBUX
2005-11-17,0.7950070120844157,inf,inf,1.220067982813865,0.9699626015567111,32.0,SBUX
2006-11-16,1.26573963556366,inf,inf,0.2712629692442414,0.3433482918331225,32.0,SBUX
2007-11-15,1.104949109198075,inf,inf,0.3188005294313319,0.3522583610070249,32.0,SBUX
2009-07-21,2.115317863306729,inf,inf,0.41163130211993565,0.8707310464705088,26.0,SBUX
2010-01-20,1.1277262604127494,inf,inf,0.26166183170637936,0.2950829189629854,26.0,SBUX
2010-04-21,1.9115122683075962,inf,inf,0.17999126607871818,0.3440555132976867,26.0,SBUX
2010-07-21,0.8544652635118873,inf,inf,0.3347378937296726,0.28602190257313886,26.0,SBUX
2011-01-26,1.3795303806925596,inf,inf,0.1764190601219066,0.2433754531713974,26.0,SBUX
2012-01-26,0.9638181876011007,inf,inf,0.16392390639917342,0.1579928423701438,25.0,SBUX
2012-04-26,1.2067879321516306,inf,inf,0.3184720994848565,0.38432828638531835,25.0,SBUX
2012-07-26,1.6805965800070986,inf,inf,0.31579895522536444,0.5307306441215623,25.0,SBUX
2013-01-24,1.609415898952175,inf,inf,0.15155605529957672,0.24391672498161382,26.0,SBUX
2013-04-25,0.9197745210545357,1.5376973700101422,1.6718199241343936,0.1792357445535054,0.16485647110255355,25.0,SBUX
2013-07-25,2.663745538271762,1.4818156618629623,0.5562902464115864,0.15234813461542107,0.40581666384585363,25.0,SBUX
2014-01-23,1.0440558909545536,1.5653839610402183,1.4993296571594723,0.19124938079266307,0.19967504265799052,25.0,SBUX
2014-04-24,0.8563474856248432,1.2930968770480389,1.510014215905027,0.24735849876493052,0.21182482846528414,25.0,SBUX
2014-07-24,1.3171263114501353,1.5641712029202868,1.187563553565458,0.13557066194060813,0.17856368590268643,25.0,SBUX
2014-10-30,1.1175696110148847,1.2661406557872794,1.132941199642566,0.17561787613785027,0.19626520152263754,24.0,SBUX
2015-01-22,1.5992276453535808,1.4963273271972153,0.9356562410265146,0.22169621666285652,0.35454271855753733,31.0,SBUX
2015-04-23,0.8065696631209578,1.4091893333493657,1.7471390231770167,1.7390275777076962,1.4026468875097517,31.0,SBUX
2015-07-23,0.9165117082377439,1.8594843315487835,2.0288713333779165,0.151487746282111,0.1388402931221035,31.0,SBUX
2015-10-29,1.0099742341056677,1.4775542588830333,1.4629623301146961,0.19561519170373898,0.19756630342041712,31.0,SBUX
2016-01-21,1.1748372263798896,1.5354703018444598,1.3069642903432799,0.2860640184006431,0.3360786579448973,24.0,SBUX
2016-04-21,1.574776201459477,1.4743423189971265,0.9362233932864429,0.16694794313318317,0.26290564772874697,38.0,SBUX
2016-07-21,0.8240333399368415,1.5038465874537559,1.8249826973857868,0.21346447739615576,0.17590184626662664,24.0,SBUX
2016-11-03,2.2407216660527522,1.5689540887272384,0.7002003472796792,0.10505033977512587,0.23538857236032776,24.0,SBUX
2017-01-26,1.7490541471323635,1.579003988012074,0.9027759321236036,0.12472819744398055,0.21815637100373844,24.0,SBUX
2017-04-27,1.3328289294670812,1.7460456011161807,1.3100297889049572,0.11267610979814377,0.15017797879877526,31.0,SBUX
2017-07-27,4.969543192123761,2.3503968052229025,0.47296033344635197,0.09183690703139286,0.4563874761235611,24.0,SBUX
2017-11-02,1.1488208241644355,1.8001230868504523,1.5669311079556068,0.13063160059472906,0.150072303057156,31.0,SBUX
2018-01-25,2.3540527476349205,2.740568200157594,1.164191500343822,0.09975923173529311,0.2348384935684155,24.0,SBUX
2018-04-26,1.1869103019931908,1.6189155311183683,1.3639746225133496,0.18981290366889894,0.2252908908158573,24.0,SBUX
2018-07-26,0.8433502830983646,1.6081936207387544,1.906910631286504,0.23934390836166303,0.20185075287467755,24.0,SBUX
2018-11-01,2.1248417417177,2.3505977240706653,1.1062460219604244,0.22173746424096002,0.4711570197218278,24.0,SBUX
2019-01-24,1.257979319793324,1.466520714267368,1.165774898834033,0.22544356353344594,0.28360334070558735,32.0,SBUX
2019-04-25,0.9411156256288085,1.4877907047357615,1.5808798241360522,0.12249988136895434,0.11528655249399829,31.0,SBUX
2019-07-25,2.919845552328815,1.5201896829863444,0.5206404433871062,0.14610922624680886,0.42661637441094946,31.0,SBUX
2019-10-30,0.9761559557894282,1.5151921457513118,1.5522029413076306,0.15198191161555905,0.14835804819579043,25.0,SBUX
2020-01-28,1.2787608782649456,2.3413743414860044,1.8309712013264272,0.1725631706805945,0.22066703169570073,25.0,SBUX
2020-04-28,0.863208331129862,1.5229998065499606,1.7643479002994458,0.7102895180487414,0.613127829493888,32.0,SBUX
2020-07-28,1.0351306623659056,1.333555357855741,1.2882966434476522,0.3028775440887855,0.3135178328283833,32.0,SBUX
2020-10-29,1.2117021232558167,1.3973147865638493,1.1531834101349063,0.18789742921170435,0.22767571393013167,24.0,SBUX
2021-01-26,1.5116895068481548,1.419563307557943,0.9390574593043955,0.23011236625580342,0.34785844946489747,25.0,SBUX
2021-04-27,1.354455521458171,2.189990773230405,1.6168790621287576,0.1706919918425561,0.2311947108198432,25.0,SBUX
2021-07-27,1.0262941805807309,2.3297646400606524,2.270074881202532,0.2445744828808543,0.25100536849916233,25.0,SBUX
2021-10-28,2.727139511757952,1.8347629452768555,0.6727792756352761,0.13505870299171208,0.36832392533548,24.0,SBUX
2022-02-01,0.890525589952564,1.9668013121128347,2.208584833836837,0.2475536333278209,0.22045284536415843,25.0,SBUX
2022-05-03,1.8663057270897714,1.3002810879430147,0.6967138711890529,0.30960469593215184,0.5778170171520622,25.0,SBUX
2022-08-02,1.0964804281749772,1.2647002207555427,1.15341796192437,0.27892290199574143,0.30583350300809775,35.0,SBUX
2022-11-03,1.4294379311693457,1.2505691911987171,0.8748677811954341,0.3561255638831387,0.5090593892736305,31.0,SBUX
2023-02-02,1.510175509116728,1.2538458144368174,0.8302649638187863,0.17399302968957686,0.2627600121942187,31.0,SBUX
2023-05-02,3.2545960769465676,1.3979395885662194,0.42952782941892853,0.14049821110787666,0.4572649266897061,32.0,SBUX
2023-08-01,0.9497654394146836,1.5104115285129238,1.5902995264217576,0.16917893953733698,0.16068030984938905,32.0,SBUX
2000-05-16,0.8689582231603163,inf,inf,0.4454766148277147,0.3871005676801636,33.0,TGT
2000-08-15,0.8647250362055168,inf,inf,1.1852709959017311,1.0249335048444734,33.0,TGT
2000-11-14,0.8914926173481067,inf,inf,0.7560543865315719,0.6740169039065481,33.0,TGT
2001-03-06,0.8724552514942624,1.0978838879761768,1.2583841819919366,0.5343682748121967,0.46621240759183025,40.0,TGT
2001-05-22,0.9779533591381803,1.1442429419288145,1.170038357388717,0.3253237607816997,0.318151464663929,26.0,TGT
2001-08-21,1.1654711544141574,1.2873988697211702,1.1046166735617766,0.26546528112117346,0.3093921276451728,26.0,TGT
2001-11-20,0.9671246065959249,1.1442204140355334,1.1831158117907354,0.48133831502021823,0.46551412855347396,26.0,TGT
2002-05-21,0.8872972307560495,1.3342715023279967,1.5037480745782208,0.3073607883353933,0.2727203763329908,26.0,TGT
2002-08-15,1.2203622385115,inf,inf,0.5052176668064673,0.6165485627994975,32.0,TGT
2002-11-13,1.5797434517107831,inf,inf,0.4432003363674987,0.7001428291725725,33.0,TGT
2003-02-20,1.4995538290176824,1.1400936371281363,0.7602885705510025,0.28496721996618324,0.4273236858448142,32.0,TGT
2003-05-15,1.344974136472998,inf,inf,0.239355595349254,0.3219270851648432,32.0,TGT
2003-08-14,1.4721390874541156,inf,inf,0.23571544730021018,0.3470059234873701,32.0,TGT
2003-11-13,1.0384364536852329,inf,inf,0.19607534086024128,0.2036117816180322,39.0,TGT
2004-02-19,0.9389283758316812,1.1635888143290838,1.2392732441368635,0.2601209681535588,0.2442349581481854,32.0,TGT
2004-05-13,1.0878455710515065,inf,inf,0.20842689770530531,0.2267362775567218,39.0,TGT
2004-08-12,1.172166137420432,inf,inf,0.27768798432419584,0.3254964519933581,39.0,TGT
2004-11-11,1.0868208070670944,inf,inf,0.16152617460528718,0.1755500074469786,39.0,TGT
2005-02-17,1.0341987859750406,1.217658105378784,1.1773927042766525,0.2104374669566824,0.21763417285026365,32.0,TGT
2005-05-12,0.9534867220203926,inf,inf,0.23084794489985247,0.22011045026770454,39.0,TGT
2005-08-11,0.9525057096007826,inf,inf,0.2040722112671262,0.19437994640279488,39.0,TGT
2005-11-10,1.0201195797653064,inf,inf,0.30062828689668203,0.30667680169460726,39.0,TGT
2006-02-16,1.2233502494539188,inf,inf,0.14508863982218242,0.17749422371939666,32.0,TGT
2006-05-15,1.2417461135483758,inf,inf,0.2015376314174625,0.2502585705463791,37.0,TGT
2006-08-10,1.5102079336729153,inf,inf,0.207775236987429,0.3137838113191854,39.0,TGT
2006-11-14,0.928822189072007,inf,inf,0.25820359545448107,0.23982522875629403,33.0,TGT
2007-05-23,1.3372018177570573,1.4218115356764773,1.063273708422966,0.12844022703003766,0.17175050505769549,26.0,TGT
2007-08-21,1.0519397427386636,1.3573535519791022,1.2903339391335398,0.48008547483078456,0.5050209908860647,26.0,TGT
2007-11-20,1.27370636493252,1.128072579250811,0.8856614132650389,0.43493634409379966,0.5539811898127532,26.0,TGT
2008-05-20,1.0170499944522016,1.290221946866483,1.268592452587757,0.23865752259889253,0.24272663203517983,26.0,TGT
2008-08-19,0.8552761797128045,1.2165805242277001,1.422441724772715,0.565796141792506,0.48391196264853875,26.0,TGT
2008-11-17,0.9434818000456983,inf,inf,0.9801484399156839,0.9247522144036324,36.0,TGT
2009-02-24,0.9157761700717789,1.0562780647153012,1.1534238378713324,0.45393034717665254,0.4156985948167878,26.0,TGT
2009-05-20,0.9658546989128597,1.205474072717454,1.248090498575307,0.4237862841551831,0.40931597388610397,26.0,TGT
2009-08-18,1.5443516774561246,1.1602142227472427,0.7512629666439461,0.23037979346495946,0.35578742048960565,33.0,TGT
2009-11-17,1.1756091335947187,1.139755041232827,0.9695016895179617,0.21469055763550063,0.2523921804528379,33.0,TGT
2010-02-23,0.943313435324633,1.1495097141835804,1.21858723849087,0.20162163121446497,0.1901923935766732,26.0,TGT
2010-05-19,1.0632344975658312,1.409424524695033,1.3256008226988205,0.30605694813194473,0.3254103054735999,33.0,TGT
2010-08-18,0.8873597785854668,1.1661830853856818,1.314216751231034,0.2240650051133183,0.1988262733261056,33.0,TGT
2010-11-17,1.467681886872661,1.2734909591330572,0.8676886800358447,0.14253662874682752,0.20919842822761178,33.0,TGT
2011-02-24,1.3297811601085225,1.8321639666692051,1.3777935961430552,0.18303813527812596,0.24340066387424703,25.0,TGT
2011-05-18,0.9113990009548274,1.4651077128413676,1.6075371064774562,0.21246487416422952,0.1936402740512719,33.0,TGT
2011-08-17,0.8416089808670636,1.295087531614791,1.5388233265768305,0.45374913140207157,0.3818793440486128,33.0,TGT
2011-11-16,0.8309364727336606,inf,inf,0.25723021822442077,0.21374197021190997,33.0,TGT
2012-02-23,1.2981500455270714,1.759744827244892,1.3555789127060462,0.12573699493483356,0.16322548569909134,25.0,TGT
2012-05-16,1.0035624603565494,inf,inf,0.13993211465081923,0.1404306172618709,33.0,TGT
2012-08-15,1.0559446921278508,inf,inf,0.15415569604007098,0.1627798889947873,33.0,TGT
2012-11-15,1.0756337926465234,inf,inf,0.1383811279485504,0.14884741748600308,32.0,TGT
2013-05-22,1.5995837915953517,1.8181463073653004,1.136637115803708,0.1480796169384437,0.23686575512038305,26.0,TGT
2013-08-21,1.5252231920068129,1.6875833066236525,1.1064500693850676,0.11581326764102395,0.17664108174818188,26.0,TGT
2013-11-21,1.2256553171384414,1.5727995978874862,1.2832315708135045,0.16885198032072088,0.20695432748944703,31.0,TGT
2014-02-26,2.236712062044787,1.4122016608240846,0.6313739192397699,0.1569501908255951,0.35105238495983965,32.0,TGT
2014-05-21,1.0845539090959297,1.5582454413168205,1.4367616291344651,0.2135455911930476,0.23160170569862115,26.0,TGT
2014-08-20,0.9126646291846915,1.5673696267209185,1.7173555067222153,0.2119417080574992,0.19343170039306765,26.0,TGT
2014-11-19,1.6047850208877525,1.981521031399842,1.234757930569219,0.2238691906193447,0.35926192374418936,25.0,TGT
2015-02-25,0.8438392373972148,1.7822338838839267,2.1120538189017486,0.167787472365484,0.14158565272569626,25.0,TGT
2015-05-20,0.9001057668869189,1.8882032200327272,2.0977570519998054,0.22286025124268816,0.20059779735341124,25.0,TGT
2015-08-19,2.0491802155688226,1.5616310384177547,0.7620759885114686,0.123973218044912,0.25404346567803343,32.0,TGT
2015-11-18,1.0806674409515207,1.737752640179467,1.608036454442809,0.30257636917891806,0.32698443057298393,25.0,TGT
2016-02-24,1.1301641675754406,1.4680237054914493,1.2989473101424054,0.23145729009733362,0.2615847355921203,25.0,TGT
2016-05-18,1.3865172512421455,1.8371596145533204,1.3250174946669115,0.29205172442568644,0.4049347541712313,25.0,TGT
2016-08-17,1.4708925449264811,2.1772498105825253,1.4802235677191156,0.22087377212676798,0.32488158479105345,25.0,TGT
2016-11-16,1.4322954336612919,1.440083703120181,1.0054376138301164,0.218051646411071,0.3123143774569036,32.0,TGT
2017-02-28,2.436867214048353,1.8221399087905923,0.7477386942899864,0.22277978020714337,0.5428847423396859,25.0,TGT
2017-05-17,0.9172427086717937,2.3316204596566017,2.5419885463389367,0.22739117386262803,0.20857289624181571,25.0,TGT
2017-08-16,1.1616831953802844,1.3529769797859121,1.1646694943736415,0.24247625708823112,0.28168059313810767,39.0,TGT
2017-11-15,2.05577404032569,1.2141183951220171,0.590589418538269,0.2680274873787613,0.551003950646979,32.0,TGT
2018-03-06,1.0777693348928457,1.2321565566968165,1.1432469980409308,0.2984065989864901,0.3216134817173055,25.0,TGT
2018-05-23,1.4969165547657302,1.3150251749708592,0.878489299075634,0.22564048749361793,0.33776498115460635,32.0,TGT
2018-08-22,1.0799433599514736,1.5669233149896238,1.4509310146228709,0.1878710906220963,0.20289013684417448,32.0,TGT
2018-11-20,2.1304264664366412,1.3446019851407365,0.631142170980312,0.2419480696636173,0.5154525711146265,32.0,TGT
2019-03-05,1.3815563255342205,1.229250724295057,0.8897579502013645,0.18045853767345651,0.2493136342194193,32.0,TGT
2019-05-22,1.7561221121418178,1.2667254324741672,0.7213196757309956,0.24290654442307036,0.4265735538453126,32.0,TGT
2019-08-21,2.9859830845499262,1.2652147753877747,0.42371799824796363,0.3015794839193484,0.9005112376304708,25.0,TGT
2019-11-20,3.132040119956323,1.230263507760875,0.3927994088971093,0.19731669333821802,0.6180037998724174,32.0,TGT
2020-03-03,1.3479970798069327,1.3003813262012116,0.9646766641270907,0.28829089674610564,0.38861528694867237,25.0,TGT
2020-05-20,1.0267126695290196,1.1657965494770512,1.135465241713471,0.33472720493154673,0.34366866213925557,25.0,TGT
2020-08-19,3.199644999987328,1.2384485981885878,0.38705812619634133,0.16969122790445118,0.5429516889061874,32.0,TGT
2020-11-18,1.0579955327642045,1.2302355196918242,1.1627984066034869,0.2601016088535742,0.27518634023186395,32.0,TGT
2021-03-02,1.6907262785380526,1.3795224040047418,0.8159347976761772,0.21103067770705583,0.35679511237701367,32.0,TGT
2021-05-19,1.3686410438002503,1.8670430354767025,1.364158296972126,0.240157219170237,0.32868902712131864,25.0,TGT
2021-08-18,2.044994304583114,1.3058830973321611,0.6385754201884559,0.12798232708876772,0.26172312998382313,25.0,TGT
2021-11-17,1.516532122058732,1.4820561923905413,0.97726660110477,0.18586875102936343,0.28187593142296663,25.0,TGT
2022-03-01,1.469526193175553,1.2746995467522968,0.8674221342035094,0.3464368870553603,0.5090980798100526,32.0,TGT
2022-05-18,3.455662864245515,1.2893323258768337,0.37310709306080914,0.3083306565891456,1.065486799883547,32.0,TGT
2022-08-17,1.4732159508194045,1.2312832587989069,0.8357792067850376,0.25321570152595585,0.37304141048596356,32.0,TGT
2022-11-16,1.4375900510977544,1.2456090436942142,0.8664563605897647,0.5304139092112772,0.7625177588459996,32.0,TGT
2023-02-28,1.0532915802549359,1.3116847809823915,1.2453197249188253,0.2817074616142792,0.2967200974133108,32.0,TGT
2023-05-17,1.383993493711905,1.2862070519659023,0.9293447243861408,0.21253417909237485,0.29414592105524756,32.0,TGT
2023-08-16,1.8132607100733424,1.2348481527341353,0.6810097113305832,0.14513437668994006,0.2631664629328527,32.0,TGT
2000-01-19,1.1770155269351583,1.1144892354119544,0.9468772585472881,0.3880715143931172,0.45676619800193974,33.0,BA
2000-04-19,1.5454366386212637,1.1223567236990393,0.7262392359872687,0.4285319467675959,0.6622689713543397,33.0,BA
2000-07-19,0.9402506994603224,1.032471697729015,1.0980812865352025,0.25027427007858993,0.23532055749831582,33.0,BA
2000-10-18,0.8900770369222972,1.1165301952226192,1.2544197287499408,0.547415268110146,0.4872417598055036,33.0,BA
2001-01-17,0.9199500515498229,1.2375995514486944,1.3452899419525366,0.4238152763229711,0.3898888853009197,33.0,BA
2001-04-20,0.8950112816962686,1.0587691048592374,1.1829673284705495,0.3914766612725104,0.35037602835968557,31.0,BA
2001-07-18,0.87557171818859,1.1467039574804132,1.3096630848844113,0.33086323956547226,0.28969449515178364,33.0,BA
2001-10-18,0.8529076001015222,1.0277209539672607,1.204961655688061,0.6206929348010584,0.5293937214211413,32.0,BA
2002-01-23,0.8568328535770601,inf,inf,0.32531346125800803,0.2787392613167294,26.0,BA
2002-04-17,1.4789641715136805,1.1306559488857206,0.764491777869456,0.276672206016519,0.40918827995208334,33.0,BA
2002-07-17,1.2839412116016662,1.1455623204377057,0.8922233433169902,0.3648852978022599,0.4684912713558684,33.0,BA
2002-10-16,1.0836757790677787,1.234166970573047,1.138871048345038,0.5259305930722372,0.5699382451831355,33.0,BA
2003-04-23,0.9994783757197628,inf,inf,0.322575025257816,0.3224067622924434,26.0,BA
2003-07-23,0.8961081564950819,inf,inf,0.2656591277772378,0.238059311248552,26.0,BA
2005-10-26,1.1282620439967264,inf,inf,0.24189017820405356,0.27291550688323785,26.0,BA
2006-04-26,0.9778166170626401,inf,inf,0.17428962186990496,0.1704232884459572,26.0,BA
2006-07-26,1.0703254979756327,inf,inf,0.3443214340564365,0.3685360103701394,26.0,BA
2006-10-25,1.2534829426051517,inf,inf,0.18683424086246864,0.23419353401568688,26.0,BA
2007-04-25,0.8881364881719257,inf,inf,0.1929802865138321,0.17139283395080687,26.0,BA
2007-07-25,2.250065395281107,inf,inf,0.10591616910981606,0.23831830691473888,26.0,BA
2007-10-24,0.8937098639819684,inf,inf,0.2557162450664103,0.22853613059628122,26.0,BA
2008-04-23,1.0470498451587456,inf,inf,0.28193936164090705,0.2952045649502673,26.0,BA
2008-07-23,1.325105414435514,inf,inf,0.32934841734037196,0.4364213710534942,26.0,BA
2008-10-22,1.0463617825169986,inf,inf,0.8431755694710439,0.882266691846507,26.0,BA
2009-04-22,0.818977119928048,inf,inf,0.5516289904549259,0.45177152187159186,26.0,BA
2009-07-22,0.8676679323453906,inf,inf,0.3623665950668589,0.3144138742927009,26.0,BA
2009-10-21,1.178295250121773,inf,inf,0.2666806324214279,0.314228522481639,26.0,BA
2010-04-21,1.423284857637581,inf,inf,0.1633439925497489,0.23248503118212346,26.0,BA
2010-10-20,1.0719255562990824,inf,inf,0.21473056989239037,0.23017518558631953,26.0,BA
2011-01-26,1.2035409110971722,inf,inf,0.19797093203722765,0.23826611591484131,26.0,BA
2011-10-26,1.13421696580198,inf,inf,0.3396320084812429,0.3852163861488277,26.0,BA
2012-01-25,0.9215285454358644,inf,inf,0.14731147595745994,0.13575173016508837,25.0,BA
2012-04-25,1.3984445404207035,inf,inf,0.19554823380957423,0.27346335995991033,26.0,BA
2012-07-25,1.0154673296722037,inf,inf,0.22814386833718273,0.23167264476144578,26.0,BA
2012-10-24,1.1477203775797429,inf,inf,0.12704002527721672,0.14580642577890726,26.0,BA
2013-04-24,1.1150556009867008,1.4762015017628167,1.323881518066491,0.19120870414548496,0.213208336514832,26.0,BA
2013-07-24,0.8281248708711382,1.4455937254746205,1.7456228840874466,0.3048310970832759,0.2524382129095952,26.0,BA
2013-10-23,1.2707754488136813,1.4963263386250905,1.1774907518255642,0.23051365034680985,0.2929310874771473,26.0,BA
2014-01-29,1.2993872562232618,1.198297162488294,0.9222017198869632,0.22411751614774944,0.2912154443787967,32.0,BA
2014-04-23,1.010946965404439,1.5182357759504408,1.5017956706987652,0.20941280955937588,0.21170524434086874,32.0,BA
2014-07-23,1.158308081731487,1.8402469230703873,1.5887370140071109,0.15761539135727537,0.18256718161440322,26.0,BA
2014-10-22,1.2333410319593965,1.71870570989818,1.3935364715529568,0.22507882438593316,0.2775989495403546,26.0,BA
2015-01-28,2.1643065110731814,1.6681422265352726,0.7707513783286253,0.17055812577631704,0.3691400621341216,25.0,BA
2015-04-22,0.8958657324287217,1.6561215053868992,1.8486269152154071,0.18467835595455154,0.1654470106209565,25.0,BA
2015-07-22,1.157973712981008,1.7302139367259817,1.4941737600172613,0.1608907400678749,0.18630724766065934,32.0,BA
2015-10-21,0.9728730718876505,1.585642860397836,1.6298558426755896,0.2683764910538779,0.26109626127401475,32.0,BA
2016-01-27,1.6990798191885137,1.527496134523817,0.8990137586669438,0.2835381199191295,0.4817538975252457,32.0,BA
2016-04-27,1.4442752035940294,1.7896542782851088,1.2391366090282623,0.13645459649430045,0.1970779901331469,25.0,BA
2016-07-27,0.9953086610410269,1.5159900851621253,1.5231356306861634,0.20062317511331815,0.19968198379583615,25.0,BA
2016-10-26,1.7727194381404756,1.4928196171836312,0.842107095497046,0.13481569541744912,0.23899040383293788,32.0,BA
2017-01-25,2.259813016940504,1.5843331256155975,0.7010903617860298,0.09949062797798867,0.22483021616824392,24.0,BA
2017-04-26,1.1023570085601027,1.5322463228208192,1.3899728589944174,0.13307720223576902,0.14669858656417015,32.0,BA
2017-07-26,3.8873494018881853,1.5040437421275987,0.3869072693586653,0.10761443136153254,0.4183348953877907,32.0,BA
2017-10-25,1.3665333866875142,1.579445569712963,1.1558045965796337,0.14088636900691967,0.19252592697713278,25.0,BA
2018-01-31,1.5827654920131158,1.4979566088792444,0.946417278136382,0.27815480748874627,0.440253830730739,31.0,BA
2018-04-25,1.1151076707474064,1.3288751556774743,1.1917012056663454,0.30640039364032784,0.34166942926835436,32.0,BA
2018-07-25,1.1191622893661228,1.3750109472544225,1.2286072898624993,0.1951541861823921,0.21840920578726852,25.0,BA
2018-10-24,1.565419651625041,1.4658385019992435,0.936386930161236,0.25805325275077595,0.4039616330218283,25.0,BA
2019-01-30,1.164220208089178,1.2735562584936633,1.0939135480081879,0.3014532796036718,0.3509579999093519,32.0,BA
2019-04-24,0.8460393370165925,1.3502497998658902,1.59596574389473,0.29593546843265484,0.25037304751245804,32.0,BA
2019-07-24,1.0405230664641305,1.3161566616238076,1.2648990724408693,0.3151940011235615,0.32796662858018677,25.0,BA
2019-10-23,0.8995082279156481,1.3808680291097877,1.5351366293886524,0.3674929036552598,0.3305628905385187,32.0,BA
2020-01-29,0.8671574318693865,1.358134957151492,1.566191913068973,0.293441879700101,0.25446030680366505,32.0,BA
2020-04-29,0.8333711004788961,1.206432125256805,1.4476529418449113,1.300927773486687,1.0841556102341605,25.0,BA
2020-07-29,0.870974135563466,1.0787175159655398,1.2385184265749485,0.5910898525631201,0.5148239733765001,25.0,BA
2020-10-28,1.0469529378546658,1.0587380713862498,1.0112566029526915,0.42213237623846694,0.44195273146643405,25.0,BA
2021-01-27,1.0263909004388532,1.0989597164193294,1.0707029027142076,0.2975936491168958,0.3054474134819748,39.0,BA
2021-04-28,0.8832028763456758,1.2104406327704353,1.3705125574077979,0.30190228181074485,0.26664096367057266,25.0,BA
2021-07-28,0.9589478099668088,1.289295255853734,1.344489494061579,0.3944711976597548,0.37827729109080604,25.0,BA
2021-10-27,1.4004081212577872,1.3058496916328566,0.932477948256968,0.1795182511342039,0.2513988168023341,32.0,BA
2022-01-26,1.2052241439855773,1.2220850346938683,1.0139898381495522,0.3781924050142208,0.45580661759511104,32.0,BA
2022-04-27,1.3407866293249164,1.2176290858347827,0.9081453075407357,0.3278791267382553,0.43961594916538244,32.0,BA
2022-07-27,0.9799973128736019,1.1680924758301838,1.1919343660290649,0.461356159829234,0.45212779691033333,32.0,BA
2022-10-26,1.5901448525859536,1.2427258407995212,0.7815173811232061,0.34223346947677064,0.5442007898711189,32.0,BA
2023-01-25,0.8194456387058027,1.1866088948284703,1.4480629815817307,0.290175036900135,0.237782668449111,31.0,BA
2023-04-26,0.8886331740846647,1.2796892415715575,1.4400646733560218,0.2853601012869027,0.25358045256370176,39.0,BA
2023-07-26,1.7806536685142966,1.2492092949254199,0.7015453465286757,0.2292878132534519,0.4082821858153801,25.0,BA
2000-01-21,1.0657985150680085,1.2981130854998402,1.2179723157308093,0.41877235383159783,0.44632695286525165,31.0,CAT
2000-04-18,1.030459707619392,1.0310573980935587,1.0005800231389421,0.5072592856327184,0.5227102551603127,33.0,CAT
2000-07-20,1.0304873253210818,1.108766358675107,1.075963120972531,0.39483095181554156,0.40686829149037435,32.0,CAT
2000-10-17,1.0125885194729352,1.0118129731333638,0.9992340952670735,0.3497556936751312,0.3541586000357305,33.0,CAT
2001-01-18,1.1350780109185958,1.144070361228707,1.0079222310921467,0.430348690464476,0.48847933557383993,32.0,CAT
2001-04-17,1.0046244168060599,1.0860985077518093,1.0810990551123323,0.4602090286140816,0.462337226980305,33.0,CAT
2001-07-17,1.1216322188297438,1.0944751513581046,0.9757879035429513,0.43613616005437345,0.4891843689136712,33.0,CAT
2001-10-16,0.8293915073719594,1.014387637334305,1.2230504271119573,0.4769847838130078,0.39560712884015875,33.0,CAT
2002-01-23,0.947340741900572,inf,inf,0.2882497212330715,0.27307070476557105,26.0,CAT
2002-04-16,0.9057164239250334,1.2094970906468538,1.3354037297958556,0.29118607101001215,0.263732006931969,33.0,CAT
2002-07-16,1.0491783971749267,1.0771155633456093,1.026627660506457,0.30999417843153404,0.3252391952603551,33.0,CAT
2002-10-16,1.0704248069507332,1.1702007385816464,1.0932115277813301,0.5062822072343834,0.541937033941456,33.0,CAT
2003-01-23,1.2262424065022581,inf,inf,0.26238357752265873,0.32174586952805684,25.0,CAT
2003-04-16,0.9866571672005724,1.1448345335417098,1.160316441819332,0.29561478892700216,0.2916704502253111,33.0,CAT
2003-07-17,1.9532484851152367,1.1976041710817242,0.6131345705413761,0.20621402538394837,0.40278723269071215,32.0,CAT
2003-10-16,1.6297753452585126,1.2073195065332025,0.7407889130521232,0.20265434127141288,0.3302810490137534,32.0,CAT
2004-04-22,1.2771941228787251,inf,inf,0.23010221427959732,0.29388519573928273,25.0,CAT
2004-07-22,1.2532761305090925,inf,inf,0.20358878348034617,0.2551529627753017,25.0,CAT
2004-10-21,1.3553453705640237,inf,inf,0.20410808774903114,0.2766369518253249,25.0,CAT
2005-01-27,1.7430231363605213,inf,inf,0.1822799568454705,0.31771818207645247,25.0,CAT
2005-04-20,1.12843678654421,inf,inf,0.2733022399018611,0.30840430135019087,26.0,CAT
2005-07-21,0.7971906625788893,inf,inf,2.1671825367947846,1.7276576824368324,25.0,CAT
2005-10-21,2.0657294402386026,1.1661655456580937,0.5645296634410145,0.2433955349271884,0.5027893221217161,31.0,CAT
2006-01-26,1.3589149074893725,inf,inf,0.2361561676682864,0.32091613673999414,25.0,CAT
2006-04-24,1.0736009965466256,inf,inf,0.23177846129008986,0.24883758701908393,29.0,CAT
2006-07-21,1.2297385566881882,1.2890752617367616,1.0482514797359637,0.23899551902607466,0.2939020046220695,31.0,CAT
2006-10-20,3.010195061665562,1.0769441609848873,0.35776557296888484,0.22895698164180217,0.6892051754720057,31.0,CAT
2007-01-26,1.0884360379440996,inf,inf,0.18596600363144933,0.20241210018491274,24.0,CAT
2007-04-20,2.0268020275052376,1.2946865390819875,0.6387829307017219,0.12050602736759439,0.24424186059524197,31.0,CAT
2007-07-20,1.3349564013463124,1.1851150406261404,0.8877556146634781,0.2109043745967037,0.2815481449398102,31.0,CAT
2007-10-19,1.2593638553051971,1.1306281484872422,0.8977771941955911,0.2475383899442241,0.31174090109619934,31.0,CAT
2008-01-25,1.0728961194000248,inf,inf,0.27656582534530216,0.2967264007716397,24.0,CAT
2008-04-18,1.9242836203982017,1.1947857568394968,0.620898990239419,0.24741492904628193,0.47609649540574356,31.0,CAT
2008-07-22,1.084749824477075,inf,inf,0.3875065279678249,0.42034763819681886,26.0,CAT
2008-10-21,0.8675039926730982,inf,inf,0.9576110585159964,0.8307314166905387,26.0,CAT
2009-01-26,1.0175181888141032,inf,inf,0.5312995998672457,0.5406070065745776,22.0,CAT
2009-04-21,0.9091115435329338,inf,inf,0.7176076309469468,0.6523853810211907,26.0,CAT
2009-07-21,1.3595515182305937,inf,inf,0.4454701874991439,0.6056396697409283,26.0,CAT
2009-10-20,1.2358246879726436,inf,inf,0.31591225979461507,0.3904121698874129,26.0,CAT
2010-04-26,1.9565512487248693,inf,inf,0.19335731896357639,0.3783135038682782,22.0,CAT
2010-07-22,0.8371694809924366,inf,inf,0.38688823708884584,0.3238910246457478,25.0,CAT
2010-10-21,1.1243144726798868,inf,inf,0.20693225763132342,0.23265693211921987,25.0,CAT
2011-01-27,0.9474160508622587,inf,inf,0.19343651368636797,0.183264857889302,25.0,CAT
2011-07-22,1.312866326977738,inf,inf,0.259039823134082,0.34008466113900515,24.0,CAT
2011-10-24,1.0154106620094638,inf,inf,0.4469114792218782,0.45379868097631604,29.0,CAT
2012-01-26,0.9787702445741872,inf,inf,0.22878923689938532,0.223932097355953,25.0,CAT
2012-04-25,1.113288071128928,inf,inf,0.2788896865222432,0.3104845611660995,26.0,CAT
2012-07-25,1.0030895247451326,inf,inf,0.2778290114915851,0.2786873710975041,26.0,CAT
2012-10-22,0.9137682284211684,inf,inf,0.26478336992732754,0.24195063085388097,29.0,CAT
2013-01-28,0.9264296363192044,inf,inf,0.18644336765372235,0.1727266612895657,22.0,CAT
2013-04-22,1.1510915252561293,inf,inf,0.18658917098289518,0.2147812134229775,29.0,CAT
2013-07-24,1.1192477240918481,1.2989973802023147,1.1605986344589752,0.17431329448067837,0.1950997581264514,26.0,CAT
2013-10-23,2.101551129637347,1.4684849148342545,0.6987624017920815,0.14296199891304667,0.3004419503109264,26.0,CAT
2014-01-27,1.7573088683365405,1.7426772432693631,0.9916738455425723,0.1903997963746662,0.3345912506986724,22.0,CAT
2014-04-24,1.0549711833158995,1.5180278228913757,1.4389282351012038,0.1366125053608259,0.14412225643626014,31.0,CAT
2014-07-24,1.2224513135665798,1.4604385440904981,1.1946803344090453,0.15571810477003106,0.19035780172222277,31.0,CAT
2014-10-23,1.32211001613325,1.6521456580968985,1.2496279719057704,0.23616219062869515,0.3122323976621678,25.0,CAT
2015-01-27,1.469450062229592,1.7061983741215356,1.1611135471543184,0.23881399038858664,0.3509252330378058,25.0,CAT
2015-04-23,0.8397338111077568,1.5437652261953334,1.8383983183418984,0.2251749328411195,0.18908700452060648,31.0,CAT
2015-07-23,1.3463154036029559,1.5762868671061536,1.1708154440540137,0.16153116946965193,0.2174719016189919,24.0,CAT
2015-10-22,0.8704627249420248,1.5019404439808763,1.7254506148794708,0.3008867293822358,0.2619106823569546,24.0,CAT
2016-01-28,1.0731603003733319,1.4474119149263425,1.3487378487843946,0.3761467598253358,0.4036657697586129,24.0,CAT
2016-04-22,1.0123588742665142,1.5448174935444603,1.525958365963581,0.22594424140402175,0.22873665787477698,30.0,CAT
2016-07-26,1.2629748667247824,1.3894809505239893,1.1001651633236929,0.24100861366666554,0.3043878217251815,25.0,CAT
2016-10-25,0.9862764297522592,1.3826323376500316,1.4018710129748637,0.1808963108279901,0.17841376759878502,32.0,CAT
2017-01-26,1.541366604409954,1.4371508156340402,0.9323874096676641,0.14022501022373757,0.21613814786191346,24.0,CAT
2017-04-25,1.925446145946448,1.3900831004336887,0.7219537681488344,0.20382602573563974,0.3924560356962691,25.0,CAT
2017-07-25,1.9167955178298253,1.387707461422539,0.7239726139352027,0.14731272022160224,0.28236836184008623,32.0,CAT
2017-10-24,2.4967617747594195,1.4955940904549503,0.5990135324781081,0.08827690935404862,0.22040641286909085,32.0,CAT
2018-01-25,1.4019078286568267,1.4159107762481913,1.0099884937548147,0.14708815358639749,0.20620403401544835,31.0,CAT
2018-04-24,1.2100612633466465,1.4163874110547858,1.1705088444344598,0.29754259307929526,0.3600447660809692,32.0,CAT
2018-07-30,1.1951222281799567,1.3615532639594872,1.1392585895025875,0.2496909331510157,0.2984111843837745,21.0,CAT
2018-10-23,1.4848128918746535,1.2883476340203963,0.8676834913480516,0.3120538242831342,0.4633415412543855,32.0,CAT
2019-01-28,1.4918903142245454,1.1867529087678235,0.7954692764291279,0.3407872277814799,0.5084171643386238,21.0,CAT
2019-04-24,1.2009381287389365,1.2854118426371766,1.070339771780702,0.19406378490325227,0.23305859869770726,32.0,CAT
2019-07-24,1.4554834703124035,1.306450426340493,0.8976058148294036,0.20301177404228987,0.2954802813973496,32.0,CAT
2019-10-23,1.059681306232105,1.3685773730203272,1.2914990242552828,0.27836551500579,0.2949787325513082,32.0,CAT
2020-01-31,1.2202810453201707,1.6076496392819029,1.3174421133945389,0.22021715633161235,0.26872682172577533,29.0,CAT
2020-04-28,0.9435766629102851,1.2713989645443042,1.347425190257369,0.6248322852756589,0.5895771626190135,25.0,CAT
2020-07-31,1.0530142077571396,1.2447964098335917,1.1821268893274834,0.2766719602847181,0.2913395050678272,23.0,CAT
2020-10-27,1.6195348463552024,1.4150557714626508,0.8737420961625271,0.21977761850831565,0.35593751162317727,39.0,CAT
2021-01-29,1.4215392150160406,1.4619389970367642,1.028419745015805,0.23125012651954685,0.3287311233249567,30.0,CAT
2021-04-29,0.9256801845735877,1.5270716078717212,1.649675161378941,0.20353782790569724,0.18841093410345294,24.0,CAT
2021-07-30,1.0531858991309506,1.4220795252015221,1.3502644940223456,0.22224140515783153,0.23406151411527668,23.0,CAT
2021-10-28,1.174717110397968,1.44853445270963,1.2330921546029912,0.23345329505838583,0.2742415801838712,24.0,CAT
2022-01-28,1.2152848877390712,1.3810918381935422,1.1364346353083843,0.2711421058651798,0.32951490368770037,30.0,CAT
2022-04-28,0.8656933190318047,1.3351337224924287,1.5422710250157046,0.4044582089930185,0.3501367693528255,24.0,CAT
2022-08-02,1.0771860503512714,1.3611696369880741,1.2636346678869408,0.3865898099342291,0.41642915046910095,28.0,CAT
2022-10-27,1.213079302597621,1.2379920963989477,1.0205368220758362,0.37297227732037713,0.4524449500600496,38.0,CAT
2023-01-31,1.2170237858199975,1.2767651260817448,1.0490880629925365,0.2241573101501948,0.2728047782182174,31.0,CAT
2023-04-27,0.9559848364300002,1.3251499709614234,1.3861621235646602,0.26944752380680165,0.25758774697291387,31.0,CAT
2023-08-01,2.3583322975371663,1.3922839338270954,0.5903680050860829,0.1831373939512026,0.43189883104190874,32.0,CAT
2000-01-20,1.076731999948896,1.2071584793127628,1.121131794513451,0.29317588630786273,0.3156718584010552,32.0,GE
2000-04-13,1.160330993615979,inf,inf,0.41613923682331977,0.4828592541457978,39.0,GE
2000-07-13,0.8752773371676623,inf,inf,0.41134329521593427,0.36003946409837456,39.0,GE
2001-01-17,0.8780171001645962,1.211496953636817,1.3798102034797561,0.5835788894444804,0.5123922442273182,33.0,GE
2001-04-12,0.9260578948394356,inf,inf,0.5402008843692766,0.5002572937694136,39.0,GE
2001-07-12,1.2683584901981084,inf,inf,0.3156586535650928,0.4003683332537889,39.0,GE
2002-01-17,1.1340400944528404,1.2604698510881227,1.1114861434385908,0.2500991199846322,0.28362242964994455,32.0,GE
2002-04-11,2.293168903676484,inf,inf,0.21094469787884965,0.48373182157120875,39.0,GE
2002-07-12,1.0352171326028434,inf,inf,0.45238956872423786,0.46832143215414246,38.0,GE
2002-10-11,1.3247461379959085,inf,inf,0.5369992172612609,0.7113876391736811,38.0,GE
2003-01-17,1.0271897751821033,inf,inf,0.27917668914629457,0.28676744056026626,31.0,GE
2003-04-11,0.9206382070379068,inf,inf,0.32752297989975815,0.3015301689786257,38.0,GE
2003-07-11,0.8433818418069925,inf,inf,0.22250868093297826,0.18765978114329965,38.0,GE
2003-10-10,1.0653635951482205,inf,inf,0.21841339272445537,0.23268967730144596,38.0,GE
2004-01-16,1.3525076152515991,inf,inf,0.17485101839936232,0.236487333919635,31.0,GE
2004-04-08,0.8431126319941947,inf,inf,0.19993810262384817,0.16857033993911805,39.0,GE
2004-07-09,0.9780157387182375,inf,inf,0.17724395959767994,0.1733473820792704,38.0,GE
2004-10-08,0.9999708648447434,inf,inf,0.13162113871168918,0.13161730390937776,38.0,GE
2005-01-21,1.0068560355229765,1.6271980706042946,1.6161179088121598,0.1469961610083813,0.14800397190999595,31.0,GE
2005-04-15,0.9337516687867952,inf,inf,0.1384374938360763,0.1292662408920979,31.0,GE
2005-07-15,0.894246280652292,inf,inf,0.17022485981796537,0.1522229477667733,31.0,GE
2005-10-14,0.857899269926384,inf,inf,0.18866643149460097,0.1618567938388343,38.0,GE
2006-01-20,1.8364431164770878,1.6656028502463405,0.9069721982140803,0.09618326649164456,0.17663509766886198,31.0,GE
2006-04-13,1.2364267889886706,inf,inf,0.13697533998527742,0.16935997978862802,39.0,GE
2006-07-14,1.1907318735757122,inf,inf,0.11080984529825288,0.13194481470262348,38.0,GE
2006-10-13,1.061422851927959,inf,inf,0.1023328765952524,0.1086184537217247,38.0,GE
2007-01-18,1.3040146014235823,1.4267026496294628,1.0940848730312858,0.13381746368626513,0.17449992657235971,32.0,GE
2007-04-13,0.8988320777810597,inf,inf,0.10345484591548311,0.09298853411073306,38.0,GE
2007-07-13,1.114381318871291,inf,inf,0.1603397832206472,0.17867965909296174,38.0,GE
2007-10-12,0.908569679999991,inf,inf,0.1664463677394914,0.15122812307423053,38.0,GE
2008-01-18,1.3538586743621552,inf,inf,0.2236762320734675,0.3028260070413065,31.0,GE
2008-04-11,2.0046374506538633,inf,inf,0.3085643127384646,0.618559577250797,38.0,GE
2008-07-11,0.9519520531878053,inf,inf,0.3386792512650241,0.3224064086138483,38.0,GE
2008-10-10,1.1723730419597405,inf,inf,0.8274663715817177,0.9700992671706473,38.0,GE
2009-01-23,1.2936977082818786,1.1085883914099883,0.8569145514544287,0.6010021543125629,0.7775151097066345,24.0,GE
2009-04-17,0.9693396750846098,inf,inf,0.8296455057563663,0.804208304985283,31.0,GE
2009-07-17,1.135020470658382,inf,inf,0.4376952880728906,0.4967931118734483,31.0,GE
2009-10-16,1.0883483530021185,inf,inf,0.324317049904749,0.3529699271143395,31.0,GE
2010-01-22,0.9977534234723673,1.476982788735661,1.4803084148741745,0.2454486325866155,0.24489721344990686,24.0,GE
2010-04-16,1.3218034309269497,inf,inf,0.15011693714920812,0.19842508256406857,31.0,GE
2010-07-16,1.0750499209880493,inf,inf,0.3216658329018433,0.3458068282456817,31.0,GE
2010-10-15,1.3303196230236576,inf,inf,0.22326036308178973,0.2970076420510914,31.0,GE
2011-01-21,2.366173507282887,1.447674045369242,0.6118207481038143,0.1426748008213192,0.3375933338602682,31.0,GE
2011-04-21,1.1692274976122743,1.6588774201682,1.4187807108162092,0.15141668534849825,0.17704055210676972,25.0,GE
2011-07-22,1.0831685988612654,1.4550021440977825,1.3432831653607993,0.19562170903088483,0.21189129247782967,24.0,GE
2011-10-21,0.8748664730971343,1.3270504127413318,1.5168605193469251,0.37040155883993253,0.32405190541197243,31.0,GE
2012-01-20,0.9158302671276737,1.377844373696386,1.5044756906951011,0.1957051802405571,0.17923272749797894,31.0,GE
2012-04-20,1.0370441160271164,1.4286274540654116,1.3775956412909787,0.23339374798950366,0.24203961307003038,31.0,GE
2012-07-20,0.8319602302257448,1.3733813457166857,1.6507776403495047,0.22723434491869374,0.18904993791375274,31.0,GE
2012-10-19,1.6154725170879913,1.6200617781450657,1.002840816546571,0.13309004998034588,0.21500331804111592,31.0,GE
2013-01-18,1.2886109604944516,1.3938581928801181,1.0816749473753369,0.16205753912963075,0.20882912115320065,31.0,GE
2013-04-19,1.2570385465399132,1.4331322794889054,1.140086183859439,0.1993879403934646,0.2506383267897876,31.0,GE
2013-07-19,1.3855669037248772,1.4927320770240464,1.077343918226592,0.17922575957323747,0.24832928075962993,31.0,GE
2013-10-18,1.274869539360419,1.8036104324273257,1.4147411768361546,0.17986308855284558,0.2293019728513085,31.0,GE
2014-01-17,1.3056272682636905,1.7441214663487434,1.3358494485705645,0.12700642962325698,0.16582305776093767,31.0,GE
2014-04-17,1.0407202857900628,1.6889220453138387,1.6228395548489702,0.13623296285477796,0.14178040803625153,24.0,GE
2014-07-18,1.3255738483021957,1.6870232178956834,1.272673883885409,0.11680264490295923,0.15483053149589052,31.0,GE
2014-10-17,1.1262216493507182,1.8886352708285195,1.6769658724970726,0.1871232894841981,0.21074229971482547,23.0,GE
2015-01-23,0.9615186567786753,1.7467731487769464,1.8166814928262207,0.15590482908863246,0.14990540185061083,30.0,GE
2015-04-17,0.8200888738851267,2.4573655411905238,2.99646248040031,0.5283176357988347,0.4332674149959189,23.0,GE
2015-07-17,0.9334443596164849,2.672950882354626,2.86353530857783,0.15646676927509934,0.1460530232472554,23.0,GE
2015-10-16,0.967719827407737,1.9483629554771347,2.0133543824314097,0.28645620812866857,0.2772093522901499,30.0,GE
2016-01-22,0.9545725623785434,2.105644713137643,2.205850865743439,0.2584778584358017,0.2467358716451816,23.0,GE
2016-04-22,0.9275048523146012,1.7326762850155617,1.8681048198202348,0.11087106807406041,0.1028334536199935,23.0,GE
2016-07-22,1.0273160102884253,2.4332553527706766,2.3685558566224674,0.1706634063054405,0.1753252496679376,30.0,GE
2016-10-21,0.8968423315153758,2.3561285198191846,2.627137945014352,0.09901617187646317,0.08880189444341441,30.0,GE
2017-01-20,2.1009922953703324,2.8647468253134103,1.3635208618451666,0.0779025546482167,0.16367266710556957,23.0,GE
2017-04-21,1.4882959837329517,1.811751253834501,1.2173326231051549,0.0922604716831706,0.13731088946337053,22.0,GE
2017-07-21,1.1057035049564303,1.7498114653951062,1.5825322589205835,0.18657775832910686,0.20629968133140728,23.0,GE
2017-10-20,1.6373768513631566,1.6508800552460938,1.0082468515856295,0.21926325394672086,0.359016576366922,23.0,GE
2018-01-24,1.080997738948434,1.4701836430062327,1.360024716089035,0.329081714080991,0.3557365888508263,31.0,GE
2018-04-20,0.9565584870897019,1.451712248759711,1.517640863943927,0.34307077170565486,0.32816725834745775,30.0,GE
2018-07-20,1.0385896168334616,1.3922640986454258,1.340533427332228,0.30145165179399086,0.31308455553053505,30.0,GE
2018-10-30,1.1512184371311016,2.1192557180798612,1.8408806267567783,0.4363344484496466,0.5023162618106634,39.0,GE
2019-01-31,1.2845400880748454,1.232509741860796,0.9594949611171514,0.48397756604906317,0.6216885853189129,30.0,GE
2019-04-30,0.9735727353444719,1.2801981799726065,1.3149486766591134,0.36729665730551503,0.35759001133581136,25.0,GE
2019-07-31,1.0719164427442225,1.2264210254968018,1.1441386441997576,0.3074449860781097,0.3295553358163944,32.0,GE
2019-10-30,1.9789073629699567,1.2193725690591415,0.6161847653288325,0.29236566014064175,0.578564557531888,32.0,GE
2020-01-29,1.6430264879303693,1.5807484934074292,0.9620955626823836,0.33269763906272953,0.5466310334519622,25.0,GE
2020-04-29,0.9443490498143531,1.1713463704644536,1.240374383491703,0.802201623248305,0.7575583406740685,32.0,GE
2020-07-29,1.1086461156139555,1.138566133696512,1.0269878887962252,0.40394517124610524,0.44783224502300867,32.0,GE
2020-10-28,0.9431635464208675,1.101643655402263,1.1680303586613354,0.48276727443357836,0.45532849465070996,39.0,GE
2021-01-26,1.090659255730524,1.0945187321765821,1.0035386638180346,0.32696725433237867,0.356609862258405,32.0,GE
2021-04-27,0.863203489377305,2.0007712848013655,2.317844296765616,0.2834465328418028,0.24467203620094308,39.0,GE
2021-07-27,0.8750684751903204,1.2798629234517858,1.4625860258232086,0.4164646094273874,0.3644350507423562,32.0,GE
2021-10-26,1.12413545654138,1.3697908792468105,1.2185283110464615,0.23991267708565156,0.26969434678574356,25.0,GE
2022-01-25,1.3637565045934994,1.3242701324127195,0.9710458780231082,0.26647851014722734,0.3634118015476661,39.0,GE
2022-04-26,2.110219696171998,1.3216445083046027,0.6263065929590674,0.23093934508871883,0.48733275462727643,25.0,GE
2022-07-26,0.9459455271191307,1.3181441604378432,1.3934673008627043,0.347276030158289,0.32850420740392183,32.0,GE
2022-10-25,0.8892044263737876,1.2290313550943759,1.382169632360487,0.38569117663676844,0.34295830147872886,32.0,GE
2023-04-25,1.2143156967065798,1.270178149561959,1.0460032370551473,0.18242260917531009,0.2215186377557488,32.0,GE
2023-07-25,1.8985583431049393,1.7792207681854768,0.9371430562811699,0.16699239356995974,0.31704480204731067,32.0,GE
2000-01-26,1.1249533086327546,inf,inf,0.4003020428654274,0.4503211075739133,26.0,MMM
2000-04-25,1.3129904328797073,inf,inf,0.3573853608351567,0.4692435596278228,26.0,MMM
2000-07-26,0.8762639329936809,inf,inf,0.30698497346091774,0.2689998602148245,26.0,MMM
2000-10-23,1.027887512835831,inf,inf,0.2662780550076448,0.27370388768457055,29.0,MMM
2001-01-24,0.9965757632298873,inf,inf,0.3505175654205611,0.34931731028447766,25.0,MMM
2001-04-23,0.8214525278398499,inf,inf,0.45884769651676705,0.37692160019719056,29.0,MMM
2001-07-23,1.2401434861072789,inf,inf,0.23890384824492208,0.296275051206902,29.0,MMM
2002-01-18,1.792357577802578,inf,inf,0.16441297290346138,0.29468683787256894,31.0,MMM
2002-04-22,0.911391706086405,inf,inf,0.27420596004497205,0.24990903774444767,29.0,MMM
2003-01-21,1.1330072316491384,inf,inf,0.17424044265337416,0.1974156815720199,26.0,MMM
2004-01-20,1.861918454242016,inf,inf,0.16237803763414982,0.3023346648346281,26.0,MMM
2005-01-18,1.29105335040899,1.4137756674564022,1.0950559610945088,0.15151094487994787,0.1956087130108885,33.0,MMM
2005-10-18,1.6827252495481917,1.383185973746248,0.8219915723720379,0.11941669885012021,0.2009454943727898,33.0,MMM
2006-01-24,1.025879974398714,inf,inf,0.14772740368478968,0.1515505851101405,29.0,MMM
2006-04-21,0.9779111786076686,1.354131033835297,1.38471781840482,0.22076419928239577,0.21588777831462588,31.0,MMM
2006-07-25,1.1472570104117996,inf,inf,0.2951978167805965,0.33866776475979726,26.0,MMM
2006-10-20,1.6284807969454749,1.3207507523433084,0.8110324388354025,0.10165376435403885,0.16554120318777268,31.0,MMM
2007-01-30,2.4047182179497404,inf,inf,0.09894691813407201,0.2379394566469845,22.0,MMM
2007-04-26,2.3489441348157283,inf,inf,0.09293911814937436,0.21830879647191892,25.0,MMM
2007-07-26,0.9027180794673715,inf,inf,0.13548045258569685,0.12230065396353054,25.0,MMM
2007-10-19,2.9023918292379225,inf,inf,0.1348784237312508,0.39147003497807265,31.0,MMM
2008-04-24,0.9689620027462803,inf,inf,0.23406385633594265,0.22679898300579263,25.0,MMM
2008-07-24,1.0141353963959079,inf,inf,0.2135687117543506,0.21658759015276174,25.0,MMM
2008-10-21,0.9687975067936623,inf,inf,0.7163966175826777,0.6940432569895109,26.0,MMM
2009-04-24,0.9897633388040321,inf,inf,0.3999471910757374,0.39585306718441604,24.0,MMM
2009-07-23,1.5447507295738843,inf,inf,0.22524809693618073,0.3479521620772942,25.0,MMM
2009-10-22,1.2320893513151283,inf,inf,0.18194802254697384,0.22417622107297136,25.0,MMM
2010-07-22,1.0180806154757873,inf,inf,0.22078904955512493,0.22478105146139568,25.0,MMM
2011-01-25,1.614123704344558,inf,inf,0.10932091548249327,0.1764574810609404,26.0,MMM
2011-10-25,1.3351569243665484,inf,inf,0.3631798670111762,0.4849021142304941,26.0,MMM
2012-01-26,0.8611822590211516,inf,inf,0.1504823629473693,0.12959274126585635,25.0,MMM
2012-04-24,0.8975006175896256,inf,inf,0.15767498723870332,0.14151339842517258,26.0,MMM
2012-07-26,1.0496883728229291,inf,inf,0.17282443874455408,0.18141180388980696,25.0,MMM
2012-10-23,1.359090965020477,inf,inf,0.1523409180569598,0.2070451653341389,26.0,MMM
2013-01-24,0.8821623697553197,inf,inf,0.09967622579346934,0.08793061555423323,26.0,MMM
2013-04-25,1.4033934138758664,inf,inf,0.12649872599160383,0.17752747892030468,25.0,MMM
2013-07-25,0.8311892731096616,inf,inf,0.12357316625855494,0.10271269023830765,25.0,MMM
2013-10-24,0.8356116254191522,1.7839842412679692,2.134944257594672,0.13451782027565887,0.1124046544483847,25.0,MMM
2014-01-30,1.126312094293145,1.555001348386257,1.3806132032721803,0.20265570105477876,0.22825356707545338,24.0,MMM
2014-04-24,0.8965255247367393,1.6737141293116309,1.8668895453959435,0.14957468484738898,0.13409752282013782,25.0,MMM
2014-07-24,0.825293949821035,2.158248320593214,2.615126793382201,0.11483204638497467,0.09477019312708805,25.0,MMM
2014-10-23,1.3258642351024275,1.8888832855851392,1.4246430634273928,0.2238000193888116,0.29672844152285516,25.0,MMM
2015-01-27,1.0600665920650103,1.6920348662911424,1.5961590327972297,0.18668196165981654,0.19789531089673262,25.0,MMM
2015-04-23,1.0398218765569396,1.6060324820264342,1.5445265369337413,0.1938581982231178,0.20157799546230953,31.0,MMM
2015-07-23,1.5197632107024757,1.730062827671413,1.1383765678021192,0.12823980166705745,0.19489413272137593,31.0,MMM
2015-10-22,1.3238321556117731,1.722547433673509,1.3011826509664137,0.16202610426978628,0.21449536688084908,24.0,MMM
2016-01-26,1.4383019004690782,1.7077880573760695,1.187364110983308,0.21694150913835528,0.3120273848843263,25.0,MMM
2016-04-26,1.272765149115193,1.604303199483227,1.2604864303508894,0.0760262731385898,0.09676359086790964,25.0,MMM
2016-07-26,0.9211120978791967,1.669577831287191,1.8125674770001285,0.1200118984979979,0.11054441159595606,25.0,MMM
2016-10-25,1.6502762563952145,1.6238966139977267,0.9840150142769973,0.0903207605286594,0.14905420656000468,25.0,MMM
2017-01-24,1.2208152127552576,2.0927577643493143,1.714229756054702,0.07207767506196305,0.08799352221567475,21.0,MMM
2017-04-25,1.1931490736890475,1.8218133285698836,1.5268949779570256,0.0676418220697531,0.08070677734516528,32.0,MMM
2017-07-25,2.6636603326686568,1.7839445554497502,0.6697342501108088,0.08413778654969373,0.2241144845109616,32.0,MMM
2017-10-24,3.3898410775023953,1.7896031246725286,0.5279312757608956,0.08124300653729379,0.2754008808199141,32.0,MMM
2018-01-25,1.5196166684895887,1.8857349670240842,1.2409280617449372,0.11165429125210918,0.16967172209509637,24.0,MMM
2018-04-24,1.442909996487955,1.4606950137260069,1.0123257980617921,0.22907268238046233,0.33053126332907934,32.0,MMM
2018-07-24,1.326712121951519,1.4396269300824196,1.0851087483581663,0.12380545472921589,0.16425419755297074,25.0,MMM
2018-10-23,1.340181463935718,1.477218385260833,1.1022525120759976,0.22397458744504278,0.3001665904864959,32.0,MMM
2019-01-29,0.8982667087498111,1.3301201579592639,1.4807630573446249,0.25830120787051286,0.2320233758599464,32.0,MMM
2019-04-25,4.232771272982269,1.4223652216867073,0.33603640025759207,0.13825580271484048,0.5852051900544808,23.0,MMM
2019-07-25,1.0902140725399685,1.4169751343323191,1.299721926200298,0.21261060510125873,0.2317910736526303,24.0,MMM
2019-10-24,1.2838268198882479,1.35019155384844,1.0516929019803223,0.2362468648454751,0.303300061203135,24.0,MMM
2020-01-28,2.103508302638826,1.3387446380521675,0.6364342067833667,0.13499306536798664,0.2839590338002257,32.0,MMM
2020-04-28,0.9802520629281236,1.282029964914829,1.307857451567366,0.47308488024694917,0.4637424298021762,32.0,MMM
2020-07-28,1.4444057684538638,1.3549318216463055,0.938054839739851,0.21411679979441892,0.30927154074593977,25.0,MMM
2020-10-27,1.23739364909867,1.3935489357219235,1.1261969355806851,0.18279510459575374,0.22618950151311276,25.0,MMM
2021-01-26,2.341930302919718,2.1111827382555117,0.9014712075860969,0.17533022621945754,0.41061116980111684,25.0,MMM
2021-04-27,1.7111218234622823,2.2282430843957894,1.3022118319355922,0.10653777453845306,0.1822991110358513,25.0,MMM
2021-07-27,0.8568674772639635,1.5980212556807853,1.8649572986284606,0.167962200409554,0.1439213469406388,25.0,MMM
2021-10-26,1.1385585634559308,1.8296839794254336,1.607017889243827,0.141146756680592,0.16070384852271863,25.0,MMM
2022-01-25,1.425423238129968,1.6825186231615952,1.1803642442148718,0.18290405950558625,0.2607156967675691,25.0,MMM
2022-04-26,1.2419721941028576,1.5559488194642017,1.252804875062558,0.19164438717476578,0.23801700002694143,25.0,MMM
2022-07-26,1.4386189976976576,1.4130452043562802,0.9822233729831837,0.18962084148881247,0.2727921449252218,25.0,MMM
2022-10-25,0.955921997018311,1.3453014965102448,1.407333967317916,0.3398957873092134,0.32491385978273435,32.0,MMM
2023-01-24,1.2098693732022765,1.3539022116179293,1.1190482556264958,0.31667779254998757,0.38313876237953404,21.0,MMM
2023-04-25,1.1138354775295145,1.4167975242823505,1.271998919826836,0.17311602495522277,0.1928227703240119,39.0,MMM
2023-07-25,1.2467922845257073,1.3374466050632037,1.0727100429338814,0.2515589765718199,0.3136417910929282,39.0,MMM
2000-01-20,1.4567898546014428,1.0757342068601887,0.7384278545476928,0.3818202926073388,0.5562319285513254,32.0,HON
2000-04-13,1.066219593340971,inf,inf,0.5563379928546397,0.593178468501606,39.0,HON
2000-07-18,0.8753851231397793,1.0369117785941766,1.1845206768822425,0.5221136157665346,0.4570504918307433,33.0,HON
2000-10-17,4.061536557648503,1.0888314480530172,0.26808362613469006,0.35339040465312926,1.435308047620882,33.0,HON
2001-01-26,0.8934107252818793,1.1105073447088498,1.2429975522831054,0.4713559820852588,0.42111448982074356,24.0,HON
2001-04-20,0.9303814474732169,1.0373037472789677,1.1149230781591104,0.5761137403783049,0.5360055356823764,31.0,HON
2001-07-24,0.8260245247625811,1.2595254811504522,1.5248039778388776,0.43129177513154343,0.3562575835870432,26.0,HON
2001-10-24,0.869921122277815,1.0933757605710364,1.2568677004969417,0.5611532457441716,0.4881590613076083,26.0,HON
2002-04-18,1.1388303835358702,1.228381083280999,1.0786339221711747,0.32311673113760186,0.3679751508482918,32.0,HON
2002-07-17,1.1033737875184464,inf,inf,0.3906504720475891,0.4310334909390174,33.0,HON
2002-10-16,1.007766325591138,inf,inf,0.7698686500702793,0.775847700669135,33.0,HON
2003-04-17,0.8254855486102782,inf,inf,0.3383071848004513,0.2792676920437993,32.0,HON
2003-07-17,0.8361758863796096,inf,inf,0.32335094584577556,0.27037826375427654,32.0,HON
2003-10-16,0.8894264773932045,inf,inf,0.300485080260849,0.26725938644562125,32.0,HON
2004-04-21,0.9986534174981789,1.393250023060611,1.3951286789274435,0.1912302407127706,0.19097273341680773,26.0,HON
2004-07-21,0.9292113008940415,1.632542444095885,1.7569119558975796,0.19410507252640025,0.18036462695238864,26.0,HON
2004-10-20,1.6127298660692544,1.5079964392832432,0.9350582952610157,0.16501696269838442,0.26612778415172067,26.0,HON
2005-01-28,0.9435065999037255,1.5584686387134172,1.6517835051418208,0.1854577951419754,0.1749806537200469,24.0,HON
2005-04-20,1.4021847347161496,1.3301905204581495,0.9486556853205407,0.17476630470214935,0.24505464459610504,26.0,HON
2005-07-20,1.3893271544626609,1.6867719589487058,1.2140927020181114,0.15086584165921282,0.2096020104980085,26.0,HON
2005-10-19,1.8612716404764853,1.3504907766059682,0.7255742510858021,0.15370089440501053,0.286079115871917,33.0,HON
2006-01-26,1.1904271924623802,1.6728801203081933,1.4052771399213981,0.2171160648050913,0.258460867464405,25.0,HON
2006-04-19,1.0875690615798426,1.3300545875418746,1.2229610371683326,0.1968321766857011,0.21406858568678572,33.0,HON
2006-07-20,1.483007885661275,1.3084373515553442,0.8822861727211319,0.2156512588869087,0.3198125174820667,32.0,HON
2006-10-19,1.2927400607637547,1.3942809833900989,1.0785470534318813,0.13063591640349598,0.16887828250938416,32.0,HON
2007-01-26,0.998222636346952,1.62443339771303,1.6273257473480358,0.16778625693538796,0.16748803974083,24.0,HON
2007-04-20,2.0222347262266434,1.4191500042099474,0.7017731353362662,0.1305290224134377,0.26396032190486957,31.0,HON
2007-07-19,0.8144261748855264,1.347439242258693,1.6544645589860683,0.2072408995838549,0.16878241312791442,32.0,HON
2007-10-19,1.364015731208372,inf,inf,0.1683964730161061,0.22969543827397487,31.0,HON
2008-01-25,1.2399248704380608,1.3166620944738756,1.061888607822427,0.286966790023594,0.355817259940031,24.0,HON
2008-04-18,1.481090654176502,inf,inf,0.25113575654589265,0.3719548219496669,31.0,HON
2008-07-18,1.1646456946456092,inf,inf,0.38263686561125027,0.44563637814683316,31.0,HON
2008-10-17,1.0620062235203296,inf,inf,0.7181055938141493,0.7626326097753885,31.0,HON
2009-04-24,0.980071399018206,1.1878976080068384,1.212052110893986,0.5344642476494427,0.5238131229190022,24.0,HON
2009-07-27,0.8070473867272036,1.0820970666482146,1.3408098265907435,0.30571331855228406,0.24672513482532196,22.0,HON
2009-10-23,1.2788058036728445,1.31619480344376,1.0292374335990118,0.2178173853553996,0.27854613653332944,24.0,HON
2010-04-23,1.4785959778186735,1.53978207074736,1.0413812115321404,0.13471419309060928,0.19918786405886302,24.0,HON
2010-07-23,0.9610230154969625,1.4619636070745694,1.5212576426367495,0.3244118840492202,0.31176728707203255,24.0,HON
2010-10-22,0.8338088609721624,1.6656089224002568,1.9975908153078081,0.21176628977968062,0.17657260887349638,24.0,HON
2011-01-28,1.0654553039340229,1.6964717030194532,1.592250464900314,0.14278042956158352,0.15212616597436732,24.0,HON
2011-04-20,1.502924324190382,1.5047282999875042,1.0012003104667921,0.14839149307172284,0.2230211844404208,26.0,HON
2011-07-22,1.098846748719172,1.2187401282047863,1.1091083716863734,0.21730308250249755,0.23878278569452344,24.0,HON
2011-10-21,1.0243965814624438,1.3025907571638777,1.2715688247458614,0.4308969537522467,0.44140936638638223,31.0,HON
2012-01-27,0.8249474394992762,1.5301074683913336,1.8547938876203713,0.19611587269493186,0.16178528702485004,24.0,HON
2012-04-20,0.9546728264889387,1.4542602422313284,1.5233074639609827,0.24550659587315354,0.23437847580390112,31.0,HON
2012-07-18,1.2687293687669003,1.5417633756897837,1.2152027167056516,0.285816181809952,0.362623383931106,33.0,HON
2012-10-19,1.099709568570252,inf,inf,0.14091742319565123,0.15496823866652124,31.0,HON
2013-01-25,0.8390730473292647,1.922878819748853,2.291670344875572,0.12592322062239225,0.10565878045714597,24.0,HON
2013-04-19,1.273054791698354,1.6764520702284178,1.3168734615042772,0.1879821136580068,0.23931153054591014,31.0,HON
2013-07-19,0.8163316667747524,inf,inf,0.20674368960793785,0.16877142073280996,31.0,HON
2013-10-18,1.0295055113782952,inf,inf,0.2275651109986903,0.23427953597056517,31.0,HON
2014-01-24,1.4811202302377047,2.2436246120557533,1.5148159928216458,0.10847790907948648,0.1606688256715138,25.0,HON
2014-04-17,0.963253340691582,inf,inf,0.17635966794853167,0.16987903931468123,32.0,HON
2014-07-18,1.2578283618437125,inf,inf,0.09921022156114366,0.12478943046440509,31.0,HON
2014-10-17,1.4654710191308196,inf,inf,0.21837486287930996,0.3200220328562953,31.0,HON
2015-01-23,1.1500132974680086,2.0120221418191595,1.74956424090838,0.18014934901946125,0.20717414690258582,24.0,HON
2016-04-22,1.089080208731508,1.672400814141039,1.5356084893774227,0.12104710355896268,0.13183000481033955,23.0,HON
2016-07-22,1.1139320370630108,1.7530198281516562,1.5737224263462806,0.16186127262890065,0.18030245714112267,23.0,HON
2016-10-21,0.7990694610483343,1.6304516665695974,2.040437966970401,0.2926077370476955,0.23381390674127475,30.0,HON
2017-01-27,0.9288511458037686,1.5474490964244996,1.6659817920399245,0.09207116649616806,0.08552040849545525,23.0,HON
2017-04-21,1.9959165670191434,1.5062871548259287,0.7546844290568392,0.0847170300601678,0.1690881238057477,30.0,HON
2017-07-21,1.2934500491558594,1.7248132471205553,1.3334981495777245,0.07818302727225868,0.10112584046845688,30.0,HON
2017-10-20,1.022122156800189,1.9556842092260676,1.913356633759361,0.07370644984942831,0.07533699549018263,30.0,HON
2018-01-26,1.902519858238873,2.3356352590467178,1.2276535505961927,0.09588234270200195,0.18241806104502378,30.0,HON
2018-04-20,0.9487953643129126,1.9390702863803044,2.043718128602491,0.21626279474421473,0.20518913712666584,37.0,HON
2018-07-20,1.2174506122883517,1.7884084232605417,1.468978211690249,0.18441845112621197,0.22452035624087624,30.0,HON
2018-10-19,0.8827411005243203,1.951119131771284,2.2102960093422417,0.22181348046627578,0.1958038758579301,23.0,HON
2019-02-01,0.9248917795373051,1.6525574997726247,1.786757690288207,0.18601464388757255,0.17204341500517506,23.0,HON
2019-04-18,1.7323414812189615,1.8740996406072483,1.081830378666762,0.11278887278487368,0.1953888429451651,24.0,HON
2019-07-18,1.7185068367101684,1.9287512019173825,1.1223413027612368,0.13781718885600466,0.23683978126522043,24.0,HON
2019-10-17,1.0570393402728415,1.6173380661317724,1.530064212855415,0.2145533406458551,0.22679132164962892,31.0,HON
2020-01-31,1.410989996735317,2.493178667496801,1.7669711856677948,0.1646927897267169,0.23237987883883052,29.0,HON
2020-05-01,0.8819792163282908,1.5604731489024077,1.769285624891151,0.5768995737160617,0.5088134339262171,23.0,HON
2020-07-24,0.9286231155804757,1.5353414119397244,1.6533525670206835,0.29933192107574,0.2779665411420428,30.0,HON
2020-10-30,1.4332524220745788,1.7997706130977493,1.2557248014223825,0.27525572581116614,0.39451093570875,23.0,HON
2021-01-29,1.6815791160106686,1.8383255743905367,1.093213846965303,0.14932603359528923,0.2511035395705459,23.0,HON
2021-04-23,1.070115033291762,1.982970526287008,1.8530442658928241,0.18550069903431424,0.1985070867227503,30.0,HON
2021-07-23,0.8166285637849902,1.8079828608998545,2.2139598601842168,0.3405054343814925,0.27806646383994243,23.0,HON
2021-10-22,1.3711302362409596,2.0966906554441325,1.529169585809983,0.13464616992946915,0.18461743478433343,30.0,HON
2022-02-03,2.0956003255783453,2.3730253223766296,1.1323844978510968,0.17558217068856918,0.3679500540607182,24.0,HON
2022-04-29,0.9954173786291646,1.82330372361011,1.8316977006379636,0.23779784374742868,0.23670810626673314,23.0,HON
2022-07-28,1.044010990060737,1.4680963529119255,1.40620775728282,0.22813072857721362,0.23817098780517407,31.0,HON
2022-10-27,1.0726383856346395,1.367272071649311,1.2746812811853157,0.2886665573643434,0.30963483007799836,24.0,HON
2023-02-02,0.9561305421221611,1.460896305328331,1.52792557184276,0.23352802740529838,0.22328327944374682,24.0,HON
2023-04-27,1.9061801928249553,1.5275567328331845,0.8013705832129902,0.12347224385313568,0.23536034559650007,24.0,HON
2023-07-27,1.8433935851990806,1.6324322982369037,0.8855581962224341,0.15184740658059645,0.27991453521978815,24.0,HON
