earnings_date,revr,ievr,ratio,vol_st,vol_mt,avg_pre,avg_post,normative_implied_vol,normative_realized_vol,skew_ratio,spx_ievr,term_ratio,skew,kurt,iv_ratio,smirk,underlying_price,methodology,ticker
2022-01-27,1.2208779162743641,1.1142600851634517,0.912671177281781,0.24703238962248114,0.20233996071968127,0.27035279944461416,0.3012433333333333,0.27035279944461416,0.20261648053162462,1.1492695743907115,1.1062493050544293,0.8596031351776215,-0.09469059129563563,0.056244605792850504,1.5495990086277442,0.07635434504879175,179.29,ST/MT Ratio (Expanding EWM),AAPL
2022-04-28,0.9461248898096782,1.1544536711334845,1.220191629633286,0.1391136362124796,0.1470351723232475,0.2264664286989566,0.261445,0.2264664286989566,0.1581289138814031,1.3443450089929698,1.0562709327239002,0.9880827094045365,-0.3078892022208246,0.08753119230691161,0.9934280027880183,0.19975477743681444,178.96,ST/MT Ratio (Expanding EWM),AAPL
2022-07-28,0.9156262263000668,1.1187303946203777,1.2218199550061273,0.149253668897925,0.1630072016406091,0.33619650615430696,0.37611325000000007,0.33619650615430696,0.1731794577276406,1.3444082477631085,1.0191029554034818,0.9203804701593855,-0.21760100630582954,0.048294597041956,1.0806244037716433,0.13232287022684935,137.44,ST/MT Ratio (Expanding EWM),AAPL
2022-10-27,1.3904284439299963,1.0127562419764686,0.7283771030416706,0.3177172188379719,0.22850310652445768,0.40961041048773783,0.4148355,0.40961041048773783,0.16438533071293385,1.4525534846658592,0.9635920474827844,0.9644424671246824,-0.1982612552672432,0.017626968285650902,1.472227180315451,0.09594037656597801,151.76,ST/MT Ratio (Expanding EWM),AAPL
2023-02-02,1.1037049950868782,1.0073507061002207,0.9126992362854415,0.2255638507155496,0.20436969273460098,0.41200153947292445,0.4150300417024284,0.41200153947292445,0.21150669713875495,1.2018863018555725,1.0157101489414082,1.0870914036412345,-0.10809946848237044,0.0046090047049048045,1.1011699424628953,0.03157138965196266,125.07,ST/MT Ratio (Expanding EWM),AAPL
2023-05-04,1.166535127525469,1.204897060850289,1.0328853648892646,0.16129973442227966,0.13827250514473513,0.23272413710803086,0.280408628790386,0.23272413710803086,0.12202868474000234,1.427676926009871,1.0920678065292928,0.9744707302309904,-0.1736769379834149,0.03355333999118465,0.9020513405513859,0.026699239092447327,165.63,ST/MT Ratio (Expanding EWM),AAPL
2023-08-03,1.4705352758627939,1.2702510813129284,0.8638018428817666,0.2567065179116162,0.17456671874872304,0.16483083513180646,0.2093765465598902,0.16483083513180646,0.11139747991542555,1.2612448795277877,1.0915986114271548,0.9992882306022067,-0.16090240150769783,0.046943724623422,0.9450218173627445,0.0904173191270354,192.46,ST/MT Ratio (Expanding EWM),AAPL
2022-01-25,1.1834205629996677,1.1520209875074785,0.9734671033494641,0.2254909014990927,0.19054164559007755,0.20845844182021991,0.24014850000000001,0.20845844182021991,0.1620121642847357,1.3188963332336565,1.1173825537310043,1.0406180300826693,-0.16649244120748527,0.11223016974973293,1.0575751198070509,0.11447276567562242,342.45,ST/MT Ratio (Expanding EWM),MSFT
2022-04-26,1.2942421906044634,1.1396056360555535,0.8805196155159427,0.27433209007768844,0.2119634888038724,0.2403179292922663,0.2738676666666667,0.2403179292922663,0.16867492005650872,1.3244009383372934,1.0627182575632341,0.9194583814734794,-0.22886843945115842,0.058800981501026806,1.3085172142178456,0.1345367601187718,310.7,ST/MT Ratio (Expanding EWM),MSFT
2022-07-26,1.2976508061456584,1.1094112999518926,0.8549382427828305,0.25948165935238626,0.19996262332168582,0.30089516846860614,0.33381650000000007,0.30089516846860614,0.1603977698506515,1.369419539534122,1.0195881672996943,0.9290593483942904,-0.1817073042509121,0.06146331352147812,0.8343867142411335,0.0981094006435331,264.89,ST/MT Ratio (Expanding EWM),MSFT
2022-10-25,1.5677021737980847,1.034398283280987,0.6598181086749034,0.3822908205492998,0.2438542389866825,0.36340740899884805,0.37590799999999996,0.36340740899884805,0.13844489950675426,1.3767291097840528,0.9618506944046483,0.9278377031523782,-0.17799709559645793,0.04448903603413496,1.4051172188816126,0.0751429407390249,237.45,ST/MT Ratio (Expanding EWM),MSFT
2023-01-24,0.9169934581841814,1.1537076705834308,1.258141658794369,0.18937381841830123,0.20651599717330243,0.2949924046425836,0.34033499999999994,0.2949924046425836,0.1893589596598705,1.248619662363456,1.086481503301743,0.8396307574281436,-0.14991632692584636,0.020227200121826872,0.9198174180611782,0.06207875362919953,238.73,ST/MT Ratio (Expanding EWM),MSFT
2023-04-25,1.4118108800693647,1.1094055361449857,0.7858032203934274,0.40416326432091904,0.2862729491793276,0.2837578232157471,0.3148025,0.2837578232157471,0.2272381938335728,1.5634376085652024,1.0411409932878088,0.8400966563199873,-0.16718347340900702,0.05296216787566723,1.0735937764135042,0.09341015395860662,276.38,ST/MT Ratio (Expanding EWM),MSFT
2023-07-25,1.230784108142365,1.2558522000320915,1.0203675784598503,0.28188493743760307,0.22902874319936978,0.21499690276167352,0.27000433333333335,0.21499690276167352,0.2039926944746232,1.2003872573199732,1.1056460322085095,0.9660427083076771,-0.11702016454924875,0.09272276230613724,0.9627348707060541,0.10610948890204805,328.6,ST/MT Ratio (Expanding EWM),MSFT
2022-02-01,1.4703170487109194,1.3157330347612055,0.8948634826174101,0.3516949794715757,0.239196695556186,0.20220371100851012,0.2660461023252048,0.20220371100851012,0.14792252892402344,1.3881614378612135,1.141347397990183,0.9823705485775029,-0.16071699775226295,0.08371681550331123,1.2409640257261998,0.08250103465072772,2899.83,ST/MT Ratio (Expanding EWM),GOOGL
2022-04-26,1.1983021922039392,1.2369025714479296,1.0322125583138555,0.25975784138755387,0.21677156486695773,0.24168526970479504,0.29894113157894736,0.24168526970479504,0.20681717256165236,1.182687419478394,1.0627182575632341,0.9228503193612525,-0.22656241589061746,0.06943263174893705,1.3380005257793959,0.1466303567636155,2829.11,ST/MT Ratio (Expanding EWM),GOOGL
2022-07-26,1.2296800309575664,1.181935547350286,0.9611732463687311,2.9582629932883417,2.4057176816839965,0.3567449700389832,0.421649561427487,0.3567449700389832,0.19993898921522935,1.2201510724846607,1.0195881672996943,0.9789945380209109,-0.08753209995201151,0.037827983681193444,0.8914852411492948,0.030423664021512736,2316.67,ST/MT Ratio (Expanding EWM),GOOGL
2022-10-25,0.5163892205777874,1.0744802477036601,2.0807565396144896,0.4565353374023962,0.8840915325296281,0.3978356055530717,0.4274665000000001,0.3978356055530717,1.3289553878456726,1.2665465502147846,0.9618506944046483,0.9327357866472961,-0.1524599693494689,0.0275604457955647,1.3708815825094272,0.06526135529642013,98.17,ST/MT Ratio (Expanding EWM),GOOGL
2023-02-02,1.2654907389409722,1.1222010801881543,0.8867714679028548,0.3851225856650022,0.3043266725027894,0.36036275876727275,0.4043994771482168,0.36036275876727275,0.23649999859708917,1.1930480926920974,1.0157101489414084,1.0886334166418126,-0.11294847771401445,0.03967422596434886,1.0366006083901962,0.05940731126973828,89.12,ST/MT Ratio (Expanding EWM),GOOGL
2023-04-25,0.8410655864587497,1.1769117557883264,1.39931032102221,0.21621142422310596,0.2570684471034532,0.32717884166436617,0.38506062500000005,0.32717884166436617,0.2804249979884747,1.2609414908605034,1.0411409932878088,0.8536274381774364,-0.1500036159524697,0.04396163752579831,0.9366033351308964,0.09077809399744985,102.46,ST/MT Ratio (Expanding EWM),GOOGL
2023-07-25,1.2208662124734246,1.232413055938582,1.0094579105779034,0.3411054896541005,0.27939628942882677,0.24944136912431425,0.3074148,0.24944136912431425,0.21843994572325098,1.004722134890569,1.1056460322085095,0.946632965258041,-0.06083400666910018,0.06576405494419856,0.8917527564267858,0.05370033166417366,118.34,ST/MT Ratio (Expanding EWM),GOOGL
2022-02-03,1.6114437377439512,1.2298433139484504,0.763193455125062,0.7295446353554519,0.4527273390114301,0.24135830891890722,0.2968329024898227,0.24135830891890722,0.19779179535684563,1.0730346914784523,1.1508977452935816,1.0000524486274738,-0.08032176449631152,0.03925845147219204,1.0484630028517685,0.049816912813236636,3350.44,ST/MT Ratio (Expanding EWM),AMZN
2022-04-28,1.328303791237572,1.2306396360658214,0.9264745340516137,0.5404530174781684,0.4068745576451543,0.2636088404836234,0.32440748751649945,0.2636088404836234,0.3470471634962185,1.1323326345388585,1.0562709327239002,0.9598623661195171,-0.195866367793836,0.05122703578042723,1.0253689830644896,0.12504148447461746,3386.3,ST/MT Ratio (Expanding EWM),AMZN
2022-10-27,1.3507749229074528,1.0728524123763932,0.7942495779142464,0.525385089206016,0.3889508757500174,0.48994728346249666,0.525641125,0.48994728346249666,0.24935040641927728,1.2785430839626108,0.9635920474827844,0.9653888609784557,-0.1576339334226826,0.020098767220873857,1.2579742636337123,0.07197282178441443,114.41,ST/MT Ratio (Expanding EWM),AMZN
2023-02-02,1.3449916883479072,1.155485960113301,0.8591026770824274,0.5195827483375902,0.38630926335002785,0.44971583674535315,0.5196403353998609,0.44971583674535315,0.30333350502774464,1.117317519399407,1.0157101489414084,1.0751497159236323,-0.06135147487288866,0.034758059908974924,0.9536136414710162,0.011902655172334518,85.82,ST/MT Ratio (Expanding EWM),AMZN
2023-04-27,1.3406111693123777,1.2636381163680417,0.942583610590223,0.43273643164540343,0.3227904119785615,0.3475095,0.43912625000000005,0.3475095,0.26035670190994953,1.2293119852615888,1.048613574985522,0.9040610788767767,-0.1646021924036417,0.0412779415202364,1.0113731460158337,0.10448781623659555,97.24,ST/MT Ratio (Expanding EWM),AMZN
2023-08-03,1.405969973843773,1.1771830914112809,0.8372747023842814,0.47613433160454477,0.338651849230353,0.3057872815738889,0.35996761743740235,0.3057872815738889,0.2590732228041026,1.0743636214376378,1.0915986114271548,1.060688716345669,-0.0389998272941751,0.040175494469452705,1.123506678225762,0.030258492634012004,130.22,ST/MT Ratio (Expanding EWM),AMZN
2022-01-26,1.2672616883329388,1.0511543364421312,0.8294690403091936,0.8619282022772828,0.6801501301685642,0.6181992603795987,0.6498228333333333,0.6181992603795987,0.5760697723468031,0.985434878137416,1.1173825537310043,1.040021322344739,-0.07219574479988096,0.04955981113960404,0.9886735761241425,0.050677013481604485,1093.94,ST/MT Ratio (Expanding EWM),TSLA
2022-04-20,0.9540429417886428,1.005051599863373,1.0534657884257272,0.48332323601711286,0.5066053264971249,0.5686253892044417,0.5714978571428573,0.5686253892044417,0.5308552979516502,1.1307109528948738,0.9926238366037701,0.9740912886513814,-0.1765214562464172,0.033500850105671144,1.1509047627694466,0.10346333272812668,921.16,ST/MT Ratio (Expanding EWM),TSLA
2022-07-20,1.0001462362391496,1.0017868765738998,1.0016404004487578,0.524346783929396,0.5242701166392403,0.7611756231104404,0.7625357500000001,0.7611756231104404,0.5773184633671391,1.18925030656995,1.0051525978764078,0.9374130885196339,-0.15410745972034923,0.04396763432465032,1.0385675743413583,0.07874588442819504,711.11,ST/MT Ratio (Expanding EWM),TSLA
2022-10-19,0.4966210818448789,1.0900492638594008,2.1949315156135096,0.5553316473908915,1.1182200427897884,0.4999693016875918,0.5449911692568581,0.4999693016875918,1.647921447169071,1.2265739563443365,0.9783006389098622,1.0775889436813477,-0.1850179804810071,0.05678745621787952,0.9605663057256746,0.1222598654208827,309.07,ST/MT Ratio (Expanding EWM),TSLA
2023-01-25,1.148705485148898,0.9213358636492529,0.80206447654407,0.9111121844746858,0.7931643021244781,1.0256281528618927,0.9449479999999999,1.0256281528618927,0.5639285581856809,0.9488057152658151,1.0293138176339034,0.949184877000366,-0.1133278756372246,0.03212495755966602,0.8982999782571754,0.06456447101337577,109.1,ST/MT Ratio (Expanding EWM),TSLA
2023-04-19,0.9551987433851875,1.0307708858443527,1.0791166686331062,0.5178522452138642,0.542140835925533,0.614767756837481,0.6336847053039159,0.614767756837481,0.5865152366430073,1.1643604515839177,0.9824315848536533,0.9998419151605844,-0.06431676270528408,0.02827599851327099,0.8589937859137422,0.04304899726188387,183.25,ST/MT Ratio (Expanding EWM),TSLA
2023-07-19,1.2071525636385865,1.026324493272747,0.8502028030153957,0.5755002767778162,0.47674195798677627,0.6291219338837399,0.64568325,0.6291219338837399,0.36444741868566627,0.8503484687255166,1.0822589057762648,0.9849224706587854,0.01871792641558672,0.06848163288973905,1.0477026542651107,0.01849173375130364,274.45,ST/MT Ratio (Expanding EWM),TSLA
2022-02-02,1.6436012033657055,1.1696885941476347,0.7116620453625794,1.1844779962576102,0.7206602147966795,0.2883742021973522,0.33730801515666664,0.2883742021973522,0.2374436192742428,1.1530273307242105,1.141347397990183,0.9943348490834055,-0.13548437997503512,0.0753937057794231,1.1417316248500036,0.09288111985514323,338.54,ST/MT Ratio (Expanding EWM),META
2022-04-27,1.4023572267226516,1.2806578794857488,0.913218012559241,0.8815017683615558,0.6285857494539037,0.3602033434450386,0.46129725000000005,0.3602033434450386,0.4982595881649224,1.1292285923852825,1.0627182575632341,0.9404710864072559,-0.16421202634790452,0.03961714757836857,1.0492118603821516,0.09548159567321776,223.59,ST/MT Ratio (Expanding EWM),META
2022-07-27,1.1207019375834848,1.286008552588715,1.1475027475741435,0.5445284522977755,0.48588160155403654,0.49712149947455175,0.6393025,0.49712149947455175,0.4685137696413273,1.148773769417451,1.0195881672996943,0.9074753907982007,-0.17450873982920026,0.031521687316888966,1.0079229931266303,0.09607025086993752,169.49,ST/MT Ratio (Expanding EWM),META
2022-10-26,1.5742221265076792,1.1362953879018283,0.7218138843103634,1.1895085016767886,0.7556166830888372,0.548271168424231,0.6229980000000002,0.548271168424231,0.3311046390064059,1.162147130698576,0.9618506944046483,0.9786452021677748,-0.12129707327753723,0.03824004844172487,1.1971007695163183,0.07150342235048524,136.37,ST/MT Ratio (Expanding EWM),META
2023-02-01,1.4802703572659437,1.3070028877467617,0.8829487676567362,1.0637833898160005,0.7186412837319841,0.49408584507954983,0.6457716263137707,0.49408584507954983,0.5267042279300482,1.0817011328149382,1.0157101489414084,1.0567662993503906,-0.0649584659701993,0.046511627906976875,0.9754838696072105,0.05335427011030641,124.74,ST/MT Ratio (Expanding EWM),META
2023-04-26,1.2932843115678123,1.3381256622953908,1.0346724616748955,0.5982982984577672,0.46261931201536566,0.3981378692686589,0.5327584999999999,0.3981378692686589,0.4668744333225036,1.2098375841727278,1.0411409932878088,0.9079211730004703,-0.11983379631809402,0.03542775083572668,0.9934805615487613,0.07633090598716655,202.84,ST/MT Ratio (Expanding EWM),META
2023-07-26,1.2961800216378814,1.407889160989849,1.0861833522251094,0.40972754466231776,0.31610388821189905,0.32964011859691145,0.46409674999999995,0.32964011859691145,0.27727796867304155,1.0536780177781595,1.1056460322085095,1.0010414581716227,-0.055624281694445346,0.05954844488371374,0.9914563939245468,0.055467409044156625,278.47,ST/MT Ratio (Expanding EWM),META
2022-02-16,1.154368780842606,0.9697410395218207,0.8400617338368936,0.5797517382779659,0.5022240274505595,0.5570120125922838,0.5401574081173828,0.5570120125922838,0.47233983412275876,1.1115968000456933,0.9537228743406967,0.968849937112591,-0.02136474083330139,0.0584277147878473,0.869623062260439,0.022483818078999466,259.03,ST/MT Ratio (Expanding EWM),NVDA
2022-05-25,0.9609973410835493,1.0227343842193042,1.0642426784096455,0.4954888574286182,0.5155985726973414,0.6549462014140787,0.6698360000000001,0.6549462014140787,0.48905430895254215,1.1862384548870166,0.942353830073243,0.9722600713825145,-0.13305875475317072,0.0549592812446467,0.9140567046715768,0.0814355847928714,199.02,ST/MT Ratio (Expanding EWM),NVDA
2022-08-24,1.056474905087866,1.0739484959868142,1.0165395229122787,0.45980711965410814,0.4352276778556008,0.5597940704294087,0.6011900000000001,0.5597940704294087,0.4248647568995696,1.2075249721286954,1.03160565002629,0.9632487062282944,-0.1599857933627283,0.02230268799972342,1.0280224022484175,0.07296758113235198,170.24,ST/MT Ratio (Expanding EWM),NVDA
2022-11-16,1.086248235757898,1.0061547745173216,0.9262659688605216,0.4687653419481499,0.43154531949235575,0.6429321765960709,0.6468892791729506,0.6429321765960709,0.3979476355032882,1.1969556189491508,0.9826828623064996,0.9767859589833198,-0.1772605912439283,0.03871393186862673,0.9607792468688214,0.10835567950230612,118.88,ST/MT Ratio (Expanding EWM),NVDA
2023-02-22,1.3109668865599169,1.0374956353171918,0.7913972854338558,0.7506068683262741,0.5725597465668467,0.5208719101436192,0.5404023333333334,0.5208719101436192,0.477866754234002,1.1352851943454283,0.9365216718538053,0.9791673580087912,-0.11692937871478261,0.01454541457637366,1.0299712071125602,0.061729724402622865,191.93,ST/MT Ratio (Expanding EWM),NVDA
2023-05-24,1.5794639760116804,1.139863153915535,0.7216772089945441,1.1311319342425914,0.7161492452007823,0.39392031267752736,0.4490152500000001,0.39392031267752736,0.3541194328321204,1.22156908560582,0.9858865561762119,1.1023982770983347,-0.1268821563164531,0.027762414015415595,0.8118354142069593,0.07772584599170615,270.42,ST/MT Ratio (Expanding EWM),NVDA
2023-08-23,1.021769456798198,1.3071813885709267,1.2793310466209191,0.4791235497204357,0.46891551370287604,0.450538563468879,0.5889356249999999,0.450538563468879,0.500023217558096,0.9878449595985924,1.0260117703652352,1.067819731424352,0.005199128009188715,0.01791800473500383,1.0908440035030973,-0.0008052710342147396,446.12,ST/MT Ratio (Expanding EWM),NVDA
2022-01-20,1.5946763688253638,1.287197494620326,0.8071841533391968,0.9538510998121332,0.5981471340888675,0.29225282178704115,0.3761871,0.29225282178704115,0.2503773094198821,1.2826958304479974,1.035069107843966,0.9781347823147541,-0.1576047295885399,0.07254800474501952,1.0808454599785957,0.11436704244990527,604.92,ST/MT Ratio (Expanding EWM),NFLX
2022-04-19,1.6278811309839014,1.1643832432799766,0.7152753484993195,1.720648507529305,1.056986578921358,0.412940214866226,0.4808206666666666,0.412940214866226,0.5254473105371849,1.2981298408817699,0.9926238366037701,0.9139084080445845,-0.1720103477401248,0.051280400274222565,1.11893793308046,0.09886573601732769,374.59,ST/MT Ratio (Expanding EWM),NFLX
2022-07-19,0.8118874435925606,1.2612706642410128,1.5535043363399663,0.474877154920303,0.5849051597829815,0.5691724388373011,0.7178804999999999,0.5691724388373011,0.6966642117352395,1.1814584168134077,1.008044183569569,0.9784100366877289,-0.13134161541623238,0.05782136144168134,1.0431823653355243,0.08691016183558882,175.51,ST/MT Ratio (Expanding EWM),NFLX
2022-10-18,1.3990256769577998,1.2508737676977906,0.8941035095351734,0.8116520930391773,0.580155251191762,0.5570673856112,0.6968209795010396,0.5570673856112,0.3823245262227623,1.1338738587402313,0.9783006389098623,0.9749260543292229,-0.15273203923002007,0.04627370627179781,1.2889376767415386,0.09882425764844348,243.63,ST/MT Ratio (Expanding EWM),NFLX
2023-01-19,0.9959097185177385,1.492820630419039,1.4989517650664936,0.4252074026938738,0.42695376376759425,0.4157209452165622,0.6205968035165872,0.4157209452165622,0.46886821990631705,1.0839325276348333,1.0840930592349969,0.9012705623319551,-0.0855243509162843,0.03964693156866236,0.9251548408127784,0.05255798286552582,288.19,ST/MT Ratio (Expanding EWM),NFLX
2023-04-18,0.9398372009346393,1.22533537500221,1.3037740725560252,0.3059226935034357,0.32550604849351034,0.43508309655865746,0.5331227092788253,0.43508309655865746,0.29273082735734884,1.2458402632621635,0.9824315848536532,1.0142701188278593,-0.10118699053316564,0.032684293402305865,1.081511219932564,0.05447777238886195,305.13,ST/MT Ratio (Expanding EWM),NFLX
2023-07-19,1.2903605462690715,1.2491023438783362,0.968025833934532,0.48363718036397246,0.37480778667819126,0.36749844311506463,0.45904316666666667,0.36749844311506463,0.3413298703346977,0.9561960154124286,1.0822589057762648,0.9527350982902064,-0.0037809293273154566,0.058603009396516144,1.0436381109080717,0.02243482446942422,434.7,ST/MT Ratio (Expanding EWM),NFLX
2022-03-22,1.241245885375356,1.068809811267817,0.8610782310425191,0.46627395247311726,0.37564994814231734,0.4210087194710891,0.44997825,0.4210087194710891,0.307923819119192,1.2674328300612612,0.9907864830896521,0.9401548072388738,-0.18328764648220233,0.05996416065411504,1.1844607630193693,0.12414659855671775,442.56,ST/MT Ratio (Expanding EWM),ADBE
2022-06-16,0.9394377410343709,1.1118529241458135,1.1835301857487694,0.262560299733355,0.27948664213156066,0.4216516671814857,0.46881463912669225,0.4216516671814857,0.295465717401749,1.342011436428462,1.013316203998445,0.9495406995452531,-0.19845264584771996,0.06485843627714269,1.3023189197471239,0.1238944347075111,409.65,ST/MT Ratio (Expanding EWM),ADBE
2022-09-15,1.506007579597819,1.2473553709622058,0.828253049891896,0.7173253798967931,0.476309276005341,0.2909395578546691,0.3629050201153909,0.2909395578546691,0.20696876873229061,1.3795921982674624,1.0739911878254698,1.0173294051737545,-0.1676851669058918,0.04982611031864196,0.8124293785310733,0.08654897944934485,447.56,ST/MT Ratio (Expanding EWM),ADBE
2022-12-15,0.9875888973913831,1.2202514763087895,1.2355864667291838,0.3047533729123613,0.3085832310562996,0.3653370936600776,0.4458031278890722,0.3653370936600776,0.36854927293975487,1.175969290677804,1.0993611662637566,0.9077572212302897,-0.09136574103600892,0.028169445259384914,0.9796881873075539,0.03418890659231228,345.96,ST/MT Ratio (Expanding EWM),ADBE
2023-03-15,1.0766820000250843,1.0914987083338052,1.0137614526000953,0.2926301531143559,0.2717888411875914,0.35004458695480484,0.3820732145204099,0.35004458695480484,0.20559162336814185,1.2643779334227054,1.0223367829719103,0.9194363703473016,-0.1481451280306226,0.0419351449508311,0.8809652089342749,0.09205867634179903,375.0,ST/MT Ratio (Expanding EWM),ADBE
2023-06-15,1.0056078215037056,1.217011511878559,1.2102247872920648,0.3214853374302886,0.31969255862545415,0.2753837035318975,0.3351451373820714,0.2753837035318975,0.2579995943690408,1.2919245324261923,1.0827785077105965,0.9165066236770171,-0.19081356398843657,0.03733920677893494,1.11263518860459,0.1027418207142965,345.11,ST/MT Ratio (Expanding EWM),ADBE
2023-09-14,,1.1630951053148706,,,,0.3146518093023893,0.36596997927807706,0.3146518093023893,0.23726145770207102,1.2298262432224991,1.0247075085583117,0.9371444847212264,-0.04391433418150973,0.05486994628215977,0.9357390407153628,0.040664767131737216,518.7,ST/MT Ratio (Expanding EWM),ADBE
2022-03-01,0.9953039324340984,1.0915418818625,1.0966920216953666,0.32149527040817405,0.3230121573235732,0.36072027043311755,0.39374128281451504,0.36072027043311755,0.30704505606468635,1.4190962183751903,0.9797733617969625,1.0706977875909778,-0.12315336743170481,0.09291934163834974,1.0866858445324727,0.10572897832096263,232.63,ST/MT Ratio (Expanding EWM),CRM
2022-05-31,1.4403528282614382,1.0222881142240772,0.7097483992571588,0.6187435551150439,0.4295777694010511,0.5029533365471105,0.5141632179614533,0.5029533365471105,0.3089824617120711,1.3404587145957618,0.9295325459207234,0.9681785093707731,-0.2008385059635577,0.06748340237488908,1.0642624816245767,0.13765129781962082,177.57,ST/MT Ratio (Expanding EWM),CRM
2022-08-24,0.9349618834851872,1.123247861741997,1.2013835874837488,0.3018057814497163,0.3228000914055422,0.4036782667868103,0.45343075000000005,0.4036782667868103,0.37097093784035545,1.3148737068155159,1.0316056500262898,0.9917460501341128,-0.17633448719705458,0.0456386422296152,1.0712543660910987,0.09389155283459555,177.29,ST/MT Ratio (Expanding EWM),CRM
2022-11-30,1.3463602335742293,1.079123233912575,0.8015115174991384,0.5550640396255223,0.4122700788272501,0.4225919758510856,0.4560288196059282,0.4225919758510856,0.23623676484258208,1.1788959826850465,0.9364436314004995,1.0032859907670255,-0.14574599205208272,0.02613942064452588,1.0713188197300638,0.08488845642575166,162.59,ST/MT Ratio (Expanding EWM),CRM
2023-03-01,1.4090013550947562,1.1030591003247718,0.7828658903245629,0.5795358296765136,0.4113096325855127,0.37880843622729415,0.4178480928603128,0.37880843622729415,0.338564295616846,1.1542945957119457,0.9256022520043389,1.0918721176689803,-0.12415356207211475,0.018100005999559778,1.0029913695578336,0.06507335102702039,164.75,ST/MT Ratio (Expanding EWM),CRM
2023-05-31,1.3432234673059824,1.3151714506086574,0.979115897406418,0.3631631428519861,0.270366883613461,0.2584661633133482,0.3399273189380703,0.2584661633133482,0.23780102534490422,1.1331979133291235,1.0570171171650478,1.0819701357717038,-0.12923152409931937,0.049912302864529204,0.8097268384958177,0.056938667500204404,197.79,ST/MT Ratio (Expanding EWM),CRM
2023-08-30,,1.3129833864304516,,,,0.2604652149710311,0.34198649999999997,0.2604652149710311,0.242870788408822,1.1099936922803215,1.0347668100598193,1.0195510611375722,-0.029395689865381765,0.058270060288071156,1.1341499001542983,0.03918259652506417,225.01,ST/MT Ratio (Expanding EWM),CRM
2022-01-26,1.3287065654131343,1.4027329924159766,1.0557131491104097,0.39849926788657064,0.29991517936292084,0.2529882749736899,0.354875,0.2529882749736899,0.22708780574715648,1.1512747986771854,1.1173825537310043,1.0462595105130994,-0.04932429406865434,0.08137487573996277,1.2124834949094827,0.031622143825946435,51.94,ST/MT Ratio (Expanding EWM),INTC
2022-04-28,1.0190948468623109,1.3442771391613237,1.3190893303996345,0.2645010995793326,0.2595451251605329,0.2625580244712048,0.35295075000000004,0.2625580244712048,0.2914654379645407,1.2605992399406305,1.0562709327239002,1.0301071827990356,-0.1785388736791734,0.07343756128556517,0.8960518805723396,0.1263999799106021,52.25,ST/MT Ratio (Expanding EWM),INTC
2022-07-28,1.5374021436879104,1.1914228348200169,0.7749584841621461,0.5358799045132759,0.3485619600007911,0.3283624323509795,0.3912185,0.3283624323509795,0.17160302970756391,1.2145123558435993,1.019102955403482,0.9411401828587964,-0.18466788050441701,0.032080383033245785,1.0779333686126504,0.10160508092428217,37.78,ST/MT Ratio (Expanding EWM),INTC
2022-10-27,1.4424437946688418,1.0867194105074156,0.7533876983795449,0.4725165736863975,0.3275805791759661,0.4502993093419681,0.489349,0.4502993093419681,0.23086017580851578,1.2995646421102052,0.9635920474827844,0.9971938938721195,-0.14586362160712527,0.062387962793060955,1.4019140305273479,0.0855863925735466,26.89,ST/MT Ratio (Expanding EWM),INTC
2023-01-26,1.3090994174313166,1.1437883288287432,0.8737215169441119,0.36977714342246143,0.28246681535312973,0.3594179007063053,0.4110980000000001,0.3594179007063053,0.22481021202588536,1.1923684051628707,1.0293138176339034,0.9094861776921598,-0.15084169612264525,0.05015777570118781,1.0409579649729255,0.098800322366037,25.94,ST/MT Ratio (Expanding EWM),INTC
2023-04-27,0.9141523675250438,1.1588752859862936,1.2677047362725837,0.28162491229075637,0.3080721795352579,0.38037224999999997,0.440804,0.38037224999999997,0.34380307409025707,1.1427938287890191,1.048613574985522,0.8923210582430785,-0.16686666486603977,0.05907342313316797,1.1090939176553323,0.11218758595161765,29.29,ST/MT Ratio (Expanding EWM),INTC
2023-07-27,1.036068161408286,1.2195723894038888,1.177115980232587,0.3960289726599223,0.38224219931786724,0.33940994695880755,0.41393500000000005,0.33940994695880755,0.4319372716799953,1.0713330813020157,1.0847190186181,0.8454092890619306,-0.001842721462193788,0.06098221010698827,1.1427295716514174,0.027887155741075583,34.1,ST/MT Ratio (Expanding EWM),INTC
2022-02-01,1.084884755542084,1.0584170501982957,0.9756032101948348,0.5329284798488013,0.49123049902430704,0.5073942745539085,0.537034751360852,0.5073942745539085,0.47145346391496784,0.913173961774422,1.141347397990183,1.035253989047339,-0.013067507730449877,0.020628840544127707,1.2229545578619812,0.003352697320383458,150.24,ST/MT Ratio (Expanding EWM),AMD
2022-05-03,1.0099171307251873,1.0648346703905225,1.054378263319388,0.47082372520577437,0.466200355337761,0.5051477663556789,0.537898855285858,0.5051477663556789,0.5137302010241094,1.0349588203662299,1.1462920850803797,0.930579514196466,-0.1315336555463869,0.029494282683013136,0.8750066616582458,0.08156370086885384,110.53,ST/MT Ratio (Expanding EWM),AMD
2022-08-02,1.0668857392255389,1.066742590133559,0.9998658252831425,0.44724481974288405,0.41920592177709937,0.5811990295229684,0.6199897581364422,0.5811990295229684,0.4446648292779218,1.1961580391714595,1.0353292771711846,0.9788561132458966,-0.16771262490887107,0.04895743489195093,0.9299813259443674,0.10182236554805331,73.67,ST/MT Ratio (Expanding EWM),AMD
2022-11-01,0.9437478238029504,1.0480215654886753,1.1104889876890425,0.3753928833561527,0.3977682108377849,0.5832347496596807,0.6112425953857342,0.5832347496596807,0.35421579644454715,1.2349634667660065,0.9823574092215739,0.9228095503638348,-0.12586935567583593,0.014565878253132911,1.1907683886176421,0.06695039288011072,66.11,ST/MT Ratio (Expanding EWM),AMD
2023-01-31,1.33352294462745,1.0323011978643284,0.7741158125724829,0.6721510852635235,0.5040416349576229,0.5560867762347231,0.5740490452236174,0.5560867762347231,0.3706619564599275,1.095426625694379,1.0157101489414084,1.0641674012412123,-0.07967205332088369,0.02785813272503263,0.919316764955953,0.04238830516929605,64.77,ST/MT Ratio (Expanding EWM),AMD
2023-05-02,1.3542521306794941,1.1568834542817084,0.8542600215081395,0.6281867691819133,0.46386249277431185,0.4322055562711329,0.5000114568986955,0.4322055562711329,0.41917852617266904,1.1556961875303684,1.0860505635621165,0.9239127723858792,-0.12071909306426314,0.025041190608637798,1.1078782376502,0.0656096552041122,96.56,ST/MT Ratio (Expanding EWM),AMD
2023-08-01,1.0811904123854104,1.1805099740029938,1.0918613044287515,0.47020616493582934,0.43489672082683584,0.40479931898787536,0.4778696335348064,0.40479931898787536,0.49214769222761334,0.9542724907319993,1.0915986114271548,1.010132196653322,0.06944184667320538,0.06147213795305771,1.061504861891295,-0.005710759590227849,115.82,ST/MT Ratio (Expanding EWM),AMD
2022-02-02,1.1381692883049455,1.341395851954501,1.1785556557691144,0.40328236742000195,0.3543254694744074,0.29559333984780983,0.39650767993722924,0.29559333984780983,0.33266755041591,1.1921632623347629,1.141347397990183,0.9404807028677469,-0.12486281264276687,0.0774498117448132,1.0821240391349622,0.08439775359920577,186.21,ST/MT Ratio (Expanding EWM),QCOM
2022-04-27,1.1523312734689282,1.128244660812045,0.9790974928725368,0.4581861827106342,0.3976167212153588,0.36485703349459647,0.411648,0.36485703349459647,0.3349884558093053,1.2108382635296526,1.0627182575632341,0.9110701548931254,-0.1897840102350552,0.059756666583046986,1.1156156525944367,0.12274133192304305,158.45,ST/MT Ratio (Expanding EWM),QCOM
2022-07-27,1.1228161935671663,1.1534960420286482,1.0273240167333288,0.41574526293888014,0.37027009881115547,0.4160100967109188,0.479866,0.4160100967109188,0.30482647183197464,1.2475327400053093,1.0195881672996943,0.9093980815416314,-0.21104720527890602,0.04850739227161141,0.9307985963378314,0.1281380205607086,127.18,ST/MT Ratio (Expanding EWM),QCOM
2022-11-02,1.3354481521623365,1.1139928060308641,0.8341715133059301,0.4092718239528656,0.3064677750987031,0.44162445496889474,0.4919664658026501,0.44162445496889474,0.22898562003395775,1.352803273528486,0.9823574092215741,0.9247682263329706,-0.09905372872301618,0.019144284601500017,1.0948697666389255,0.029093046069134536,117.22,ST/MT Ratio (Expanding EWM),QCOM
2023-02-02,1.0230303812933033,1.1027960362541227,1.0779699766687092,0.31353986919228644,0.30648148376191225,0.42334879674197284,0.4668673749999999,0.42334879674197284,0.2616129141288086,1.1820440159839236,1.0157101489414082,1.0794906602878038,-0.09704236424365113,0.014458574061339081,0.9956493202546449,0.03774502440378146,107.2,ST/MT Ratio (Expanding EWM),QCOM
2023-05-03,1.1907769733726195,1.213943034284803,1.0194545758191567,0.2838418137809476,0.2383668983596708,0.31384057621152617,0.380984581367911,0.31384057621152617,0.23203491479113464,1.2725537023733244,1.0860505635621165,0.9881867040558291,-0.16560124153309166,0.03526267725181956,1.0638957973526137,0.09131873352242906,124.74,ST/MT Ratio (Expanding EWM),QCOM
2023-08-02,1.394921377662215,1.2857743463080002,0.9217539905101053,0.5018736122358728,0.3597863078684591,0.2614704721982252,0.3361920254695172,0.2614704721982252,0.28775943147764266,1.1031085753803596,1.0915986114271548,0.965632582067854,-0.03977601070606625,0.03092863636210004,1.0455486615597707,0.023081855097242913,120.09,ST/MT Ratio (Expanding EWM),QCOM
2022-01-25,1.2868629819293553,1.1646604621701342,0.9050384372887885,0.26749164907467543,0.20786334895859165,0.22039363259719166,0.25668375,0.22039363259719166,0.14867147873261577,1.0468318147790767,1.1173825537310043,1.0372569213061125,-0.07148697582058164,0.18203134801663012,1.013100570657176,0.1200865287024134,191.84,ST/MT Ratio (Expanding EWM),TXN
2022-04-26,0.716808187691983,1.1085659891178972,1.5465308685818961,0.11635280032640498,0.1623206909801685,0.2539411300395407,0.2815105,0.2539411300395407,0.19077238821276865,1.1408565128244808,1.0627182575632341,0.9074107465902033,-0.19181295360206144,0.1023419763412596,1.281917745270736,0.12477044591438309,185.68,ST/MT Ratio (Expanding EWM),TXN
2022-07-26,1.1234993905904878,1.1620144677173267,1.034281351151064,0.23518211008188009,0.20932998455679916,0.30408399363058225,0.35335,0.30408399363058225,0.16409759127564713,1.423427233917479,1.0195881672996943,0.9468118100846136,-0.15062107741591182,0.10329400945188025,0.854436891685731,0.09994446195644013,155.62,ST/MT Ratio (Expanding EWM),TXN
2022-10-25,1.0426062790239707,1.0333796753589166,0.9911504430285116,0.18203687598010546,0.17459790876237397,0.379645070785565,0.39231750000000004,0.379645070785565,0.17251998986092495,1.394678498699195,0.9618506944046483,0.9333883419723231,-0.1947686356383562,0.07547045602023782,1.3294117647058827,0.1281701374608989,160.46,ST/MT Ratio (Expanding EWM),TXN
2023-01-24,1.0483697443957976,1.1349740315253847,1.0826085334802364,0.18350338001045663,0.17503689036372785,0.2734476660958376,0.310356,0.2734476660958376,0.15236741989934108,1.216026448239968,1.086481503301743,0.8550343926322947,-0.16204102918927862,0.03896723069323459,0.8966161671499537,0.09398354731856887,164.38,ST/MT Ratio (Expanding EWM),TXN
2023-04-25,1.033581516911496,1.1134802832696242,1.0773028203879635,0.1776148849701061,0.17184409943866577,0.2687977546590518,0.299301,0.2687977546590518,0.16614296567446465,1.3021039866715125,1.0411409932878088,0.8365471488680659,-0.16957025204106324,0.036580790699864654,1.0776526388560728,0.08849991506110791,177.05,ST/MT Ratio (Expanding EWM),TXN
2023-07-25,1.3421341101203483,1.2469862882141818,0.9291070682216439,0.33745256151862774,0.25142983772938204,0.20209564642519537,0.2520105,0.20209564642519537,0.18041083446274864,1.2092683692916293,1.1056460322085095,0.9809875116260169,-0.12971579795190422,0.045987803474859056,0.9290040384043919,0.08770662297978865,168.745,ST/MT Ratio (Expanding EWM),TXN
2022-03-03,1.0373229367134222,1.1199001319316009,1.0796060631608226,0.2621341210400977,0.2527025208471956,0.319744579162571,0.35808199638857746,0.319744579162571,0.28779780003520244,1.5959175694267704,1.017069061526359,0.9262632960848798,-0.15285712212606842,0.08212039272026005,1.0309062257934756,0.09718110520433276,592.72,ST/MT Ratio (Expanding EWM),AVGO
2022-05-26,1.1991280392470915,0.9491943766115278,0.791570495847556,0.33311127918045413,0.27779458763186626,0.43014424659523565,0.4082905,0.43014424659523565,0.21578282266405857,1.4318440023435313,0.9371444128016811,1.0585328617502299,-0.1818991018485056,0.06187340213361177,0.7921494405522111,0.11996739580688696,560.07,ST/MT Ratio (Expanding EWM),AVGO
2022-09-01,1.0989945575492965,1.1255362990492253,1.0241509307917915,0.2315314056823449,0.21067566176000768,0.2982198464936273,0.33565726232546533,0.2982198464936273,0.18077437193304952,1.1734679466860825,1.022439779994613,0.992135501442362,-0.21335867322905003,0.03033965206373954,0.8598076281164063,0.11957230069932336,531.21,ST/MT Ratio (Expanding EWM),AVGO
2022-12-08,1.0714156566020547,1.084348376322173,1.0120706839035132,0.2266487016373638,0.2115413380799098,0.36381699563467595,0.394504368494872,0.36381699563467595,0.21146726304110955,1.2409077100166392,0.9978149125454449,0.9135751578382889,-0.18048162995492004,0.027593811415773613,0.9109841741036011,0.10058870656819333,482.11,ST/MT Ratio (Expanding EWM),AVGO
2023-03-02,1.1445479867649622,1.0188357471059881,0.8901642909579556,0.21486738157971158,0.18773121272706894,0.2988613486623577,0.3044906254455164,0.2988613486623577,0.18604946098579234,1.246798614579991,0.9297684409696266,1.0617963193017808,-0.15432354303195298,0.046852415767390326,0.933629209894942,0.08805626944406869,585.01,ST/MT Ratio (Expanding EWM),AVGO
2023-06-01,1.3876612438226867,1.0941687266429265,0.7884984404614083,0.5144925642239336,0.37076236474445684,0.2714214991362457,0.29698091609342014,0.2714214991362457,0.1739055842195892,1.3803932238340038,1.022705222238183,1.0929756704425342,-0.17537073132115363,0.05340328250464838,0.8500433763337996,0.09251047727720847,612.34,ST/MT Ratio (Expanding EWM),AVGO
2023-08-31,,1.1843598638585653,,,,0.28662782671537684,0.33947049382670014,0.28662782671537684,0.30084823602367594,1.022780159584383,1.0590396280806758,0.9485057770483165,-0.046710579162984864,0.046924786462098425,1.0201293701697451,0.03822763968557458,920.0,ST/MT Ratio (Expanding EWM),AVGO
2022-01-14,1.3414850707767572,1.041240038170892,0.7761845888959353,0.351159767678537,0.26176941907762397,0.23263800000000004,0.242232,0.23263800000000004,0.18346280953153374,1.350774434153498,1.089676993553923,0.9336979951863313,-0.10201917374100403,0.23224835571450053,1.33624238237632,0.16282901119370066,157.94,ST/MT Ratio (Expanding EWM),JPM
2022-04-13,1.139506692949576,0.943384246732932,0.8278882893535381,0.27302127671023546,0.23959602729803084,0.4003072232194941,0.3776435282386741,0.4003072232194941,0.2563860295702715,1.436325180411542,0.9542324098420132,0.9023649487053905,-0.26169633190924646,0.09495593867501681,1.363463934543319,0.18195857027756035,130.17,ST/MT Ratio (Expanding EWM),JPM
2022-07-14,1.126291359075337,0.9640316168513603,0.8559344871852798,0.2344596847329411,0.2081696559631141,0.3738029103373291,0.36035782403623945,0.3738029103373291,0.21244532131067448,1.4146494803759306,0.9710660970008802,0.9831901735403589,-0.20775826868109437,0.08593802459053604,0.7968235513580815,0.13783877217368762,114.06,ST/MT Ratio (Expanding EWM),JPM
2022-10-14,1.31072359792172,1.046754220743288,0.7986079005543342,0.2919886346978772,0.22276903777490056,0.3062733,0.3205928694759753,0.3062733,0.15529773011708917,1.4154007408896419,0.9965053392997464,1.0484442957510873,-0.24442160350138212,0.06729680797820677,1.1379889645523993,0.1617987163601619,116.12,ST/MT Ratio (Expanding EWM),JPM
2023-01-13,1.0174739103856862,1.2149338004675982,1.1940687501334186,0.17051191898100165,0.16758357854735262,0.21619925,0.2626677764607444,0.21619925,0.1847868477886445,1.133738683443302,1.104203583609408,1.0441157895945528,-0.21439113173725122,0.05125644719622569,0.7967932338601417,0.14603971411533287,133.41,ST/MT Ratio (Expanding EWM),JPM
2023-04-14,1.2813479063058224,0.8941427419736918,0.6978141826848114,0.38378004147812406,0.29951275495862584,0.41720480000000004,0.37304064383658575,0.41720480000000004,0.2515686446501442,1.5641711908623,0.9253931524990592,1.053960461974618,-0.23233531312620728,0.05882060910223321,1.0647790400399824,0.15145549149205456,128.26,ST/MT Ratio (Expanding EWM),JPM
2023-07-14,0.9060754337142405,1.1468270408649999,1.2657081278143205,0.15349513459590125,0.16940657354176847,0.174885,0.2005628470416755,0.174885,0.17319152067986004,1.3760555660647333,1.0318110532376739,1.0085904356527744,-0.23981572701886283,0.07976001658270533,1.1204992836433196,0.12625184327419786,141.49,ST/MT Ratio (Expanding EWM),JPM
2023-10-13,,1.1260558860451073,,,,0.1757231339294248,0.19787406927552148,0.1757231339294248,0.1396139018697757,1.351646481110859,1.102519621880094,0.9863326706749419,-0.12858784419031932,0.08907623957674009,0.8250626134393284,0.06482869315834816,160.0,ST/MT Ratio (Expanding EWM),JPM
2022-01-19,0.963229804275503,0.9970307669741704,1.035091275777218,0.2253986811861752,0.23400301795656095,0.2965132946428156,0.2956328775757646,0.2965132946428156,0.23047307881394963,1.3155591872877794,1.0045404594530685,0.9283253147634837,-0.1785646873515188,0.08802127064091778,1.2809734928307457,0.12831013980915967,43.16,ST/MT Ratio (Expanding EWM),BAC
2022-04-18,0.9803862741462855,1.0437082190966234,1.064588771405922,0.24712735561133903,0.2520714152455225,0.3061104570744236,0.31949,0.3061104570744236,0.2812249745210486,1.4036993590152969,0.9949513224957915,0.918783042217899,-0.23728060377648552,0.056065988811302904,1.6103830294215489,0.14608967048796595,42.9,ST/MT Ratio (Expanding EWM),BAC
2022-07-18,1.1478140027963242,1.0415737717583613,0.9074412485131401,0.277714833411552,0.24195107633726226,0.3678956886108091,0.38319050000000004,0.3678956886108091,0.2115652187583896,1.3055657922655142,1.008044183569569,1.0138716652750535,-0.23155716402006388,0.07106518179691794,0.86053874529461,0.15135231721382042,31.92,ST/MT Ratio (Expanding EWM),BAC
2022-10-17,1.276560630695095,1.045811496843948,0.8192415398824398,0.30609754417320745,0.2397830050630149,0.3342366201317045,0.3495485,0.3342366201317045,0.1994585086168659,1.432863210452939,0.995198466543168,1.0393313867245444,-0.21323610053198602,0.07165660836003808,1.1545502482142795,0.14352697033038103,34.12,ST/MT Ratio (Expanding EWM),BAC
2023-01-13,0.9418990634446347,1.2139942345972938,1.2888793308250837,0.1823078028863142,0.1935534389636118,0.25603581231430417,0.31082600000000005,0.25603581231430417,0.20784520651627425,1.2029603106561095,1.104203583609408,1.0358068866977477,-0.1779627592631131,0.05778953731505984,0.8082604990324358,0.11734687813246605,32.28,ST/MT Ratio (Expanding EWM),BAC
2023-04-18,0.9833432178854845,0.992968368257956,1.0097881901226398,0.2682388546480385,0.272782533879515,0.453216481133013,0.4500296297382606,0.453216481133013,0.24610456598561573,1.442800960972694,0.9824315848536533,1.0040107359624242,-0.13570745065193474,0.03237432707183745,1.0339559907027667,0.05830989018438177,27.75,ST/MT Ratio (Expanding EWM),BAC
2023-07-18,1.0487478871437683,1.104369222396778,1.0530359449919777,0.23809045361824274,0.22702353591068922,0.2271323710521506,0.250838,0.2271323710521506,0.2111902677116342,1.3732986499891437,1.1044487536014385,0.9946677910774775,-0.08370383591873817,0.20016875446225718,0.799504428682163,0.14186681377698998,29.19,ST/MT Ratio (Expanding EWM),BAC
2022-04-14,0.9879559291389922,0.9616381469286651,0.9733613803671757,0.30290130155600964,0.30659394070339696,0.4467678423242399,0.4296290000000001,0.4467678423242399,0.33122129164760133,1.303692943792916,0.9481886809211341,0.9287063278201079,-0.19829435240295207,0.0562821184648421,1.3585136152260824,0.12810513141426783,50.11,ST/MT Ratio (Expanding EWM),WFC
2022-07-15,1.0197903402538842,0.9970658071832157,0.9777164656560573,0.26950034851548077,0.2642703484016006,0.42582996723102073,0.42458049999999997,0.42582996723102073,0.24579208925766385,1.328479222531987,0.9709843231793127,0.9951860899554533,-0.17377659315838095,0.07252699650360493,0.837251905006865,0.08767218672503498,38.17,ST/MT Ratio (Expanding EWM),WFC
2022-10-14,1.2733878460731989,1.0508170535418688,0.825213666662768,0.28583418917409953,0.22446750222686573,0.351703817708063,0.3695763694434134,0.351703817708063,0.1845801829642346,1.35848544898129,0.9965053392997464,1.0794610877489867,-0.22711353466655085,0.05829597073267039,1.1593876355262958,0.1450177016496934,43.28,ST/MT Ratio (Expanding EWM),WFC
2023-01-13,0.9150644291428445,1.2284468665318908,1.3424703522598913,0.18412166772868907,0.20121169817644294,0.25465076163959166,0.3128249301961158,0.25465076163959166,0.21201281303411168,1.2812801593972791,1.104203583609408,1.0633548612468449,-0.18576247323497486,0.03327369254685697,0.8096010055995049,0.1102888227927362,42.18,ST/MT Ratio (Expanding EWM),WFC
2023-07-14,0.8064792224005486,1.056211005389617,1.309656809565065,0.18557464379693228,0.23010468049574148,0.2775463411232524,0.2931475,0.2775463411232524,0.26982764841319673,1.2923533324183654,1.0318110532376739,0.9738923152597527,-0.18663636245904408,0.07245166219873864,1.1796103712586743,0.09042378629094025,42.08,ST/MT Ratio (Expanding EWM),WFC
2023-10-13,,1.0720590600662638,,,,0.22601390075004213,0.24230025,0.22601390075004213,0.1798934488488621,1.3381189369543511,1.102519621880094,0.963324588795083,-0.096258285321103,0.060688650645959095,0.7845363806051896,0.06710462910976617,160.0,ST/MT Ratio (Expanding EWM),WFC
2022-01-18,1.2467770630124593,1.0201012865868107,0.8181906106951028,0.34204884247786976,0.27434643500050626,0.30839988536725205,0.31459911984635874,0.30839988536725205,0.23715023037992103,1.3528608616952125,1.0045404594530685,0.8986538801806537,-0.18105015625829127,0.10575013754639584,1.429527896995708,0.14006014870095523,371.61,ST/MT Ratio (Expanding EWM),GS
2022-04-14,1.0381293780638838,0.9697769120815161,0.9341580467457289,0.20551435320969327,0.19796603154895637,0.3869051345647293,0.3752116666666666,0.3869051345647293,0.19812139371729415,1.4183670944881672,0.9481886809211341,0.9338842975206612,-0.280100056754882,0.0849333305306231,1.2745521800246125,0.1820313550584966,329.16,ST/MT Ratio (Expanding EWM),GS
2022-07-18,1.1860280723615606,1.0331513281853995,0.8711019176200775,0.269128657919391,0.22691592567747176,0.3651036620122733,0.37720733333333334,0.3651036620122733,0.19485146341471946,1.37066268614026,1.008044183569569,0.9970111604901291,-0.2560591911745876,0.07235008015187043,0.8492260362647351,0.16429010448678547,279.79,ST/MT Ratio (Expanding EWM),GS
2022-10-18,1.0367655110836653,1.0614308130000463,1.0237906273431105,0.1778407194473561,0.1715341777346263,0.3052938404463406,0.32404828926886575,0.3052938404463406,0.15115326841084464,1.5754717319880072,0.9783006389098623,0.9945097317385109,-0.2619721545889404,0.0722557463470049,1.284084017636164,0.16521018844481253,328.66,ST/MT Ratio (Expanding EWM),GS
2023-01-17,1.5575400344854573,1.2549947769786551,0.8057544263337347,0.41111336635964746,0.26395043289879944,0.2337844612764413,0.2933982778407025,0.2337844612764413,0.1650892803400463,1.4262970164323283,1.1002363071823262,1.0028768464865747,-0.19804284580798726,0.04295160010579216,0.8753437050334089,0.12383995690393979,344.61,ST/MT Ratio (Expanding EWM),GS
2023-04-18,0.8318890331742125,1.0072444455809049,1.2107918308979195,0.16743336513176268,0.20126886935014943,0.3695115587416969,0.37218846512051645,0.3695115587416969,0.24215630883803774,1.575737797615467,0.9824315848536533,1.0217515715777683,-0.17822373425101182,0.04054145353816918,1.0700561335264307,0.08955243048866637,309.53,ST/MT Ratio (Expanding EWM),GS
2023-07-19,1.0900325232755477,1.104853642918447,1.0135969517665049,0.23239237115041178,0.21319764886654274,0.2182571132495838,0.2411421666666667,0.2182571132495838,0.17549873923508572,1.6263356518078715,1.0822589057762648,1.0044630912730996,-0.18045378664541858,0.05366815846940593,0.7422302819169879,0.08639433298197345,330.72,ST/MT Ratio (Expanding EWM),GS
2022-01-19,1.3360467834650498,1.0081661747556698,0.7545889763987017,0.4159891566032426,0.3113582261875373,0.32159008913245296,0.32421625000000004,0.32159008913245296,0.23892145770638898,1.2420882219300013,1.0045404594530685,0.9296953689818027,-0.22663472650231117,0.12143080701078547,1.2573926040848762,0.1737007419174323,95.37,ST/MT Ratio (Expanding EWM),MS
2022-04-14,0.8980019247238198,0.9601923905693579,1.069254267873273,0.22332253719865777,0.24868826118311554,0.4086471407749165,0.392379875,0.4086471407749165,0.26291934020697644,1.2812283266290374,0.9481886809211341,0.9258475447881652,-0.22631256346686904,0.06101183669361946,1.3683466025737319,0.14430377098442065,86.33,ST/MT Ratio (Expanding EWM),MS
2022-07-14,1.0653650382553055,0.9660008568674162,0.906732267514041,0.20249960253656452,0.19007532185229944,0.42550224216035115,0.411035530525906,0.42550224216035115,0.1680291998960539,1.3438456031529378,0.9710660970008802,0.9673084576965547,-0.22597445586854525,0.06283169551222044,0.8243005120567954,0.1451275383853392,74.96,ST/MT Ratio (Expanding EWM),MS
2022-10-14,1.2403457454139462,1.027750555702042,0.828600057284065,0.2125695446820104,0.1713792670051596,0.3224741666666666,0.33142300399121954,0.3224741666666666,0.13039259837438388,1.4864017501628584,0.9965053392997464,1.0739230929433012,-0.23929346910357938,0.07102822753702853,1.1483504949519105,0.15701471435804182,87.18,ST/MT Ratio (Expanding EWM),MS
2023-01-17,1.4148348876596921,1.1070010930962144,0.7824242268490622,0.312212890574688,0.2206709018118191,0.26914664028620267,0.297945625,0.26914664028620267,0.15978512698653638,1.354163245509851,1.1002363071823262,0.9878279573161463,-0.17449728976960152,0.04489865007828695,0.8412820164281414,0.1106636120362706,85.55,ST/MT Ratio (Expanding EWM),MS
2023-04-19,0.9179179021585745,1.0167226008558983,1.1076400171137035,0.19130316152363755,0.20840988183558606,0.37126129554141724,0.37746975000000005,0.37126129554141724,0.21164504673588216,1.5749727430475577,0.9824315848536533,0.975507668880674,-0.19246165822158232,0.04581501054694169,1.1272484377568526,0.11131144197430147,85.64,ST/MT Ratio (Expanding EWM),MS
2023-07-18,1.255319272254102,1.1668077939799943,0.9294908632166756,0.284849926825751,0.22691432619708207,0.20428157364328295,0.23835733229348074,0.20428157364328295,0.17251295396178148,1.5332694628430352,1.1044487536014385,1.0204156675020923,-0.2067440868202246,0.06291769189785476,0.8074908600154237,0.1357724764471349,88.09,ST/MT Ratio (Expanding EWM),MS
2022-01-14,0.9692214032564258,1.0049701921727237,1.0368840275257931,0.21967637014438682,0.22665241337666509,0.2602076660431646,0.261500948148215,0.2602076660431646,0.20610591773059234,1.2009786185627402,1.089676993553923,0.9691471806490345,-0.185849027237354,0.1404015564202332,1.341112131585539,0.16243777999004474,60.24,ST/MT Ratio (Expanding EWM),C
2022-04-14,1.0676375554163977,0.9636552015742392,0.902605192825384,0.2538883380315984,0.23780386587522898,0.4110598887993272,0.39612,0.4110598887993272,0.2510738235854525,1.3335732675602374,0.9481886809211341,0.8922553866233521,-0.23511998683244917,0.05574180709785449,1.4999972155136725,0.14811773403658848,55.11,ST/MT Ratio (Expanding EWM),C
2022-07-15,1.4372370373183896,1.0203311128711654,0.709925423836077,0.5556224728186485,0.3865907003449717,0.3793175520355511,0.3870295,0.3793175520355511,0.258746376335586,1.2696435619309443,0.9709843231793127,0.9855764399163979,-0.17574281568003874,0.057406580934619124,0.8844429573359615,0.09314108462531169,47.58,ST/MT Ratio (Expanding EWM),C
2022-10-14,1.1485438189876476,0.9592495428124459,0.8351875888008784,0.25514086705491434,0.22214291073352452,0.347729140960478,0.3335590194889031,0.347729140960478,0.23238232910605566,1.2963550069410572,0.9965053392997464,1.0603591582128906,-0.2150604802639359,0.06374610721790816,1.1513414342497343,0.14064847897953045,48.43,ST/MT Ratio (Expanding EWM),C
2023-04-14,0.9649453549025114,0.8655794323557957,0.8970243008664934,0.2777483934972608,0.28783846886886333,0.5319728601578847,0.4604647663241509,0.5319728601578847,0.3290510725261779,1.3899490674732358,0.9253931524990592,1.0138428169162135,-0.18109242440857742,0.04477364942328168,1.0853579628695893,0.11313056379821948,44.82,ST/MT Ratio (Expanding EWM),C
2023-07-14,1.1581034598855264,0.9462982809454623,0.8171103133039598,0.24627593524283997,0.21265451988821732,0.25944330127568876,0.24551074999999994,0.25944330127568876,0.20652936234553976,1.3430074683920925,1.0318110532376739,0.9887797470132287,-0.19439137506125678,0.0710825917429562,1.122340637529593,0.1039467582177986,48.24,ST/MT Ratio (Expanding EWM),C
2023-10-13,,1.1432137493141463,,,,0.21092395511083342,0.24113116554242456,0.21092395511083342,0.16140609519692198,1.397669290764633,1.102519621880094,0.9740892863085135,-0.07120320731650774,0.09479933530659118,0.8351718895521232,0.0394779985572824,160.0,ST/MT Ratio (Expanding EWM),C
2022-01-19,1.3954968550742721,1.0067469566606626,0.7214254571767421,0.4115104477783666,0.2948845397121765,0.2833542213489429,0.285266,0.2833542213489429,0.22206730947173228,1.5836623326807626,1.0045404594530685,0.9589495284721739,-0.15893652643988646,0.13259736013922507,1.335772685868297,0.14353891941241034,54.87,ST/MT Ratio (Expanding EWM),USB
2022-04-14,1.1567006787069565,0.967331698018104,0.8362852342227872,0.3159302405883607,0.2731305050685458,0.3562663672720359,0.34462775,0.3562663672720359,0.2753715810846314,1.0571332484770568,0.9481886809211341,0.9476689385670124,-0.14960653725576742,0.18980231633618627,1.3355661341053253,0.1785583741501572,54.4,ST/MT Ratio (Expanding EWM),USB
2022-07-15,1.14263874966302,1.010280483285391,0.8841643814226823,0.24481975784562415,0.21425823158703913,0.31165849999999995,0.3148625,0.31165849999999995,0.21392478548088578,1.4516165098967049,0.9709843231793127,0.9813614149811302,-0.20386940363972753,0.05546960425184243,0.8262482172508617,0.1100658611934423,46.36,ST/MT Ratio (Expanding EWM),USB
2022-10-14,1.4970485197751286,1.0447246950626448,0.6978562693609774,0.40776899906732506,0.27238195267617377,0.28029325,0.29282928013436765,0.28029325,0.1681126903565707,1.3631110049647546,0.9965053392997464,1.0717049869532969,-0.24896549745766977,0.11525111339008488,1.136299462364496,0.19462523010914798,45.1,ST/MT Ratio (Expanding EWM),USB
2023-01-25,1.3003645361788894,1.1447965591998392,0.8803658722990206,0.31968913389349823,0.2458457801632319,0.2396513142839629,0.27435200000000004,0.2396513142839629,0.19544003076091998,1.3128194072367165,1.0293138176339034,0.888659947792378,0.4784428919031449,0.7718273597842574,0.9137052471397957,0.15902659001494182,43.65,ST/MT Ratio (Expanding EWM),USB
2023-04-19,0.842893294582068,0.9370043231416433,1.1116523635488622,0.34354137371557336,0.40757397872753465,0.5715571281510969,0.5355515000000001,0.5715571281510969,0.46286465928613957,1.263084155316288,0.9824315848536532,0.9282700842766669,0.012192580017835608,0.36099835612906006,1.1215857629357198,0.16008643453305807,34.45,ST/MT Ratio (Expanding EWM),USB
2023-07-19,1.0585948473152929,1.1004883898685087,1.0395746707623434,0.3625474600475898,0.3424799024547003,0.35581452162960714,0.39156975000000005,0.35581452162960714,0.3609215812121626,1.5741877638073452,1.0822589057762648,0.958321709535234,-0.1071708172710066,0.28666917717943885,0.4921618990194829,0.19442246835443033,33.58,ST/MT Ratio (Expanding EWM),USB
2022-01-14,1.1220414039443627,1.0883206902449019,0.9699469969816435,0.16863207165034036,0.1502904180340765,0.25654662500000003,0.27920500000000004,0.25654662500000003,0.1466768881617803,1.29956630286944,1.089676993553923,0.9222718388166595,-0.23334772591686798,0.13334014509042577,1.4935585343881224,0.18173140538031862,914.91,ST/MT Ratio (Expanding EWM),BLK
2022-04-13,1.0630139199828839,0.9435330161895239,0.8876017505064432,0.21819614136425766,0.2052617912734115,0.40640715316905096,0.3834585670305925,0.40640715316905096,0.23151521156094418,1.4113427160881657,0.9542324098420132,0.9528079606542378,-0.20441095265533477,0.09016073657927569,1.1869710182097974,0.12625575215503274,697.53,ST/MT Ratio (Expanding EWM),BLK
2022-07-15,0.9575481490092738,0.9965350972940153,1.0407153920406815,0.1834094011765409,0.1915406565887107,0.3643949262995156,0.36313233333333333,0.3643949262995156,0.20218679003799972,1.3985620261701603,0.9709843231793127,0.9557558564458511,-0.16722972704422723,0.07196468061360603,0.8791613204408925,0.07238356865277096,599.9,ST/MT Ratio (Expanding EWM),BLK
2022-10-13,1.2264661288286243,0.9964639667685636,0.8124675792883644,0.23977390365887738,0.1954998169316597,0.3407145605706827,0.33950978256207054,0.3407145605706827,0.1879063376090195,1.6524174014782775,0.9839327747267964,1.0886723139926529,-0.15286676648989223,0.06724039608066769,1.139702764512474,0.07804235154746042,644.91,ST/MT Ratio (Expanding EWM),BLK
2023-01-13,0.9099929399935759,1.1263109642467526,1.2377139588079704,0.20696830795757543,0.22743946558424566,0.2929803673008606,0.32998700000000003,0.2929803673008606,0.2688774134277413,1.238922562866225,1.104203583609408,1.0531253542126233,-0.17094979467479135,0.07135382169823802,0.8713694143448715,0.10505322187368411,711.52,ST/MT Ratio (Expanding EWM),BLK
2023-04-14,1.187131926029923,0.9460242328911995,0.7968989900347049,0.18384001154740962,0.15486064144717115,0.39389882455177,0.3726378333333334,0.39389882455177,0.13110527906003602,1.4052834448551776,0.9253931524990592,1.0868820819325116,-0.15586066160675943,0.0443040240584277,1.0783306952862604,0.08343441039166201,631.74,ST/MT Ratio (Expanding EWM),BLK
2023-07-14,1.0144893945033304,1.1395248584474582,1.1232496511265573,0.15540333303147177,0.15318379262856022,0.2044197031828717,0.2329413333333333,0.2044197031828717,0.14811099128170854,1.2867881504956618,1.0318110532376739,0.97871123155676,-0.2048887794972771,0.06584007630064882,1.0972495337119903,0.1020763183240131,692.45,ST/MT Ratio (Expanding EWM),BLK
2023-10-13,,1.1011856578135966,,,,0.18183636731234246,0.2002355997532766,0.18183636731234246,0.13171496190579196,1.1558520933075278,1.102519621880094,0.9895037307827131,-0.10551939836229836,0.0733929167889714,0.8513239868678425,0.06725167943283505,160.0,ST/MT Ratio (Expanding EWM),BLK
2022-01-18,0.937604637911146,1.020064333688355,1.0879471927111175,0.2147587336894666,0.22905041742105658,0.3267901729243701,0.33334699999999995,0.3267901729243701,0.2365620170846774,1.1908652071775465,1.0045404594530685,0.8991336517806882,-0.2546729653079611,0.1494738098774654,1.4064338902837594,0.20921587684607998,80.68,ST/MT Ratio (Expanding EWM),SCHW
2022-04-18,1.2745604747766883,1.042312932180465,0.817782249495133,0.5155642657772426,0.40450357278462834,0.32449899599004434,0.3382295,0.32449899599004434,0.3422746816276709,1.342948156854899,0.9949513224957915,0.9467509198938675,-0.19838238166804606,0.0961334563352577,1.4755686106589403,0.13997621398438206,90.0,ST/MT Ratio (Expanding EWM),SCHW
2022-07-18,0.6047092050856373,1.0423557380224568,1.723730562154815,0.12898110160859963,0.2132944240369777,0.41586234352428064,0.4334765,0.41586234352428064,0.281226433051874,1.273798191032138,1.008044183569569,0.9812379615851351,-0.23259551834318284,0.07599499359316843,0.8303159564884826,0.15367887454670404,59.99,ST/MT Ratio (Expanding EWM),SCHW
2022-10-17,1.2729388156027739,1.0961207028459132,0.8610945706191447,0.3217684202366304,0.2527760299965899,0.337139645849903,0.369545745566218,0.337139645849903,0.2060245037966367,1.2803274707739272,0.995198466543168,1.0391427498380275,-0.18626517855728664,0.04281170309424434,1.0848686409832633,0.11494140287396734,71.87,ST/MT Ratio (Expanding EWM),SCHW
2023-01-18,1.1216643045808008,1.1571672669490223,1.0316520390487864,0.31197745523653275,0.2781379900942181,0.26508662684712847,0.30674956749342697,0.26508662684712847,0.26744075171710135,1.276245009455768,1.1002363071823262,1.0008022857575356,-0.2055835164128763,0.0513126897756534,0.7787824576127689,0.12342690644069587,78.26,ST/MT Ratio (Expanding EWM),SCHW
2023-04-17,0.8296316559821513,0.9517109262607736,1.147148761017442,0.45944060100838446,0.5537886575271531,0.7739323491789968,0.7365598729003194,0.7739323491789968,0.6611813694750643,1.2367682398425732,0.96085128813107,1.0529739147075123,-0.12101764927485188,0.03309877952509964,0.9650737913671955,0.04804167541658837,56.41,ST/MT Ratio (Expanding EWM),SCHW
2023-07-18,1.4155055951713476,1.2087105113632626,0.853907264998799,0.6145110763696058,0.43412832733820383,0.2920204784365313,0.35296822181956433,0.2920204784365313,0.3110714681004622,1.1389857334691753,1.1044487536014385,1.0357940590388803,-0.14718839386645433,0.40347659057896484,0.6940185660332052,0.2513740525037315,54.4,ST/MT Ratio (Expanding EWM),SCHW
2022-01-25,1.3738753003593551,1.1555576360503297,0.8410935371995395,0.5024561176758375,0.36572177805686845,0.25420410963145246,0.29374750000000005,0.25420410963145246,0.26711219676856734,1.2662981237314148,1.1173825537310043,1.026472739240136,-0.06097406749682508,0.20662998580382932,1.0784055351411157,0.11612240317580552,164.39,ST/MT Ratio (Expanding EWM),AXP
2023-04-20,0.7270683787970171,1.0702589719743176,1.4720196933129344,0.17063227967869302,0.2346853262426506,0.28741345916109245,0.30760683333333333,0.28741345916109245,0.29694952087895515,1.506806183244439,0.9889070350729989,0.9652283690081397,-0.15790624402166065,0.06274474589373512,1.0264473507565115,0.10358248802862274,164.56,ST/MT Ratio (Expanding EWM),AXP
2022-01-25,1.2473093559088158,1.1007435487802324,0.8824944217452835,0.37053688147213043,0.29706895063105615,0.2852453692305833,0.313982,0.2852453692305833,0.2632410571832952,1.1498983897380681,1.1173825537310043,1.004513825799635,-0.048810961363571576,0.2697365005300807,1.004650732355737,0.1531841021471697,145.89,ST/MT Ratio (Expanding EWM),COF
2022-04-26,1.1958667864942458,1.1335369527840402,0.9478789490483892,0.3701963477992294,0.30956319882792455,0.3267748784812402,0.37041140000000006,0.3267748784812402,0.3103568092210215,1.1553285450575301,1.0627182575632341,0.9262866038112494,-0.17435847490729525,0.04813082998587823,1.4939578325281755,0.10769259369422961,133.25,ST/MT Ratio (Expanding EWM),COF
2022-07-21,1.1349598281957398,1.0289124523308766,0.9065628815837049,0.34378644197517794,0.3029062645518473,0.4658574195638744,0.4793265000000001,0.4658574195638744,0.3167238730588691,1.3693792273492085,1.0051525978764078,0.9685309520165557,-0.17673707917043968,0.05329236739085319,0.8830954981191603,0.09691120213039184,106.46,ST/MT Ratio (Expanding EWM),COF
2022-10-27,0.9540892127676451,0.9673846001787709,1.0139351616528167,0.22223864656406783,0.23293277357092484,0.5019077985221942,0.485537875,0.5019077985221942,0.24375395766358177,1.2838175442135278,0.9635920474827844,0.9734093791447629,-0.18782626424871118,0.056754905385698926,1.1998642571059912,0.11844319063158966,91.39,ST/MT Ratio (Expanding EWM),COF
2023-01-24,1.316940479300664,1.1848250530950957,0.899680032406836,0.4997780020593924,0.37949930912958946,0.3442336266730383,0.407856625,0.3442336266730383,0.3155418087313725,1.3586146369146406,1.086481503301743,0.8475687442888227,-0.15477912526003257,0.05311040838802328,1.0116180128715493,0.10334359808848968,90.69,ST/MT Ratio (Expanding EWM),COF
2023-04-27,1.0330913908834678,1.0978370160244422,1.0626717304125495,0.2881674512962221,0.2789370367802506,0.41174600000000006,0.45203000000000004,0.41174600000000006,0.30512311689691674,1.2929062497566899,1.048613574985522,0.8200410636958739,-0.2504429247502229,0.1050946167754695,1.5110545793613104,0.17460723978441178,91.12,ST/MT Ratio (Expanding EWM),COF
2023-07-20,1.0307065443393422,1.2668175680796732,1.2290768648332124,0.2520651884570424,0.24455572717704052,0.2779944870308677,0.35216830000000005,0.2779944870308677,0.27909495624780095,1.4553558222674359,1.0822589057762648,0.9713049143403405,-0.1349936633770156,0.06526384619532946,0.7337859395288443,0.07003527498754217,109.12,ST/MT Ratio (Expanding EWM),COF
2022-01-18,1.115026528898826,1.0090490415721451,0.9049551875403883,0.2789698946808562,0.25019126222616456,0.29675022180892763,0.2994355269026199,0.29675022180892763,0.21751417530481565,1.408023322018711,1.0045404594530685,0.8955157572862941,-0.19819111168715856,0.21095850819601317,1.4916997048783955,0.1876266854675244,192.55,ST/MT Ratio (Expanding EWM),PNC
2022-04-14,0.8823418998917257,0.9386190132745695,1.0637815266278863,0.19787816964815855,0.22426473192811158,0.37191501031088053,0.3490865,0.37191501031088053,0.25874713272603533,1.415917751689008,0.9481886809211341,0.9246859546410504,-0.16368162818248874,0.20752117933701406,1.3686088331513726,0.1885470674408767,185.24,ST/MT Ratio (Expanding EWM),PNC
2022-07-15,0.9693261490891699,0.9646290878132127,0.995154302522045,0.17346293310277938,0.178952082604781,0.35693771248443984,0.34431249999999997,0.35693771248443984,0.19352309912938478,1.416195779117366,0.9709843231793127,0.968204158065279,-0.12194373300240278,0.21804781770654566,0.8530363221212727,0.14037458099300637,156.51,ST/MT Ratio (Expanding EWM),PNC
2022-10-14,1.2559703400818376,0.999875370823297,0.7960979164190662,0.21326089233113155,0.16979771378776007,0.2999126278638935,0.29987525,0.2999126278638935,0.12657566957586247,1.6400670710435399,0.9965053392997464,1.0693568133444007,-0.22675848167025747,0.15162666107479006,1.1078545801991513,0.1921642423625944,162.41,ST/MT Ratio (Expanding EWM),PNC
2023-01-18,1.2914741219983106,1.1346420012564007,0.8785634817837139,0.3536282715295871,0.27381754346143194,0.2611701529397516,0.296334625,0.2611701529397516,0.24854747362751756,1.438652379939856,1.1002363071823262,0.9727574019004135,-0.14638474476131277,0.20783471707279938,0.8184063550362651,0.16177205622401838,150.16,ST/MT Ratio (Expanding EWM),PNC
2023-04-14,0.9683673373070695,0.9106918705344613,0.9404405079037489,0.2735683999295884,0.28250477829038945,0.566421,0.515835,0.566421,0.2765139883794702,1.333647890097506,0.9253931524990592,1.0056976919420841,-0.021939303820935507,0.24850584119555796,1.10642843022848,0.12626270327140215,125.05,ST/MT Ratio (Expanding EWM),PNC
2023-07-18,0.88383633201919,1.0796268360277084,1.2215234845134963,0.2187056289701343,0.2474503718018527,0.27278633677526926,0.29450744968427284,0.27278633677526926,0.2851528909899068,1.633106963840452,1.1044487536014385,0.9800856982298397,-0.2467527813523156,0.10049681549412777,0.7713755113939065,0.17937268176743865,128.47,ST/MT Ratio (Expanding EWM),PNC
2023-10-13,,1.121563426631415,,,,0.24670950056476015,0.2767003528359374,0.24670950056476015,0.1907740044065509,1.4335445503414963,1.102519621880094,0.9623983291709592,-0.19535399059468433,0.1001595321501019,0.85594135829979,0.14693982884352846,160.0,ST/MT Ratio (Expanding EWM),PNC
2023-04-20,0.9503996858349842,1.0632715874773553,1.1187625620301065,0.4590997527577467,0.48305966384490073,0.5903029018383482,0.6276523035301499,0.5903029018383482,0.607125392071126,1.435604906292854,0.9889070350729989,0.8826834780751709,-0.24269563570668914,0.20136910252283802,3.0031657955683193,0.182549426475896,33.7,ST/MT Ratio (Expanding EWM),TFC
2023-07-20,1.1286484398827537,1.0381261475982442,0.9197958468857556,0.42823311735066705,0.37942117511379614,0.38897392280718524,0.40380400000000005,0.38897392280718524,0.3918926298039152,1.379820072362202,1.0822589057762648,0.9811476515431573,-0.1766087364960075,0.25507859587755116,0.5997938592975183,0.19668844966523677,31.35,ST/MT Ratio (Expanding EWM),TFC
2023-04-20,0.71824978964719,1.011669975626838,1.4085210886365567,0.4715373982430658,0.6565089263370181,0.6765462220779214,0.6844415,0.6765462220779214,0.8689027374145174,1.255218258299361,0.9889070350729989,0.7257676364011022,-0.037210836437357536,0.5766670814762552,3.068822323318836,0.30948930910798883,12.76,ST/MT Ratio (Expanding EWM),KEY
2023-07-20,1.0630126538099844,1.138313290921438,1.0708370091753523,0.5529546048480812,0.5201768792367761,0.46320420239773014,0.5272715,0.46320420239773014,0.5653607855853389,1.2422993175602115,1.0822589057762648,0.935491474258228,0.5780842652508997,1.2283228145970522,0.6290439109580029,0.29786564356620043,9.85,ST/MT Ratio (Expanding EWM),KEY
2022-01-25,1.2136292200959824,1.0624642064160597,0.8754438248710199,0.27812360135815034,0.22916686311833723,0.14565008314209588,0.154748,0.14565008314209588,0.21489247383584112,1.5884817258149948,1.1173825537310043,1.0285744542442625,0.19429384995984675,0.8966168454679966,1.001130858598501,0.3293375394321767,169.67,ST/MT Ratio (Expanding EWM),JNJ
2022-04-19,0.8185922782633559,1.1386776988332676,1.3910193500102068,0.19276521129054858,0.2354837889498544,0.16424270027561555,0.1870195,0.16424270027561555,0.27952211368381624,1.4177449907953361,0.9926238366037701,0.9314965257796771,-0.1126500461680516,0.21256650397924637,1.3705721414022105,0.14187744808018687,175.83,ST/MT Ratio (Expanding EWM),JNJ
2022-07-19,1.0492840595916055,1.0543795867047725,1.0048561941512293,0.24733579792754343,0.23571862706444774,0.20133640927500246,0.212285,0.20133640927500246,0.2556915297065839,2.2505149147727272,1.008044183569569,1.0090378150932293,-0.028178899887490803,0.4377122449190244,1.055834520789797,0.2069578748471713,169.46,ST/MT Ratio (Expanding EWM),JNJ
2022-10-18,0.9411677474035987,1.0214565345933753,1.0853076270529558,0.2015054045427489,0.21410147670130247,0.19092819534883182,0.19502485277718473,0.19092819534883182,0.21724252356999119,1.2748509029819401,0.9783006389098622,0.9502617986189856,-0.06904285221654106,0.3419742335945701,1.1962410745552858,0.1956222195976537,166.28,ST/MT Ratio (Expanding EWM),JNJ
2023-01-24,0.8797997310906253,1.1886122733584987,1.3510032242054228,0.1589637196196285,0.18068170971429198,0.14780681971555873,0.17568500000000004,0.14780681971555873,0.18766776506893468,1.2976414894767274,1.086481503301743,0.9424128836014993,-0.10696873572865616,0.16926276552413616,0.928632422302583,0.12203699196884882,177.48,ST/MT Ratio (Expanding EWM),JNJ
2023-04-18,1.142153974596181,1.0537632279125644,0.9226104810300485,0.22451000935992685,0.19656720052942458,0.17977056454982915,0.189435610383692,0.17977056454982915,0.16251755755867495,1.3436927910811431,0.9824315848536533,1.0292647276553253,-0.18471125094494967,0.050248364892864696,1.0273746898887215,0.08181731988575094,153.89,ST/MT Ratio (Expanding EWM),JNJ
2023-07-20,1.4156435607189672,1.1976229358429926,0.8459918648128857,0.33353957886014646,0.2356098583818307,0.10560794738869399,0.1264785,0.10560794738869399,0.16159826090262383,1.9534620440230068,1.0822589057762648,0.879507646251048,0.6965057705311625,1.1491220738962298,0.8749705001512387,0.18520939044360077,164.13,ST/MT Ratio (Expanding EWM),JNJ
2022-02-08,0.838664164388223,1.0150794849252578,1.2103527586226648,0.3339923982931513,0.3982433165446951,0.351559907671936,0.35686125,0.351559907671936,0.5013395187142358,0.9626077903047773,1.0255372494644255,1.0114411241867793,0.03983760197306021,0.09348966040599478,1.1228826918849093,0.024355604544683634,56.24,ST/MT Ratio (Expanding EWM),PFE
2022-05-03,0.9569318868040388,1.0919261040940558,1.141069828638348,0.29159718310419785,0.3047209389981497,0.2592671101471558,0.28310052550270826,0.2592671101471558,0.28240128922637947,1.330489417521727,1.1462920850803795,0.9343658683056607,-0.06668809054040208,0.12167084671577391,0.8999361817285865,0.07188960840248035,50.94,ST/MT Ratio (Expanding EWM),PFE
2022-07-28,1.042493940828879,1.0671658059704683,1.0236661952413584,0.272980025779621,0.2618528656028223,0.28976120511919506,0.30922325,0.28976120511919506,0.24794491060489154,1.3071901818086964,1.019102955403482,0.9131876352854782,-0.10657506562114574,0.05015368073260757,1.034186902729844,0.0439186529630441,50.66,ST/MT Ratio (Expanding EWM),PFE
2022-11-01,1.0203831063680375,1.0675547463074813,1.046229342337259,0.2213501808184065,0.21692850404617406,0.2976914076246672,0.3178018751446686,0.2976914076246672,0.21016022361518283,1.4121401796449538,0.9823574092215741,0.9341742126411904,-0.15381700166061438,0.04100546417964944,1.1379742964455701,0.08709659804510453,44.14,ST/MT Ratio (Expanding EWM),PFE
2023-01-31,0.8122193409515391,1.0766727838839512,1.3255936292068555,0.1999387665744044,0.24616351334378492,0.2502807761406597,0.26947050000000006,0.2502807761406597,0.23181338977711113,1.198191282808801,1.0157101489414082,1.023855114762672,-0.07737462616475925,0.061902172569761806,0.9521090190987371,0.06466929356628266,51.24,ST/MT Ratio (Expanding EWM),PFE
2023-05-02,0.9024216219901523,1.1898780979101493,1.3185389943184826,0.136649260495151,0.1514250735634991,0.1724703987412134,0.20521875,0.1724703987412134,0.1690457217108771,1.3812732028349646,1.0860505635621165,0.9575629539056006,-0.18169259537804716,0.08355051043245325,1.0427805459400417,0.09448155027730562,41.35,ST/MT Ratio (Expanding EWM),PFE
2023-08-01,0.8149466413217513,1.2396725201420777,1.5211701690450175,0.16226228130073758,0.19910785942692702,0.16623099782544365,0.20607199999999998,0.16623099782544365,0.2454964224743949,1.3277318997855792,1.0915986114271548,1.0682139276603,-0.011359732992180667,0.04022968298230841,0.9614086455451312,-0.03522169367352656,36.65,ST/MT Ratio (Expanding EWM),PFE
2022-01-19,1.0090563867501263,1.1131680381878053,1.103177238462354,0.1913507867922967,0.1896333934405601,0.20658885611581165,0.22996811167390083,0.20658885611581165,0.1590317122876657,1.445343193898775,1.0045404594530685,0.9336475096777537,-0.23994944512458447,0.0825874904417208,1.373992569305516,0.15519497410592525,483.73,ST/MT Ratio (Expanding EWM),UNH
2022-04-14,0.9534453438686138,1.0533391287396623,1.1047713804608121,0.21172484669090672,0.22206290906181478,0.2922941592119429,0.30788487500000006,0.2922941592119429,0.21474090794604184,1.6182101369329613,0.9481886809211341,1.0483898496896207,-0.2811851332770602,0.13375308130758945,1.1215726202597216,0.2091959156042773,497.91,ST/MT Ratio (Expanding EWM),UNH
2022-07-15,1.1903645701299213,1.060481350527063,0.8908878650608004,0.32526160292038686,0.27324536623673745,0.28263533333333335,0.2997295,0.28263533333333335,0.19517846284069304,1.3096803847977387,0.9709843231793127,0.9892215985187244,-0.21338166887074236,0.07702736444933568,0.866874032980864,0.12322673806880437,464.33,ST/MT Ratio (Expanding EWM),UNH
2022-10-14,1.0056038875154876,1.0781181591289206,1.0721101743078894,0.19338802308690328,0.19231033758700028,0.25879186525094905,0.27900820936189286,0.25879186525094905,0.19571482119774591,1.2572276011261152,0.9965053392997466,1.1392848492855097,-0.20502523051471802,0.07908331384595818,1.1582563108447812,0.14460482377642978,509.77,ST/MT Ratio (Expanding EWM),UNH
2023-01-13,1.0205549209211833,1.146548355308981,1.1234558099764709,0.2394064577859478,0.23458459008737362,0.20664849696486107,0.2369324943221344,0.20664849696486107,0.2548321540270867,1.2879356188475741,1.104203583609408,1.092227575156255,-0.3135193690750595,0.10588443891740125,0.8529341084147155,0.20718908306469205,538.36,ST/MT Ratio (Expanding EWM),UNH
2023-04-14,1.1763176669292295,0.9965990639821154,0.8472193285881113,0.30829231839620197,0.26208253694004047,0.26187530429096373,0.2609846831364061,0.26187530429096373,0.22311464858659208,1.4495398216684403,0.9253931524990592,1.0741334459621605,-0.1459025915996426,0.047403932082216174,1.0370425289380276,0.07620630382544334,465.43,ST/MT Ratio (Expanding EWM),UNH
2023-07-14,1.3155831070388924,1.00340779276638,0.7627095448381404,0.4237581333112992,0.3221067000967288,0.23973366666666668,0.24055062932179108,0.23973366666666668,0.26852655106146245,1.3639131526001143,1.0318110532376739,1.051001938407425,-0.20335157318741445,0.07293335939026772,1.0881850999239737,0.13928353099400909,459.86,ST/MT Ratio (Expanding EWM),UNH
2023-10-13,,1.0997220162624544,,,,0.19185364656321177,0.21098567902579957,0.19185364656321177,0.22064442068093945,1.3517043209992663,1.102519621880094,0.9146856561546288,-0.06756115500510108,0.08422900799582407,0.831908888143221,0.04662958304001094,160.0,ST/MT Ratio (Expanding EWM),UNH
2022-02-02,1.2333386727127864,1.2173610562791328,0.9870452319487314,0.27604590531875545,0.22382003534485748,0.20270112944847446,0.2467604610543681,0.20270112944847446,0.19309745447633092,1.2677230688280412,1.141347397990183,1.0082132504306178,-0.1281455090943183,0.19917494843427683,1.1715929534043006,0.16592420643038744,135.42,ST/MT Ratio (Expanding EWM),ABBV
2023-02-09,1.1022368738103765,1.1422502642361456,1.0363019885983717,0.2673011583348031,0.2425079079515428,0.22369013776321953,0.25551011896705733,0.22369013776321953,0.22087983325704555,0.9870111146962511,1.0093334466518087,1.1291783879120498,-0.1266102238442928,0.0912305655117048,1.054486523292379,0.11346511057372169,159.64,ST/MT Ratio (Expanding EWM),ABBV
2023-04-27,1.5106340934414821,1.238376293996609,0.8197725043894492,0.502703773741701,0.3327766637362567,0.17264825,0.21380350000000004,0.17264825,0.20586284550159217,1.32784962563485,1.048613574985522,0.9104860533737631,-0.04861224572013035,0.47028990534936144,1.147099523754509,0.2744229445229554,158.25,ST/MT Ratio (Expanding EWM),ABBV
2023-07-27,1.1598348174807236,1.2800792273125345,1.1036737370007512,0.3242789801414632,0.279590658302386,0.16081621794003173,0.20585749999999997,0.16081621794003173,0.25469372074671814,1.2845648047423797,1.0847190186181,1.0199299187904094,-0.11825280888744608,0.2636116070623454,0.9440939854424724,0.2018855676420091,132.6,ST/MT Ratio (Expanding EWM),ABBV
2022-02-03,0.7557881634030967,1.1763829442888887,1.55649823753785,0.20985221095073464,0.2776600919572893,0.1881646192577832,0.22135364881346872,0.1881646192577832,0.30546712946739296,1.4195296680109584,1.1508977452935816,0.9838964346170793,-0.025432371745427725,0.06982653708369735,0.90608322575009,0.0310131787032156,77.01,ST/MT Ratio (Expanding EWM),MRK
2022-04-28,1.1676371475997003,1.22721012138398,1.0510201083502209,0.2843108060884176,0.24349242970975393,0.1719423359726167,0.211009375,0.1719423359726167,0.23435869136847745,1.168080286409698,1.0562709327239,0.9501347978432345,-0.1953291585539125,0.07701099826343187,0.9770963635129605,0.13650738839501897,81.57,ST/MT Ratio (Expanding EWM),MRK
2022-07-28,0.931981186871247,1.1045659023643615,1.1851804713703487,0.2528749518783983,0.27133053267665685,0.2312065154163075,0.25538283333333334,0.2312065154163075,0.2768173693744217,1.563673246399656,1.019102955403482,0.9420925495285997,-0.18360259238777882,0.05298436492431171,1.1017027044689407,0.10951892774423808,91.89,ST/MT Ratio (Expanding EWM),MRK
2022-10-27,0.9417068962644154,1.05712956385786,1.1225675080551134,0.21677877676920948,0.23019771611435844,0.2722572298672042,0.2878111666666667,0.2722572298672042,0.2356339579490359,1.122843148903587,0.9635920474827844,0.9943692209586567,-0.15394580174048358,0.054591589158637856,1.109885025837157,0.07624452583638545,85.84,ST/MT Ratio (Expanding EWM),MRK
2023-02-02,1.134156318450858,1.069064010109297,0.9426072867711299,0.30291793457963845,0.2670865820272407,0.2191272697522678,0.23426107772566107,0.2191272697522678,0.22773929788786443,1.2211575762277913,1.0157101489414082,1.111096646461359,-0.1143092868057352,0.05942715986701746,0.9390792082612234,0.06568347286643586,111.14,ST/MT Ratio (Expanding EWM),MRK
2023-04-27,0.9634459040764778,1.1460294048586024,1.1895109004144266,0.22093795387851342,0.22932055961179892,0.21560212499999998,0.247086375,0.21560212499999998,0.2580141921015046,1.3175196747797988,1.048613574985522,0.9260450036218272,-0.23157300315813675,0.05915964277497735,1.1973305286354645,0.15465417344881963,105.53,ST/MT Ratio (Expanding EWM),MRK
2023-08-01,0.9399775146372994,1.1522968235145659,1.225877008301834,0.1935728312944917,0.20593346998218773,0.16222916853224173,0.18693615558111132,0.16222916853224173,0.1965717769254297,1.542146574059962,1.0915986114271548,1.0537362423545138,-0.14065623519777773,0.05003786692785448,0.9485752725703479,0.08531806008538165,114.33,ST/MT Ratio (Expanding EWM),MRK
2022-10-26,1.2614086626095593,1.0697799196777724,0.8480835365952285,0.2527337613097505,0.20035835237321387,0.33714130669851816,0.360667,0.33714130669851816,0.1731159118286524,1.4089088888820491,0.9618506944046483,0.9582163179368229,-0.18723971792007726,0.06491172498874657,1.2521004719669186,0.11851984328064086,514.31,ST/MT Ratio (Expanding EWM),TMO
2023-02-01,0.9961549267376743,1.0807802033089002,1.0849519229387008,0.24343357579220584,0.24437320868294138,0.2894102752526878,0.3127888961272847,0.2894102752526878,0.16285925504340323,1.2955944153438625,1.0157101489414082,1.0919490623713484,-0.1493432220368494,0.05375161189267118,0.9500181682902774,0.08474606670636411,553.18,ST/MT Ratio (Expanding EWM),TMO
2023-04-26,1.1515786706799176,1.1304952767739669,0.9816917467796598,0.21513699222906102,0.18681918804734318,0.24688603812345197,0.2791035,0.24688603812345197,0.16624847530001235,1.497475208149386,1.0411409932878088,0.8976764659750766,-0.2520412879371438,0.14697273147434903,1.0727693048772868,0.19022247741483272,561.69,ST/MT Ratio (Expanding EWM),TMO
2023-07-26,1.2846944387500703,1.1025533085882557,0.858222216374637,0.2788920856422279,0.2170882641272838,0.19311197775337025,0.21291625,0.19311197775337025,0.1590871035914388,1.4678583988344531,1.1056460322085095,1.0245098995415975,-0.1376864712546291,0.17178679207562622,0.9132843694505365,0.13294446753562134,522.03,ST/MT Ratio (Expanding EWM),TMO
2022-01-26,1.0966492253281455,1.0753684907054077,0.9805947661921067,0.2333794225245098,0.21281136860756614,0.20691829692787903,0.22251341666666669,0.20691829692787903,0.20464472751870705,1.3544327069656277,1.1173825537310043,1.0260879710096618,-0.15211191783905198,0.14633410602864777,1.1299633972395855,0.13459300460922388,141.46,ST/MT Ratio (Expanding EWM),ABT
2022-04-20,1.0380243490726755,1.0181553046479124,0.9808587877129152,0.20088154139666417,0.19352295692882612,0.22407750463854326,0.2281457,0.22407750463854326,0.1799439803218582,1.2967485546587374,0.99262383660377,0.9091616684217756,-0.1737629936398187,0.07023452982945703,1.5428269781854578,0.11205980281045017,121.76,ST/MT Ratio (Expanding EWM),ABT
2022-07-20,1.0033722478602034,1.0700751424484989,1.0664787118943606,0.16132534043333596,0.16078313983407372,0.26034141337266686,0.278584875,0.26034141337266686,0.17291995102606883,1.509401079833241,1.0051525978764078,0.9054195762120384,-0.22930843307612842,0.11559405188650562,0.8906520831113841,0.1618319404254357,104.41,ST/MT Ratio (Expanding EWM),ABT
2022-10-19,1.4754842061371414,1.032698222708399,0.6999046268424869,0.36365389061479386,0.24646410249747766,0.260598637706759,0.26911975,0.260598637706759,0.1482911260021399,1.4639855130144073,0.9783006389098622,0.997887511945617,-0.17913127091273545,0.052400578480674226,1.13096689322517,0.11014882996042,104.09,ST/MT Ratio (Expanding EWM),ABT
2023-01-25,1.0376248800427195,1.104630282434405,1.064575747633313,0.1707064722110861,0.16451655650745195,0.22530604036267582,0.24887987500000003,0.22530604036267582,0.16157522589440593,1.152232713478745,1.0293138176339034,0.8919266888821569,0.037043657798653,0.25317411725799177,0.8464425001040259,0.0974955514832815,108.57,ST/MT Ratio (Expanding EWM),ABT
2023-04-19,1.503910644259854,1.0547848745187964,0.7013613997245869,0.39259215714055956,0.26104752874714365,0.25344788919348127,0.267333,0.25344788919348127,0.1442154931418607,1.122179172881201,0.9824315848536533,0.9494874474277374,-0.16440642508913625,0.04305373644764609,1.1472427367328144,0.08964176517862346,97.87,ST/MT Ratio (Expanding EWM),ABT
2023-07-20,1.3111246447455576,1.2266188730944418,0.9355471106505551,0.29615284192461555,0.22587695465223157,0.1519771170075964,0.18641800000000003,0.1519771170075964,0.19991853116711295,1.6311392114239258,1.0822589057762648,0.9790537073149275,-0.18687401159725867,0.07163224229644875,0.9131392031857255,0.10854787302856725,106.7,ST/MT Ratio (Expanding EWM),ABT
2022-01-27,0.8591074581112016,1.0716260932111417,1.2473714237880962,0.2171551949593178,0.25276837362900595,0.26153081916864074,0.28026325,0.26153081916864074,0.2531188276266173,1.2142586680868486,1.106249305054429,0.9351473406322448,-0.11033768727564526,0.12536272901187262,1.222250927194945,0.10532524256368275,323.44,ST/MT Ratio (Expanding EWM),DHR
2022-04-21,1.1146692833110352,1.1172191701972525,1.002287572578158,0.26628338558215636,0.23889003632645464,0.25498286960982236,0.28487175,0.25498286960982236,0.21081933368952285,1.4549673126313332,0.9944169044499827,0.9078974878417776,-0.2086561745938888,0.13081382459081345,1.2377329830326034,0.1475482987393497,293.9,ST/MT Ratio (Expanding EWM),DHR
2022-07-21,1.3778791966066584,1.0547414763273761,0.7654818208482409,0.44113007239197144,0.3201514860507037,0.2938855226205107,0.30997325,0.2938855226205107,0.21317179120756904,1.4433922687195448,1.0051525978764078,0.9360536282381458,-0.12150402418557384,0.12739828674729614,0.884725857536412,0.10548105624256149,243.87,ST/MT Ratio (Expanding EWM),DHR
2022-10-20,1.2434467598268497,1.0230840670875787,0.8227807576015908,0.2995136719476449,0.24087374033557515,0.3307357859870695,0.3383705130590581,0.3307357859870695,0.20834044478471472,1.3639800854821285,0.9621340312158719,1.000404988741313,-0.17879221872773468,0.13603552382528863,1.0356247798955422,0.14933250432371406,274.37,ST/MT Ratio (Expanding EWM),DHR
2023-01-24,1.0424808719351784,1.198580414423752,1.1497385196131253,0.23792475539836347,0.22822937264709608,0.25558401948965587,0.306338,0.25558401948965587,0.18675126719311236,1.2088659754297872,1.086481503301743,0.9186959601773551,-0.11380977543387356,0.09373015230977601,0.9224871190289059,0.10150812463499248,259.86,ST/MT Ratio (Expanding EWM),DHR
2023-04-25,1.529771720284602,1.1587320231999052,0.7574542056407817,0.39264619863911593,0.25666979813567686,0.26563130545922514,0.3077955,0.26563130545922514,0.14862277658994355,1.3974950365706946,1.0411409932878088,0.8941606585727807,-0.13115289682131304,0.14058490193099654,1.1357743186329987,0.1223802636846116,247.97,ST/MT Ratio (Expanding EWM),DHR
2023-07-25,1.3154862675602188,1.2517344004397226,0.9515374134321187,0.3340726614498401,0.25395374295273465,0.1997837959172094,0.25007625,0.1997837959172094,0.20906177266848355,1.3861934151046083,1.1056460322085095,0.9441452614602539,-0.13101948160597762,0.211328350344256,0.8729135193699085,0.11119219796987999,237.88,ST/MT Ratio (Expanding EWM),DHR
2022-02-04,0.9173290872603268,1.0931259139734315,1.1916398696547772,0.23160549610005984,0.2524780902694008,0.21062038400493951,0.2302345997668346,0.21062038400493951,0.2701098325608234,1.2290152765501434,1.0687012231099253,1.0745483177950963,-0.006232031988912503,0.21110715723824056,0.9609520702804242,0.09861317966491746,62.16,ST/MT Ratio (Expanding EWM),BMY
2022-07-27,0.9782808218281454,1.1222807467058264,1.1471969210319217,0.2332057742266452,0.23838326278424427,0.19723392206723328,0.22135183333333336,0.19723392206723328,0.24150752562213637,1.4123353410933492,1.0195881672996943,0.9196608900218609,-0.10862962742102317,0.11697404757841141,1.006513289428478,0.09325505850410505,79.98,ST/MT Ratio (Expanding EWM),BMY
2022-10-25,0.8974206366917098,0.9096299614188331,1.0136049074736373,0.23518972847932135,0.2620730110980453,0.25817476332210204,0.23484350000000004,0.25817476332210204,0.30249211764422845,1.5047551438044324,0.9618506944046483,0.939878440043996,-0.14675607603035382,0.09581541501656163,1.1753781424614242,0.08949051978863774,70.15,ST/MT Ratio (Expanding EWM),BMY
2023-02-02,1.136789595932939,1.0631767731073176,0.9352449889680694,0.2810523820708101,0.24723342215333735,0.2180123816035502,0.23178570037070362,0.2180123816035502,0.23594444073938292,1.6185596620125446,1.0157101489414082,1.0620515398454864,-0.07674390216560001,0.17559969408066003,0.957596591505482,0.12608483375016188,72.26,ST/MT Ratio (Expanding EWM),BMY
2023-04-27,1.306513263051205,1.122931997326993,0.8594876371208968,0.26489498398496364,0.20274955599481106,0.18493164961100966,0.2076656666666667,0.18493164961100966,0.18735398686587892,1.413250865861207,1.048613574985522,0.9069895409925613,-0.06597435954210315,0.3387286052742287,1.114901810731081,0.21670528028106537,68.2,ST/MT Ratio (Expanding EWM),BMY
2023-07-27,1.199590124741,1.1858433714461083,0.9885404581020041,0.24339360844161934,0.20289730919064522,0.153635663629978,0.18218783333333333,0.153635663629978,0.18273246566375667,1.8991845637386606,1.0847190186181,0.9701420611701369,0.5911181783712446,1.6696989915437814,0.9016829216580091,0.5554704114243624,64.75,ST/MT Ratio (Expanding EWM),BMY
2022-02-07,1.5585230065522135,1.1111047639843186,0.7129216311296681,0.4369359861400806,0.280352605834595,0.20001527973835423,0.22223793018694155,0.20001527973835423,0.16891780731707012,1.190703984841928,1.1001819889650313,1.081742163853691,-0.076722437210714,0.2355546703088246,0.9109166664866697,0.1319496680131866,227.29,ST/MT Ratio (Expanding EWM),AMGN
2022-04-27,1.361487223373776,1.2298332042720286,0.9033013187038893,0.3951473578184264,0.2902321454322929,0.16738448700598477,0.20585499999999998,0.16738448700598477,0.2501469942774697,1.4040540385079974,1.0627182575632341,0.9148033764210732,-0.1774873474483528,0.14437934345010742,1.048150287700816,0.15067275461295088,240.47,ST/MT Ratio (Expanding EWM),AMGN
2022-08-04,0.8120140343466715,1.1704784542923037,1.4414510153559656,0.17562228315720468,0.21627986183577047,0.2115919784833738,0.24766385191586976,0.2115919784833738,0.2562456442759366,1.6645845969537487,0.978237314491593,1.0127731877654194,-0.1734924133789132,0.15024839030461812,1.0466526219894097,0.13429297349659677,246.73,ST/MT Ratio (Expanding EWM),AMGN
2022-11-03,1.137732892764202,1.1157814360495757,0.9807059663527053,0.3244270471077506,0.2851522085465353,0.2426438641400615,0.27073751917881594,0.2426438641400615,0.20894947258429517,0.7892553658703649,0.9912230178244822,0.9754120260311134,-0.15280218648720537,0.20766030274130623,1.2261000661878263,0.13781153023264792,233.02,ST/MT Ratio (Expanding EWM),AMGN
2023-01-31,0.8934451940781013,1.0674649035191355,1.1947737931710471,0.1965655512415847,0.2200085159609709,0.2298555517153956,0.2453627343352124,0.2298555517153956,0.2440219438778132,1.1157687722087153,1.0157101489414082,1.0005477068090116,-0.09095785186901956,0.15586531139290788,0.9400697616028985,0.10735048388219717,262.64,ST/MT Ratio (Expanding EWM),AMGN
2023-04-27,0.8265697884520624,1.192238841110828,1.4423934406598178,0.16134475671681775,0.19519798445449119,0.19537675000000002,0.23293575,0.19537675000000002,0.23045932688138923,1.1473329111647943,1.048613574985522,0.9229019655888566,-0.10662018966214971,0.3027956860318472,1.1469460024950637,0.19005397722465703,238.48,ST/MT Ratio (Expanding EWM),AMGN
2023-08-03,1.3265062432335648,1.1359189911049132,0.8563238936108845,0.35375087457195403,0.2666786352317735,0.17677368182093417,0.2008005823079365,0.17677368182093417,0.19079492999351477,1.0670887057627294,1.0915986114271548,1.0071367550846064,-0.05426593469121104,0.19097394181427352,1.0149564994198141,0.08528237307472894,225.01,ST/MT Ratio (Expanding EWM),AMGN
2022-02-01,1.3318379706514418,1.2121964784368724,0.9101681324222577,0.3342350709592846,0.25095775786884966,0.2031108537087057,0.24621026159799983,0.2031108537087057,0.19771989330377768,0.8275133243021429,1.1413473979901831,1.0769309410622092,-0.16640057303622907,0.3977639504979545,1.0348387557714807,0.23787621237876216,72.58,ST/MT Ratio (Expanding EWM),GILD
2022-04-28,0.905282639426801,1.0798690128838961,1.1928528901953077,0.18825685327970765,0.2079536766538531,0.2164077283557777,0.233692,0.2164077283557777,0.22866707744664486,1.141130745582244,1.0562709327239002,1.0355978430596906,0.19955449047864132,0.6558881240349979,0.8781843380619873,0.23428104997737118,60.53,ST/MT Ratio (Expanding EWM),GILD
2022-08-02,1.04853622138972,1.0997520972742465,1.0488451184038692,0.24743517050460753,0.23598151924275854,0.2264796614532168,0.24907148267313647,0.2264796614532168,0.2516003445116718,0.9000188781849894,1.0353292771711848,0.9995568488721518,0.0860855451558091,1.2133871946752621,1.024921601972042,0.5223356366128822,62.36,ST/MT Ratio (Expanding EWM),GILD
2022-10-27,1.5104923304587428,1.0494826470867258,0.694795084969411,0.5232941500065719,0.34643946179299384,0.28100821944855786,0.29491325,0.28100821944855786,0.20238902726333508,1.478721316578358,0.9635920474827844,0.975102249693151,-0.4081871129233627,0.6604467897111673,1.2070837674180352,0.5247363788972733,62.63,ST/MT Ratio (Expanding EWM),GILD
2023-02-02,1.3423178154295972,1.1649284473589698,0.8678484588138649,0.4060353770283335,0.30248825752073133,0.23216674301681256,0.2704576434709644,0.23216674301681256,0.24567597284877107,1.0626259643424016,1.0157101489414082,0.9850507476725778,-0.09160240260210836,0.10662506021425608,0.9832381862535523,0.07346897990282396,85.39,ST/MT Ratio (Expanding EWM),GILD
2023-04-27,1.0042026961879267,1.2159649201343132,1.2108759762847294,0.20523453011723758,0.2043756015556743,0.203839625,0.24786183333333334,0.203839625,0.2298871625607865,1.5004208412769235,1.048613574985522,0.9077353047241256,0.06543908785729886,0.7876368114732927,1.158716787272828,0.32962708549207725,80.97,ST/MT Ratio (Expanding EWM),GILD
2023-08-03,1.2658404916297887,1.2660801001124358,1.0001892880534564,0.29096234155047696,0.22985703449560105,0.16991987717657056,0.21513217510680524,0.16991987717657056,0.16678709889350074,1.5054561402746958,1.0915986114271548,0.9557285494192936,-0.08999904415734729,1.2134758313893563,0.9403495219216418,0.6173058730086459,76.715,ST/MT Ratio (Expanding EWM),GILD
2022-02-09,1.3315239981778288,1.1595526748422509,0.8708462456771953,0.4133104266412157,0.3104040386856151,0.22142440748568054,0.2567532639753814,0.22142440748568054,0.23844686006825186,1.212877502918695,1.0255372494644255,1.026533546961766,-0.05639721867433794,0.4977302967215935,0.7725284683449978,0.2774321801740646,105.06,ST/MT Ratio (Expanding EWM),CVS
2022-05-04,1.0240382762063138,1.199901127427951,1.1717346463582832,0.27639342088136065,0.26990536125787884,0.20915902744766796,0.2509701528461905,0.20915902744766796,0.26811234432410874,1.2868455581385398,1.1462920850803797,0.9323762137617096,-0.22696570583744827,0.09337404698174655,0.8388649987233059,0.16078679712274738,100.0,ST/MT Ratio (Expanding EWM),CVS
2022-08-03,1.1642569283195408,1.0957663970248868,0.941172322338239,0.28419813377308,0.2441025918422358,0.2697730380990242,0.29560822997222524,0.2697730380990242,0.20485294450610514,1.4026087955468758,0.978237314491593,0.9556757200353951,-0.16354821788259113,0.05934853262097181,0.8410720594123142,0.10776123512929195,92.53,ST/MT Ratio (Expanding EWM),CVS
2022-11-02,1.086773801663826,1.1155122179842025,1.0264437882808535,0.30524790453454204,0.28087528800125144,0.2699238524379114,0.3011033553198551,0.2699238524379114,0.17118123522220613,1.3879560725381113,0.9823574092215741,0.9617221833004266,-0.15261005064277364,0.025862874951305268,1.191177767156533,0.05450396937640256,97.76,ST/MT Ratio (Expanding EWM),CVS
2023-02-08,1.2333819375216004,1.1956617623523962,0.9694172794154904,0.29690135533939266,0.24072134211402213,0.2089240950966535,0.24980255174114432,0.2089240950966535,0.21064188363367595,1.3366688976313683,1.0205104396859415,1.1270647234761,-0.1585176393713704,0.06940619783922432,1.1045940976169024,0.12065449732137283,91.49,ST/MT Ratio (Expanding EWM),CVS
2023-05-03,0.993359449508518,1.2472551732919908,1.2555930020186472,0.19737310011961923,0.19869252788330855,0.20256991704256713,0.25265637698467125,0.20256991704256713,0.20935159223683125,1.2174802559028075,1.0860505635621167,0.9361684436342017,-0.22297027240671813,0.09292204389416373,1.1797422860001938,0.16424881339888098,76.09,ST/MT Ratio (Expanding EWM),CVS
2023-08-02,1.132425485014002,1.3322366608389,1.1764453188921542,0.311219571436148,0.27482565127214514,0.18529687628213504,0.24685929172199036,0.18529687628213504,0.2884069121965858,1.1078040314231774,1.0915986114271548,0.9384563682230429,-0.07978755563410087,0.08521958320350081,0.9466577440047198,0.05375122233892287,69.77,ST/MT Ratio (Expanding EWM),CVS
2022-01-26,1.0273402645567493,1.0414258693648457,1.0137107492950972,0.27266730522444943,0.26541090097553316,0.34788457888122215,0.362296,0.34788457888122215,0.3233620704603987,1.1940769866513061,1.1173825537310043,1.068395956997618,0.017957297957298037,0.19467643467643453,1.1632308051370557,0.0516733375680164,222.34,ST/MT Ratio (Expanding EWM),VRTX
2022-05-05,1.3522231499957011,1.4460540722107065,1.0693901167239324,0.4547690814457946,0.3363121548741717,0.25010703198856893,0.3616682920956035,0.25010703198856893,0.22327707298858898,1.057949378306603,1.0943025439859224,0.9320296217918179,-0.13929368065592115,0.2544876890795088,0.8583266025796427,0.14497081973608605,269.96,ST/MT Ratio (Expanding EWM),VRTX
2022-08-04,1.1922688848333174,1.1462752849636797,0.9614234670931064,0.3728663017370398,0.3127367546702081,0.3077705740109573,0.35278980242784536,0.3077705740109573,0.2939023784671073,1.2411269293354303,0.9782373144915928,0.880194003504086,-0.13079014176271028,0.08743606449342117,0.9645829119593169,0.07911073287595377,288.98,ST/MT Ratio (Expanding EWM),VRTX
2022-10-27,1.4320138390677342,1.1068633593474133,0.7729418034591066,0.5097877289542732,0.35599357704961415,0.3141798522192444,0.3477541666666667,0.3141798522192444,0.27795288081754177,0.9562723880795619,0.9635920474827844,0.9691229374579514,-0.07619713624235354,0.005078451208168776,1.033088660777224,0.01219391393929789,284.74,ST/MT Ratio (Expanding EWM),VRTX
2023-02-07,1.1286970490495813,0.8530055186744896,0.7557435535007045,0.3543897238965823,0.313981262018002,0.34358143115007456,0.2930768568850928,0.34358143115007456,0.3001046005581116,1.0353671378881195,1.0205104396859415,1.0982535237363669,-0.07563655790396771,0.07452942427293803,1.0441333247704065,0.05269298275802739,283.23,ST/MT Ratio (Expanding EWM),VRTX
2023-05-01,0.9124539505238609,1.2763110894207506,1.3987676733581906,0.19510750401470253,0.21382723358552702,0.22802985748278895,0.29103703582431684,0.22802985748278895,0.2349592304317796,1.7435458857872652,1.0735484717180883,0.9585752058543064,-0.054785638730449226,0.02730575217714278,1.2550025689967428,-0.005985630242290765,315.07,ST/MT Ratio (Expanding EWM),VRTX
2023-08-01,1.391961059926431,1.2445915715457438,0.8941281529897999,0.3145532847249993,0.22597850886836185,0.19709137633799906,0.24529826581462388,0.19709137633799906,0.17452313293510752,1.204044942292791,1.0915986114271548,0.9688776053330869,-0.11870773542740337,0.09009946556435018,1.0552038535072252,0.08715349201684781,347.57,ST/MT Ratio (Expanding EWM),VRTX
2022-11-03,0.5401583978826935,1.0689022186546162,1.9788680928492208,0.19121671511121222,0.35400118902296296,0.3519033357676571,0.376150256354009,0.3519033357676571,0.492698778416121,1.536748445170788,0.9912230178244822,0.9496607952378937,-0.07672371126834193,0.006226342755567751,1.082345964412468,0.014506846003623274,739.54,ST/MT Ratio (Expanding EWM),REGN
2023-02-03,1.1969277650609222,1.0478358985093699,0.8754378744451936,0.3613453900284466,0.3018940662722905,0.2991358569585403,0.3134452894525224,0.2991358569585403,0.2209157651581247,1.1662697787620186,1.0238990134044048,1.2170037984037196,-0.06621441924791525,0.08077605230967533,0.9436122093412853,0.06318728658290004,726.49,ST/MT Ratio (Expanding EWM),REGN
2023-05-04,1.0899769423868524,1.2040037570227284,1.1046139695268946,0.2859980654779207,0.2623890968295501,0.22118763590398188,0.2663107446353695,0.22118763590398188,0.29651515272185125,1.5217213935234326,1.0920678065292928,0.9522947048617009,-0.06456859860715373,0.053236919415523616,1.2607630413000734,0.001341148152345713,822.09,ST/MT Ratio (Expanding EWM),REGN
2023-08-03,1.0216559559143092,1.322477688972127,1.2944452399228699,0.2967451237614278,0.29045504217303963,0.19253527844159699,0.25462361007904816,0.19253527844159699,0.32807923986688947,1.2316494815100574,1.0915986114271548,0.8176736405088082,-0.14489119541577786,0.16752953504909024,1.1273169634067448,0.14329300887357427,718.09,ST/MT Ratio (Expanding EWM),REGN
2022-02-03,0.832417668598027,1.0908063074821446,1.310407441638403,0.2193744603987066,0.26353892844223387,0.26388045160058815,0.2878424610271583,0.26388045160058815,0.3200434198837921,1.2571491324401494,1.1508977452935816,1.0149624184211172,-0.0699148072180388,0.08348754276068875,1.084899872225214,0.06281987810915546,266.81,ST/MT Ratio (Expanding EWM),LLY
2022-04-28,1.0133792140747697,1.233539761329503,1.2172538613353572,0.255556258363755,0.2521822579487992,0.22114791800953637,0.27279475,0.22114791800953637,0.22077420447263876,1.5942777594607467,1.0562709327239,1.0229291764981625,-0.1965918067938157,0.13682018241323035,0.9295035927658338,0.15852850986664505,288.39,ST/MT Ratio (Expanding EWM),LLY
2022-08-04,0.9400538542146222,1.0627196131468766,1.1304880123434384,0.2472316207856378,0.2629972949711376,0.3332092574259119,0.3541080131486231,0.3332092574259119,0.25515784622968823,1.6279339523783567,0.9782373144915928,0.9694323839757162,-0.12061040193010095,0.05177511036084835,1.045406984007996,0.08987399832717259,327.18,ST/MT Ratio (Expanding EWM),LLY
2022-11-01,1.161755023560028,1.0388246740712488,0.8941856527445199,0.34211210847276075,0.2944786994976,0.3184596710683364,0.33082376400240165,0.3184596710683364,0.30992087639319676,1.0343187663932034,0.9823574092215739,0.9350676278086102,-0.1123154020133932,0.0640471861279879,1.1846363451691313,0.0858249574444861,321.55,ST/MT Ratio (Expanding EWM),LLY
2023-02-02,1.2202709481690865,1.1349351871063629,0.930068185929721,0.3435972690510332,0.2815745712594173,0.27034559778155154,0.30682473160158674,0.27034559778155154,0.241588229397064,1.7607336852574402,1.0157101489414082,1.1082359908903239,-0.12844004951979646,0.06320310036986052,0.8111231694234463,0.08177625960717338,364.99,ST/MT Ratio (Expanding EWM),LLY
2023-04-27,0.9371049742350075,1.2409766766600214,1.3242664490956046,0.22138350122400483,0.23624194440407079,0.22778470000000003,0.2826755,0.22778470000000003,0.24921575884124972,1.3024472137922127,1.048613574985522,0.9776030506498015,-0.09958431825999152,0.0709769252724248,1.1477372710340035,0.06723088216244237,337.65,ST/MT Ratio (Expanding EWM),LLY
2023-08-08,1.5021725872070433,1.063311636048583,0.7078491813151611,0.7145229832188652,0.4756597140062063,0.25190390585944233,0.2678523542664319,0.25190390585944233,0.21127493666920796,1.2166680969135275,1.0431580495993698,1.1253837083644118,-0.06950617716025624,0.04603121828299433,0.9117320931419866,0.0007947118548657381,453.16,ST/MT Ratio (Expanding EWM),LLY
