earnings_date,revr,ievr,skew_ratio,underlying_price,methodology,ticker,dispersion,SMB,HML,RMW,CMA,RF,term_ratio,skew,kurt,iv_ratio,smirk
2015-01-27,1.5418163215291798,1.2746676870619915,1.1454505069214638,113.91,ST/MT Ratio (Expanding EWM),AAPL,0.0659909887311505,0.0193849953553931,0.018595049314786,-0.0062627024647507,0.0352661115230636,0.0005038411868353,1.033333163995407,1.1153536747585733,0.8179309318214267,0.962786328459036,0.9014878643272236
2015-04-27,1.029847965193672,1.1930114874814832,1.2527915311072786,123.25,ST/MT Ratio (Expanding EWM),AAPL,0.1795918569595608,-0.0028392505409914,0.0059342324443036,-0.032139175479466,-0.0069298829036496,0.0010817878334902,0.8966024907424245,1.103889268641426,0.5198398090390102,1.03454556840079,1.2922592878256198
2015-07-21,1.5001131601529345,1.3775306181257492,1.4365034219180517,127.61,ST/MT Ratio (Expanding EWM),AAPL,0.1705750756874341,0.0246690988335242,-0.0552639969906161,0.00339045834874,-0.0245567435113963,0.0033227444668851,0.9401089482677312,1.0808731757440433,-0.4659377945887217,0.9143873197310964,1.210163805836998
2015-10-27,1.1513731295034122,1.0999096425100356,1.7898572596152218,112.44,ST/MT Ratio (Expanding EWM),AAPL,0.0907971572066323,0.0553060449742808,-0.0241800618145626,0.0255569293446661,0.0116890403450888,0.0018308773143571,1.0282732700287915,1.204281922417558,-0.4005488044537935,1.0715486313548073,1.0014569897365502
2016-01-26,1.413534713959299,1.2514753029605852,1.430972429288369,106.82,ST/MT Ratio (Expanding EWM),AAPL,0.0988202229605213,-0.0061953681153167,-0.0003226266716484,-0.019693904503673,0.0051674424853599,0.0020795735349421,0.891224726760008,0.904610405621194,-0.4786371057237124,0.9927804334499086,0.9467515042363756
2016-04-26,1.3556702249379065,1.3038312751298842,1.5381606635652478,105.19,ST/MT Ratio (Expanding EWM),AAPL,0.2011443837405377,-0.0061947934932213,-0.0322908422852332,0.0409820980910442,0.0118917237140807,0.0027588244161636,1.194343376164375,1.0234530594095803,-0.4787042131906873,0.9597246938483872,1.1350812913365906
2016-07-26,1.5410078834940288,1.1445987186958573,1.4194278531347304,92.04,ST/MT Ratio (Expanding EWM),AAPL,0.2453937289734641,0.0572724485427587,0.0219978618998861,0.0157698022131898,0.0077894349048522,0.0026963228620803,0.8256174095459154,1.2449736520564627,2.845998716948589,0.9740242262002142,1.080038107436344
2016-10-25,0.8905016352314935,1.345784701387864,1.3455206012590943,112.88,ST/MT Ratio (Expanding EWM),AAPL,0.2174409764814353,0.0288602155203518,0.0499225249703109,0.0287645146406014,0.0156560247326481,0.0022787998123854,0.8088537804117989,1.1562840898908886,0.6557042322103555,0.9810175398304668,0.9827348442466434
2017-01-31,1.57414694610066,1.2599252253108482,1.1509683000126771,115.82,ST/MT Ratio (Expanding EWM),AAPL,0.1918956884479747,-0.0144316035077233,0.0405628555509195,-0.0134458638463034,0.0391826424847951,0.0017913316287795,1.061609231063504,1.066486812412926,-0.2813628438803519,1.1067327244460472,1.1260289132146777
2017-05-02,1.020684704441075,1.440934125651202,1.5484554242517574,143.7,ST/MT Ratio (Expanding EWM),AAPL,0.1364232377257875,0.0209896015255087,-0.0024032861279062,0.0243631306766653,0.0172025801282161,0.0016873315542676,1.1434688219717983,0.9469903595505972,2.142666407777825,1.1020550360451775,0.9460043747312392
2017-08-01,1.4340585456221733,1.2380662693531437,1.323663311761223,143.5,ST/MT Ratio (Expanding EWM),AAPL,0.0510618866409609,-0.0142196192484361,0.0487217841054985,-0.0242983475098828,-0.0232413874727485,0.0028578988252913,1.0779282919486883,1.076618915551932,2.7799391422233724,0.9424834051853698,1.157133356326295
2017-11-02,1.145562396431944,1.392292433504015,1.10494889020432,154.48,ST/MT Ratio (Expanding EWM),AAPL,0.1624429384386415,-0.0143005413749589,0.0084600237160633,0.0252561875209127,0.0370640713178112,0.0025535695310677,0.9527920181851784,1.2827258682363512,0.3198995811611058,1.18865577284754,1.2605943404402995
2018-02-01,1.2321096213311684,1.484598805673966,1.36605396621981,172.26,ST/MT Ratio (Expanding EWM),AAPL,0.0522304545859496,0.0104686795048111,-0.0061125791335411,0.0072959834948382,0.0440153640872071,0.0017426999993822,0.9081532941242626,1.2214167107305711,2.982416807214024,0.9757989006513847,1.074710867729328
2018-05-01,1.4373517385533563,1.0734771834044396,1.4893131512892674,166.68,ST/MT Ratio (Expanding EWM),AAPL,0.1344630454658845,-0.0649648085630229,-0.0144020799062281,0.0168312804996196,0.0818014183628021,0.0030821123129931,1.0080722946267038,1.0179724543215458,-0.938940641415881,0.966038773259258,1.0127747537367031
2018-07-31,1.5525116728464294,1.3414833063120812,1.4101144449264538,187.18,ST/MT Ratio (Expanding EWM),AAPL,0.1031295179639143,-0.0583721241379561,-0.0050740905946438,-0.0263898651406212,-0.0250873508309899,0.0018709658848702,0.9774398805272748,0.9684409913653608,2.4930174267666905,1.1114733398194008,0.9340801910238647
2018-11-01,1.4383609709928036,1.2412437510021015,1.2966641671803047,229.28,ST/MT Ratio (Expanding EWM),AAPL,0.0650777462579526,-0.017680063523434,-0.0076453045562368,-0.0193767460569151,0.0090720503287568,0.0011483378256656,1.0600369804559726,1.1614625905622482,2.8248846945745107,0.9009062614068484,0.9991729799223228
2019-01-29,1.1515410580682617,1.0862749659927275,1.3657780642137334,157.74,ST/MT Ratio (Expanding EWM),AAPL,0.0937482588537103,-0.0334490892117048,0.0091124866712646,0.0179307054563346,-0.0490524675797246,0.0012410293010966,1.171116591750126,1.2728535661593132,1.8823456774825496,1.129728996314262,0.9365931831718588
2019-04-30,1.4644701194511998,1.2897079538100436,1.401369962176738,191.24,ST/MT Ratio (Expanding EWM),AAPL,0.240393546827984,0.0129986566408345,0.0088172194314959,-0.020708700105605,0.0168287289094802,0.0010212591636902,1.0055503339112934,0.9926331965155998,-0.2751278255455309,1.1430909897369996,0.954015254672219
2019-07-30,1.1668466272637843,1.241758801718878,1.266515717634634,201.55,ST/MT Ratio (Expanding EWM),AAPL,0.1841363929207757,-0.0297808426432423,0.0040913806046024,0.014580157302478,-0.0107050074541693,0.0017275899833963,0.987460654798554,1.2754312958344132,-0.2566717777386298,1.1933980271214704,1.2977151943044236
2019-10-30,1.2285811213733775,1.1900844604660674,1.489191349713901,223.97,ST/MT Ratio (Expanding EWM),AAPL,0.1601716153256315,-0.0474306295467352,0.0171081450923904,-0.0311784451615061,0.0510861448706238,0.0032337242783361,1.0222468618729612,0.9680570960708632,0.2644195517635825,1.0273478498029605,1.0237296897432893
2020-01-28,1.290380176191389,1.1425377030686803,1.0987793887708863,291.52,ST/MT Ratio (Expanding EWM),AAPL,0.1839029564005232,0.0532977069122544,0.0397193882435902,0.0242043553166667,-0.0163653742504645,0.0011949048189694,0.9122542319506064,1.288891883686543,-0.3865406903370174,1.1199983726150586,0.90016411577567
2020-04-30,1.0111683072460893,1.0013477879266288,1.5208892692724474,254.29,ST/MT Ratio (Expanding EWM),AAPL,0.1473067814807116,-0.0059021705170287,0.0324866240632397,-0.0278130828692127,-0.0392295759491815,0.0021884757610181,1.0384730677609508,1.266377201581621,0.151736376372876,0.9556577925773158,1.160671917951371
2020-07-30,1.5890824914499706,1.1740540083266453,1.2706583623807135,364.8,ST/MT Ratio (Expanding EWM),AAPL,0.1177661777171231,0.0043634871640773,-0.0405469390534971,0.016807498441988,-0.0087815935175629,0.0013433106543725,1.0850405629193574,1.1752122075807925,0.2772675200854961,0.9756607206477992,1.2823675199848177
2020-10-29,0.3598288629346786,1.091195103326757,1.2018084020687172,114.09,ST/MT Ratio (Expanding EWM),AAPL,0.2363734343191869,-0.0478661865174709,-0.0726176340470586,0.01864077334115,-0.0463871942804284,0.0017396909587285,1.1693198033079717,1.082926643957128,2.3847754646174937,1.0356970432902888,1.0697556072290042
2021-01-27,1.242839612644955,1.156970554536231,1.0114922180423398,136.69,ST/MT Ratio (Expanding EWM),AAPL,0.068405434867819,-0.0170533953583813,0.0320295973371782,-0.0144192954607393,0.0217774863626827,0.0004899587880147,0.8627051790397179,1.0705624225967891,1.149667754399228,0.906751298228606,1.0776452020701626
2021-04-28,0.6680357884670967,1.1645719386028943,1.3737950519135451,121.39,ST/MT Ratio (Expanding EWM),AAPL,0.1707317863106859,0.0058822906398453,-0.0370063609524626,0.0175506641771181,-0.048627076156408,0.0017794617708434,1.11254248735808,1.172018422549708,1.54062795545574,1.1728666285311606,0.907212803930092
2021-07-27,1.0039840818144588,1.3052841723874469,1.34147079793357,134.78,ST/MT Ratio (Expanding EWM),AAPL,0.1542218367471687,-0.0382847752097806,-0.0027429620567805,0.0095110565833389,0.0037114395295789,0.001806294620195,1.0228190344768937,1.2149395393638829,1.165341530805069,0.9971686657741138,0.9545002260367912
2021-10-28,1.169204214400593,1.103914399334333,1.6316916818195828,141.91,ST/MT Ratio (Expanding EWM),AAPL,0.1914690984554445,0.0151494306420985,-0.0311033907817807,-0.0104710464048184,-0.0489452954964049,0.0025402879440356,1.1550252287264764,1.0883049569550411,2.5124607879428056,1.0757556367299506,1.1696768466460004
2022-01-27,1.25512559955305,1.1142600851634514,1.1492695743907115,179.29,ST/MT Ratio (Expanding EWM),AAPL,0.1478875677220065,-0.0190223541471581,-0.0500594131274005,-0.0222138671019052,-0.005007445113416,0.0022232809132553,1.12170446175138,1.1636622178400535,0.5922193627157508,1.0540900151785952,1.221218209870352
2022-04-28,0.9855039551114958,1.1544536711334843,1.3443450089929698,178.96,ST/MT Ratio (Expanding EWM),AAPL,0.0993247763021344,-0.0082092812427646,0.0202438818461436,-0.0460656422918144,0.0440844538951133,0.0008016078750479,0.9494601185491937,1.055248582707399,-0.6172395357679954,1.1743753305665243,0.9364145259781768
2022-07-28,0.9470349807493764,1.1187303946203777,1.3444082477631083,137.44,ST/MT Ratio (Expanding EWM),AAPL,0.0535584848617623,-0.0190597314280288,0.0267746548090794,0.0117412511824923,0.0120161972858948,0.0030841982440435,1.0592836709794224,1.0652777915211191,0.6224775610217694,1.1038655509718052,0.9268374930519516
2022-10-27,1.4376675427363212,1.0127562419764686,1.4525534846658592,151.76,ST/MT Ratio (Expanding EWM),AAPL,0.096193638954465,0.0668297364578128,-0.0132953120218015,-0.0361200692840513,-0.0185873401241233,0.0022103030402219,1.037482313180574,1.208812714388942,2.312851031546377,0.9511591168181326,1.2589676200312696
2023-02-02,1.127467834382578,1.0073507061002207,1.2018863018555723,125.07,ST/MT Ratio (Expanding EWM),AAPL,0.2250144657133131,0.0015275971341723,-0.0737312687643473,0.0053836049860327,0.0022199127765229,0.0021983935171774,1.0624584367389769,1.2527419203282733,0.9411228684407932,1.0626100035291606,1.2676153108114685
2023-05-04,1.1888383000177736,1.204897060850289,1.427676926009871,165.63,ST/MT Ratio (Expanding EWM),AAPL,0.0639018633021907,-0.0350198825134565,-0.0123873334475744,-0.0035862054020562,0.0034504218011111,0.0019908176466148,1.1599638173418687,1.0792643493476008,0.0976505265427269,1.0179511303692792,1.0551057314119
2023-08-03,1.4792040210128263,1.2702510813129282,1.2612448795277875,192.46,ST/MT Ratio (Expanding EWM),AAPL,0.0858619704776175,0.0307890719236116,0.0157541201620763,0.0199785693859548,0.0148157586460851,0.0014822425527777,0.9147467499931176,1.007431841733187,2.4442517459188777,0.9209585762053986,1.1710444728398377
2015-01-26,1.6014190271486264,1.2072330066725987,1.689139991932478,47.88,ST/MT Ratio (Expanding EWM),MSFT,0.1386796059842379,-0.0407295277489857,-0.0403673470632238,-0.0045511374872466,-0.0311714590820206,0.0022178023397487,0.869128020582581,1.0378023573576254,-0.7538278634606526,0.9809920910566386,1.2073684284468968
2015-04-23,1.5493390991024532,1.3653009871157364,1.2951711247970097,42.9,ST/MT Ratio (Expanding EWM),MSFT,0.2135726203552402,0.0093102258251664,0.0095007975933746,-0.0052361946586772,0.0178141818461832,0.0024755884359285,1.1540061298189035,0.9886108607609468,0.8541913570356874,1.041097214381162,1.2494301223038935
2015-07-21,1.2253393364283631,1.3118710541569696,1.4055084168973182,46.23,ST/MT Ratio (Expanding EWM),MSFT,0.1545397116339942,-0.0665884543357921,0.0035407045248101,0.0212967676072073,-0.0646097907900693,0.0002531043086544,1.105119621150322,1.10523088734722,1.6829888018870935,1.15420651617281,0.903815581610218
2015-10-22,1.6782033149638096,1.2330052497743225,1.6108890276910264,43.9,ST/MT Ratio (Expanding EWM),MSFT,0.0750925710263116,-0.044486511711445,0.0213787449880326,0.0113764507271029,-0.0127471138090952,0.0014612391626539,0.9611560124200196,1.2628972669108316,1.9612521233758056,1.0628524123002223,1.111857810814053
2016-01-28,1.2376806795821536,1.438092243964466,1.196339513948743,56.55,ST/MT Ratio (Expanding EWM),MSFT,0.1468633666373502,0.0088901432554193,0.0075874110524245,0.0109038989295694,-0.0092068460612886,0.0017450530295964,0.9391080390417752,1.1082082134566058,1.621532797853813,1.025508911528638,1.1856612585568695
2016-04-21,1.5507469631659048,1.4143769447705872,1.7562719490781384,54.07,ST/MT Ratio (Expanding EWM),MSFT,0.0813669204693991,0.0278463302998393,-0.0251920682264466,0.0147316897452131,0.0188331706517809,0.0022561706056942,1.1444928909041543,0.9618739392739444,0.8061880912696977,1.0224060273855242,1.1749859216198912
2016-07-19,1.386661015321484,1.316721065898093,1.4526173904723074,50.07,ST/MT Ratio (Expanding EWM),MSFT,0.1811798804651237,0.0079978898416489,0.0398971450499347,-0.0353893030801776,0.0035657713169217,0.0031933110059271,0.8999469861031718,1.1561003659809106,2.509956966925952,1.0254394799380868,1.264406279991688
2016-10-20,1.5615953072264217,1.4561237647181942,1.6635382629945907,56.81,ST/MT Ratio (Expanding EWM),MSFT,0.2378108916501934,-0.0020476898835884,-0.0007558871908091,0.0219197169996745,-0.0321390763464071,0.0012282591854032,1.1972654955733912,0.9424368199791808,-0.0677872480605654,1.185113925444628,1.2833310745925548
2017-01-26,1.123486902272515,1.5906927147547092,1.0559383057125622,63.28,ST/MT Ratio (Expanding EWM),MSFT,0.1267539065099931,-0.0085386293456251,0.003180863814702,0.01831171985034,-0.0216248281454253,0.0015020381531821,0.8390829101547035,0.9059994001508548,-0.355599906974311,1.1988038350146744,0.9719998466442747
2017-04-27,1.0363790430577475,1.6391150933893508,1.732204909035405,65.29,ST/MT Ratio (Expanding EWM),MSFT,0.2363538849802659,-0.0497482696628599,-0.0239980387721958,-0.0224170782144124,0.0079670002386851,0.0014874658893534,1.0010190426888093,1.2393670905722045,-0.9183935572471746,1.081346694677538,1.0108101795478497
2017-07-20,0.8433708814543438,1.3400217591501258,1.4424767177478388,69.91,ST/MT Ratio (Expanding EWM),MSFT,0.1728337709809139,-0.0231945472938148,-0.0092984675357453,-0.003102011841855,0.001023316453386,0.0011984724098954,1.1449339665758926,1.0133844597056316,1.7470228811276356,1.102265889734219,0.988597419543856
2017-10-26,1.6266220761885453,1.3442558233166668,1.514452226368795,73.26,ST/MT Ratio (Expanding EWM),MSFT,0.1860405321172164,-0.0141223569835925,-0.022544081420807,0.0020173178093092,-0.0114781027408936,0.0016528135048877,0.81391967994734,1.0636998295141589,0.1567726078634788,1.1426933248841125,1.2201456753821385
2018-01-31,1.0382945382077222,1.5584859451393531,1.319051632842724,85.95,ST/MT Ratio (Expanding EWM),MSFT,0.1197416679503062,0.038999277917662,-0.0011883817977026,-0.0003624196100433,-0.0090208447377994,0.0027708022199879,0.9828095808770502,1.1426048901292876,1.4170380639477007,1.1481474445282869,1.070000965649279
2018-04-26,1.0066259240151998,1.0819480804708466,1.477771720972762,89.47,ST/MT Ratio (Expanding EWM),MSFT,0.2244526749089104,0.0140266401348961,0.0553512544042703,0.0113464991642133,0.0204041999289822,0.0009461645046356,0.9101786719162036,1.006013967256219,1.1447691171288166,1.034744460819664,1.0760483083939745
2018-07-19,1.1570408015198348,1.3332790640337011,1.3381414466714692,100.86,ST/MT Ratio (Expanding EWM),MSFT,0.1202800947661525,-0.0597064054376956,-0.0371570342879406,0.0387841695457795,-0.0099423143217303,0.0024278143951529,0.8364549356358829,1.1874414962760782,-0.1450532480723572,0.9590860890626164,1.0651033281109574
2018-10-24,1.4567009228617829,1.2431521939157733,1.6369529569823813,114.67,ST/MT Ratio (Expanding EWM),MSFT,0.1684279023059193,0.0133429389288178,-0.0444068419363022,0.0300441681918207,0.0007977188992731,0.0002980977699816,0.8911113366471206,1.1335433069232062,0.485853357337886,1.034673516777837,1.1148677286416115
2019-01-30,1.2070037124832715,1.0510608263465346,1.4827193108858896,101.57,ST/MT Ratio (Expanding EWM),MSFT,0.127338606960619,-0.011477879814571,0.0481351098248082,-0.0298054798357851,0.0572484147020135,0.0014386620035577,0.8814142089927219,0.962300649146212,2.521687611494419,1.0301171108494265,1.0648374438530157
2019-04-24,1.291452390947993,1.240571033485161,1.569145340868553,117.66,ST/MT Ratio (Expanding EWM),MSFT,0.134148599560117,-0.0216922700107085,-0.0022797103145559,0.0185517497576512,-0.032592065922098,0.001670510699782,0.8142448601091367,1.0991905210349573,1.2166788864440004,1.0676522612864,1.1828124677291538
2019-07-18,0.8231209666370861,1.1960213835676234,1.3960328826638986,135.16,ST/MT Ratio (Expanding EWM),MSFT,0.078667677540352,0.0234086701094303,-0.0160721821597974,0.0362233329883852,-0.0432960682893664,0.003674859672914,0.8709927339964048,1.0008892536922476,2.242921860921651,1.1841511850530182,0.9543730989469282
2019-10-23,1.2696284368070068,1.2579356811961953,1.5537896466494523,139.14,ST/MT Ratio (Expanding EWM),MSFT,0.0641541135107333,0.0380849832873582,0.0351971406218822,0.01267021301723,0.0225897416199651,0.0017251976952473,0.9990598218020872,0.9856705010958348,-0.7597073265800702,0.9976510014378406,0.9574750500736852
2020-01-29,1.335313584487551,1.3384859995122558,1.6733991898942056,157.59,ST/MT Ratio (Expanding EWM),MSFT,0.1447344936406522,0.0345948041690669,-0.0141684661921059,0.0302745106296491,-0.0139660765323525,-0.0002012434734509,1.0839732293736986,1.1134901654685778,-0.4246621160387565,0.9027724765216544,1.223262819609685
2020-04-29,1.0008332828545097,0.9376695898865738,1.5994326301192956,160.23,ST/MT Ratio (Expanding EWM),MSFT,0.0717314520551093,-0.0273726133127923,0.058780291406408,0.0533067611425191,-0.0049559381935655,1.11109313875013e-06,0.8704777624656991,1.1424866568883063,0.3476876523069823,1.0756457814945106,1.0262614507929295
2020-07-22,1.2292853692982155,1.1195555647168924,1.2272694546109078,200.57,ST/MT Ratio (Expanding EWM),MSFT,0.0912017587085293,-0.0088224331547925,0.024337776140178,0.0285927386526745,-0.0165289094532778,0.0020340295863466,0.8347758242769017,0.9891800034231014,-0.2477657340836976,1.0284058057318932,1.163313513370463
2020-10-27,0.8626584194247527,1.1393207950562394,1.3642691264384266,209.44,ST/MT Ratio (Expanding EWM),MSFT,0.2308874689356696,0.0135942200991247,-0.010637342244371,0.0092327148910432,-0.0034950035191878,0.0026137708557899,0.905522429978543,0.9048279741202472,1.0757494570590276,1.0817278468076916,1.285148197600724
2021-01-26,1.0380560153849223,1.2012209552234827,1.1280092914899325,224.96,ST/MT Ratio (Expanding EWM),MSFT,0.0559756665708997,0.0361440794492825,0.0687192463979651,0.0291272118521188,0.0429634528024085,0.0023754558576272,1.0357883212372987,1.0884690237512569,1.2936065035908153,1.178370188958608,1.2313512582406585
2021-04-27,1.0723122401781051,1.146230320379678,1.2737947397647535,235.24,ST/MT Ratio (Expanding EWM),MSFT,0.1734947549846833,-0.0147710983245851,-0.0141714476901001,0.0066221958274222,0.0230532114654529,0.0021675701058009,0.9291914933455232,0.9949017454628548,0.0505344494642945,1.051326311914564,1.1976197804914313
2021-07-27,0.8918286723915432,1.2071662763507622,1.44854538812083,268.72,ST/MT Ratio (Expanding EWM),MSFT,0.1063382703770018,-0.0044980641832336,0.0262628611602792,0.0035975760821238,0.0245555877971744,0.0031622595975056,1.001287682873185,0.927118558331245,1.8943228017599236,1.1417910386012862,1.015799146047888
2021-10-26,1.5278942397640425,1.2037774117162157,1.520833943124276,294.17,ST/MT Ratio (Expanding EWM),MSFT,0.1301389916043061,-0.0367217240902109,0.0129787774121947,-0.0057853558928433,-0.0324056763948161,0.0014604087792628,1.0656502957133402,1.0706367604217577,2.5564774229097713,1.1535676674482218,1.110172799323857
2022-01-25,1.2382001746329012,1.1520209875074785,1.3188963332336563,342.45,ST/MT Ratio (Expanding EWM),MSFT,0.1766615147661183,-0.0398672318428234,0.0430522386819639,0.0420853339708027,-0.0257788434138217,0.0028949105560268,1.0766022183254378,1.2533398804088416,0.982868040313102,0.9939752221466466,1.2014664551638323
2022-04-26,1.3436367609065627,1.1396056360555535,1.3244009383372934,310.7,ST/MT Ratio (Expanding EWM),MSFT,0.2384547936096254,0.0304384037837969,0.0508453359018055,-0.01746071664855,-0.0679769664871356,0.0003679851149735,0.8880265019138768,1.0554124592024168,2.4629089484271747,1.1173267020807944,1.0615244020989998
2022-07-26,1.3580298691180814,1.1094112999518926,1.369419539534122,264.89,ST/MT Ratio (Expanding EWM),MSFT,0.1337119723640071,0.0494684009999788,0.0049601244719729,0.0413091931169529,-0.0172345205270688,0.0010950521670619,0.885897800963343,1.0423873563328947,0.1364165969097319,0.9528267863831562,1.197333165426263
2022-10-25,1.6106817884241191,1.034398283280987,1.3767291097840528,237.45,ST/MT Ratio (Expanding EWM),MSFT,0.1841346554846654,-0.0005203542553116,-0.0186025361103855,0.0154966030935092,0.0269175796596414,0.0001929586050681,0.9008279547400686,1.0816669880671057,0.5434377873444363,1.1946232135906891,1.0564368976592882
2023-01-24,0.9181777707404388,1.1537076705834308,1.248619662363456,238.73,ST/MT Ratio (Expanding EWM),MSFT,0.194528915984334,0.0371236514262208,0.0177991642881734,-0.0319826543700485,0.0159236628937092,0.0017251546993302,0.831992993118702,0.9359303010288336,1.3630148854122592,1.0798090655214796,1.067503596193062
2023-04-25,1.483314915431948,1.109405536144986,1.5634376085652024,276.38,ST/MT Ratio (Expanding EWM),MSFT,0.233133391586806,0.0146572608766671,-0.0163314610925631,0.0121912323247855,-0.002537831573803,0.0019537387827336,0.9727374769248118,0.9215730331363484,1.066186041557049,1.0514218426141055,0.959819727422778
2023-07-25,1.2471196438866536,1.2558522000320915,1.2003872573199732,328.6,ST/MT Ratio (Expanding EWM),MSFT,0.2369379975814107,-0.0205791914111793,0.0644016174257986,-0.0495006626912906,0.0024424929070486,0.0021141014922265,0.8415357544443711,0.9494289962397964,-0.5958870140349659,1.082912458661028,0.9785930609611676
2015-01-29,1.5281682377444314,1.2800742361433668,1.117640104043509,535.28,ST/MT Ratio (Expanding EWM),GOOGL,0.1863900793509141,0.0146488461927944,0.0080960599324821,0.0186377004207758,-0.0142221385643851,0.0020618833528871,0.9005720608749854,0.969428857660576,2.8313412177940123,1.156385238945551,0.9921979349406084
2015-04-23,1.079220098440745,1.13051776560257,1.1040171063814397,577.54,ST/MT Ratio (Expanding EWM),GOOGL,0.2179409752373607,0.0558312798263089,-0.0069596465393632,0.0251307870747247,0.0081189720600446,0.0010724466691882,0.9310265175688504,0.9839571369219988,0.967503837843295,0.905883159742276,1.1685472035587183
2015-07-16,1.731720360225801,1.261512153518718,1.1539234352540997,544.87,ST/MT Ratio (Expanding EWM),GOOGL,0.0652078690142641,0.0007460886311516,0.0095404091759472,-0.0118088988913013,0.0221469569870153,0.0018097591555867,1.0092632599270566,1.2594555713204414,-0.3424292626863434,1.1412327738183394,1.2167844057866863
2015-10-22,1.1153248274032042,1.195036131395367,1.18221266080771,653.2,ST/MT Ratio (Expanding EWM),GOOGL,0.2232590725647928,0.0567625279534902,-0.0364137886858908,0.0060886923988895,-0.0373971696852618,0.0005025533313942,0.8508724756867548,1.059423689657651,-0.3193894354219324,0.9764161501372648,1.0052984699322178
2016-02-01,1.522905606625356,1.1636851857677506,1.3572900014165166,778.01,ST/MT Ratio (Expanding EWM),GOOGL,0.1044477482627051,-0.089691078643141,-0.0251484211553195,0.0518539358437571,0.0104911921959337,0.0033632289751322,1.022494557610309,1.0645643727041862,2.7909312160252213,0.9379110425841016,1.2894768539400796
2016-04-21,1.452522295336289,1.395127980880243,1.5869851739137817,760.05,ST/MT Ratio (Expanding EWM),GOOGL,0.1853170742417672,0.0307665876531328,0.0400124172383327,-0.0096436676065484,0.0263108717738666,0.0016963739271019,0.8922554560857056,1.2091495745527412,0.3558797046912856,0.9429244186251942,1.243155674098496
2016-07-28,1.1172056644273651,1.427088735320554,1.6856036817016546,691.26,ST/MT Ratio (Expanding EWM),GOOGL,0.2376270424287173,0.0050466473883359,-0.0157068283691418,-0.023472689676415,-0.0073775072240842,0.0015111138809563,0.9235443596945851,1.1635421616907369,1.2657747403465065,1.0415268928172623,1.0983277890594156
2016-10-27,1.1116089523453907,1.676707134752193,1.331429527630136,810.73,ST/MT Ratio (Expanding EWM),GOOGL,0.2124943962127019,-0.0084652572663053,-0.0274073294804581,0.0400415850615649,0.0205175153030145,0.003588940328444,1.092895165636915,0.9351091656493764,1.6727226478316206,1.1687436304195735,0.9231152788079456
2017-01-26,1.1155244415357786,1.6821913268040654,1.5421393108436905,809.93,ST/MT Ratio (Expanding EWM),GOOGL,0.1538875919243152,0.0052116271787425,0.0200995825758185,0.0520646797632698,0.0733663611118138,0.0007577534664507,0.8562613356934667,1.1866527746808126,0.7491265929784703,1.0210645862441066,0.9547866538176945
2017-04-27,1.427865951563181,1.637717342783793,2.0088952268202123,840.63,ST/MT Ratio (Expanding EWM),GOOGL,0.1691644206660991,-0.0675649120110312,0.0395711246398899,0.0030923917961961,0.0003914301753276,0.000874412885968,1.0027080162871151,0.9506181244785508,0.9064818252421616,1.129084589688497,1.0033057431548655
2017-07-24,1.2291213909274483,1.531903917312538,1.3406410234714772,986.09,ST/MT Ratio (Expanding EWM),GOOGL,0.1282278481376404,-0.0056885160743129,0.025568599319952,0.0282865758852089,0.0128326762501331,0.0009037796751314,0.9923144672718908,1.2968063877587344,1.746601693416149,1.1524070313915595,1.0659390426242183
2017-10-26,1.3564029404792592,1.5808539357325402,1.4237877608417246,937.43,ST/MT Ratio (Expanding EWM),GOOGL,0.2254288543310303,0.0144989400029111,0.0338814305741744,0.036536897888272,-0.0154514270915347,0.0019321286183005,1.107144369250342,0.9162036691765288,-0.5083552698310201,0.9609211778760186,1.0607807698460878
2018-02-01,1.3261498345238014,1.513359788575906,1.376824699651208,1073.21,ST/MT Ratio (Expanding EWM),GOOGL,0.2074972663881795,0.053726291565953,-0.0187038526570838,-0.0155621058134596,0.0075312790650512,0.0024316316296375,1.138297951330305,1.0385064203151722,1.6184847740618515,1.1127942884410449,1.1344729416353363
2018-04-23,1.2746757548570136,1.131096685071204,1.292362795114381,1026.55,ST/MT Ratio (Expanding EWM),GOOGL,0.1020174102118206,-0.0161394576395776,-0.0386543200022553,-0.0091326458841967,0.0145067906245575,0.0027396754681178,0.9428967872680544,1.1308213366854178,0.3690623711589849,0.9251621215656036,1.2971215912744058
2018-07-23,1.1613430860493807,1.3407744074787438,1.1273772411070424,1169.29,ST/MT Ratio (Expanding EWM),GOOGL,0.1918503775264408,-0.0262972761012615,0.0490400095586646,0.0337718628288683,0.0078710585067534,0.0045719953174949,0.8508729814530044,0.9289393535344228,2.5141229968286236,0.9905503982678684,1.1601187896294032
2018-10-25,1.3641641395993975,1.3287599155782346,1.419705544352653,1193.89,ST/MT Ratio (Expanding EWM),GOOGL,0.1844751583824213,-0.0155614965254587,-0.005680395165264,0.0451253569677127,-0.0224923829927214,-0.0002494324542007,0.9316022918648932,1.0565817083177884,0.048451888067186,1.002913201737903,1.0642801602346172
2019-02-04,1.046162977142515,1.148147657872259,1.3908354662489972,1078.07,ST/MT Ratio (Expanding EWM),GOOGL,0.1805435272626709,0.0340390741195726,-0.0035249904936514,0.0170720215043588,0.0081590442831362,0.0026087355891244,1.0881664276369372,1.1046144776939169,2.774260868627908,0.9125641181516326,1.1012273290528114
2019-04-29,1.65100664945174,1.288540759429556,1.211405954078267,1176.89,ST/MT Ratio (Expanding EWM),GOOGL,0.114479389854811,0.0135062888380889,0.0438458242554717,-0.0189953588375513,0.0395548984679409,0.0014428694274277,1.0336899155326873,1.2680787944297096,-0.8033659055142897,1.0720498754805647,1.241451971411183
2019-07-25,1.5462766773868273,1.184191784364446,1.314605809784068,1087.58,ST/MT Ratio (Expanding EWM),GOOGL,0.2310589669181239,-0.0165416071318463,0.0206869002820197,0.052676527792486,0.0142158941128631,0.0014135848511112,0.8967710912476946,1.250516939409575,-0.9238263629028328,1.1197363887401188,1.2732452884674612
2019-10-28,1.0919207108835505,1.3123611559104935,1.368173020659855,1225.95,ST/MT Ratio (Expanding EWM),GOOGL,0.0599355980480532,0.0199643601589674,0.0176766331624482,-0.0102742724452991,0.027049679726796,0.0013802278717461,1.0628790646560249,1.0756116975921792,-0.8204759341091279,1.1760341439967883,1.08811848907663
2020-02-03,1.591301847638876,1.2441060130981456,1.244942309422242,1361.52,ST/MT Ratio (Expanding EWM),GOOGL,0.0834737063916238,0.0053977142271814,0.0689500703470325,-0.0053784445292862,-0.0029252992503156,0.001091230329192,0.8115986977343792,1.1759284285315048,0.9273490143050328,0.9373035952327232,0.985708723724104
2020-04-28,1.4229704807029748,0.950341355228705,1.455390082377645,1146.31,ST/MT Ratio (Expanding EWM),GOOGL,0.2003687009587222,0.0359025746686511,-0.0153055469114042,0.0115584458622405,0.0217475059855927,0.0036845248346034,0.8257962721823385,1.1297174158834296,1.488117917008037,1.0517226895066334,1.226840853201046
2020-07-30,1.230122620731298,1.2325164876158077,1.416323655567011,1418.05,ST/MT Ratio (Expanding EWM),GOOGL,0.0587122843067396,-0.0225718582857073,0.0318352038424371,0.0418540105178693,0.0099816959554131,0.0028422973270139,1.1444035285232057,1.1462497586732507,-0.9489740811702778,1.1085688967243206,1.0671996867681406
2020-10-29,1.3655568669884934,1.2052707450908051,1.2760197912421394,1466.02,ST/MT Ratio (Expanding EWM),GOOGL,0.0785789242897628,-0.0094681751309218,0.0057103937469125,0.0243493994138055,-0.0207727682421808,0.0020231959785573,1.0262229932905549,1.159632240807554,0.400946457308307,1.1751295515515383,0.9535899466999124
2021-02-02,1.4413443982932306,1.1464771730770889,1.2563537560996416,1726.13,ST/MT Ratio (Expanding EWM),GOOGL,0.1005091501061098,-0.0117237853596255,0.0120577683658977,0.0133716375090477,0.0109630251199718,0.003351015752487,1.068604722912415,0.9017438319826322,2.6986044216207232,0.9337512399714276,0.93795369205903
2021-04-27,0.9578432625083678,1.2321949718438652,1.348546948180965,2045.79,ST/MT Ratio (Expanding EWM),GOOGL,0.0896171738318095,-0.0492230231846241,0.0498540527923759,0.0145822132529526,-0.0217924165860077,0.0004874710347011,0.9332030532208976,1.0494265144156325,-0.1427997107084855,1.0755364982781377,1.0771656392167854
2021-07-27,1.4043091948964523,1.4068912971807228,1.0739431960584382,2450.72,ST/MT Ratio (Expanding EWM),GOOGL,0.1289964282201222,0.0123642096972601,0.0192350726886887,0.0040878667160866,-0.0128220068721197,0.000669294868669,0.813670235616435,1.0278608249021204,2.241731654292682,1.1069104604585605,1.1899483414319525
2021-10-26,1.6026651294990375,1.3356312495892968,1.747364797789074,2821.44,ST/MT Ratio (Expanding EWM),GOOGL,0.0647985166095782,0.0111369345262961,0.0201488823714889,0.0169534878629626,0.0077332076823093,-0.0001779677321946,1.0792467696334094,1.0243892085532134,-0.6013443116928965,0.9817401552099289,1.2327141200740637
2022-02-01,1.5169404486022,1.3157330347612055,1.3881614378612137,2899.83,ST/MT Ratio (Expanding EWM),GOOGL,0.1740982136081229,0.0021789709824861,0.036175220119294,-0.0602390019423575,0.0104311068345031,0.0013005854598767,1.1921883191132283,1.097538805896625,-0.9611985803078312,0.9420134436402688,1.0288322301265065
2022-04-26,1.2316529571487986,1.2369025714479296,1.182687419478394,2829.11,ST/MT Ratio (Expanding EWM),GOOGL,0.0977855480210813,-0.0062105496681301,-0.0069485818862865,-0.0044151864767449,-0.0267308116269282,0.0021616985267047,1.03143413943718,0.9300374583221256,2.7734291948395264,1.0095251019853202,1.2650336871699293
2022-07-26,1.2923713245042348,1.181935547350286,1.2201510724846607,2316.67,ST/MT Ratio (Expanding EWM),GOOGL,0.0567803894457643,-0.0475379759717645,-0.0211762900201701,0.0090330483729195,0.0293496442795719,0.0021028585779323,1.1122087211028089,1.2021749090062326,1.426878319128928,1.0880351451155534,1.1552012940864993
2022-10-25,0.515566879251596,1.07448024770366,1.2665465502147846,98.17,ST/MT Ratio (Expanding EWM),GOOGL,0.0700772341324994,-0.0127225862967875,-0.027344275820631,-0.0257753520904876,0.0173001569575118,0.0021493419110598,1.0514885548102328,1.1214912925593443,2.9456560739315556,1.1196871702277087,1.2107785553570083
2023-02-02,1.279989249256911,1.1222010801881543,1.1930480926920974,89.12,ST/MT Ratio (Expanding EWM),GOOGL,0.0722117954564413,-0.0099950080784369,-0.05499069768128,0.012658082945289,-0.014618210890272,0.0005889431689339,1.1489851260334696,0.9862559050903396,-0.6647833636197569,1.0448683309795797,1.1056322782477093
2023-04-25,0.8310654875477663,1.1769117557883264,1.2609414908605034,102.46,ST/MT Ratio (Expanding EWM),GOOGL,0.1095101078130493,-0.0260797044227566,0.0656862138982096,-0.002111780524653,-0.0354396199112293,0.002803154742614,1.131672711979967,1.0775134317129342,1.2834121021772509,1.0581212815540375,0.9152811135029564
2023-07-25,1.2885922010982769,1.232413055938582,1.004722134890569,118.34,ST/MT Ratio (Expanding EWM),GOOGL,0.0706773148212003,-0.0036449999083103,-0.0290962509716504,0.0468868924578872,-0.0006226144770357,0.0022396275182389,1.0460859586387656,1.231217314309701,-0.3699978076967847,1.0782995201779788,1.1374442177785655
2015-01-29,1.604938482127635,1.5156163256108848,1.219678748918703,310.3,ST/MT Ratio (Expanding EWM),AMZN,0.1208518600836709,0.0161417799885088,-0.0026376087075731,0.0423254931303714,-0.008148592846529,0.0027330542814659,0.8656739856225435,0.9493854294922944,2.920207771905939,1.018115750895911,0.9909686914894116
2015-04-23,1.6378043775799804,1.571130716552826,1.1018557421512631,374.09,ST/MT Ratio (Expanding EWM),AMZN,0.1600994525487579,0.0680165065423685,-0.0043043989966676,-0.008645139227954,0.0058285114263255,0.0001072378224099,0.86852981778175,1.167040685433294,1.4377811893091152,1.0930656368962253,0.9352024110045808
2015-07-23,1.5541874361802286,1.6727232692936675,1.1141985393827505,445.99,ST/MT Ratio (Expanding EWM),AMZN,0.1436468239300917,0.0081102234491143,0.013222200934273,-0.0007709427891673,-0.0060779165288891,0.0023114908587977,1.1574138333993746,1.0557065587236194,0.2534776257214317,1.0387084341743218,1.0560264262990513
2015-10-22,1.2150097540934202,1.5932017191537795,1.5039966408367371,538.4,ST/MT Ratio (Expanding EWM),AMZN,0.1890790010090108,0.0110142636752967,0.0284721163761788,0.0011513108597901,-0.0471864215186252,0.0008122347600824,1.1454308012556582,1.271704390079157,0.2138128657984248,1.1591807422379865,1.212609251813227
2016-01-28,1.6454593336588377,1.6639588518866937,0.9901904853851984,693.97,ST/MT Ratio (Expanding EWM),AMZN,0.1077342531476237,-0.0006056070518158,0.0298142046507923,-0.0082914869039905,-0.0067086734575289,0.0016026767474486,1.1723230689379047,0.9983001248743552,1.3078366004839164,0.9823633754221334,1.2296377961937497
2016-04-28,1.4614283515856858,1.4189326575479226,1.4067208592820089,593.86,ST/MT Ratio (Expanding EWM),AMZN,0.150047341803277,-0.0651569925354664,-0.0134923231570681,0.0078756246007031,-0.0046404777767078,0.0025343648986363,0.8021296762284258,1.1259276651545584,0.3568137250876719,0.996805112123346,1.1579625295459668
2016-07-28,0.8169393514909501,1.577090794746666,1.4521446997926115,707.95,ST/MT Ratio (Expanding EWM),AMZN,0.1343102276822304,0.0010720143592774,-0.0010136514135923,-0.0159570517221897,0.0188415256193514,0.0020910936062559,1.1405937797255976,1.1436781565573306,2.41269191458689,0.979379133564309,1.1078007419059923
2016-10-27,1.5816984373238006,1.7574358961878989,0.9944041619248905,816.11,ST/MT Ratio (Expanding EWM),AMZN,0.2323171290132883,0.0041080573479359,0.0124773985146489,-0.0252653833734381,-0.0144549918652762,0.0011484600202206,0.9802146156268304,0.9046579598012384,1.2272485725629605,1.0984572972438524,1.136765761767628
2017-02-02,1.2406108569952905,1.3964707600554136,0.9849831701883957,753.67,ST/MT Ratio (Expanding EWM),AMZN,0.239437973703238,0.088213473936985,-0.0034607337855064,0.0185677805975067,0.0449668668343141,0.0020062731561844,1.0945119595133683,1.128535811381231,-0.7329989805969723,0.9349336572254134,1.138589831017581
2017-04-27,1.0423848404875524,1.9473112748303496,1.2856050792139486,856.0,ST/MT Ratio (Expanding EWM),AMZN,0.0801992035654762,-0.0047326337673392,0.0522203672805997,0.0187382396055452,-0.0447910137662939,0.0004684646847563,0.909991676789456,0.9318580516139064,0.7184109737941871,1.0662967794250966,1.0314983953398429
2017-07-27,1.2541298284675528,1.429766715079984,1.156141749348889,976.78,ST/MT Ratio (Expanding EWM),AMZN,0.0753697911140822,0.0125541569816764,0.0187292485491475,-0.0171078939914998,0.0357791874450656,0.0031502673958982,1.0881734808903112,1.157508243240498,0.3312734443666878,1.1264617586725685,1.1594780170132142
2017-10-26,1.732154905105294,1.3452614511744576,1.3737104934621198,938.6,ST/MT Ratio (Expanding EWM),AMZN,0.2325702428137491,0.0007850880603164,0.0260463335814945,0.0253838857690649,-0.0026079742719526,0.0017947159805037,1.0549781514871608,1.1213710803148274,-0.9544413276457888,1.1089521550430668,1.0504167164436626
2018-02-01,1.366458736667778,1.6253964252253852,1.1692022905385533,1189.01,ST/MT Ratio (Expanding EWM),AMZN,0.2201579857849562,-0.0389037313166836,0.0238864380600223,-0.0127894432291332,0.0244896218085889,0.0031185499442553,1.1770438840634625,1.2271939084308825,1.3507778781252489,0.9756545945457809,0.9814869573110666
2018-04-26,1.1591385813565884,1.1769200239809108,1.5119290468332307,1497.05,ST/MT Ratio (Expanding EWM),AMZN,0.0568390909161117,0.0419987985080257,0.0392042157245597,0.0093291309509495,0.0049950371014683,0.0014734683129039,0.9361539350710196,1.0906271774320075,0.1842620401557884,1.0544788486177448,0.9661481702052744
2018-07-26,1.1926008954113791,1.439714761707248,1.3899082033755965,1691.09,ST/MT Ratio (Expanding EWM),AMZN,0.0703802096836614,0.0283176561440371,0.0094306467611112,0.0235086003153114,0.0314888884006367,0.0014764240115934,1.1910851251302,0.9431698219859976,2.727776558617488,1.1740734034208085,1.1101441927277993
2018-10-25,1.5563030694878963,1.4401584170750756,1.4250979462758198,1974.55,ST/MT Ratio (Expanding EWM),AMZN,0.2285064465496673,0.0296861181465066,-0.0349049584386753,0.0021596858824071,-0.0066840491138202,0.0012358132133621,1.0899641087344338,1.0744193191890352,1.5201383101697528,1.0021727812263357,1.0204636079141782
2019-01-31,1.167801454478932,1.1052542630975666,1.2718363181633117,1501.97,ST/MT Ratio (Expanding EWM),AMZN,0.2395666546727969,-0.0298285609178158,0.0159906385525792,0.0143685228035283,-0.0244655106294453,0.002876173931693,1.0312919144678054,1.0992518696735922,1.3181454765999243,0.9859981743861068,1.0467831327267982
2019-04-25,0.9335801647018284,1.2796401753890174,1.2271939247614894,1783.76,ST/MT Ratio (Expanding EWM),AMZN,0.1945894130138854,0.0510978008827634,-0.0155407068137548,-0.0099107410971892,0.0385126071817765,0.0012905688426715,0.8335591842515637,0.9209105489088824,0.013828518692065,0.9222740577991636,0.9415098834538964
2019-07-25,0.9859621683650204,1.247039633051254,1.387089152888087,1878.27,ST/MT Ratio (Expanding EWM),AMZN,0.0874365985687154,-0.0470647871977298,-0.0118585004524927,-0.0019116645857024,0.0001629838529464,0.0026445954324151,1.1251713621575747,0.9155494788066756,1.635771175738971,0.98176732464462,1.2486182722832506
2019-10-24,1.1334531586436765,1.1991395848200472,1.3369834893818118,1741.61,ST/MT Ratio (Expanding EWM),AMZN,0.1165453739033296,0.0225399982830094,0.0215909205626527,-0.0021464857720085,0.0085389618406052,0.0016175476023307,0.993996913831,1.0222305837311303,1.070555742757738,1.0145874057135806,1.125720425867932
2020-01-30,1.6470091714981734,1.3123707854419773,0.9238454359250606,1847.84,ST/MT Ratio (Expanding EWM),AMZN,0.2328904501510639,0.0786659469033492,0.041148492143009,-0.0156644586635059,0.0338687978511198,2.403670010838033e-05,0.8458131473305394,1.2987962011250205,0.7022235107868702,1.0044691919122106,1.184083939326506
2020-04-30,1.092091315541148,0.9982306671176971,1.4751878236050335,1949.72,ST/MT Ratio (Expanding EWM),AMZN,0.0647841835864296,-0.032668771379574,0.0046381473020818,-0.0014193540778945,-0.0227988810523608,0.0014296859322135,0.945559762598133,1.233309722011503,0.817082897441701,1.1158675239796303,0.9429812865767546
2020-07-30,1.0323580614553087,1.2489606465607483,1.0722538368684256,2758.82,ST/MT Ratio (Expanding EWM),AMZN,0.1493398606087905,-0.017820420536097,0.0132649903779689,-0.0357154574715936,0.0178872724409814,0.0008208917856371,1.1384476742220446,1.194287194711244,-0.1531328861521372,0.943585802923736,1.0265169394902498
2020-10-29,1.1370469990255978,1.2365181550326048,1.0562578294043958,3144.88,ST/MT Ratio (Expanding EWM),AMZN,0.2319840817160381,0.0054877977780674,0.0550664483390571,-0.0092788436785526,-0.0117473689115722,0.0020339027236823,1.1904282344127617,1.0027326298268235,0.8245088357865331,0.9090060677152008,1.0588910118264931
2021-02-02,0.9826083845971184,1.1648307759493557,1.095579611559392,3186.63,ST/MT Ratio (Expanding EWM),AMZN,0.0915556761661446,-0.0156216478940669,0.011222595384657,-0.0041218873342417,-0.0003042338911092,0.0008095922643255,1.0285280061732411,1.2812498450031862,1.0669441797602577,1.1457321978533064,1.1188510570275605
2021-04-29,1.005130479072769,1.222415840635363,1.3192846077238023,3055.29,ST/MT Ratio (Expanding EWM),AMZN,0.0742840376365775,-0.0522732200873146,0.0820504934254118,-0.0034044938123845,0.0048069741346072,0.0029259751007146,0.8163140053742073,1.0260033100759096,1.302198031324413,1.1851781897793372,1.2436521439004933
2021-07-29,1.3858807283639545,1.380827198756078,1.099626134947481,3448.14,ST/MT Ratio (Expanding EWM),AMZN,0.1668507625140302,0.0043997041182109,0.0209652893689463,-0.0030374361467694,-0.0345055465361734,0.0019089241396469,0.8913422456715391,0.9880439320076654,-0.1953081315443969,1.1767496688907508,1.2410664612406883
2021-10-28,1.1805277728074024,1.162345905192702,1.7529300734837423,3315.96,ST/MT Ratio (Expanding EWM),AMZN,0.2055743733007018,-0.0351806299804136,-0.0488228827746745,0.0014558950034967,-0.0164709260705108,0.0018224040052412,1.1099533729011797,1.0570940456896911,1.0175228171950672,1.0392995234385458,1.001359243023749
2022-02-03,1.7019325491277637,1.2298433139484504,1.0730346914784523,3350.44,ST/MT Ratio (Expanding EWM),AMZN,0.1853401773119945,0.0185757350722313,0.0266002486331359,0.0149860379521515,0.0367768223103284,0.0026558921377875,1.0020112184595067,0.9121986191411018,-0.4727585060101633,1.165976878850684,1.2006719068125693
2022-04-28,1.3950438078949523,1.2306396360658214,1.1323326345388585,3386.3,ST/MT Ratio (Expanding EWM),AMZN,0.2326479872583648,-0.0301798481981831,0.0154347515464833,0.024862926853313,0.0251547797146198,0.0029639069340758,0.9691473636236348,1.106860144913551,0.4799955438399097,1.1222339601482016,1.2136748716928318
2022-10-27,1.410384251822573,1.072852412376393,1.2785430839626108,114.41,ST/MT Ratio (Expanding EWM),AMZN,0.2456383775635367,0.0562477041756139,0.0426925826224823,-0.0132441306712066,0.0014340105668191,0.0019799012482303,1.1053140760812636,1.18904468993378,-0.1819826452288167,1.0013909937721437,1.08793817399347
2023-02-02,1.410436950862748,1.155485960113301,1.117317519399407,85.82,ST/MT Ratio (Expanding EWM),AMZN,0.1975037622007109,-0.0254138652317683,0.0241954405380987,-0.0270800213847286,0.0090780864628223,0.0012287997004507,0.9323171965710624,1.2019760800633317,0.3174140969998187,0.9414696260356012,1.0596161808193216
2023-04-27,1.3404691201623231,1.2636381163680417,1.2293119852615888,97.24,ST/MT Ratio (Expanding EWM),AMZN,0.0591093033751022,-0.0092721530671986,-0.0001536795195132,-0.0230511103060775,-0.0043560626409114,0.0002260303838878,1.191965773112952,0.9903525651734304,1.4486346357729163,1.029891914951912,0.9284098270597306
2023-08-03,1.4560072903022558,1.1771830914112806,1.0743636214376378,130.22,ST/MT Ratio (Expanding EWM),AMZN,0.1956825989040695,0.0304731026079384,-0.0327289470886809,-0.0091800730298731,0.0369145846456995,0.0013139502429648,0.9951506423992238,1.180865731459325,1.052879903311275,1.1616318191239745,1.015574806663033
2015-02-11,1.117977968979347,1.0732857706762144,1.2096327318114692,202.21,ST/MT Ratio (Expanding EWM),TSLA,0.0503542381220385,-0.0410802510751884,-0.0022706977185807,-0.0057980329454127,-0.002008814444854,0.001382787753352,0.834499668521586,1.2746262446632024,0.512785398112876,1.07292166543609,1.2168012504520784
2015-05-06,0.9782464797514148,1.248765966785294,1.1591324617211796,203.1,ST/MT Ratio (Expanding EWM),TSLA,0.1885096253821307,0.0099610977111445,-0.0215156136262789,-0.0162499016549364,0.0087960523033712,0.0021070574529922,0.9297254655502324,1.1864658152710446,-0.4583246007286878,0.9873881241616516,0.957884254454608
2015-08-05,1.327747502729996,1.264372317472325,1.0898679046317616,279.72,ST/MT Ratio (Expanding EWM),TSLA,0.1222949675299945,0.0477499963998849,-0.0134157034941416,-0.0294029166062473,0.0316507536035516,0.0016548531188619,1.124492223360543,0.989059694090714,1.8696142216208411,1.1829895191736957,1.111108883627551
2015-11-03,1.4427833014116185,1.1791938476104653,1.2436734561283826,246.15,ST/MT Ratio (Expanding EWM),TSLA,0.0997732818822373,-0.0542619132096429,0.0216573521326182,-0.0084030206868547,-0.0164342871211476,0.0026879329720514,1.016011676904275,1.0844134272391248,0.303560573574571,1.0426965092774751,1.1411230129067038
2016-02-10,1.3251007748777577,1.1892165043421845,1.1988192002235836,207.85,ST/MT Ratio (Expanding EWM),TSLA,0.1236287616440611,0.0084621850486306,0.0540971351305421,0.0075356655028492,0.0419697296124223,0.0013870167287293,1.1943966288682637,1.2751058237272896,2.448611833172487,1.1667391607114574,1.0871396733168173
2016-05-04,0.9018855823670178,1.131560103195325,1.153660172389524,246.99,ST/MT Ratio (Expanding EWM),TSLA,0.1525591865006486,0.0110958977986948,0.0158401458946894,0.0178757366458891,-0.0352615352435844,0.001942958833147,1.062977730870986,1.2580266891744858,0.5718030599654123,1.188528743503641,1.0663144248276732
2016-08-03,0.805568347280537,1.2140019579499874,1.1862222885581422,213.98,ST/MT Ratio (Expanding EWM),TSLA,0.1553136280988516,0.0293638005122058,-0.0318764918610555,-0.010935576327708,0.0437410532778199,0.0031839874431968,1.0404330661572865,1.1839218853089488,2.8023680523037533,0.97338488221568,1.198452391295457
2016-10-26,0.8817114671103067,1.1065483287793394,1.1137152217936976,208.99,ST/MT Ratio (Expanding EWM),TSLA,0.2444105277196105,-0.0412932748807328,0.0173380800466042,-0.0073249455535858,-0.0063168895987993,0.0023418252139549,1.008326234457633,1.0074228562482566,2.1064273591855622,1.065666684052154,1.1643895282598704
2017-02-22,1.3280744930590938,1.1491453406295902,1.0796540945079518,248.92,ST/MT Ratio (Expanding EWM),TSLA,0.0694214039377797,-0.0442159814579496,0.0398989445993695,-0.0201674577211827,-0.003067468695632,0.0019399624583114,0.9291604274311605,1.092509580731042,1.4694170039522685,1.021473244280953,0.9793490159390804
2017-05-03,1.1448914910211372,1.179650155262881,1.0406862526523963,298.52,ST/MT Ratio (Expanding EWM),TSLA,0.115791709252332,0.0202679547965914,-0.0142934871295814,0.0022140207406305,-0.0442502542795735,0.0013980555580648,1.1846561969261216,1.104587016017047,1.935681481150802,1.0233141580668177,1.0420527056102866
2017-08-02,1.178615294213106,1.1997881461699849,1.1137267945052711,352.62,ST/MT Ratio (Expanding EWM),TSLA,0.0747533727397834,0.0123944635631615,-2.0515000187530376e-05,-0.0182107158547703,-0.0083698679344423,0.001366768603285,0.96286571938685,1.06367865751426,1.1767204637678144,1.063040960994409,1.0988615263531487
2017-11-01,1.2742071706508031,1.118060303935573,1.152084750704636,341.53,ST/MT Ratio (Expanding EWM),TSLA,0.2107754371361372,0.0107672497621056,0.0044406458418759,0.01732819533103,-0.0229951632756721,0.001149386747048,0.8539143139669753,1.0984301914002126,-0.323584398317394,0.9378407358887296,1.273058286936467
2018-02-07,1.2333644468255522,1.1143334985896585,1.0373918468535026,336.41,ST/MT Ratio (Expanding EWM),TSLA,0.1071036477798658,0.0141256873323941,-0.0195469493924672,-0.0416466622983527,-0.0121911586343368,0.0014589931342171,1.0419800052590815,1.1637960232498337,0.6071746813334551,1.1726942675744592,1.155172195831866
2018-05-02,0.9968550206032512,0.9568028529296038,1.3358447568875416,252.48,ST/MT Ratio (Expanding EWM),TSLA,0.1280155807947941,-0.0218008652552471,0.0234484130153157,-0.0059907418113115,-0.0004327741447219,0.0027556658387443,1.107667947809435,1.0474249876110855,2.840047523276502,1.1461383870474944,1.2415793852058177
2018-08-01,1.481232782232895,1.1179336351224474,1.089926004989631,335.07,ST/MT Ratio (Expanding EWM),TSLA,0.1060623042060356,0.0101288794006351,0.0003715555417665,0.0105276834797935,0.0269447903618226,0.0017781117287077,0.8688777069703018,1.008385283148488,0.1425063987343082,0.9812727669740614,1.2421632648417151
2018-10-24,1.030400158024504,1.02840386899264,1.2227784958764951,299.68,ST/MT Ratio (Expanding EWM),TSLA,0.0500317457124674,0.0122575365654538,0.0165859733172108,0.0075958629080626,0.0081900837850156,0.0006502269306187,0.8127539180834369,0.9304399955923096,0.0956594825196148,0.9599618923948332,0.9927438455531392
2019-01-30,0.9703128525879254,1.0703968449687125,1.259531934521022,332.8,ST/MT Ratio (Expanding EWM),TSLA,0.0692315021923,-0.0230022996309228,-0.022624765334063,0.0703258415995124,0.0106919163350278,0.0037681692930597,1.11917727570132,1.1252506375568188,-0.976917354828128,1.0287968297112586,1.0631539707401436
2019-04-24,0.9589124705772047,1.021399255562131,1.2560998477888845,260.42,ST/MT Ratio (Expanding EWM),TSLA,0.1999483404376946,0.0673021078900664,-0.0091237490097023,0.0117450006141976,-0.024387984721139,0.0023199651911451,0.8455781077778175,1.170456715440583,1.8083887535179644,1.1162679657156294,1.191388378223437
2019-07-24,1.4562268096873237,1.0398235566521317,1.1578670348301452,223.64,ST/MT Ratio (Expanding EWM),TSLA,0.2294576170297573,0.0185841522319125,0.0256714407348331,-0.0221013649210502,-0.0190188522400682,0.0005930565994868,0.8000211307729188,1.2815683215386888,2.256835068218652,1.1711945089767857,0.9062573181229736
2019-10-23,1.5329377977960588,1.120449730825175,1.191150775458658,241.23,ST/MT Ratio (Expanding EWM),TSLA,0.0801569334139095,-0.0396956224020927,-0.007184994562753,0.0006133938227731,0.0479681254587827,0.0015581510727591,1.1735435183142957,1.223915411475242,2.3488765718347944,0.9279862154165904,1.1955112115674391
2020-01-29,1.2672899162365043,1.1741650773806953,1.1273358354852538,414.7,ST/MT Ratio (Expanding EWM),TSLA,0.1401906623348009,0.024979376302184,0.0558089155370021,-0.0414061583366613,-0.0153800258690811,0.0021108863828284,1.1839666758568363,1.1714189365672645,1.282245618498426,1.1836889033246991,1.0771748486937744
2020-04-29,0.8777727569704682,0.9645284360027432,1.1262689748082275,502.13,ST/MT Ratio (Expanding EWM),TSLA,0.1263650623776411,-0.0321138584579562,-0.007989085568438,0.0009850062675809,0.0444052063014323,0.0037045920932973,1.0397174265241915,1.0905353173977466,2.7313848854411966,0.9228254180296522,1.1004478803301394
2020-07-22,1.136764376700037,1.1569341121543848,0.9802804852259838,994.32,ST/MT Ratio (Expanding EWM),TSLA,0.2262781139668512,0.0295479611309858,0.0107405417725565,-0.0178264014250189,-0.0030765299720216,0.0008918875417411,1.0747809765541754,1.2167626153688949,1.3320745897765454,1.1726753232364362,1.276796578753549
2020-10-21,0.3612339640233961,0.915614621366886,0.8371121559286483,449.39,ST/MT Ratio (Expanding EWM),TSLA,0.1950841109583272,0.0425508452652591,0.0319777249561926,0.025884756889004,0.0030571984035876,0.0029760407193559,0.8257276892774335,1.0609482158165495,-0.9061639131153822,0.9988249972123328,1.114747287188241
2021-01-27,0.9012503718007396,1.178833557897635,1.0027552778019515,663.69,ST/MT Ratio (Expanding EWM),TSLA,0.1117370179089393,-0.0267238811423098,-0.0385509719879909,-0.0107385068648883,0.0297591290057482,0.0033994864269723,1.1643179722039796,1.2386217289861612,-0.4900010933120571,0.9279091124222688,1.1357069355026668
2021-04-26,0.797582881272529,1.027760845970354,1.1183206604860862,618.71,ST/MT Ratio (Expanding EWM),TSLA,0.0791605504116987,0.0357181645235512,-0.0488242643594232,8.085210511883415e-05,0.0347973105484664,0.0013713456949254,1.0128471889835131,1.0065510565720095,2.597812338215341,1.178209922838466,1.061044575336065
2021-07-26,0.85905761605281,1.0917609477511176,1.1581244477213235,671.87,ST/MT Ratio (Expanding EWM),TSLA,0.2490447119768759,0.0164473324427774,-0.0417696894371028,-0.01288894603511,0.0002296859930228,0.0017224863811397,1.156121022845408,1.0535795577051892,1.9472673273188008,1.0427826652643173,0.9490332626028732
2021-10-20,1.1784789371548172,1.0861578506553384,1.670454983241515,730.17,ST/MT Ratio (Expanding EWM),TSLA,0.2374375174353083,0.0307721055998071,0.0418775231028154,0.0464712837963332,-0.0067060763380384,0.0009636907526262,1.1711736804948083,1.0816386373510147,1.9379481612896143,1.0101521443293875,0.9075523514304938
2022-01-26,1.1696429836920903,1.0511543364421312,0.985434878137416,1093.94,ST/MT Ratio (Expanding EWM),TSLA,0.199549571928952,0.0683877543928881,-0.0125557443767734,-0.0050310691529477,0.0016019887869446,0.0017965388589196,0.8402121434767345,1.09848779179597,1.7598574285054496,1.0004205979737837,1.17819538367106
2022-04-20,0.9868450556629148,1.005051599863373,1.1307109528948738,921.16,ST/MT Ratio (Expanding EWM),TSLA,0.1943732917413256,-0.0065885840601004,0.0807459785700475,0.04881392608698,0.0114489382058029,0.001963410025657,1.0794542357727823,1.1815743629311324,0.9700874160820336,1.1744658450364511,1.0956786071922462
2022-07-20,1.0262714415051284,1.0017868765738998,1.18925030656995,711.11,ST/MT Ratio (Expanding EWM),TSLA,0.1243589022851869,-0.0243807657525121,-0.0129274279597216,0.0233537940529566,0.0252825921717438,0.0026596499980823,0.9801060773986552,0.9797523276042508,0.230620349425346,0.912700347755491,1.153414117446468
2022-10-19,0.5143916698310369,1.0900492638594008,1.2265739563443363,309.07,ST/MT Ratio (Expanding EWM),TSLA,0.0911127279249151,-0.0291330050368933,0.0095365390959111,0.0150516681833846,0.0031057464748537,0.0030901834710204,0.8994142975708371,1.021662101794186,2.0832580866572847,0.9981663549484362,0.9968783568052568
2023-01-25,1.074068324416681,0.9213358636492528,0.9488057152658153,109.1,ST/MT Ratio (Expanding EWM),TSLA,0.2367939462186737,-0.0265533599737903,0.0502632985770362,0.0122183286829379,0.0184721574505788,0.0012519039353783,0.8676230996534823,1.2099433608727823,-0.4811749680398924,1.036126128075106,1.102772046430878
2023-04-19,0.9942072247902256,1.0307708858443527,1.1643604515839177,183.25,ST/MT Ratio (Expanding EWM),TSLA,0.1144296465723228,-0.0006985598294936,0.0641827866447736,0.0128449324554062,0.0439589933067735,3.267493577400549e-05,1.074955965074286,1.1533133929331982,2.242882691780699,0.9134254301778716,1.018576289911759
2023-07-19,1.2246376843222286,1.026324493272747,0.8503484687255166,274.45,ST/MT Ratio (Expanding EWM),TSLA,0.200858628377119,0.0139403191185825,0.0658451072990919,-0.0451918144836402,0.0125327403066196,0.0019787552207237,0.912053647510152,0.9584067622368432,0.1567130154257725,0.9929295942428712,1.1087537847709914
2015-01-28,1.0245834171365271,1.5026344426056328,1.182067823683222,80.02,ST/MT Ratio (Expanding EWM),META,0.1844808187353184,0.0116841779765506,0.0402509869177942,-0.0039720848537689,0.0107913214001194,0.0022935375299686,1.0654817915705024,1.0524402054447255,1.877880925253525,1.000849601573874,1.016113470925904
2015-04-22,1.1611363756455129,1.3222011455916636,1.328766005334754,84.43,ST/MT Ratio (Expanding EWM),META,0.1342655071001439,0.0309514137162608,0.0347218757743438,0.024128949279608,-0.0349727706272516,0.002249417687685,1.0164752223428095,0.9094865441223162,-0.6808435054639985,1.025390863075958,1.2771650845567026
2015-07-29,1.204393755299429,1.1066543021582451,1.0837467868213129,85.8,ST/MT Ratio (Expanding EWM),META,0.2020407838783887,0.0024550662157267,0.0217758084760354,0.0017775704131473,-0.0627682534207265,0.0016733267524909,1.0886047119373694,0.9352506278002232,2.385272051123495,1.1196902311824544,1.1443786102810614
2015-11-04,1.306734962098032,1.3082542136830058,1.508128368004335,94.01,ST/MT Ratio (Expanding EWM),META,0.2028741883609714,0.0528736927005061,0.0273508322849991,-0.0321297461700893,0.0127093932307542,0.0021247520996639,1.1281171842436708,1.0616439390971828,-0.113995796584589,1.0536070167326277,1.1195367022373897
2016-01-27,1.7119983074152236,1.3110425887943549,1.560445197360197,105.93,ST/MT Ratio (Expanding EWM),META,0.0728043824913122,-0.0072629891633284,-0.012535571489856,0.0016898887355632,0.0006293942179781,0.0035154448083522,1.0153305488039648,1.1260295165920422,2.794819672956723,1.1706736869288694,1.2502868146235755
2016-04-27,1.3571212130313508,1.419033516461901,1.184189560792578,113.69,ST/MT Ratio (Expanding EWM),META,0.2367877816424719,0.0972059208306366,-0.0205459665026692,0.0456026379063872,-0.0098695668728685,0.0023817341689625,1.1205667243634507,1.277371242906114,-0.606021433282387,0.979536978433722,1.098022378261834
2016-07-27,0.930741383353063,1.23108868017929,1.488612250671948,108.97,ST/MT Ratio (Expanding EWM),META,0.1433803508493098,0.0238983571717752,0.0038987662776714,0.0341722928883679,0.0090882551046586,0.0016266315749969,1.138613797249362,1.102066284609093,1.9921389573663548,0.9416879715746748,1.0009655251906242
2016-11-02,1.577008453571168,1.554311728466566,1.295963296963797,128.77,ST/MT Ratio (Expanding EWM),META,0.2074586387188367,-0.0280005144745698,-0.0011055386757478,0.0014498997658492,0.0014899067700772,0.001499802182904,1.092710438015069,0.9658936035550896,0.405423738619707,0.9794598773440716,1.0399446776889911
2017-02-01,1.0546477002191814,1.3403594842038538,1.233233032430625,116.86,ST/MT Ratio (Expanding EWM),META,0.1470869655285355,-0.0354812374321389,-0.0095968414798182,0.0267862319264521,0.0311945062658474,0.0018301476423222,1.083329619631188,1.0471388724571205,1.2210532904317608,0.9299795631163228,1.2220070772938512
2017-05-03,1.1820186685460998,1.579046774053477,1.2595254794569506,142.28,ST/MT Ratio (Expanding EWM),META,0.2469396838561547,0.0188865345335114,0.0248916234237014,-0.0061626755092012,0.0051527717064744,0.0036367399618306,0.94795545025925,1.159413663613337,1.9015584066473303,0.96289827663351,1.25386999398134
2017-07-26,1.2045485164560137,1.2653381431809143,1.3444145697325127,153.59,ST/MT Ratio (Expanding EWM),META,0.1270453522544385,-0.0058211974864047,0.0326591562571153,-0.0395967896706679,-0.0156730821267541,0.0018166992904738,1.0464897006427811,1.0714900567005927,-0.2706592656871218,1.182690281370362,1.20202728165265
2017-11-01,1.210849794941894,1.2059087318835464,1.2183529985718278,169.47,ST/MT Ratio (Expanding EWM),META,0.0679703404243889,0.0269900172932232,0.0066522065887554,-0.0201116497032388,0.0277541559739822,0.0019802056554792,0.8832098250932996,1.0350843098896898,2.238697032352293,1.1087032989646015,1.20631371708629
2018-01-31,1.154770493132222,1.4671087910341742,1.3551216663938883,181.42,ST/MT Ratio (Expanding EWM),META,0.1353837393113784,0.018563316860074,0.0483259024316578,0.0420722192127049,-0.002428276873655,0.0015176864290636,0.9764804408851728,1.1865905050568668,0.5459748914556548,0.9633788750814588,1.153070813936544
2018-04-25,1.3930648626344622,1.0312208513066763,1.3605643296325118,160.06,ST/MT Ratio (Expanding EWM),META,0.0605751776715542,-0.0005490119429905,-0.0302506734240051,-0.0038498270457326,0.0161634170918076,0.0030989833574419,1.1904055702395175,1.024240388558132,0.8438783688501585,1.102200411320956,1.1166025128489951
2018-07-25,1.7292160571652329,1.2633328281890048,1.3443777651560445,196.35,ST/MT Ratio (Expanding EWM),META,0.1852098578367983,-0.0276377801323941,-0.0018097837783915,-0.0030845994843754,-0.00893526765482,0.0039598372547446,1.1373711182836197,1.2046970825878065,-0.7668111845505718,1.1995263701771322,1.2009609814877868
2018-10-30,0.9011942732308816,1.3066235115589104,1.280259818623884,162.44,ST/MT Ratio (Expanding EWM),META,0.2001868887305706,-0.0510196528640052,-0.0175046696180841,-0.004495954906872,-0.0132456721374359,0.0024506130494313,1.1455613265176452,1.1604790848381386,2.425140512187049,0.9337148924786128,1.0390951342237262
2019-01-30,1.4185929009704277,1.1468383776789106,1.3300706722053006,131.09,ST/MT Ratio (Expanding EWM),META,0.2288001820900163,-0.0136280233223457,-0.0519960985121917,0.0506034147393251,0.0051042057546424,0.0020827729037854,1.150568377441797,0.980662084506757,-0.6870316056799091,1.1364356819835657,1.2341944622573184
2019-04-24,1.1930872125811225,1.335790207905256,1.1078548268373252,166.29,ST/MT Ratio (Expanding EWM),META,0.113266601552408,0.0319739578013215,0.001519579424719,0.0436489728840515,0.0033207160885921,0.0020367828331742,0.8650608872759603,1.2417383931130863,1.7470711823886784,1.0560248049649752,1.232100077112554
2019-07-24,0.7899917696804376,1.2661459581327694,1.152179418085956,192.6,ST/MT Ratio (Expanding EWM),META,0.1956753473574208,0.0094932810445571,0.0003475747485014,0.0584695058362033,0.0149956758841708,-0.0003843067887857,0.9676996997275864,0.9775975824893588,0.1394107064424545,1.0515492054879945,1.1125323170692702
2019-10-30,1.1242330569277392,1.2668698165331531,1.460436855807559,178.08,ST/MT Ratio (Expanding EWM),META,0.1950767552288072,-0.0416008572549195,0.0494034922972639,-0.0009761302600012,-0.0037161438327435,0.0027451508642848,1.1222323305764934,1.216541089460934,1.3254662288182997,1.134235645009643,0.9767093833174684
2020-01-29,1.5522639399049256,1.3393294347881786,1.404139298550006,204.41,ST/MT Ratio (Expanding EWM),META,0.1058415221945977,0.0080613324047913,0.0229243505366433,0.0103906122186773,-0.0429089945942599,0.0021341664159958,0.8200258108373177,1.2494535290538802,-0.6977820249489217,0.9740065289231992,1.178127579849754
2020-04-29,1.2521677702270892,0.9812590869226424,1.5917660171033143,165.95,ST/MT Ratio (Expanding EWM),META,0.077425233915543,0.0154861082905092,-0.0267256047298761,-0.0349160637355197,-0.0078193470897097,0.0024283420506607,0.9637791750509236,1.2505255879662036,0.1919191786490781,0.9035614040008078,1.0202622562242978
2020-07-30,1.2991783202476046,1.163222661146472,1.323043997087349,227.07,ST/MT Ratio (Expanding EWM),META,0.1617506825692738,-0.0289350102670396,0.0596227769900256,0.0399233606529568,0.0228454616785954,0.0012885378059162,1.0312300196739326,1.0503753501613171,1.139491023035021,1.1629794356505057,1.2649940216921474
2020-10-29,1.289335303892509,1.248954935899721,1.1146698690420995,261.79,ST/MT Ratio (Expanding EWM),META,0.2197637384193501,0.0073803787080934,0.0406310108657605,-0.0261944887816983,-0.0044344019810776,0.0016155431210229,0.9063896258616448,1.0848561893079602,1.1965760609658047,1.184733737066474,1.299446927665754
2021-01-27,1.0814074199885606,1.1724956612055548,1.1530926557871857,277.0,ST/MT Ratio (Expanding EWM),META,0.1503826155223979,0.0040373051456099,0.0214629311040584,0.0084193890940657,-0.0031595850628637,0.0015889750634968,0.8941628995366107,1.1907919485383265,0.5121242489327806,0.902432459065864,0.903701008974361
2021-04-28,1.2896982409131743,1.147595121193094,1.1205699846468782,290.82,ST/MT Ratio (Expanding EWM),META,0.2317961432623779,-0.0380039604240718,-0.0027945229654949,-0.0244325631908211,0.0276594126476484,0.003021622984073,0.9842264030249024,1.095333965201734,-0.9097212137062294,1.1060782250322907,1.0176013554379812
2021-07-28,1.3294257964893728,1.2760439872794664,0.8501386923868782,355.64,ST/MT Ratio (Expanding EWM),META,0.1062330198927663,0.0145225576121899,-0.0247831771017043,-0.0117216706684674,-0.014799330681473,0.0016212401633969,1.0239572406143798,1.0203676292661676,-0.3314627405227712,1.0221521215796625,0.9929093459162004
2021-10-25,1.254533383880491,1.2970114747917187,1.29449182631575,352.96,ST/MT Ratio (Expanding EWM),META,0.2132631362134241,0.0216274584228882,-0.0071662032821315,-0.0179315607762425,-0.0355700804560724,0.0040826603221097,1.0139203907676673,0.979531412114592,1.0336239065785082,0.9472135544606602,1.168389883794314
2022-02-02,1.739248018783229,1.1696885941476347,1.1530273307242105,338.54,ST/MT Ratio (Expanding EWM),META,0.0769419604529089,0.0399067935111347,0.0366624585911255,-0.0121968815168954,-0.0010157779881373,0.002430862419015,1.1015750737765695,0.9441576936999736,0.8712096481493568,0.921261510196462,1.139272978216801
2022-04-27,1.4744590317578965,1.2806578794857488,1.1292285923852825,223.59,ST/MT Ratio (Expanding EWM),META,0.2000231399255446,0.0388830718212216,0.0605375891780382,-0.0104780675787244,-0.0091043487812184,0.0007243173400042,0.9057617191718582,1.1110497827354833,1.0698440375371647,1.1773063038581402,1.1196332890274892
2022-07-27,1.1657285640467665,1.286008552588715,1.148773769417451,169.49,ST/MT Ratio (Expanding EWM),META,0.2396269909956312,-0.0462184278784981,0.0502973058481656,-0.0107067198731269,-0.0211561579938313,0.001871453706748,1.0331993918873263,1.0606612503057522,2.7963184127312672,1.1331557728318828,1.0141621161211367
2022-10-26,1.6658402773009886,1.1362953879018285,1.162147130698576,136.37,ST/MT Ratio (Expanding EWM),META,0.0951915610721393,-0.0308238763970293,-0.0106654826535882,0.0238333477945076,-0.0013844613974672,0.0013483248778435,1.1376838343104927,1.072958544074036,2.314668574134376,1.1468664204880503,0.9755480747051418
2023-02-01,1.543083318510277,1.3070028877467617,1.0817011328149382,124.74,ST/MT Ratio (Expanding EWM),META,0.084369485950819,0.020026234352303,-0.0295885229986703,-0.024621569826563,0.0152876411811696,-0.00019438246982,1.0804564525534308,1.0162571877226123,0.1899706799706728,0.9889044230641744,1.1902272990239793
2023-04-26,1.3594831445156637,1.3381256622953908,1.2098375841727278,202.84,ST/MT Ratio (Expanding EWM),META,0.0661206731145471,0.0199825082819273,0.0082265874073361,0.0085135356753466,0.0027677859608046,0.0035994709401137,0.8919304167170145,0.9003623340984361,1.8609474139305324,0.9513554231505376,0.941792958123134
2023-07-26,1.285628386842185,1.407889160989849,1.0536780177781595,278.47,ST/MT Ratio (Expanding EWM),META,0.1354234642392154,0.0200266690207116,-0.0490531809668855,0.0334489788076389,0.0106745268171559,0.00270314254222,0.8950064482376241,1.0519602089290816,0.9036253098928028,0.9133710122137892,1.2882293330509442
2015-02-11,1.4062355500851431,1.1478382117247676,1.2877370784714706,19.69,ST/MT Ratio (Expanding EWM),NVDA,0.1071675678796914,0.1368456021729152,0.0136950314255434,-0.0098299091128349,0.0483351924628855,0.0025332073178993,1.0864252213678232,1.0292776261297345,0.2747890291415893,1.0345627648105378,1.150497929105213
2015-05-07,1.4887468729537623,1.1107369663128122,1.4571744083913591,21.86,ST/MT Ratio (Expanding EWM),NVDA,0.0918379106624761,0.0219811678742608,-0.00042807758896,-0.01494797226869,-0.0055719715389391,0.0021654036602997,0.8585492266355871,0.9755719255059808,2.4377383313342036,0.9768764771667218,1.052077999190071
2015-08-06,1.5487954641049022,1.0604686816004192,1.1180128463437244,19.79,ST/MT Ratio (Expanding EWM),NVDA,0.146204108933292,0.0417447974063209,-0.0099810950560472,-0.0027631156295062,0.0099587158661167,0.0006179824313075,1.148508740380047,1.165259131759929,0.3668475173667533,1.1051098637173862,0.9078732861525656
2015-11-05,1.6516667715609754,1.1001681194851611,1.1268193924776482,25.75,ST/MT Ratio (Expanding EWM),NVDA,0.2197839783508544,0.035390061722262,-0.0438410920180038,0.0324931302090177,-0.0097303340649783,0.0015163828604445,1.094257064004546,1.094806416206496,2.252728589137845,1.1863912956019405,1.2703154197978277
2016-02-17,1.378193703874956,1.0856180222875047,1.1486890128146885,27.33,ST/MT Ratio (Expanding EWM),NVDA,0.143445192588228,0.0247986937957029,0.0194080031970914,0.0078526907738339,-0.0181589929971743,0.002841780774784,1.1637060173821363,1.104867982373555,0.4405684565557521,1.0395105974192018,1.1759584013253443
2016-05-12,1.6741103103019086,1.331833848571403,1.2606642727810329,35.84,ST/MT Ratio (Expanding EWM),NVDA,0.1982173106387617,-0.009034423562412,-0.0119810251898573,-0.0102803573651899,-0.0116226913354442,0.0009487799702174,1.1535991107484749,0.9827945212000478,2.672772633846812,1.1445540695909666,1.291542406071294
2016-08-11,1.0842494601800312,1.5508697801136389,1.3199316828680423,52.8,ST/MT Ratio (Expanding EWM),NVDA,0.1164161187392127,0.0285639227172643,-0.0310975050713086,0.0150969162797009,-0.0089689642880422,-0.0005317693162508,1.1521007093126747,1.0119749318767628,-0.5761763546238092,0.9336723215974766,1.0164893274313105
2016-11-10,1.8114937646673488,1.4492753618122811,1.2575982977091449,66.13,ST/MT Ratio (Expanding EWM),NVDA,0.1345248827425144,-0.025048882508815,-0.0821678663984494,-0.0245573037459105,0.0119868949386781,0.001772893992219,1.0456734895938158,1.221728130438869,2.597001227926259,1.0871260153107698,0.9022525250992216
2017-02-09,0.7777438983642032,1.2088116888779388,0.9916135952269224,106.47,ST/MT Ratio (Expanding EWM),NVDA,0.1612305511911816,-0.0062886512359003,0.0031745528484809,0.0200339877610737,0.0617268946675189,0.0018582424459724,0.8745267106074134,0.9398904815413472,0.4532979022760401,1.0504052980901235,0.9173588714314244
2017-05-09,1.591741849564431,1.3298893161014615,1.2587495279310068,97.77,ST/MT Ratio (Expanding EWM),NVDA,0.1580533913289109,-0.0149877241740186,0.0571675479000923,0.0132151826925441,-0.014901085906896,0.0021355634164147,0.939391190318262,0.9716718698501292,1.5882806650354957,1.039281710797302,1.0981270587735636
2017-08-10,1.166604962817776,1.2908127194305363,1.0483953144920628,155.88,ST/MT Ratio (Expanding EWM),NVDA,0.1669069638241048,0.0048655948785212,0.0538377764364361,-0.0046952117784721,-0.0074156326403865,0.0027285186435145,0.9710767152133843,1.282407884194627,-0.141059499513747,1.0549992779531625,1.1944069473461345
2017-11-09,1.199052685848527,1.3023261980328844,1.0390106734247784,188.93,ST/MT Ratio (Expanding EWM),NVDA,0.2463562833255995,0.0830130498335728,-0.0097128876975881,-0.0179646449611807,0.0014219246722187,0.0026376058122312,1.022737765253825,1.2716083542867205,0.5118734225651367,1.0391027417319534,0.9354089260858914
2018-02-08,1.2809194150047218,1.2856151617948053,1.0664364722045785,221.94,ST/MT Ratio (Expanding EWM),NVDA,0.1861725427735513,-0.0633542817407112,-0.0140663618108534,-0.0191670230570864,0.0128949712177436,0.0022587698052439,1.0435996444207714,1.0152847873792423,-0.3587638419377246,1.0633593878713523,1.1129241053519645
2018-05-10,0.9609796340603955,1.1890251684469102,1.2768918710434534,227.91,ST/MT Ratio (Expanding EWM),NVDA,0.1531837349781514,0.0260191066631079,0.0180632276822507,0.0163704334086477,0.0095887702988696,0.0031955313880867,0.8303486564896191,1.179286181397789,1.4950887626034115,0.9567051848239492,1.0877739448616175
2018-08-16,1.340612294053587,1.349776580299295,1.2687182134846904,253.69,ST/MT Ratio (Expanding EWM),NVDA,0.1564649895306472,-0.0544450554916378,-0.0259515631756487,0.0337245125622265,0.0351023948487029,0.0004810302191866,1.088129166591424,1.1117742962165107,0.5819563047342808,0.9967015374242832,1.1441575466576217
2018-11-15,1.565987351512727,1.1452521992569182,1.4256466386622415,245.83,ST/MT Ratio (Expanding EWM),NVDA,0.0907059546602634,-0.0145176153026301,0.0130537569945839,-0.0129326936757198,-0.0576598017633802,0.0025045818144773,1.1756434793240962,1.1686979361909935,-0.701016385454738,1.0382054920446402,1.2563296526042511
2019-02-14,0.7312597486985061,1.25319424401998,1.1585016288278709,149.87,ST/MT Ratio (Expanding EWM),NVDA,0.2076680439622133,0.0401132708938578,0.0269824083515407,0.0144596675887871,-0.0566732467548918,0.0026265383633369,0.8377849703204348,1.295550284855017,2.7962775745816852,0.9234823442189628,1.273365328179822
2019-05-16,0.8377047474801333,1.2735314659412384,1.1726382860836642,188.21,ST/MT Ratio (Expanding EWM),NVDA,0.1422760985183534,0.0042498006683411,0.0408079967165292,-0.0491756754650517,-0.0093969543002537,0.0007604377139197,0.9452530361037847,1.237883666830345,0.6735333508530861,1.0322565338107548,1.1536972363910172
2019-08-15,1.3149884493548856,1.1764677522094225,1.197392418505864,167.08,ST/MT Ratio (Expanding EWM),NVDA,0.2146756789835127,-0.0357210672275257,0.0009953777056014,-0.0116154432664299,0.0304325046885927,0.0004971293913176,1.1097909677103932,0.9135156603792994,1.372623982108537,0.9560198982292112,1.0383798071452812
2019-11-14,1.0927693667888978,1.1841371133967125,1.135874847430044,196.37,ST/MT Ratio (Expanding EWM),NVDA,0.1497963633558345,-0.0230356298240988,-0.0021102125053089,0.0022235266782274,-0.0361412007901399,0.0012540578735243,0.9391874664620866,1.0876241360884615,0.3365456475046935,0.9322083355352004,0.9582514954101806
2020-02-13,1.3490843803489745,1.225404694597037,1.3526775595319047,247.28,ST/MT Ratio (Expanding EWM),NVDA,0.0681660107416347,0.0257859212127136,-0.0223394776026968,-0.0197420854245458,-0.0721908084923439,0.0013384585574847,0.8133751942244392,1.0880996341315017,2.817790779411954,0.934702567094435,1.2785057972012328
2020-05-21,0.9658809350221914,1.016316164006628,1.1723287226177084,269.51,ST/MT Ratio (Expanding EWM),NVDA,0.1521124520988212,-0.0235628321100997,-0.0208064106211958,-0.0204126593697398,0.0172794851554802,0.0027534194635024,1.093344605892837,1.1549995211736652,1.5811110212942516,1.1480182945188846,0.9427679457519286
2020-08-19,1.1584682867431944,1.116605375698359,1.0643364418124477,420.43,ST/MT Ratio (Expanding EWM),NVDA,0.1365327048427452,0.0095760506353691,-0.0027943667570458,-0.0136944889117221,0.0090914305925678,0.0013854612163089,1.0019017294262167,1.1788364553043034,1.3472817802942547,1.1498337213069885,0.9289086836045406
2020-11-18,1.0532456644971278,1.1495183006891727,1.0849295071798677,539.91,ST/MT Ratio (Expanding EWM),NVDA,0.0729054682391423,0.0035950143966334,0.0150209652044853,0.0103048182081593,-0.0242552101699857,0.0011436514817187,1.0762804157996664,1.113611092153887,0.5166434559197737,1.0020824946702092,1.1483330531096771
2021-02-24,1.2157552898744135,1.1507976168596232,0.9983935584543094,546.13,ST/MT Ratio (Expanding EWM),NVDA,0.0755725215316815,-0.0208060121662035,0.0314075387869974,-0.0016832254601593,-0.0216384900180232,0.0013883662633054,1.1563981498577058,1.0984703704404462,2.2988926563076806,1.0206469145531902,0.9409577851172708
2021-05-26,0.9536901486901528,1.1888884292095248,1.0578447475540955,619.12,ST/MT Ratio (Expanding EWM),NVDA,0.0837486034344837,0.0770380431263864,-0.0200953685204103,-0.0529557808331243,-0.0212435929908668,0.0031186323341542,0.8246022945834555,0.920533748529471,0.5206005678306798,1.0011713252507526,1.1871748094490278
2021-08-18,0.630119913893219,0.9864545033137024,1.1518748018100846,751.19,ST/MT Ratio (Expanding EWM),NVDA,0.0624430684873339,0.0241871657811303,0.0487806570687856,-0.0500175038158766,0.0057633829368485,0.0020130433743769,1.0971286006339462,0.920341587533496,-0.1155069484439401,0.98227855504767,1.1190447936571235
2021-11-17,1.316364678342152,1.1366262965103182,1.2467485334376225,222.22,ST/MT Ratio (Expanding EWM),NVDA,0.169681550892434,-0.0688799905330162,-0.004133708031277,-0.0121716294464293,-0.0126578819045751,0.001820748974643,0.8578060895627801,0.95357648776,2.775155556831832,1.1412608721893345,0.972261960836468
2022-02-16,1.2075683726484987,0.9697410395218208,1.1115968000456933,259.03,ST/MT Ratio (Expanding EWM),NVDA,0.0610140221791475,0.0085259010169299,0.0033589811695469,0.0144421646513387,0.0153515979743879,0.0018899945012989,0.9626271231621965,1.0422487997030263,2.164016296261629,1.053063874943437,0.9511398947973868
2022-05-25,1.0023151910561707,1.0227343842193042,1.1862384548870166,199.02,ST/MT Ratio (Expanding EWM),NVDA,0.1014006603606929,-0.0211625262668935,-0.0184163503744347,-0.0656876210681308,-0.0683656665726097,0.0032920603343265,1.0955968252624977,1.0587551912899675,0.0516969905285882,1.012649586606216,1.0991026254427585
2022-08-24,1.0344985356713965,1.0739484959868142,1.2075249721286954,170.24,ST/MT Ratio (Expanding EWM),NVDA,0.1970441422588932,0.0318351667178678,-0.0687272078081882,-0.0094932544037907,-0.0184212966281949,0.0012508282733967,0.9372462065668038,0.9967623090367032,0.5940081152159213,0.9057518732249696,1.2089991384385257
2022-11-16,1.1301886514567832,1.0061547745173216,1.1969556189491508,118.88,ST/MT Ratio (Expanding EWM),NVDA,0.0604843979708982,-0.0257382258451445,0.0305213618908314,-0.0101561964129355,-0.0251513490227762,0.0033155082909401,0.8683779574270344,0.9175618454522548,1.6147947716203168,1.1321808386471015,1.2255316526371374
2023-02-22,1.374898510429734,1.0374956353171918,1.1352851943454283,191.93,ST/MT Ratio (Expanding EWM),NVDA,0.0898376173505025,-0.0020157754513414,0.026105316912773,0.0377084444552111,-0.0034085169593123,0.0022104962989215,0.99740367306424,0.982147273875994,1.948910708999307,1.109913923146301,0.9985082936412694
2023-05-24,1.6645583520418443,1.139863153915535,1.22156908560582,270.42,ST/MT Ratio (Expanding EWM),NVDA,0.0542627102717371,0.019674554764316,-0.0044398267135464,-0.0066255452928215,-0.0104511939622534,0.0018395806180246,1.1613631023451172,0.9417485832331316,2.9307529583653027,1.1580743432932394,1.17515945819163
2023-08-23,1.0462326235855806,1.3071813885709267,0.9878449595985924,446.12,ST/MT Ratio (Expanding EWM),NVDA,0.0895470606832902,0.0323014317959542,0.0060097215167461,0.0125747246185232,0.0229460944973941,0.0045009004979342,1.1754999553119332,1.1889244673294832,-0.2381720118798163,1.0326468414338434,0.928601209732654
2015-01-20,1.474932387109499,1.5511722283743512,1.4221815658318089,336.68,ST/MT Ratio (Expanding EWM),NFLX,0.1734254729358187,-0.0400103742469521,0.0194781765311229,0.0065314285021865,-0.0434834192915014,0.0009443605102014,0.955862968915246,1.1966412078948836,0.5457734037232695,0.9990882526404402,1.1381422890041248
2015-04-15,1.5496952436025884,1.568030144714145,1.3179098276792192,421.97,ST/MT Ratio (Expanding EWM),NFLX,0.0652008725713373,-0.0097075432544331,-0.0428763757065962,-0.05026416199518,0.0041372869082688,0.0016463142404329,1.148881811599558,0.919033277018445,0.5418817387989416,0.9474722225445787,1.178141700292748
2015-07-15,1.7461381033482173,1.7557722146924886,1.0330605739242842,654.02,ST/MT Ratio (Expanding EWM),NFLX,0.0852486778295297,-0.0146230858906334,-0.0118715803203888,0.0222051804157934,0.0169584105802926,0.0007675687608359,0.842289824172454,1.1659231034320978,0.1447234831916293,0.9596750441211674,1.2745410231299945
2015-10-14,0.6323861629301578,1.1903847137363828,1.166513867558947,95.69,ST/MT Ratio (Expanding EWM),NFLX,0.0894819136660293,-0.0208665231400799,0.0278279403886548,0.0083849126364071,0.0494161859140488,0.0029524619705361,0.8074098306983823,1.0751109087558277,-0.9134920301528248,1.0450779144312987,1.100418951117767
2016-01-19,1.1720836894594169,1.4328901835705188,1.062834511730999,116.63,ST/MT Ratio (Expanding EWM),NFLX,0.1519512295027847,0.0637908984098384,-0.0336286826950774,0.0157067159918647,-0.0090441492773368,0.0036891889336516,0.9286649885578988,0.9528647110100096,0.5055501509379012,1.1016788819797698,1.2129583234577836
2016-04-18,1.4691419555732468,1.537000710513157,1.1462154225720378,101.12,ST/MT Ratio (Expanding EWM),NFLX,0.0893509115931994,0.0161743598836334,0.0128067379649988,0.1011559426609081,0.0111114651088129,0.0036699227814046,1.0123002409552568,1.1359337577759023,-0.1975345155013892,0.9861990999682948,0.9647582440209432
2016-07-18,1.5147064445026155,1.4952434217505903,1.2728647929083592,94.45,ST/MT Ratio (Expanding EWM),NFLX,0.2413282119299838,-0.0421309384017265,-0.0366974541387021,-0.0491028234874647,-0.0420965698140591,0.003223948753146,0.8997181400018446,0.9899547120902128,1.0777951455649504,1.0688066267372187,1.2779789683286018
2016-10-17,1.6245175573523662,1.6547352495716845,1.1978747445438755,99.48,ST/MT Ratio (Expanding EWM),NFLX,0.0551996852900942,0.0341251681469171,0.0179928994730057,0.0461174162440277,-0.0567989051078256,0.001802379532204,0.8782282588406093,1.1566702840645984,2.2690370759500915,1.0680724391349157,1.0020014610004304
2017-01-18,0.8995070013280939,1.7822705280113171,1.066582470651363,125.45,ST/MT Ratio (Expanding EWM),NFLX,0.1307483016446956,0.0762754668954421,0.0029307555310754,-0.0041861879850088,0.0241193593945425,0.0016347590225101,0.9050200920080002,0.9157012212284,0.2217769061939267,1.123381103701014,0.9190071028828442
2017-04-17,1.217954598578502,2.01576207600512,1.0356004558712744,145.11,ST/MT Ratio (Expanding EWM),NFLX,0.0728458517989372,0.0381362841192901,-0.0444539544771652,0.0101832226100752,0.0028609926587982,0.0003288302275059,0.8877181130019323,1.182492999412713,2.1306062512915065,1.0365955230185786,1.1792297353914596
2017-07-17,1.5766318354277165,1.4938015788532997,1.1902706702016157,152.38,ST/MT Ratio (Expanding EWM),NFLX,0.2345182499856077,-0.0511779488083904,0.0389421806337151,0.0018621938674689,0.0324628172449605,0.0040358735351817,0.9551808674619569,0.963965298009651,0.5925979740916261,1.0739903460609428,1.2792213127411562
2017-10-16,0.972200714373507,1.5591566708026965,1.1398128935190135,182.35,ST/MT Ratio (Expanding EWM),NFLX,0.2287357930697245,-0.0149481925503188,-0.0180377473039414,-0.007605908334951,-0.0313350722242437,0.0024689780781484,0.827500380835471,1.1029576375379844,0.3156791128428975,1.0524935082830085,0.9095901789506128
2018-01-22,1.4363149954845886,1.667301305497798,1.3464145652126285,189.94,ST/MT Ratio (Expanding EWM),NFLX,0.2469746887064157,0.0463418902215318,-0.0203075731104314,-0.0112458232059689,0.0159975534882188,0.0015080430951305,0.9252101418806326,1.227947259010802,1.21576693541855,1.0351747478448352,1.014210028686136
2018-04-16,1.2394526632075198,1.4599120626891962,1.0743956838337714,318.45,ST/MT Ratio (Expanding EWM),NFLX,0.2072837518456977,-0.0227684312966573,0.0100170759169282,0.0112377183893252,0.0497204460135963,0.0033280568889869,0.9192170091165424,1.0532405734362338,2.3422828398582416,1.1901639620424804,1.0754621525401498
2018-07-16,1.1804665403654644,1.3768664492513,0.943585154210258,391.98,ST/MT Ratio (Expanding EWM),NFLX,0.1919759436835404,0.0175336799851179,0.0384591204828614,-0.0349293424167919,0.0134926402089316,0.0010272354832399,0.9573411354991048,1.2386203103279452,0.7076212825452144,1.0656054516886952,0.9923766658394978
2018-10-16,1.2371914133242723,1.2714540034380954,1.2306431823537218,350.35,ST/MT Ratio (Expanding EWM),NFLX,0.2138045156524742,0.0291121918700267,-0.0264746545693519,0.0217644791880441,0.0099145376397762,0.0024066220342226,1.0974010143116302,1.1127953273083129,2.2361382009613666,1.1342198190086008,0.9860019073080114
2019-01-17,1.1633373872130248,1.1579797514107797,1.1832874178045003,270.94,ST/MT Ratio (Expanding EWM),NFLX,0.1912102151710946,-0.0304425665052329,0.0058503954954391,-0.0074048601221313,0.0032139020206087,0.0018273708657091,1.086254220223105,1.2200217631805486,0.3844289631295803,0.9517827338706824,0.9010528622318352
2019-04-16,1.14980815566891,1.3016860092066074,1.260800026936934,363.44,ST/MT Ratio (Expanding EWM),NFLX,0.154013014221244,-8.338746216300297e-05,0.0168644950099171,-0.0252517334760089,-0.0362720364281478,0.0026386771398803,0.9803614612372592,1.0409730926155367,1.2196393353016357,0.9564123277766358,1.24386621906659
2019-07-17,1.4856403495673398,1.308012824377344,1.2758916001515652,350.62,ST/MT Ratio (Expanding EWM),NFLX,0.0662690491814518,-0.1114443569024175,0.0247931682178943,-0.0082503214498953,0.0368893233927587,0.0019364264608138,0.903102086251244,0.99057184203506,0.9228562259374238,1.0496553071232824,0.9860340915140372
2019-10-16,1.1643069107811634,1.3892222818602415,1.248263977342544,294.29,ST/MT Ratio (Expanding EWM),NFLX,0.1508858358592715,-0.0338535674467001,0.0092932466583167,0.0344287304215643,-0.0122714409951266,0.0005490721088887,0.9087442906903664,0.967882095662098,1.873840713292667,1.1310267093762243,1.084931398983713
2020-01-21,1.3065305919635637,1.6462924900942546,1.1115806292937531,333.1,ST/MT Ratio (Expanding EWM),NFLX,0.1135981321355518,-0.0068398852987606,-0.0070108351724996,-0.0103833771754055,0.0156120814095754,0.00207557637267,1.085634809074007,1.1943741567749782,-0.4468978892887656,1.189853407450361,1.2284127788385724
2020-04-21,1.1677886341239656,1.0478694250406877,1.292185013968755,360.27,ST/MT Ratio (Expanding EWM),NFLX,0.1515764550390511,-0.0416724113687697,-0.0208277066194615,0.0119613404552405,-0.0360758576642813,0.0030488641418753,0.8817933844783294,0.9744660142984282,-0.497355417681669,0.9415135687625756,1.1992647196114783
2020-07-16,1.17711829860443,1.2493157639851613,1.1414006280717073,436.13,ST/MT Ratio (Expanding EWM),NFLX,0.1709485675638872,0.0591343956376072,0.0065843164913912,-0.0152739068928868,-0.0264864916126945,0.001970783594146,0.9878617027806494,1.213173669095947,1.9850195774008217,1.0813838140515664,1.174546642631472
2020-10-20,1.0658152684918765,1.2287069022998298,1.0319423696305834,487.35,ST/MT Ratio (Expanding EWM),NFLX,0.1095682868428622,-0.0480549482286221,-0.0281641703595682,0.0219480462480904,0.0388771849805558,0.002775115121589,0.8073422897516568,1.0247110587220087,1.5512887170376408,0.9028034860458732,0.9131907774730372
2021-01-19,1.566752839682595,1.4000132593544656,1.024658778741537,528.91,ST/MT Ratio (Expanding EWM),NFLX,0.0804355747965199,-0.0134015570343944,-0.0836405145048382,0.0201376934697551,-0.005682557223946,0.0009544705143259,1.1407551929881532,1.1736099446768289,0.0614789324813758,1.1063888520356129,1.2169826676557054
2021-04-20,1.270706246306265,1.3495124774333342,1.2153233675725923,523.11,ST/MT Ratio (Expanding EWM),NFLX,0.169187172691081,0.0065759202050131,0.01709679412473,0.0492152208324102,0.0393318869010636,0.0019737392067301,0.9227177132440404,0.914414950999675,2.731116498750938,1.003553951488689,0.9425927053138826
2021-07-20,1.200933426652586,1.4814701276256763,1.1526164718935803,497.0,ST/MT Ratio (Expanding EWM),NFLX,0.2473617125284187,0.052444565117314,0.0311180452325858,-0.0013890986374803,0.001044233523537,0.0013754895449114,0.996742748557259,1.2073871182656537,-0.1134107415297633,0.980847015040009,0.9970859947194332
2021-10-19,1.2193886755243826,1.244342861029457,1.44551882367776,575.43,ST/MT Ratio (Expanding EWM),NFLX,0.0755489459351302,-0.0482551752912803,-0.0668879730662551,0.0197163701189476,-0.0430474443239464,0.0027469808401047,1.1966692211326713,0.9789614934922172,1.302080867864496,1.1775793924970892,0.9587586275511116
2022-01-20,1.6926422906522889,1.287197494620326,1.2826958304479974,604.92,ST/MT Ratio (Expanding EWM),NFLX,0.1184806490743613,0.0427107313254235,-0.0262919211412981,0.0054516884884736,0.025301689993293,0.0020314915622619,1.18834167914708,1.27899089375825,2.5382879482330503,0.9643669563990008,1.1536220224043934
2022-04-19,1.6960851068355682,1.1643832432799766,1.29812984088177,374.59,ST/MT Ratio (Expanding EWM),NFLX,0.1908698434398633,0.0023581571356855,0.0225746278301559,0.0353967945465753,-0.0117473079438901,0.0026900736763366,1.104356589184496,1.294411171278572,-0.2783047116745183,1.129807769855789,1.0355204679708452
2022-07-19,0.8325909790926219,1.2612706642410128,1.1814584168134077,175.51,ST/MT Ratio (Expanding EWM),NFLX,0.0578263433248226,-0.0323528027866782,0.0657248640913509,-0.0149708096902182,0.020467220337926,0.0030877104261578,0.870250586227201,1.068550776485542,2.1753436485944655,1.0394549411112155,1.1150092400812197
2022-10-18,1.461293393838724,1.2508737676977906,1.1338738587402313,243.63,ST/MT Ratio (Expanding EWM),NFLX,0.1130635832618774,0.0181736215992144,0.0046238112302622,0.021625132821932,0.003630271688502,0.0026916185751213,1.1980637640800484,1.0596437198229705,1.461603018836959,1.0095732604846115,1.057114258531482
2023-01-19,1.0413886905113443,1.492820630419039,1.0839325276348333,288.19,ST/MT Ratio (Expanding EWM),NFLX,0.075034865744958,0.0089670893450714,-0.017840088236874,-0.001867432402917,-0.0355779556985717,0.0022731184342936,1.0782563013781632,1.2751547904379534,1.1694358019692856,1.1305199786846338,0.9356826235267856
2023-04-18,0.9634481036109124,1.22533537500221,1.2458402632621637,305.13,ST/MT Ratio (Expanding EWM),NFLX,0.1033833333792854,-0.0190075907005578,-0.0014868932331452,0.0013952955722875,0.0071073691342642,0.0010017877414885,0.8844632149727708,1.100852656367813,-0.9199531054849008,0.9758564936287676,1.1069605159299865
2023-07-19,1.3578395112041737,1.2491023438783362,0.9561960154124286,434.7,ST/MT Ratio (Expanding EWM),NFLX,0.0899874068748179,0.0044430729746506,0.0452462925744455,0.0052938121112093,0.0579055785538199,0.001997213889333,0.8059844793025204,1.0058185144904168,1.056123277903478,1.0719447743943735,1.270300677222122
2017-09-19,1.4217122692567112,1.3610533782019578,1.3776937721392568,149.26,ST/MT Ratio (Expanding EWM),ADBE,0.0775168260258512,-0.0114859758901615,-0.015378925373736,0.0093060099106669,0.0153246614628614,0.0014669095979841,1.0581382493002431,1.0658943210119975,2.7214047085322712,1.1354648950163382,0.9800035684450992
2017-12-14,0.9325830808732092,1.4443878148221685,1.2412742462908877,181.32,ST/MT Ratio (Expanding EWM),ADBE,0.1721020705756654,0.0059731070837936,-0.0199757601995076,9.42739219510512e-05,0.0015620561748634,0.0016559360432957,0.8523369445395279,1.170324654297093,1.2395326623079352,1.1369020841378268,1.195522020031475
2018-03-15,1.1091350776711348,1.166598767870066,1.529381425960601,193.48,ST/MT Ratio (Expanding EWM),ADBE,0.2342962149009766,0.0251745736082366,-0.0104823056654609,0.0083678295792631,0.0298835850489224,0.0016254658492497,1.050084613543006,1.2945528686515568,1.1343589204416349,0.933931726950516,1.2313094259263957
2018-06-14,1.1524598418490604,1.2155652233472218,1.4165351136176485,236.6,ST/MT Ratio (Expanding EWM),ADBE,0.1833514083577126,0.0575105885650873,-0.0245998582477613,0.0424529514390546,0.0082667116300777,0.0010200744252177,0.9007413449382836,1.210920859257567,2.8284283840002056,1.1090386541893025,1.1384120643799205
2018-09-13,1.1064512893418763,1.297612023662153,1.2383756299428452,256.05,ST/MT Ratio (Expanding EWM),ADBE,0.1447337870567233,-0.0413235424589397,0.0076801094798438,0.0276362421403804,0.0082383557565698,4.266141086601016e-05,0.9841544702700162,1.0457639463981614,0.412019003887345,1.090911811712877,1.2005092467750984
2018-12-13,1.1124998126741026,1.0635572645900833,1.2929237588873257,238.74,ST/MT Ratio (Expanding EWM),ADBE,0.0895593988453794,0.0766561681129693,0.0527403537540868,0.0247288648124224,-0.0242906293039775,0.0013318569516722,1.0714068277937658,0.9793640404774252,0.9759487205739648,1.137492021654919,1.0902816312756225
2019-03-14,1.2523328147931765,1.2294596015091357,1.0946583546335371,261.37,ST/MT Ratio (Expanding EWM),ADBE,0.17142487312948,-0.0663230729832875,0.0136923781934808,-0.0083884881505967,0.0088462006447399,0.0021933794519241,1.0146493118941975,1.2084544192683289,1.645061225060366,1.0228034762647178,1.2581650844776875
2019-06-18,1.3801258857018244,1.178738373379544,1.5535097135400222,275.45,ST/MT Ratio (Expanding EWM),ADBE,0.2427989254961593,-0.0033124783262454,-0.0035706050637886,-0.0192310207057081,0.0288860854104236,0.0006518229545725,0.8650268274653915,1.29820657943613,-0.5245896860950512,0.9044849913312716,1.256007560459506
2019-09-17,1.0400572542768964,1.1630964858263069,1.4927873663075797,287.97,ST/MT Ratio (Expanding EWM),ADBE,0.1510550067466214,0.0225911022269601,-0.0047543380674663,0.0268825139559438,-0.0179015538025006,0.0020156822364716,0.8979814033463824,1.1918798509786883,2.2440614997282773,1.157695917309635,1.2966376942656668
2019-12-12,1.1868170059715633,1.233429383292277,1.2783445222910734,291.72,ST/MT Ratio (Expanding EWM),ADBE,0.0813795074709998,0.0118347153707261,-0.0428957242608997,0.0249011698132448,0.0386123955311737,0.0039002684243109,0.9176158840159996,1.1840973367709038,-0.5384005668766871,1.0220427874070548,1.2391886773250362
2020-03-12,1.6804092907632795,1.1833831439935882,1.3897647454680555,369.28,ST/MT Ratio (Expanding EWM),ADBE,0.2052728977346486,-0.0197944831937207,0.0304932933144147,0.0398167668937745,0.0007073493963718,0.0030230565552522,0.9470632184236434,1.1364381522142455,1.0150937748985362,1.0937854593336136,1.289157755755078
2020-06-11,0.9424605259625672,1.14458168934426,1.6512253717721586,365.1,ST/MT Ratio (Expanding EWM),ADBE,0.1076182447158342,-0.0052842787625046,0.0016648840896159,-0.0120995156492307,-0.0191942377884635,0.0036435415091205,0.8222942106005608,1.129584607000652,2.452115117001139,1.044414813524528,0.9314108743766292
2020-09-15,1.0866897898789516,1.238184163500104,1.06793703187135,451.58,ST/MT Ratio (Expanding EWM),ADBE,0.1761714386268377,-0.0152550327130591,-0.0014143974077187,-0.0027387163840086,0.0279408019230061,0.0023911278769327,1.0242157409667083,1.0328295563295282,-0.3802328586482564,1.1547103539850418,1.1086398051964488
2020-12-10,0.8333972237432125,1.0979513476366778,1.2741369168698644,452.0,ST/MT Ratio (Expanding EWM),ADBE,0.1372693033821922,-0.0186277664930474,0.0997932270353458,-0.0379871040631358,-0.0041698558934567,0.0031675098229864,1.1733105649516269,1.2224066018412276,1.7718871750946694,0.9015076510095936,1.0711293826553
2021-03-23,1.1255834557397388,1.1980671303786614,1.425657794933167,467.33,ST/MT Ratio (Expanding EWM),ADBE,0.1730272211199335,0.0317360733957358,0.0129625872509705,-0.0068117776515218,0.0219878721871526,0.0012760352695322,0.878994512660813,1.264319164419547,-0.3016640612945589,0.9858180154977856,1.1067347070937996
2021-06-17,1.219834916500135,1.1831132508872937,1.1899702757585569,480.62,ST/MT Ratio (Expanding EWM),ADBE,0.222491262804116,0.0144955420087766,-0.0185537315028555,0.0279142627644861,-0.0042939658064634,0.001355659732978,0.9053454475992316,0.9839458709116484,1.3963973004110095,0.9266788568265072,0.92326710348837
2021-09-21,1.3744576147749077,1.3130715459100186,1.64180624526555,656.86,ST/MT Ratio (Expanding EWM),ADBE,0.2482548363700716,-0.0222518358341229,-0.0087907278861662,-0.0086623844807049,0.0015043464117524,-0.0007391402061374,0.9488981180744286,1.188265781803145,1.219227033095792,1.0268629405400336,1.126300625689833
2021-12-16,1.3935936673682434,1.2127406043177624,1.1057456966110812,671.03,ST/MT Ratio (Expanding EWM),ADBE,0.2221068030231403,0.0334859956401637,0.0384533712759026,0.0190119948800205,0.0153390051083572,0.0031861454740422,0.9461805938613096,1.2744585341728452,-0.7803804363569027,1.1020174437089505,1.2565130659311003
2022-03-22,1.302429488000337,1.068809811267817,1.2674328300612612,442.56,ST/MT Ratio (Expanding EWM),ADBE,0.0577627976828388,0.0127554832306813,0.0073981123161329,-0.0017625776499452,0.0102724264397501,0.0035403239798198,1.1215538834941012,0.9736164139285788,0.1837053959211534,1.1151143816121314,0.9337082236723062
2022-06-16,0.9558234586573215,1.1118529241458135,1.342011436428462,409.65,ST/MT Ratio (Expanding EWM),ADBE,0.0733919164799182,0.0304501741593636,-0.039148339349521,0.011101425705539,-0.0468882945112934,0.0014468227546527,1.1247446799330336,1.1875627778419162,1.9184265969413703,0.9300724110802774,1.1871042179264923
2022-09-15,1.5798071903337931,1.2473553709622058,1.3795921982674624,447.56,ST/MT Ratio (Expanding EWM),ADBE,0.1258448888587656,0.0240370094673264,0.0315768680372561,-0.0256922847453916,-0.0250310935023598,0.0017460482936027,1.071927250087988,1.2323689963287403,-0.833616174974122,0.9069332005403375,1.0492028399514244
2022-12-15,0.9473091792972064,1.2202514763087895,1.175969290677804,345.96,ST/MT Ratio (Expanding EWM),ADBE,0.2447803489195975,-0.0270148253822725,-0.0160443225661698,0.0051302362408475,0.0262352496197703,0.001246137886309,0.8595153135396612,1.1233537910280889,2.669395606026995,1.0174439191002047,1.2379801509090418
2023-03-15,1.1223431729416558,1.0914987083338052,1.2643779334227054,375.0,ST/MT Ratio (Expanding EWM),ADBE,0.0755039580113364,-0.0176063364068939,0.0601989332865263,-0.071778399272518,-0.0003034147225386,0.0023826535514774,0.8000963498071466,0.9674058573836736,-0.8783058413836575,0.9984441541545206,1.2632758382786011
2023-06-15,0.992518870817689,1.217011511878559,1.2919245324261923,345.11,ST/MT Ratio (Expanding EWM),ADBE,0.1540076034068236,0.0281552761793141,0.0364014419714394,-0.0016724039540496,-0.0100932825692855,0.0031249325453032,0.8387808494395952,1.1425639106975205,0.8059837564777768,1.1815404637097435,0.9490076570148376
2023-09-14,,1.1630951053148706,1.2298262432224991,518.7,ST/MT Ratio (Expanding EWM),ADBE,0.2359739385221804,0.0233629592901712,-0.0094196568697625,-0.0377618310928785,-0.0309643503814368,0.0002572280261189,0.8848111402008916,0.9118167874445974,0.735740998525495,0.9833498698693964,1.2479623735561285
2015-02-25,1.6088453381602494,1.2667492222369874,1.5598773066463945,59.78,ST/MT Ratio (Expanding EWM),CRM,0.2491066752370883,0.0012684442112548,0.0424304908520533,0.0331498629136704,-0.0239934080318962,0.0024094385306422,1.041976325279102,1.1456362951902808,1.1276427875252095,0.9275551011687604,1.078007473490142
2015-05-20,1.0133720284921126,1.3713186311742087,1.3886755306147731,66.9,ST/MT Ratio (Expanding EWM),CRM,0.0793624285473542,0.0061064584158073,0.006035665315822,0.0224351838191127,-0.0475449659990486,0.0017233282282808,1.1998020758834065,1.234091716338406,2.5738362166684636,1.14696790777395,0.9412166773723932
2015-08-20,1.3865212043753636,0.9773428662717424,0.8808244577400809,73.83,ST/MT Ratio (Expanding EWM),CRM,0.1033765165823517,0.0467182713525948,0.0295832102536665,0.014666774549152,0.0004679820324616,0.0021133943919666,0.8909793016259199,0.901248660542564,0.2140404995124458,0.9325822207039478,1.0891173381206332
2015-11-18,1.297631040416655,1.1684243116921753,1.1100103379127382,77.93,ST/MT Ratio (Expanding EWM),CRM,0.0643643130278563,-0.018704998609254,0.0185419845188342,0.0410251556789845,-0.0119609395145261,0.0024589940016742,1.0708509954295609,1.2498021180152308,1.9968686603635928,1.1815756787335516,0.9215593161575156
2016-02-24,1.3288829325620766,1.1575705099347169,1.5820279610900898,69.92,ST/MT Ratio (Expanding EWM),CRM,0.1738896388569323,0.0211484083409513,-0.0213906996497262,-0.0207229130206209,-0.0211646972746328,0.0018117975612271,0.8048719341666166,1.164535245534485,0.1574096408889849,0.976050304831732,1.0323548350775178
2016-05-18,0.9468026560296228,1.4188242256999073,1.2932662647091104,77.27,ST/MT Ratio (Expanding EWM),CRM,0.1746146000205555,-0.0050767428351862,-0.0153064949695238,0.0466840799478889,0.0012969143708011,0.0018964131465942,0.9079184231569456,1.104574562520635,0.76059378889653,1.0537285654129969,1.1690854446001746
2016-08-31,1.4097311515890751,1.4768263603815537,0.8899087472569241,81.02,ST/MT Ratio (Expanding EWM),CRM,0.1332226940571987,-0.0056188421129527,0.0348988245274348,0.0263047891065096,0.0120992657713184,0.0017861248324453,0.9548522035884592,1.0005230748568628,-0.3351978527650181,1.0048422358597875,1.1967225900984688
2016-11-17,1.075662000726209,1.2619272592964932,1.2351974527080352,72.77,ST/MT Ratio (Expanding EWM),CRM,0.238045727412061,0.0404571898195516,-0.0060432599631962,-0.0029138821804736,0.0553299483052486,0.0029703162017882,1.1026819640445875,1.1667621546736842,-0.0638872987725016,1.0764258737564092,1.1282758646307391
2017-02-28,0.8019986284570376,1.260850021484754,0.9459332635476236,78.71,ST/MT Ratio (Expanding EWM),CRM,0.0759873905997391,0.030889572214581,-0.0081094538972599,0.0313905036795736,-0.0347970854890803,0.0024187599601274,0.9937064792438902,1.1199915945535457,0.9671625304946724,1.0696369098222325,1.1862023818484515
2017-05-18,1.131739700116115,1.242584994788964,1.375393313964002,83.71,ST/MT Ratio (Expanding EWM),CRM,0.2257664095025046,0.0304728372600223,-0.0246536773804805,-0.0246573378102908,0.031984526082513,0.0022205835377373,0.8438512777613759,1.1998503008596095,-0.4564553994896232,0.9199883995231124,1.290431874488587
2017-08-22,0.8613845138383013,1.3166116107370691,1.2785957700418715,89.67,ST/MT Ratio (Expanding EWM),CRM,0.1634922377654445,0.0476917582504015,0.0167079719678038,-0.0176128540381918,0.0273275390253768,0.0007290482789077,1.1827967075481765,0.9241746179762256,0.7730137658998486,0.9558734814899325,1.0941379588537672
2017-11-21,1.135344982758112,1.20995975631615,1.4718716100875386,98.44,ST/MT Ratio (Expanding EWM),CRM,0.2204047677682186,0.0027351344571465,0.0658757475772943,-0.0122147430809925,-0.0164773184844175,0.0016214202567868,1.132070897199835,1.280244709897156,1.5370106138061497,1.006171700163545,1.1413302262578393
2018-02-28,1.2607741538316244,1.185713134799852,0.9719816183246044,113.3,ST/MT Ratio (Expanding EWM),CRM,0.0707672132682157,0.0258683539953237,-0.0280259874276281,-0.0102244427016003,0.0080808988646507,0.0028986691603391,0.9248005224433802,1.2639294563328245,2.481601852423348,1.0674695250838984,1.0299195661521443
2018-05-29,0.8620919977716636,1.1370538454290369,1.7353645583151232,120.99,ST/MT Ratio (Expanding EWM),CRM,0.1373483550782805,-0.0088593364807709,0.0047265837001827,-0.0234139410690063,-0.0084408312334403,0.0020376965731239,0.9173558702331912,0.9133671978820238,2.263283404101181,1.0351149639117023,1.0300531713601058
2018-08-29,0.9620647081000678,1.1667230193249951,1.384825271950591,138.03,ST/MT Ratio (Expanding EWM),CRM,0.1272849445995197,0.0133458223370954,0.0463666166624628,0.0335770766773831,0.0076422145104684,0.0026595314695891,0.9884441419991016,1.2274951961818608,-0.5015431691699153,1.1572967964725482,1.2590035340433416
2018-11-27,1.3204022267669984,0.9433492634913968,1.278291944834944,130.99,ST/MT Ratio (Expanding EWM),CRM,0.1681980128176301,-0.0025550069028689,0.0016107582626285,-0.0034713600092457,0.0407282753351137,0.0037665118003276,1.1786831660135553,1.0589951969690512,-0.1314383838493125,1.0120922455400096,1.0331648384925614
2019-03-04,0.905098567658112,1.166152876019897,1.326071068645326,155.87,ST/MT Ratio (Expanding EWM),CRM,0.203310840884715,0.0053948587747451,0.017571153887492,0.0118126242089219,0.0181401558157828,0.0030386060692088,0.870461565001144,1.1429066680405953,0.9064966420345156,1.1597102976972011,0.9128438321928232
2019-06-04,1.3605425839508123,1.230264916876402,1.3583454251338198,162.5,ST/MT Ratio (Expanding EWM),CRM,0.1034523626582548,0.0228304958902919,-0.0278718058444063,-0.011258784160342,0.015715209330836,0.0020931583376997,1.0575471710220503,1.2051795514046244,2.037946276753228,1.1658221901286574,1.1916134971317978
2019-08-22,1.1848626314644763,1.112218479823726,1.3204566185441626,156.25,ST/MT Ratio (Expanding EWM),CRM,0.0751636614551916,-0.0266377239131715,0.0168492129162294,-0.0425150825137129,-0.007757732998866,0.0014890108298042,1.1711240246590784,1.033062639928357,1.0128376670061725,0.9042238989848672,0.9027830349213164
2019-12-03,1.2246945065665586,1.0786172055275836,0.9727609538884348,157.6,ST/MT Ratio (Expanding EWM),CRM,0.1918594201425267,0.0752335546489911,-0.0016143279501364,0.0097514339597855,-0.0341014166231083,-0.0005535495960558,0.896050648180608,0.940322878855634,0.0408454717430144,0.9531129883585192,0.9114080099354592
2020-02-25,0.8733618883901398,1.1141238369940034,1.7212807273048236,180.71,ST/MT Ratio (Expanding EWM),CRM,0.0737391028638358,-0.0332106083524895,0.0335718998703958,-0.0448063743854944,-0.0022117052635101,0.0018316150775271,1.1637216585624195,0.9032892525555566,1.9443285773483416,0.945644366075855,1.26489184879984
2020-05-28,1.089644429967975,1.1080527455923943,1.3350852269117284,154.46,ST/MT Ratio (Expanding EWM),CRM,0.1246095979643303,-0.0404966014475706,0.0396215815469425,0.0012841488478632,0.0331652038715978,0.0016739875041831,1.1571183758359542,1.161560458547703,1.6889365992024206,0.9016017425909064,1.293948626445441
2020-08-25,1.698237429391547,1.195979471569113,1.2903649785699542,190.96,ST/MT Ratio (Expanding EWM),CRM,0.2499759903335851,0.0425338805725023,0.0816869092605584,-0.0312078759708202,-0.0351791964147411,0.0023903661943953,1.1511330414303258,1.2580424902920369,1.6369781482034875,1.003436078596361,1.2574594596361923
2020-12-01,1.155152339036143,1.0218765510424803,1.3322158784128093,232.45,ST/MT Ratio (Expanding EWM),CRM,0.0856298471670084,0.0297081942887027,0.0213889951964072,0.0526818999807702,-0.0233772342044173,0.0018460947730253,0.916606771260477,1.1250846173368811,-0.6010761106244704,1.176586689039825,0.9563081831084852
2021-02-25,1.223028427237355,1.184164748486291,1.037956937094762,226.26,ST/MT Ratio (Expanding EWM),CRM,0.156443411470926,0.0238441935968254,0.0137738894974649,0.025784068054368,0.0061566934058517,0.0016796149405632,0.8899587222921629,1.123253663251286,2.056372000851926,1.0858053917808896,0.9928535651200624
2021-05-27,1.3084989341211342,1.2161908249036986,1.0788208312624623,234.21,ST/MT Ratio (Expanding EWM),CRM,0.1532693490569778,0.0239920928242498,0.00983152904732,0.005643844781787,-0.0216163696211815,0.0002206010694927,0.8003772170109962,1.2028602321229758,2.940829303644375,1.1429739360918272,1.084082647262646
2021-08-25,1.1316917524509045,1.273701481716253,1.1534208491307385,247.6,ST/MT Ratio (Expanding EWM),CRM,0.2166452489026089,0.0015713629503579,-0.0065949887843206,0.0345926669413667,-0.0168130861778803,0.0010600321708499,1.161506904559643,1.06393906924734,1.0997363369738702,1.043138930218705,1.07904954906621
2021-11-30,1.6195793627282784,1.2464158597702828,1.1073029164089634,302.76,ST/MT Ratio (Expanding EWM),CRM,0.151673912927837,-0.0294039030020041,0.0141545153038507,-0.0181578994366433,-0.0075899645432044,0.0024766510408005,1.1100763077175622,1.110707562907797,0.2668684881008643,0.9774474502975437,0.9150989267869734
2022-03-01,1.0278235249810534,1.0915418818625,1.4190962183751905,232.63,ST/MT Ratio (Expanding EWM),CRM,0.1184968932021571,0.0046531595367804,-0.0048620423041708,0.0165869844667523,-0.0311404351047537,0.0037159076311326,1.0332780647532185,0.9919845661604136,-0.4074643119344676,1.0961489891483034,1.1724837031286195
2022-05-31,1.5037715840235026,1.0222881142240772,1.3404587145957618,177.57,ST/MT Ratio (Expanding EWM),CRM,0.2277383960583444,-0.0217006599029239,0.0090538292880884,0.0079952608429678,-0.0213530461554092,0.0019024746162543,1.1008619569030664,1.1014307585354366,2.5762184208155463,1.1809028260194685,1.222948375916996
2022-08-24,0.9699646421968952,1.1232478617419968,1.314873706815516,177.29,ST/MT Ratio (Expanding EWM),CRM,0.0744899646565946,0.0361291906696212,0.0435279260682387,0.0096005020333417,0.0205856979196827,0.0023278110735741,1.0542373928032749,1.0214883814364757,2.9317796864808847,0.9822408501575816,0.9810627687961724
2022-11-30,1.373852394014559,1.079123233912575,1.1788959826850465,162.59,ST/MT Ratio (Expanding EWM),CRM,0.2468742731352765,-0.0031470083525748,-0.0261962769583892,0.0348088375026692,-0.0296842445557741,0.0029524781569528,0.9768616455146332,0.9227362282849554,2.913977858687163,1.0765300669249274,1.1227808366656702
2023-03-01,1.4376463535653266,1.1030591003247718,1.1542945957119457,164.75,ST/MT Ratio (Expanding EWM),CRM,0.0679006859060143,-0.0268924018877379,0.0381963568338713,0.021312302569495,-0.0369468033623709,0.0011891060637997,1.062318511959888,1.0988094591108828,-0.8717459316218337,1.083693386652119,1.1864695507825722
2023-05-31,1.4112017612048504,1.3151714506086574,1.1331979133291237,197.79,ST/MT Ratio (Expanding EWM),CRM,0.2422594088506716,-0.0092485044578547,0.0435134520201959,0.0102180915706255,-0.0127506244883473,0.0023668140432854,0.9666996242496212,1.2029182288284772,-0.0919948026463175,0.9663829773198552,0.9645667950750296
2023-08-30,1.0355292847247264,1.3129833864304514,1.1099936922803215,225.01,ST/MT Ratio (Expanding EWM),CRM,0.1399128929420019,0.0164526008996468,0.0004579441902676,-0.0383721859057074,0.0212988875627461,0.0012595098936678,0.9487979039156648,1.2388048141556334,2.3116482485962573,1.0148472623890512,1.135647494392095
2015-01-15,0.6930847795176193,1.2258148009386614,1.3938840475631482,35.56,ST/MT Ratio (Expanding EWM),INTC,0.1715083593988473,-0.0177303593481391,-0.0596556469702578,-0.0210011573819865,-0.0019230451999222,0.002864824438491,1.0883265265899662,0.9964827098512092,-0.3274356564210117,1.1916287979636933,1.1470229252838475
2015-04-14,1.0540123328122313,1.082500637156015,1.3732734434482112,30.83,ST/MT Ratio (Expanding EWM),INTC,0.1637987342144495,-0.0267777138448251,-0.0142346596128329,-6.772333989310368e-05,-0.0086145269528904,0.0021514030479517,1.1925662887334656,1.0351023948528917,1.812126799896526,0.9667810909623712,1.0044800685095652
2015-07-15,0.8924490756326676,1.115990289633224,1.3345084031650436,31.39,ST/MT Ratio (Expanding EWM),INTC,0.0754925002047344,0.0105290524022169,0.0429098363968332,0.0053343093569162,0.0041089699378901,0.0022984518139814,1.0047608485078496,1.0278472502032283,-0.3295137446376621,0.9788642105967978,0.914299357786346
2015-10-13,1.189476382639427,1.1138924886603945,1.4554163643692062,29.39,ST/MT Ratio (Expanding EWM),INTC,0.1478810641263565,0.0105738299888052,0.0033139581310335,-0.025255093116848,-0.0406426858214913,0.0012174014025814,1.0817694485909946,1.0968466628343447,-0.6230277343818975,0.9515081979385474,0.9410138152450576
2016-01-14,1.597915527547398,1.1970909740812092,1.734292858969623,35.18,ST/MT Ratio (Expanding EWM),INTC,0.1910864761074233,-0.0157430111379895,-0.0259790669688473,0.0632919168894605,0.0153676413443758,0.0027070323596107,1.0450371233103506,0.9376841454449976,2.0171293321408643,0.9061532757961174,0.9997503151983568
2016-04-19,0.8292721521841552,1.2262523709652349,1.4360988607129732,32.34,ST/MT Ratio (Expanding EWM),INTC,0.1252489450551763,-0.0144863406966412,-0.0111432476368465,0.0409098513813393,0.0125858757850911,0.004084712921231,1.1562666703567628,1.1874125272488985,-0.7081266682972491,1.146337831345554,1.097214048616082
2016-07-20,1.4764635126060996,1.1815118521256578,2.410044914460662,32.17,ST/MT Ratio (Expanding EWM),INTC,0.1981795323660341,0.0101217478075172,0.0292186007951365,0.018052958009812,-0.007232711852393,0.0009920883045717,1.1387132108675315,1.1402959097801575,1.7273321281314349,1.1980504681187123,0.9929342183696072
2016-10-18,1.560149816287563,1.1966309643968625,1.155921862035421,37.16,ST/MT Ratio (Expanding EWM),INTC,0.0912971057214212,-0.0486829519524063,0.0204020070460413,0.0048009215320936,0.0281481127949104,0.0016602409923524,1.0495782299045553,1.0841285560229594,-0.8421921883092343,0.9043411924508596,0.9476914311271436
2017-01-26,0.9991003654076608,1.3504624451336886,0.7283746522360088,37.07,ST/MT Ratio (Expanding EWM),INTC,0.1287876564100616,-0.0472612321031794,-0.0031679629750908,-0.0023052242475288,-0.0251874024738259,0.002231607474168,1.0596366962154191,1.126865235165357,1.2137182446549095,0.909557028758478,1.087721198544003
2017-04-27,1.4176458984170786,1.2940935775740878,1.8104559532208495,35.6,ST/MT Ratio (Expanding EWM),INTC,0.0855269680415134,-0.0231455477438352,-0.0070047323544406,-0.0207979615005558,0.0311977248313392,0.0027864062119958,1.1698491271370113,1.0590367477242586,1.4996898791538251,1.133945602686943,1.213570111656755
2017-07-27,0.9407977598846092,1.2256862517968272,1.4719009507908698,33.65,ST/MT Ratio (Expanding EWM),INTC,0.1412495125853602,-0.0054706503099146,-0.0077527444713146,0.0049370129629715,0.0068623416398812,0.0014404537147105,1.0077120329581086,1.2431807781609343,0.5655123734549878,1.1666079644354397,0.996090866558218
2017-10-26,1.5694088218164426,1.2517013248675315,1.2153812316715544,37.47,ST/MT Ratio (Expanding EWM),INTC,0.1136154788824816,0.0128817647959301,-0.023672305534955,0.0094438135035687,-0.0054138147469543,-0.0008330302901427,0.9120865627962284,0.9212482496796004,2.1823273461691315,1.0251165708698116,0.9916466455645596
2018-01-25,1.5026397262900577,1.2622938540356343,1.0615844518141673,46.08,ST/MT Ratio (Expanding EWM),INTC,0.2324209570602905,0.0536374675932343,0.0524612706840832,-0.0280440143870406,0.0025031591157922,0.003359189494164,0.8927161110466318,1.2605599764916933,2.3356664018441475,1.066059265607155,1.1464443201662884
2018-04-26,0.9323474732202832,1.13858581927726,1.3168499922201342,51.19,ST/MT Ratio (Expanding EWM),INTC,0.0797739837844849,0.0320180868120706,-0.0056696140763401,0.0113544104311224,0.0003183808547264,0.0027605061195841,0.9897302282201164,1.0566666171515235,2.661907524873326,0.9376838110560908,1.0673787158864911
2018-07-26,1.5094957686005028,1.1289385115034196,1.4174067028100068,49.67,ST/MT Ratio (Expanding EWM),INTC,0.1676270311129223,-0.0035978485487199,0.0405147556247648,-0.0008814762206187,0.0335070724104429,0.0002570524695133,0.9378247631951502,1.0992602881004594,0.8305274981807003,1.0556668594953245,0.9559675908907976
2018-10-25,1.279252713117509,1.2413765499656486,1.2767172779305616,45.91,ST/MT Ratio (Expanding EWM),INTC,0.1864236197312573,0.0013344327234058,0.0496394815576735,-0.0446951889469347,-0.0239169781867753,0.0013924312082204,1.0052566006053107,0.9969675255548844,-0.2626746040472349,0.9194502656358574,1.2050610235024564
2019-01-24,1.3923548759328928,1.0617825280779456,1.251442203872613,43.59,ST/MT Ratio (Expanding EWM),INTC,0.1299526844651049,-0.0330885277623233,0.0339493269444388,-0.0185096252694875,-0.0160629809786649,0.0035681824295273,0.970976768342624,1.1506574733247037,1.9103733732189736,1.103794999594066,1.088200287635873
2019-04-25,1.5910287149039446,1.3076688981185107,1.142317497935294,53.44,ST/MT Ratio (Expanding EWM),INTC,0.1779285108347518,0.0013520402402663,-0.0089486093815414,-0.0073401383355411,0.0289075723018119,0.0034477964184578,0.955159411580692,1.0503839638562655,1.5601951877202254,1.048438306482562,1.2396528991954043
2019-07-25,0.9805558929380568,1.1438658283450256,1.2738941555129537,46.85,ST/MT Ratio (Expanding EWM),INTC,0.1127574615297236,-0.0081030523622048,0.0161119027100982,0.0501921914335047,-0.0118883733795964,0.0029386400226789,1.1498807937306847,0.9682241512026074,-0.4550653938170974,1.0891202778107998,1.020490299224912
2019-10-24,1.599150452836721,1.2051888234785093,1.308569596808662,49.82,ST/MT Ratio (Expanding EWM),INTC,0.2073030865020177,0.0132951496118331,0.0032741318082725,0.0169138281133439,0.0255133269332897,0.0018238875660401,0.8074282875060396,1.2554570677451822,-0.0923969310247669,1.1787841955057428,1.1869737803513014
2020-01-23,1.62085433630606,1.409844095562268,1.240430800676074,59.41,ST/MT Ratio (Expanding EWM),INTC,0.1209381059606411,-0.0269530830243313,-0.0231110558219038,-0.0303870392274972,0.0454858995752177,0.0020829874188125,1.1050613959645936,0.9805845983172642,-0.0632222975327483,1.0563803261472198,0.9688399410599448
2020-04-23,0.8514831440636158,0.8176168048232704,1.2525675884259644,52.4,ST/MT Ratio (Expanding EWM),INTC,0.2045516137999652,0.020177127998441,0.013730778451648,0.0151509072354409,-0.0070448756735408,0.0018690741948738,0.9221726770732128,1.0285849911791218,-0.3614802669889436,0.9615548500185482,1.2154207368033028
2020-07-23,1.6779765314937614,1.1709243810887893,1.2578021347737434,59.92,ST/MT Ratio (Expanding EWM),INTC,0.2162527320310553,0.0556458619550902,-0.031371193734794,-0.0356825997234591,0.0200340581643826,0.0031282397832688,0.8668783418189073,0.911382956737569,1.5174197705157535,1.192794935817735,1.032485525849249
2020-10-22,1.5336107028407149,1.3719069772907757,1.2045190246029729,49.95,ST/MT Ratio (Expanding EWM),INTC,0.1745864138166241,-0.00180660519599,0.0396303816538469,0.0300672763471768,-0.0258423070334964,0.0011241575935048,0.847462281278501,1.1281549301470124,2.6254168443825847,1.1352185339485437,1.1490063473650864
2021-01-21,1.4777665603290584,1.317212340343179,1.092144462924716,46.17,ST/MT Ratio (Expanding EWM),INTC,0.1906241242336953,0.0160599102734629,-0.0099385189189517,-0.0087781162954469,0.0218683324516952,0.0011942003451157,0.9260225986430398,1.116752069310488,-0.6350206347829785,1.103683627284201,1.1900384075590604
2021-04-22,1.078902776626614,1.070236761931199,1.202655932691045,63.48,ST/MT Ratio (Expanding EWM),INTC,0.1106452867043766,0.0261550397098889,0.0100347896761851,0.0006590952815207,0.0079855996496691,0.003010274586836,1.1860126491639675,1.0041589434980287,-0.9261743238279094,1.0636825393281453,1.1827162017587258
2021-07-22,1.5231890936240544,1.435750479098012,1.186247378233512,55.87,ST/MT Ratio (Expanding EWM),INTC,0.0911510692979898,-0.0120427165160042,0.0124986361463842,0.0361449161885547,0.0148259570540053,0.0019556385444884,1.116162990353195,0.9774955732099244,0.0470114761480946,1.0537772775801888,1.0322403239880007
2021-10-21,1.6995760580652124,1.3084852122274884,1.1311997659985755,52.87,ST/MT Ratio (Expanding EWM),INTC,0.2211002522332398,0.0098432368633645,-0.0037671492111223,-0.0291790892146062,-0.0131393018008848,0.0033784673554538,1.144204594634978,1.089504061495488,2.198314576408012,1.074185928144706,1.2092360566468447
2022-01-26,1.3796911931631286,1.4027329924159766,1.1512747986771854,51.94,ST/MT Ratio (Expanding EWM),INTC,0.1004141889135671,0.0024407340273628,0.0216008140442582,-0.0319279546278247,-0.0385270853891793,0.0013284877930194,0.9330691946121296,1.2325666487721243,0.0982892622040862,1.0638296424009872,0.9856028452695496
2022-04-28,1.0235566804076237,1.3442771391613242,1.2605992399406305,52.25,ST/MT Ratio (Expanding EWM),INTC,0.0794628981714418,0.0054186634492091,-0.0102471096986757,-0.0115899831586501,0.0155813016187376,0.0019452216396611,0.9902106086504774,1.0272700838034814,0.0668137225488569,1.1900955054084112,0.9640296421946922
2022-07-28,1.6021697099176364,1.1914228348200169,1.2145123558435993,37.78,ST/MT Ratio (Expanding EWM),INTC,0.1141982937070839,-0.0250553424349413,0.0301389189237173,0.0289594712754829,-0.0485850788119863,0.001077587015156,1.114930334982958,1.293665983793286,-0.9203940650396888,1.1097082242126284,1.0011647222225148
2022-10-27,1.5082398120303588,1.0867194105074156,1.2995646421102052,26.89,ST/MT Ratio (Expanding EWM),INTC,0.2313751534877772,0.0028578560990629,-0.0363793904074024,-0.034983651886921,-0.0049337623060633,0.0020073626814235,0.8161951297313218,1.0611558315826524,2.7408712406835,0.9035295283100994,1.1351542767719127
2023-01-26,1.3722569715146231,1.1437883288287432,1.192368405162871,25.94,ST/MT Ratio (Expanding EWM),INTC,0.2202897246389613,0.0194299401935907,0.0077913873863923,-0.0678038899527642,0.0265295466604992,0.0005214530630012,1.0005585914381296,1.249353665748419,-0.6639931419174974,1.104457808965995,1.172043879373311
2023-04-27,0.9350661997829844,1.1588752859862936,1.1427938287890191,29.29,ST/MT Ratio (Expanding EWM),INTC,0.0551122732658033,0.0527900262728264,0.0621678699717485,-0.0082789714602249,0.0077974433968259,0.001512366579045,1.0676320067449132,1.2769337979740147,2.2923501160275217,0.9125918178730518,1.0884331402818053
2023-07-27,1.0478447201348595,1.2195723894038888,1.0713330813020157,34.1,ST/MT Ratio (Expanding EWM),INTC,0.2277236094192903,0.0355744789129822,-0.0260099397381672,0.016793519997773,0.0517085661197453,0.0005637461350718,0.9591812224805334,1.0240588884363209,0.8053469006163891,1.0152582554777931,1.0729335599514662
2016-01-19,1.3911170065520346,1.1161708438225868,0.7313074600536011,2.53,ST/MT Ratio (Expanding EWM),AMD,0.0646197861551757,0.0773613860129044,-0.0163323491157455,0.0330065437434707,0.0286277288145443,0.0026939232331912,1.191704746243457,0.9354531898998324,2.6889234793549193,1.044071014041308,1.1494968981998166
2016-07-21,1.0506161366020967,1.125086904286127,0.9284880999974076,5.45,ST/MT Ratio (Expanding EWM),AMD,0.1135537635235078,-0.0248571647010817,0.0194172354897674,-0.0085790340521349,-0.0133474597081394,0.0027165893397596,1.1320731866470777,1.0441852116597024,0.7216876323518675,1.0228555440836142,1.049892409014304
2017-01-31,1.3817248742700237,1.0555384829790264,0.9986188630095676,11.34,ST/MT Ratio (Expanding EWM),AMD,0.0573657799203729,0.0325312222852237,0.0093874534581879,-0.0072856651779,0.0036828344962859,0.0002697372695156,1.170211728658758,1.231571956477205,-0.5640000405480956,0.9324370057431288,1.0711478059411963
2017-05-01,1.5618426870413726,1.3506248437233648,0.9826654108422064,14.55,ST/MT Ratio (Expanding EWM),AMD,0.0989322806321204,0.0084169702008423,0.0145189029782067,0.0318475183563936,0.0018157324363891,0.0033338857455005,0.8394629506931237,1.147637238108448,-0.4252335709530643,1.0567119791900403,0.9028879788014872
2017-07-25,0.7851948319566951,1.1420646479719323,0.9884370028866996,14.08,ST/MT Ratio (Expanding EWM),AMD,0.2187639799587977,0.0786431026626185,0.0186756139044299,-0.0437435424923855,-0.0365544190836531,0.0044974151264198,0.9266385393650588,1.1708762894690623,0.9361557609113936,1.1934808457996964,1.2496415184264844
2017-10-24,1.4492360485758045,1.2297346514282392,1.0230288523939317,12.61,ST/MT Ratio (Expanding EWM),AMD,0.1754816992529164,-0.0262904399874303,0.0230416440568531,-0.0067130193795752,-0.0205099729121088,0.0020460063867363,0.9436283116172604,0.91819461658891,2.3825052004600753,1.1733702930944014,1.2282509573676148
2018-04-25,1.4890267964132322,1.2628753554687848,1.0385008349966922,10.44,ST/MT Ratio (Expanding EWM),AMD,0.1648311246921669,-0.0273902644763271,0.0372909952586867,0.0077605972481264,-0.0110190226744965,0.0013588857397753,0.851179976367906,1.2991660537649152,0.0343368862110953,1.117261473842511,1.2632139505342888
2018-07-25,1.5074766680852278,1.278554903624875,1.066197998032749,15.11,ST/MT Ratio (Expanding EWM),AMD,0.0564225323254289,-0.0189787425905407,0.0162945597078553,0.0142304680321258,-0.0479055125713984,0.004824330591003,0.8942748457322838,1.2633034218708266,0.2379263167794678,1.1929239667152167,1.01250400815219
2018-10-24,1.3007943466408054,1.3014947126307443,0.9275818648738046,32.61,ST/MT Ratio (Expanding EWM),AMD,0.1175405286323499,-0.0723363503508432,-0.0032377296385562,-0.009745167329772,0.004187336706291,0.0006810315016974,1.181374329903134,0.92141786035707,1.837088046679252,1.059633340151101,1.0911508308490925
2019-01-29,1.355988904569052,1.137160416370706,1.0511299676264858,18.46,ST/MT Ratio (Expanding EWM),AMD,0.0652376811813599,-0.0164014257588266,0.0241772110360819,0.003861025292646,-0.003226796116326,0.002020106466869,0.889397725702336,1.182238315910597,-0.2367620342147716,1.0658525387954303,1.0012981452161005
2019-04-30,0.7989417828277405,1.2132333135500128,1.122614233026694,26.36,ST/MT Ratio (Expanding EWM),AMD,0.1267442951980082,-0.0245696431543794,0.0609964580468564,-0.0592081838353247,-0.0388223475327893,0.0021796222726319,1.1822485519125423,0.9114524775342612,-0.2010868795550537,0.9726931819162344,1.0656271303071263
2019-07-30,1.174526199671451,1.2582507847221371,1.121199035836275,31.2,ST/MT Ratio (Expanding EWM),AMD,0.0906988098861922,0.0072637825266672,2.098760852279364e-05,-0.0134562103083462,0.0131053216319332,0.0033451476204524,0.8930920967480215,1.096539636107514,2.489862093034156,1.1136190264227512,1.1319847922140445
2019-10-29,0.8355769326797039,1.2200793112984505,1.1611617661227458,28.99,ST/MT Ratio (Expanding EWM),AMD,0.1380121475631281,0.0139614591522005,-0.0252358791401192,0.0143377178138616,0.0208968186172739,0.0023597389751267,0.8356012711930719,1.1775968433557102,-0.3343428627562406,1.1359102157885093,1.0000227034040614
2020-01-28,1.1896908789668537,1.2916100184540271,1.104599662505495,45.52,ST/MT Ratio (Expanding EWM),AMD,0.2178871142497395,0.067665979372556,0.0372124200786091,-0.0215573508563669,0.0086758619716222,0.0015013661042115,0.9668194913283604,1.0401880809271713,2.435255658699427,0.9379633376140224,1.1262579529539154
2020-04-28,1.0152165762618972,0.9978650118592576,1.321478930358502,47.86,ST/MT Ratio (Expanding EWM),AMD,0.1663061027954277,0.0352648343365117,0.000388565081392,0.0044746055397399,-0.0051017043802242,0.001048815629612,0.8568246437772249,1.1819183344528748,2.6203125111779246,1.030382296160176,1.0952369041059904
2020-07-28,1.3902936824962344,1.1062937823573384,1.0721978570014157,50.28,ST/MT Ratio (Expanding EWM),AMD,0.2232476288800201,-0.0181916279481841,-0.061180086380421,0.0141718125200674,0.0177860537937963,0.0016581781797538,1.1709691345931048,1.1083965554597428,0.9503937521982436,1.073498730811291,1.1756918945451809
2020-10-27,0.7826264466426344,1.213967807268628,1.1812422056753624,79.48,ST/MT Ratio (Expanding EWM),AMD,0.1206781747427752,-0.0294445134971925,0.0294226503145126,-0.0055637300214441,0.0200055090119172,0.0009930726390548,0.8427533500348126,1.2284442110966065,0.742020109813037,0.9217045529692456,1.2144730676792852
2021-01-26,1.021672969311916,1.176046728680193,1.0067499453103328,91.6,ST/MT Ratio (Expanding EWM),AMD,0.1612150104566791,0.0192171710027277,-0.0120598455786176,0.0072615942749142,0.0106850892429922,0.0020478253197846,0.9507799886745087,0.9401469980380216,1.5351161581730022,1.1640394060300925,1.2551014037655943
2021-04-27,1.0074755434822509,1.1855915714841692,1.0611422239825925,77.14,ST/MT Ratio (Expanding EWM),AMD,0.2111624035991955,-0.0442081622457224,0.0012840015308751,-0.0210683141321153,-0.017615306260869,0.0014358038201395,1.1830653899235892,1.2470821839066752,-0.9914363226180992,1.014072349924017,1.2274170319622013
2021-07-27,1.2747086579045404,1.2490742263754813,0.9330793461713232,87.08,ST/MT Ratio (Expanding EWM),AMD,0.2004061296898035,0.0661010568049023,0.0139594099170704,-0.0021652819924011,0.0099150191377795,0.0005059622067102,0.9465012023993896,1.1406194025518823,1.425267789498128,1.009507591211647,1.261789570912515
2021-10-26,0.816622340534435,1.1609715541575378,1.001900398494413,108.16,ST/MT Ratio (Expanding EWM),AMD,0.1611362197067523,0.043280404225245,0.0097149903933719,0.0182554042397305,0.0328870162706369,0.0032551457883749,1.001291338154447,1.0859136823750004,2.9900549826475835,1.048050109221785,0.9713593007714324
2022-02-01,1.132797116609032,1.0584170501982957,0.913173961774422,150.24,ST/MT Ratio (Expanding EWM),AMD,0.0684179778144408,-0.0144211478236646,0.0252835545141711,0.0069243240242108,-0.0119157264652932,0.0015023274765709,1.0052277691453753,1.225606694207972,2.1074413075931258,1.1365745295325411,1.1832095135991647
2022-05-03,1.04103074971781,1.0648346703905225,1.03495882036623,110.53,ST/MT Ratio (Expanding EWM),AMD,0.1846567689343203,-0.0579597085181807,-0.0090645911170953,-0.0116632817390983,0.0554484834783107,0.0007318631950246,0.9016871316266754,1.2448336343360926,2.5737738615050603,0.9582458089855648,0.9521822546205576
2022-08-02,1.0199643598756547,1.066742590133559,1.1961580391714597,73.67,ST/MT Ratio (Expanding EWM),AMD,0.1755096037586093,0.0493855330957894,0.0193931739452824,0.0086054101072698,-0.0101407733496346,0.0018317408655124,1.190241987435645,1.2473295854601472,2.572944588839787,1.1659129153873184,1.1166747296134911
2022-11-01,0.9412430402548716,1.0480215654886753,1.2349634667660063,66.11,ST/MT Ratio (Expanding EWM),AMD,0.0668287926030355,-0.0020088945838416,-0.0037864003275175,0.0208652447659154,0.0038101753335034,0.0020683715659676,1.05856069466632,1.1181451408534566,-0.7951746032386837,1.1236509256058318,1.1021328133343522
2023-01-31,1.3764951279590427,1.0323011978643284,1.095426625694379,64.77,ST/MT Ratio (Expanding EWM),AMD,0.1839507331649069,0.0453235709190711,0.026164314426625,-0.0482485319644369,-0.0138121399001584,0.0002535332744209,1.059083629916092,1.101055921990214,0.9672452892898238,0.95153673284333,1.0114854860564595
2023-05-02,1.342595802305576,1.1568834542817084,1.1556961875303684,96.56,ST/MT Ratio (Expanding EWM),AMD,0.1509971664833961,-0.0538049680578028,0.0224610245203916,0.0319768516238974,0.0085817708980065,0.0023316476671257,0.8635410767775823,0.978266518250137,2.8919095216812196,0.9459340337316596,1.007708169722083
2023-08-01,1.0777692537368817,1.1805099740029938,0.9542724907319992,115.82,ST/MT Ratio (Expanding EWM),AMD,0.1758803077906302,-0.018978125803382,-0.0240631610613378,-0.0054063684670268,-0.0405555423158818,0.0009528424313097,1.036235863095434,1.1440714304946569,-0.3841034810246837,1.1381152277355635,1.21408114716513
2015-01-28,1.665234185815634,1.4026812001070876,1.5253805091513677,74.985,ST/MT Ratio (Expanding EWM),QCOM,0.122440275496128,0.0021835294901364,0.0365794634852509,0.0136372483310057,-0.010651044970418,0.0037110288091907,0.8949270816815564,1.0154665210701843,2.751951461837988,1.1477014337938434,1.1791188132250097
2015-04-22,0.7225029787889053,1.5600239812487104,1.5214819235450976,70.065,ST/MT Ratio (Expanding EWM),QCOM,0.0917288179380935,0.0036443207817659,-0.0120789033534214,0.0329311730911307,-0.0243030300087141,0.0025239605120767,0.8328932886042403,1.0673056323610304,1.237207488307308,0.956223386395133,1.07929063284329
2015-07-22,1.4928957765494102,1.5282985579610415,1.1777670515724203,67.365,ST/MT Ratio (Expanding EWM),QCOM,0.2107035545500934,-0.0137522915017735,0.0282417339484343,-0.0312918424307616,0.0063834586973072,0.0016001000098906,1.040410350995476,1.0309506720461596,2.1237792758019487,1.1521348744916415,1.0294437877736284
2015-11-04,1.7803026811579603,1.259023422446303,1.245054121646388,56.23,ST/MT Ratio (Expanding EWM),QCOM,0.2481409751371348,0.0237997476321624,0.0150186194020402,-0.0147360250606886,0.0278611843877226,0.0012548322296826,1.1354628617969829,0.941430626441206,2.3509163944906253,0.945825129500285,0.9331708610038904
2016-01-27,1.239706209699479,1.415320391868178,1.1249317414455688,49.58,ST/MT Ratio (Expanding EWM),QCOM,0.2369057363677743,-0.0353667150283908,0.0591455103038536,-0.0042137173968926,0.0191501546778637,0.0018950322924363,1.0567101617764043,1.0887749463021177,2.631562401651331,1.0089567588272548,1.0148609053750517
2016-04-20,0.6994221236861368,1.4711543293302505,1.2991691439896331,52.21,ST/MT Ratio (Expanding EWM),QCOM,0.1413960262129084,-0.0029832819757452,-0.0027039794711555,-0.0165938380281107,-0.0562914840214723,0.0026127907415832,1.0002939624576794,1.0823784743074645,0.377712184868753,1.1081223896094985,1.2038247335655634
2016-07-20,1.5604414144264498,1.2760751574505125,2.0297751456497664,53.89,ST/MT Ratio (Expanding EWM),QCOM,0.1324367933599181,0.0062103471099164,-0.0064795038835459,0.0463734143959202,0.054051741323197,0.0019745058714148,1.1411935876120547,1.2891426418841372,0.0666247685300178,1.1148280447469885,1.0577032941982982
2016-11-02,0.9172248027313122,1.372515690484836,1.2060866487274444,67.11,ST/MT Ratio (Expanding EWM),QCOM,0.0710784745801263,0.0200053591920562,0.003417411823368,-0.0184193023456698,0.0103819985155217,0.0017828411928631,1.0708327887804432,1.0903926761396885,2.9750924110717265,1.1186706407372249,1.28099652017373
2017-01-25,1.448423317937192,1.437632797333017,1.5592375234970606,67.25,ST/MT Ratio (Expanding EWM),QCOM,0.1518766353193983,0.0269065207331111,-0.0050953934850282,-0.0108886694871716,-0.016412478512325,0.0020583702908178,1.1339878197924742,1.2611604044653484,2.2576767888586997,1.0377477391127734,1.0007153813387537
2017-04-19,0.6923885126349644,1.3676083841236126,1.1697929549722872,57.81,ST/MT Ratio (Expanding EWM),QCOM,0.1032174442053667,-0.0373624732143254,0.0279982570582615,0.0081097257900744,0.0069281979747735,0.001396141068763,0.948128070180209,0.9080944930559802,1.0959726698586687,1.0515173400811226,1.1101001859321953
2017-07-19,1.416929320388314,1.392108844744498,1.1720492744885571,57.61,ST/MT Ratio (Expanding EWM),QCOM,0.1459075030456992,-0.0516939959757467,-0.0444893182530976,-0.0270537381519022,0.0074047455625673,0.0016567940731569,1.1896124899888254,1.2645816013819358,-0.353148886679568,1.0106647564667668,1.0695824717853049
2017-11-01,1.67888552879438,1.3723793568624918,1.0863299303658362,51.88,ST/MT Ratio (Expanding EWM),QCOM,0.182643869340225,0.0467186887664478,-0.0276104725743906,-0.0068920177939065,-0.013671217923789,-8.579243890500398e-05,0.9442131671406592,1.219398385441565,1.0961506794703475,1.0716299450914877,1.2412054235951702
2018-01-31,0.8927616465067584,1.3127236530436042,1.058916929699398,65.2,ST/MT Ratio (Expanding EWM),QCOM,0.2143179006410924,0.0136309904192857,-0.0280340876473757,0.0109363315312543,0.0079479166835518,0.0029737262308523,1.1223712613661434,0.95288460912812,1.8556583363345371,1.030630838670611,1.0178595612250003
2018-04-25,0.956634672964342,1.0561261251855942,1.2136807803493224,56.13,ST/MT Ratio (Expanding EWM),QCOM,0.1271965580945606,-0.0241970287794793,0.0325092277592072,-0.0053215101095627,-0.0121868071905076,0.0022987977803217,0.8200075283608745,1.0948998241381804,0.4217467228981255,0.9754539119029204,1.177868691838783
2018-07-25,1.539173850794132,1.119007343953636,1.3104549661542928,57.05,ST/MT Ratio (Expanding EWM),QCOM,0.2492942747102591,0.0562903191432883,0.0553184011774577,0.0006653285275012,-0.0071090498172505,0.0012265441559665,1.107794154926235,0.99791580761177,-0.802210253282611,1.1546258101695706,0.9039838964817214
2018-11-07,1.4040642368452187,1.1949150797040409,1.2170858080734035,70.93,ST/MT Ratio (Expanding EWM),QCOM,0.2185773193350048,0.00604861220025,0.0008665234438758,-0.0102333028112092,-0.0141569783938771,0.0038987349813552,1.1748449975685888,1.1510479495930823,0.2873865408052811,0.9739433728730208,0.9036022657057902
2019-01-30,0.949877695159204,1.0957330242398031,1.2437706705597158,56.91,ST/MT Ratio (Expanding EWM),QCOM,0.144960610048748,0.0432754014422339,-0.0010646516957003,-0.0348617577295191,-0.0328167822434913,0.0020870164803923,0.8941885668043509,0.9550913206068564,1.4486648828925826,0.9499636765781404,1.1114519350146477
2019-05-01,1.05449653955172,1.2649622663902418,1.139961790324405,57.81,ST/MT Ratio (Expanding EWM),QCOM,0.0572880158093986,0.0043631468493538,0.0061015648933954,0.0110398302834809,0.0066459117553845,0.0009638564280248,1.0360465689377882,1.0192166793387658,-0.8597402039251252,0.9111761641842588,0.910538932877567
2019-07-31,0.58017354714793,1.194765635033286,1.1071983754859829,77.52,ST/MT Ratio (Expanding EWM),QCOM,0.1846006214271918,0.0741261773708695,0.0388563490782457,0.046873326791181,0.0176324859129084,0.0028567374214704,1.0956498668546184,1.0272038819257192,2.1852007438706544,1.0295198471528548,1.0811992403319857
2019-11-06,1.3877181057656764,1.1597877130190644,1.6039456890895063,76.34,ST/MT Ratio (Expanding EWM),QCOM,0.1310993354665389,0.0634369294855121,-0.0238205940257172,0.0034600407695859,0.0158720899019093,0.0023980482165092,1.0051530410038294,1.1852125825500417,0.0940114633188282,0.936476204860058,1.1224229340765846
2020-02-05,0.998574498786397,1.2300445064166114,1.0914838315364723,86.51,ST/MT Ratio (Expanding EWM),QCOM,0.0629381979090747,-0.0067137451967675,0.0111510694820435,0.0086316029311887,0.0234981313158808,0.0023945799854842,0.9307910492970958,1.076996525467215,1.5877868333492215,1.048237722342381,1.1481115268403372
2020-04-29,0.7834326280602877,0.9021591675989644,1.2026212778447272,69.03,ST/MT Ratio (Expanding EWM),QCOM,0.1296255334007784,0.0360049832834024,0.0332559288934728,0.0203180688779214,0.0111085052503717,0.0015742443953484,1.0176800008454512,1.1959185487744397,1.82374647084648,1.0602569675425857,1.1715612083438829
2020-07-29,1.6552139175733005,1.1195017566460148,1.0238567587858554,89.01,ST/MT Ratio (Expanding EWM),QCOM,0.1882793897643924,0.0245881582354801,0.0190328250981953,-0.0287332624136674,-0.0103181374554225,0.002450495723778,1.1494238409090451,1.0729085151152675,0.6510522909951746,1.129273686255714,1.1330215348167976
2020-11-04,1.4909575063773726,1.251936312683858,1.149466100405614,120.52,ST/MT Ratio (Expanding EWM),QCOM,0.1831341287831467,0.0499021045136322,0.0096874484979623,0.0455628664532401,0.0239915966107797,0.0017382417097789,0.8284027120890355,1.2568448062764326,-0.8768675910494395,1.1245189068629229,1.2035176570817252
2021-02-03,1.3999515949130192,1.1291507349955792,1.1872947071719386,148.5,ST/MT Ratio (Expanding EWM),QCOM,0.0725066380959035,-0.0317723211203036,0.0340313827770142,0.00805821991057,-0.0309379384960483,0.0025559414516458,1.181244434112772,0.9216537633609284,1.3874274431379638,1.0283521711881158,1.0322531819438168
2021-04-28,1.0350723365018937,1.178889741555625,0.9040118973931554,131.27,ST/MT Ratio (Expanding EWM),QCOM,0.1616798849360993,0.0260118010999453,-0.0770969687899771,0.0437964224772277,-0.019516784562812,9.505554598936118e-05,0.8361274241196293,1.1250616478685238,0.9161629026984546,0.9313663374453072,1.1449958028388334
2021-07-28,1.399520160364766,1.3279662670379295,1.0968146764381854,139.72,ST/MT Ratio (Expanding EWM),QCOM,0.0586912606168277,0.0390448570397355,0.0243362595859272,-0.0153258248880997,-0.0211050017855811,0.0015661265370208,1.0951812481011751,1.2069113204214594,2.6214927530497096,1.0228412225666332,1.2812291074488549
2021-11-03,1.619967539450249,1.1864840848696274,1.5796510367747991,126.68,ST/MT Ratio (Expanding EWM),QCOM,0.2255454672419256,-0.059555882024809,-0.0156222704938227,0.0484515480639456,0.0300014014784827,0.0037221550978081,1.1461717620330745,1.0186006284095757,-0.3628678506021661,1.030616818838404,1.0607594831823868
2022-02-02,1.165373509468566,1.3413958519545008,1.1921632623347629,186.21,ST/MT Ratio (Expanding EWM),QCOM,0.1150654021394475,-0.0394140479433021,-0.0509189869056937,0.0223788873508695,0.0265697128535018,0.0012329325445997,1.0302877221324818,1.1333544929310992,1.999947937519901,1.0529669844616831,0.9419290563763062
2022-04-27,1.1681633812743666,1.128244660812045,1.2108382635296526,158.45,ST/MT Ratio (Expanding EWM),QCOM,0.0913593723653914,-0.0693731262216035,0.0193360779857494,0.0168260021463089,0.0151826309261248,0.0013961617025068,1.1433165342212424,1.023905833274075,2.885189841226368,0.935358032603931,1.2833004688930014
2022-07-27,1.137806807334364,1.1534960420286482,1.2475327400053091,127.18,ST/MT Ratio (Expanding EWM),QCOM,0.092274099677316,-0.0074292392055595,0.0452097563548887,0.0088506113588286,0.0297982466302949,0.00155203866155,0.8364047227530068,0.9924144551788238,-0.8136802316538336,1.1115339439916985,1.2401194946287168
2022-11-02,1.3300629346059003,1.113992806030864,1.352803273528486,117.22,ST/MT Ratio (Expanding EWM),QCOM,0.1828589488050952,0.0271139789528586,-0.0001234554388307,-0.0032132154518612,-0.0189820695602997,0.0007851938641113,0.9736284327263922,1.271408830016972,1.3611962870223984,1.089002140633957,1.238167680680308
2023-02-02,1.05643714461409,1.1027960362541227,1.1820440159839236,107.2,ST/MT Ratio (Expanding EWM),QCOM,0.0898851137407557,0.0545824968233609,0.0325862364160881,0.0330132914618468,0.0117148779965245,-0.0002082807762282,0.9187200820207356,1.0417062885310504,2.6238076767785774,1.170289048811629,1.2905931104803483
2023-05-03,1.2439452616620883,1.213943034284803,1.2725537023733244,124.74,ST/MT Ratio (Expanding EWM),QCOM,0.2140021436449595,0.0045933173146921,0.0523683477396593,0.0065089967462011,-0.0001293607095791,0.0017694136014763,1.1607353265766684,0.9509488144133444,2.29489714454795,1.0229515434328782,1.2963205423783752
2023-08-02,1.4325719420182594,1.2857743463080002,1.1031085753803596,120.09,ST/MT Ratio (Expanding EWM),QCOM,0.1377762586051307,0.0590015440949952,0.0434474336075214,-0.0461767425896788,0.0241720525971228,0.0021358594240816,0.9889123857315204,1.1215344330008885,1.1190996610271942,0.9965211089574834,0.9300088355571672
2015-01-26,0.6557100086449569,1.1902065921899996,1.5621669668112608,54.745,ST/MT Ratio (Expanding EWM),TXN,0.232140797611706,-0.0463035510375212,0.0531989358811417,-0.024929661542675,0.000119394186195,0.0019474949314613,1.158260492160767,1.2210703250105148,-0.4418928777613229,1.1330304814050218,1.150338666420244
2015-04-22,1.6013435560554132,1.1437031386997352,2.0456784410038353,58.66,ST/MT Ratio (Expanding EWM),TXN,0.1125548575196534,-0.0576183853774304,0.0262638247321567,-0.0016461438048186,-0.006623572210252,0.0018551214380521,0.9636575151670488,1.001608459638225,2.43891513400893,1.1100564777882158,1.1190959637876547
2015-07-22,1.282484685173546,1.148532756253026,0.8197981892703324,55.5,ST/MT Ratio (Expanding EWM),TXN,0.2417853177071227,5.58305386183426e-05,0.0062630091670477,0.0107499745791388,0.0165227129640247,0.0020430408708503,1.0438274135593857,0.9364264728328724,0.8956790436447677,0.9581100878357106,0.98335347160353
2015-10-21,1.60356250850758,1.093713167796541,1.2872706648532426,47.45,ST/MT Ratio (Expanding EWM),TXN,0.1135106255898155,0.0154422907128757,-0.044058974356915,0.0015852877775026,0.0249042291797808,0.0030228414715507,1.064521584914747,1.2645024607337152,0.6150264419133862,0.9623247819036572,1.1594987748946617
2016-01-27,0.8939169405592464,1.2120898280217856,1.1391572388916216,56.42,ST/MT Ratio (Expanding EWM),TXN,0.1904633306571323,0.0008556838167067,-0.0033818746438984,0.0334742697448415,-0.01370862987117,0.0018095538140707,1.148474818540127,1.1993275204489964,2.4750289221463486,1.0609664013032398,1.2007504977476764
2016-04-27,1.1255008517988814,1.2249935358488544,1.300120305746726,56.52,ST/MT Ratio (Expanding EWM),TXN,0.1429963544961363,-0.0703604735013956,-0.0212973978594857,-0.0457775466009656,0.0014731082161905,0.0014259174229127,0.8560258237435746,1.0393098461452766,0.5581966579260897,1.0533887238738104,1.2716305441027296
2016-07-25,1.6843024714394597,1.057484135221615,1.84459301011772,60.54,ST/MT Ratio (Expanding EWM),TXN,0.0741887132974294,-0.0011192013829475,0.0691282815249344,0.006589698412629,-0.0234610158410413,0.0017188745151119,1.1497186240888695,0.9538101969156738,-0.3088413924701472,1.0072921648766735,1.0162975463562696
2016-10-26,0.9874914022025428,1.3022886687866002,1.1055562821978728,68.42,ST/MT Ratio (Expanding EWM),TXN,0.0936332736141812,-0.0436564325176698,-0.00127657437297,-0.0424494806346788,-0.0594515254373234,0.0025793467597567,1.045908381262505,1.261110419105818,2.849166166690347,1.096080885760568,1.235263680560435
2017-01-24,0.9573043277904046,1.3022913990541396,1.9362676768812248,74.38,ST/MT Ratio (Expanding EWM),TXN,0.2275726571788792,0.0254385392090513,0.0076961442035345,0.0219928073871042,0.0080114907853432,0.0034120268785432,1.010080880092319,0.983330778744016,1.0987536483739095,1.0665247804312954,1.1969830256854226
2017-04-25,1.218896451802213,1.3176035536223445,1.9901679272653463,80.53,ST/MT Ratio (Expanding EWM),TXN,0.0585118730746251,0.0148309386133896,0.020544561281214,0.0006385321389499,0.0182226339063658,0.0013718562608308,0.8879531958829396,1.0473241528346928,0.4561098768582652,1.1878318787223494,1.0775779841306876
2017-07-25,1.0050499725106097,1.1896180408275054,1.6934136220718805,78.31,ST/MT Ratio (Expanding EWM),TXN,0.0834605812556794,-0.0308957925214574,0.0053080733911736,0.0134902493006029,0.0095516702271681,0.0020989337870288,1.1020375869192585,1.2003245525497757,0.0621767392129655,1.0715609068115195,1.2577211573274594
2017-10-24,0.9477419675424048,1.2503949006354136,1.2261514721584343,87.5,ST/MT Ratio (Expanding EWM),TXN,0.1724839690813067,-0.0159853421067842,0.0548515312129225,-0.0185970740147441,-0.0457390429438591,0.0023383574419359,0.9900790877827798,1.2780470029370186,-0.1421670827033536,0.9222477317322092,1.2565815492578998
2018-01-23,1.6742773830617974,1.3022407154540754,1.109916128985328,104.13,ST/MT Ratio (Expanding EWM),TXN,0.2060557411455661,-0.0350724732661133,-0.0146794808520335,0.0349866232914437,-0.0057712357519118,0.0010074219932711,1.1390724791848863,1.297035950373538,1.7175739524497042,1.1810063780001447,1.2307796100336443
2018-04-24,1.3243853854039065,1.1503314723734182,1.6168611738873164,106.6,ST/MT Ratio (Expanding EWM),TXN,0.2259907861435942,-0.000193768404561,0.0098382236571172,0.0290431166014712,-0.052458694001277,0.0020204171672129,1.1377705332480348,1.1276566281817073,0.5294583916668434,1.1803674217629845,1.0728468702463578
2018-07-24,0.9323816692357996,1.219549505067553,1.114255027366837,110.19,ST/MT Ratio (Expanding EWM),TXN,0.1521278849202293,0.0354299812175433,-0.0182741175709414,0.0175886075752971,0.0372425276913546,0.0005343261426579,1.0155277468998676,1.0784457228500752,1.2592732558407884,1.0411515236976985,0.9191870234317904
2018-10-23,1.417544593983928,1.2256414902122197,1.2468610405581877,109.8,ST/MT Ratio (Expanding EWM),TXN,0.1225563067866465,-0.032500411621744,-0.0356006753366211,-0.000237931171586,-0.0241513645529521,0.0002309496962606,1.1528192744030794,1.077757527566308,1.3557745940293948,0.941756340827396,0.9013551391930557
2019-01-23,1.3628844551019843,1.023825199932363,1.1661232447630832,87.8,ST/MT Ratio (Expanding EWM),TXN,0.162290193590281,0.0196416280431245,-0.0143530727271585,0.0174964321323783,0.0343850902364974,0.0023667464078922,0.8981160374574572,1.1818344128533402,-0.6032218795484856,1.1726662321159402,0.986009027742474
2019-04-23,0.8973885789741206,1.097131934119637,1.521441206591565,107.11,ST/MT Ratio (Expanding EWM),TXN,0.1157221000127141,-0.0165590166430354,0.0028888960885476,-0.0146723141996837,0.0266467410921036,0.0016161252586692,0.8818374457167103,0.9726031846485982,-0.944073148114541,1.1315416405434704,1.2500138124981035
2019-07-23,1.4414731619049337,1.1068814192785994,1.321344063832714,112.73,ST/MT Ratio (Expanding EWM),TXN,0.1322877869062279,-0.025750549129182,-0.0088790667355178,0.0243888914755178,-0.0195147588134015,0.0022022804076212,1.0456650810464796,0.975279992671945,0.1411119877635189,1.042778009209489,1.2817383806493203
2019-10-22,1.5556532100207072,1.2841511626604154,1.736026308348083,127.77,ST/MT Ratio (Expanding EWM),TXN,0.0872404344125148,-0.0017460625984095,-0.0167726293962156,0.044237022358098,-0.0253196237816936,0.0019821050229916,0.8989405487270972,1.1926583615679551,0.7577928931716813,0.9893542045080066,1.0823663748088457
2020-01-22,1.045932829894274,1.3891333356146662,1.2428267582038564,128.55,ST/MT Ratio (Expanding EWM),TXN,0.2208786718438885,-0.0342334812846781,-0.038189523910155,0.0297652639994796,0.0117592554096584,0.0010235999513362,0.8284826870164931,1.219474948372145,-0.0267922880681314,1.1176236369578911,0.927339348579278
2020-04-21,0.9316454734406544,0.9656482944617316,1.4179696646460442,98.44,ST/MT Ratio (Expanding EWM),TXN,0.0518472685660279,-0.0173777256871513,0.0015068328211391,-0.0152400617451852,-0.0181081009295767,0.0019547456980356,1.1820394224662745,0.9772059941622796,2.530968304828322,1.1428419628846302,1.2871439696325664
2020-07-21,1.0100063115099285,1.1227189980236054,1.2474510515620956,125.23,ST/MT Ratio (Expanding EWM),TXN,0.0669066550269948,-0.0399257262406097,-0.04114161122093,0.0120354329318275,0.0055621160539551,0.0007668986949851,0.9911562643782998,1.1909589175383806,0.4828426281511362,0.9553104714059082,1.0772303731733797
2020-10-20,1.2926274728311682,1.1017893068665576,1.4050898684069757,136.98,ST/MT Ratio (Expanding EWM),TXN,0.1809396437525853,0.0707653796520736,0.026801678910688,-0.0293285385939661,-0.0090706897701729,0.0033909723580014,0.8662996061553819,1.2928178491145537,-0.6150140354371345,1.076763517035786,1.1505855421016224
2021-01-26,1.3141856977988002,1.188717310410404,1.2138348413270343,161.47,ST/MT Ratio (Expanding EWM),TXN,0.139435425004739,0.0032342243190105,0.006473192588035,0.0173097577793918,-0.0415289603616408,0.00064402965514,1.0152318171496215,1.1648743542847335,-0.5352768999524362,1.0665055572615874,1.0148850284509447
2021-04-27,1.1370818920970505,1.063019292375487,1.210590371069639,186.18,ST/MT Ratio (Expanding EWM),TXN,0.1343753061707516,-0.0224903927797404,-0.0397265449839479,0.0142650853215634,-0.0527617004781114,0.0018042147290314,1.1760704253204226,1.2048286613758905,2.8900579286389707,0.9112668209220568,1.0140532700722835
2021-07-21,1.5304445870528562,1.0944737872666812,1.1053020628401156,186.11,ST/MT Ratio (Expanding EWM),TXN,0.2101937852298571,0.0094892968756977,-0.0052762723114959,-0.0437454084883041,0.0086671062123649,0.0009577284119527,0.8781690346553396,0.9044618349247322,-0.0306970790147143,1.1036327950561289,0.9924355688538274
2021-10-26,1.3452732296001306,1.2089742172110565,0.7527514906998131,200.33,ST/MT Ratio (Expanding EWM),TXN,0.1819772032832416,-0.001931481739179,-0.0185646921677174,-0.026044596097809,-0.0110389436582656,0.0025704211733607,1.0036013781930473,1.2551272459859997,1.775031681396301,1.0183887209718097,1.0489875755648437
2022-01-25,1.3127009038532276,1.1646604621701342,1.0468318147790767,191.84,ST/MT Ratio (Expanding EWM),TXN,0.06073460448542,-0.0057339359836627,0.0135752353125754,-0.0040784724185941,-0.0108272454228533,0.0016685686287184,0.982294325603394,0.9708165764239626,1.5360030696639524,1.0092458457313815,1.2409461397048176
2022-04-26,0.7197882698074217,1.1085659891178972,1.1408565128244808,185.68,ST/MT Ratio (Expanding EWM),TXN,0.1773257358036665,0.0234958345015198,0.0442135133806943,-0.0045214936785206,0.0203965959773446,0.0014813332803787,1.1026210640231264,1.144205265636864,0.4568088905980643,0.9629795495020452,1.2104607456422491
2022-07-26,1.1824436857494758,1.1620144677173267,1.423427233917479,155.62,ST/MT Ratio (Expanding EWM),TXN,0.2214188324421289,0.0285127698516556,-0.0522551740893723,-0.0272369233854701,0.0323360569158111,0.0028532015450515,0.9945636395964346,0.9899000152709432,-0.2193015398399751,0.9496202713504076,1.210864478482238
2022-10-25,1.081187698512698,1.0333796753589166,1.394678498699195,160.46,ST/MT Ratio (Expanding EWM),TXN,0.064374581744101,-0.0165675401663684,0.0074507823744225,0.0127244682338046,-0.0038136180340452,0.0020294305916775,0.8915948741201247,1.110656905410079,0.8061854438922258,1.0738832697684852,1.2508619601484778
2023-01-24,1.0643362468073931,1.134974031525385,1.216026448239968,164.38,ST/MT Ratio (Expanding EWM),TXN,0.1349401269796827,-0.0181536384225638,-0.0008039838669992,0.0092868402235128,-0.0055149676727465,0.0025166444459359,1.1470989560326923,1.080430428729944,-0.9385349970611068,1.027933141714291,1.1424774149696562
2023-04-25,1.0384240982106352,1.1134802832696242,1.3021039866715125,177.05,ST/MT Ratio (Expanding EWM),TXN,0.1813890456249774,-0.0076268094003075,0.0241402022935139,-0.0018567282994629,0.0155035758278471,0.0010186740634825,1.0231059036392247,1.1605344423200823,-0.383697070107666,1.09396052963422,0.9730606474975088
2023-07-25,1.396740552872723,1.2469862882141818,1.2092683692916293,168.745,ST/MT Ratio (Expanding EWM),TXN,0.0754144942911168,-0.0785672407657454,0.0103958988471306,-0.015894787503959,-0.0309233892424893,0.0005951830560724,1.1002095922786996,1.035635045305072,1.8395817335258144,0.9143596796718322,1.0631440102363654
2015-12-02,1.258169595403559,1.1960560449042994,1.2477967237709704,123.8,ST/MT Ratio (Expanding EWM),AVGO,0.2057265207610235,-0.0510316871769493,-0.0185590799521645,0.029217678160414,0.0085788263686924,0.0021072079620401,1.082013808905333,0.9907482065325977,2.1811481791888903,1.0892339199314796,1.1350247088599197
2016-03-03,1.1020681660691956,1.0969876792658446,1.345036127358865,133.24,ST/MT Ratio (Expanding EWM),AVGO,0.2420584604364979,0.0498405993605583,-0.0055716180699985,0.0443851778272073,0.0167971492955538,0.0016811536445052,0.9414195416817348,1.092980588152447,1.3893972039114124,1.0417386341744672,1.179325329576224
2016-06-02,1.2324454653284034,1.141657189337686,1.314963241946401,143.2,ST/MT Ratio (Expanding EWM),AVGO,0.0789467157826694,0.0595738699725449,-0.0198807757041046,-0.0090890370961634,0.0200057552104407,0.0026264346724539,0.973478773242784,0.9809092726968122,-0.144264868795811,0.9017411306528824,1.020383086223469
2016-09-01,1.029552351982993,1.3110109133858523,1.2558271010080109,162.89,ST/MT Ratio (Expanding EWM),AVGO,0.0599450980343207,-0.0067162613844732,0.0362802141579579,-0.0123041729288705,-0.0454188175625616,0.0019200915473374,1.099567056191408,1.2176650835350438,-0.1901298316169999,1.1877131990614225,1.1009611173920508
2016-12-08,1.252909255180801,1.2297296917937657,1.1034691209477752,177.0,ST/MT Ratio (Expanding EWM),AVGO,0.1460444533425125,0.0221794937069518,0.0046393494601582,0.0152801916352999,-0.0160338817452235,0.0022050753392346,1.166791499607401,1.1827061127446523,1.8897336920896524,0.9255130863918214,0.9879964507587724
2017-03-01,0.8272058253060907,1.2856630504126758,1.214082722483106,203.22,ST/MT Ratio (Expanding EWM),AVGO,0.1733883925639828,0.0128937554090237,0.0610357205725902,-0.0059507344936746,-0.0189565813205866,0.0003766174700587,0.8035259333177891,1.1864510561906951,0.3777531537140399,1.135995754822904,1.0355744879748106
2017-06-01,1.6206226726628117,1.3589342038116516,1.1674322375564758,225.45,ST/MT Ratio (Expanding EWM),AVGO,0.0516917124237912,0.1097608282959333,0.0021801755855613,-0.0004849300165808,0.0054971738602303,0.0038884369396142,1.1277335009195444,0.9522793014993252,-0.3065073729699672,1.002262961875181,1.0633949555529094
2017-08-24,1.112531639935407,1.2316881568376996,1.283298252389688,254.3,ST/MT Ratio (Expanding EWM),AVGO,0.1961562177521367,0.0411851219002101,-0.0172522030073138,0.0214913287931167,0.0150186144941996,0.0018357580149679,0.9394811243371912,1.205458813009288,-0.6121944294931412,1.0053651058915465,1.2348959998061837
2017-12-06,1.0164491792692938,1.1012359365236082,1.1117344035921328,277.52,ST/MT Ratio (Expanding EWM),AVGO,0.0875760008723347,-0.0024771157018268,-0.0414114317783848,-0.0447339021876823,0.0404177601861495,0.0026975869703391,0.8267188309048689,1.276937403068543,2.9452673690880515,0.926570452147524,1.0165090089022948
2018-03-15,1.323610161659493,1.0370938061628123,1.194355035429768,245.86,ST/MT Ratio (Expanding EWM),AVGO,0.0663122624054851,-0.0314439154210149,-0.0500941902876783,0.0359575581213167,-0.0093741370092018,0.0011639083297803,0.9489602664141424,1.2105565474610904,1.3837072484669353,1.0933097101477702,1.2030039291274024
2018-06-07,1.012697903241824,1.0843260627017774,1.2948305217603715,238.85,ST/MT Ratio (Expanding EWM),AVGO,0.0543824335944712,-0.054225621209015,-0.0435240782901646,0.0048170131082335,-0.0094393124577303,0.0023080099022173,0.8471915997748103,1.233283782764105,1.822479216720576,1.073202517558911,1.2558941339132228
2018-09-06,1.2329149649245077,1.2034563681493782,1.1274104657392594,220.31,ST/MT Ratio (Expanding EWM),AVGO,0.0541755659398002,0.0091212272553528,0.0120137995303445,-0.0072873286140545,0.0317418004719686,0.0006971552364752,1.080122541553523,0.9806799850524102,0.7189815243026669,1.04821286008072,0.9220870507001624
2018-12-06,1.129530680345457,1.1130499270296743,1.4164711600194406,228.25,ST/MT Ratio (Expanding EWM),AVGO,0.0574509895704805,-0.0244722760849506,0.019261750696898,0.0007691461444637,0.0104144234632576,0.0024520678382596,1.1818550053440222,0.9514309043187514,1.7898450689069074,1.051869310827264,0.910252899953769
2019-03-14,1.3945996885688896,1.2060366735233308,1.121572103138546,279.39,ST/MT Ratio (Expanding EWM),AVGO,0.194466768795204,-0.0477788798359186,-0.043435721060964,0.0020607338755129,0.0346912877796993,0.0016440259156141,1.1698989903457446,1.2407347235275734,1.097031711615342,0.9686827008418336,0.9486491562720376
2019-06-13,1.2956915485577716,1.216699924716274,1.4020974111768327,302.0,ST/MT Ratio (Expanding EWM),AVGO,0.1677045155123594,-0.0206300509484884,0.0308511494222834,-0.0402800325861231,0.0102182000752459,0.0020291905039355,0.9453569917728508,1.0021713124184362,1.0267648040251949,1.1899227888370287,1.1299813972918566
2019-09-12,1.0015028063369749,1.093483870425728,1.4155178317775974,283.7,ST/MT Ratio (Expanding EWM),AVGO,0.1755600250682911,-0.0358541801265038,-0.0104918315505031,0.0403734556863309,-0.0259279154678317,0.00269797403013,1.155972422356039,1.160351534998311,0.9009861063488018,1.1563822688200114,1.088547244069199
2019-12-12,1.2621924591949925,1.3142379616870463,1.0695081424898123,315.53,ST/MT Ratio (Expanding EWM),AVGO,0.1835527047214688,0.0610499572275397,0.0084037903595664,0.0040331408067654,-0.0303282088694451,0.0007674596887797,1.1474512682041444,1.016630707830306,-0.4847477049480475,1.1565943393088816,1.1349660655170668
2020-03-12,1.2864399685924437,1.165031542027451,1.385543846079474,320.16,ST/MT Ratio (Expanding EWM),AVGO,0.1139451435042847,0.0328573914932307,0.0523666188476627,0.0140750532611843,-0.0357878062264732,0.0013155082693872,1.155636959299584,1.2751308827969534,-0.7854864385142033,1.0502907905576604,1.0499858196298115
2020-06-04,0.6254842796465265,1.0787501398011443,1.1828446151038736,264.87,ST/MT Ratio (Expanding EWM),AVGO,0.1428874822420814,0.0017209575539183,0.0309051794759659,0.026788744264351,0.0195512958689618,0.0024573242810867,1.0503433588280469,1.2174364788809295,0.1223608638974758,1.0670395153119514,1.1834914319619598
2020-09-03,1.3478067943135763,1.1976385494533466,1.30800312566598,328.39,ST/MT Ratio (Expanding EWM),AVGO,0.139075550476086,0.0537980448611509,-0.0040559194371749,-0.0225290614390075,0.0327149205771752,0.0040982214745467,0.8537724331342936,1.2256267623805068,1.4244383994118923,1.1848612311340956,1.0358115676522774
2020-12-10,1.0746550390335192,1.1393926918529955,1.4542977580777317,363.13,ST/MT Ratio (Expanding EWM),AVGO,0.2318501856639904,0.0047078907676666,-0.0227357667624586,0.0148367974758807,0.0492340535346595,0.0018619176653385,0.8432583769348795,1.1026004804147702,-0.6567569131622446,1.190857956997202,0.9154739833028768
2021-03-04,1.3638091977280329,1.1259235324669774,1.7676911766689598,476.88,ST/MT Ratio (Expanding EWM),AVGO,0.2074688824149442,-0.0281449470464892,-0.0605544620398791,-0.0036910272724698,0.024077633308081,0.0025911361179239,1.1014015604429233,1.1100409592568976,0.4744826099931547,0.9197526493525964,1.1488667696694432
2021-06-03,0.9123489350377312,1.1333378108400805,1.2420084509407034,444.54,ST/MT Ratio (Expanding EWM),AVGO,0.0799433103757912,0.055309342704438,-0.0175745995772726,0.0241692693804123,0.0320709644383746,0.0018930285301415,1.034088131756382,1.01235330922704,2.6408868056412484,0.991233002202851,1.0798901642368426
2021-09-02,0.8909700030018848,1.1545966815424111,1.4067736711495669,486.79,ST/MT Ratio (Expanding EWM),AVGO,0.0549730567782173,0.020861851528963,-0.0023339071648308,-0.0501806855087873,-0.0115004083163421,0.0039422455947562,1.0175049823674622,0.9400927512705144,2.7286468768545293,1.0123608457353124,0.9323116855497374
2021-12-09,1.591269658360157,1.1933649887587088,1.1678090457814367,557.8,ST/MT Ratio (Expanding EWM),AVGO,0.1752350027938405,-0.0343036154014259,-0.0256153858145355,0.0005226424939682,-0.0259103954185964,0.0002527783330347,0.954916469470132,1.1400810188370325,1.0546106872853185,1.1083625922111822,0.9221935768271644
2022-03-03,1.0508299056132,1.1199001319316009,1.5959175694267704,592.72,ST/MT Ratio (Expanding EWM),AVGO,0.0905082498584285,-0.0046618537329262,6.229098723085859e-05,-0.012070516394599,0.0242519833104388,0.0020946210446693,0.9138162441088225,1.227692230736041,-0.6804252488345566,1.1566457864087871,0.9367584368308424
2022-05-26,1.261143694139215,0.9491943766115278,1.4318440023435313,560.07,ST/MT Ratio (Expanding EWM),AVGO,0.1773880419017791,-0.0286466388684665,0.006305556488763,0.0138065737658538,0.013442018805985,0.0003744559664379,1.1337816859566785,1.0443153604314908,1.4488362530288632,0.9458661346943996,0.9264674886900724
2022-09-01,1.1553525625821437,1.1255362990492253,1.1734679466860825,531.21,ST/MT Ratio (Expanding EWM),AVGO,0.1680609452012393,-0.0463979905837517,-0.0027456794542423,0.014751104684205,0.0056861093585223,-0.0005065715705367,0.886375281608054,0.9511415271634782,0.2496235907185271,1.054314973953306,1.135503785426004
2022-12-08,1.1134450080301963,1.084348376322173,1.2409077100166392,482.11,ST/MT Ratio (Expanding EWM),AVGO,0.207655116737674,0.0344162141636074,-0.0155000774247037,-0.0146906473705506,0.0126842870158247,0.0022974620531178,1.115947242951897,1.1624959572993434,1.435033300518212,1.0235346082457324,1.0895233739840555
2023-03-02,1.1940076498524703,1.018835747105988,1.246798614579991,585.01,ST/MT Ratio (Expanding EWM),AVGO,0.1537037877345208,0.0688295824164545,0.0090596401590018,-0.014804346604401,0.0110796370614551,0.0021394977961474,0.9658083317560724,1.2368664120245534,-0.0799981898064006,0.9017162794625894,1.1605279588904958
2023-06-01,1.4248431367647274,1.0941687266429263,1.3803932238340038,612.34,ST/MT Ratio (Expanding EWM),AVGO,0.1375347481001212,-0.0469498650836699,0.0172582194870822,0.0002333657860667,0.035095421496339,0.0017151630622577,0.8809848734555326,1.2560460545239238,2.4361853188266243,0.9230182115784618,0.942555362165631
2023-08-31,,1.1843598638585655,1.022780159584383,920.0,ST/MT Ratio (Expanding EWM),AVGO,0.2464782046895152,0.0217039232841699,-0.0287119723232853,-0.0194160556828802,0.0353746396204239,0.0018938059099602,0.9980686368986664,1.1436890651077418,0.099633349928963,1.1150393150098112,1.1379664083675487
2015-01-14,1.2574094170054189,1.0544929538701484,1.8400415122869795,59.16,ST/MT Ratio (Expanding EWM),JPM,0.2254270437501517,-0.0207724899192639,0.0463279713923881,0.0240495923863031,0.0166055088085086,0.0050982994340712,0.929929643899422,0.9101485952169264,2.0006011251940707,0.9644260997475248,1.2337894973850514
2015-04-14,0.9934952720634244,1.1065061509830656,1.2112263218877497,61.85,ST/MT Ratio (Expanding EWM),JPM,0.1044313434368186,-0.0150493884317643,0.0010423560314721,-0.0062301800111861,0.0241450718140732,0.0017418248619685,0.968116104021702,1.1308309770527063,2.4917949216360076,1.159086900275986,1.0486078300974293
2015-07-14,1.0261499055193484,1.1271483375696472,1.3005490110529376,67.99,ST/MT Ratio (Expanding EWM),JPM,0.1593567391353184,-0.0187337873483604,0.0045654886883454,-0.069674705483041,0.0158515638106193,0.00251012436125,0.8835555570859372,1.210058431091438,0.7323208144085247,0.9576125980677012,1.26177013692686
2015-10-13,1.2475010308416423,0.9995107778364246,1.3552609294463136,62.38,ST/MT Ratio (Expanding EWM),JPM,0.1762240827831813,-0.0282396769387935,0.0252464326976967,-0.0063705514155451,-0.0085292433008654,0.0013506351803861,0.879241677696435,0.9103228672764924,-0.91888010493032,1.0866946069362793,1.1646700242870125
2016-01-14,0.8496636164347224,0.9700382481661004,1.50208743742206,66.1,ST/MT Ratio (Expanding EWM),JPM,0.122611905927423,0.0036982569780689,0.010996483937905,-0.0229635955210993,0.0219141168728285,0.0022952325750406,0.9244166820227936,1.0280043956988254,0.357975660239771,1.1040475640276637,0.9232535164107316
2016-04-13,1.0305945226342934,1.018774469512944,1.6838821810202111,59.12,ST/MT Ratio (Expanding EWM),JPM,0.067061344397004,-0.0270832540743863,0.0325940990173973,-0.0377818953865236,-0.0318623767214815,0.0017617663249443,1.1716465410765302,0.9890084176709786,2.998692820968369,0.951456808136156,1.208618582924951
2016-07-14,0.9108127557671256,0.9667016658411124,1.7903468245012668,62.08,ST/MT Ratio (Expanding EWM),JPM,0.1527629811430001,0.0114659889022943,0.0126137249560547,-0.0279356659555643,0.029347288807397,0.0015894815172702,0.8893650179718501,0.9323387206573016,2.499733297402595,1.1576253777572676,1.0614281569798405
2016-10-14,0.8362483622306295,0.9748965234321232,1.5015665002489655,66.4,ST/MT Ratio (Expanding EWM),JPM,0.1566056133098446,0.0002416661692802,-0.0143731212392131,0.0057352117958242,-0.0268630734941508,0.0038188985322003,1.0809584570161708,1.1228263730735668,2.411824454694995,0.9945167907955964,1.1094689599995942
2017-01-13,1.112622763764672,1.0931632149679351,1.2756729426081292,84.73,ST/MT Ratio (Expanding EWM),JPM,0.216665296704491,-0.0063631816403243,0.014845105756183,0.0362160207062057,0.0101450821698683,0.0031771849631843,0.9941489484818202,1.0415623305027435,2.565820258225489,0.9497633773987608,0.9598034558082784
2017-04-13,0.8146488850867976,1.0796616847450895,0.8164653710285523,91.51,ST/MT Ratio (Expanding EWM),JPM,0.1034637083736345,-0.0297647281714559,-0.0303117862196198,0.0108296118466245,-0.0181288489606539,0.0021367466473992,1.0307638141291005,1.1629976919939768,-0.2215229827017393,1.0172152326763872,1.2786255371914976
2017-07-14,0.9912010434033296,1.0234567419445892,1.613120177009568,87.09,ST/MT Ratio (Expanding EWM),JPM,0.1804479307192835,-0.0181869965698916,0.0072567911732956,-0.0121625847053934,0.0168347245768606,-0.0003042119359439,0.8986469690762696,1.1673442808469576,1.9605975747903632,1.034438609839548,1.2750103947038331
2017-10-12,1.0506319031144622,1.1344017310357717,1.0384754755556571,90.89,ST/MT Ratio (Expanding EWM),JPM,0.0910275522595228,0.0284386929039014,0.0030031002806661,0.0143976048792675,0.0021518693518022,0.0016389907767474,1.0946626940875162,1.0831698319443592,1.277340807104376,1.10778403302753,1.1368760721716873
2018-01-12,0.8284708944267982,1.1454041157573582,1.272669342364241,105.51,ST/MT Ratio (Expanding EWM),JPM,0.1917593184737988,0.0195321015668533,-0.0022435057181761,-0.0084772577554747,-0.0368688989540833,0.004703027564405,1.1514790335304304,1.0427554649121604,0.1995429602232197,0.9641516668485792,0.915113187225838
2018-04-13,1.3540278506077963,1.057307645856476,1.575427257824424,114.95,ST/MT Ratio (Expanding EWM),JPM,0.1756620922016948,-0.0322144335679492,0.000143874656832,-0.0143650092290786,0.0135174907754619,0.0017693383333602,0.8172055857520222,1.2480220772437132,1.7135725856236292,1.0981597246309458,1.1458571275739544
2018-07-13,1.3646427975418876,1.0986401873949263,1.4480819633071242,109.97,ST/MT Ratio (Expanding EWM),JPM,0.1370304276005673,0.0054766306900229,-0.0524554713649291,-0.0258590667058246,-0.0114480194208177,0.0031032175720536,1.1396876578776418,1.092106770266251,2.4816433142332013,1.007833507854672,1.2706830017356363
2018-10-12,1.1293222411236032,1.0893941970383458,1.3458805184898506,113.08,ST/MT Ratio (Expanding EWM),JPM,0.0935198529419788,0.0282985493180126,-0.0124617472322288,-0.0407957201687929,0.0250286680203342,0.0034419424019526,1.079462792032496,1.0028708544097709,1.2563396867545005,1.0599091684464768,0.9551595286921336
2019-01-15,0.903780552037281,1.035042625651022,1.528862553610646,99.01,ST/MT Ratio (Expanding EWM),JPM,0.2018049041747351,-0.056429184839248,0.0067853470342334,-0.0067480926639861,0.0030331422183601,0.0022189639158559,1.0364971623002457,1.0259142494867832,-0.7906049327615903,1.1845968473119697,1.1565961476257152
2019-04-12,1.3552669180449162,1.0718080248403663,1.2251529975439868,104.39,ST/MT Ratio (Expanding EWM),JPM,0.2305564324766002,0.0210176067332977,0.008795691759922,0.0069513372480032,0.0128855246347009,0.0011581783681318,1.1507675727483389,1.1704224020053011,0.4279347685604517,1.0538064216986434,1.1702987041388708
2019-07-16,0.9845448184382356,1.0626068207368529,1.4572275200689615,109.22,ST/MT Ratio (Expanding EWM),JPM,0.1694998848886436,-0.0211918315631046,-0.0268302542277787,0.0005844082496277,-0.0209392238753803,-0.0004353123317828,1.184100930080575,1.0014677836486787,2.4999082344964707,1.177223341588281,1.1681662058635829
2019-10-15,0.9818542287506076,1.044507660717023,1.4048977980487762,119.16,ST/MT Ratio (Expanding EWM),JPM,0.0655365364999533,0.0219709534007605,0.041971235225941,-0.0073991731986839,-0.011733305785684,0.0026841632086089,1.172506650960535,1.0591514349909474,2.812064704161771,1.1108348631497924,0.9168023069675248
2020-01-14,1.1836178591820763,1.2024302331310488,1.7375080483669938,137.34,ST/MT Ratio (Expanding EWM),JPM,0.1376461053520589,-0.024714070478988,-0.021985245446435,-0.0206436515174195,-0.0084659659025271,0.0011852439971764,1.1627491327276211,1.093789123613277,0.8413079391113314,1.0699399817938902,0.9597538187084912
2020-04-14,1.3160221662707323,0.8092657759348799,1.3661496502351371,88.36,ST/MT Ratio (Expanding EWM),JPM,0.2035767071423573,-0.0611708735232581,0.0330837160158021,0.0182061547921242,0.0244175620060638,0.0021761504518876,0.9876664194269594,1.2324508866870982,-0.9380701634499388,0.9818751480973114,0.9009818345775376
2020-07-14,0.8961210653913723,0.8767550122795377,1.2028090388598291,101.25,ST/MT Ratio (Expanding EWM),JPM,0.1317991795321375,-0.0549639853259107,0.0168158308561505,-0.0299282979986646,0.0449344271951372,0.0007501796604106,0.9662845236599392,1.191326204197494,2.195087316458514,1.183556928338102,1.1434018451883146
2020-10-13,0.7472655008316726,1.1310145217903764,1.135099391590672,102.47,ST/MT Ratio (Expanding EWM),JPM,0.0546841813603857,0.0036829731331483,-0.015386819295314,0.0224006978460868,-0.0171292937935719,0.0017347624595297,0.9018507466611582,1.2696591796546797,2.1012630155215044,1.0723285449009434,1.1782560862875744
2021-01-15,0.9014775032366672,1.112986448349618,1.097291259055576,120.67,ST/MT Ratio (Expanding EWM),JPM,0.2141186253394993,0.0110902875602518,0.0572593267782853,-0.0220554254731681,0.029921203616442,0.002033719054901,1.1697265420029717,1.1849576113891689,0.473498030338936,1.1139084606867289,0.9161112650941552
2021-04-14,0.7689502203103453,1.0480438743353824,1.109014906190542,155.37,ST/MT Ratio (Expanding EWM),JPM,0.1071669671635222,-0.0296510818786543,-0.0318091049526944,-0.0158108809338258,-0.0512419354431425,0.0022685935810442,0.9545662247322324,1.0625292127382318,-0.3326470623166613,0.9069256441655312,0.9533524946550972
2021-07-13,1.0232958486799848,1.104822520427196,1.1704063785471628,157.57,ST/MT Ratio (Expanding EWM),JPM,0.2453045913771993,0.024350736057208,0.0315746252083,-0.0336696297653919,-0.0268547350273072,0.0008851778126475,1.061848598318822,1.220915526545475,2.9528139709078967,1.0039090509325483,1.1397516889044408
2021-10-13,1.1469271353388344,1.041899922911054,1.5768711976221832,159.86,ST/MT Ratio (Expanding EWM),JPM,0.1239020066637581,-0.0561532021794136,0.0340174695412893,-0.0095350536721409,-0.0209694614046693,0.0031969109487613,1.174857986726049,0.966816712535261,1.870582345370971,1.1264936199447488,0.9355902143477354
2022-01-14,1.406535043672994,1.041240038170892,1.350774434153498,157.94,ST/MT Ratio (Expanding EWM),JPM,0.0672310148639101,-0.000312792952656,-0.0161186062722993,0.0273828114619494,-0.030812717236018,0.001403105215268,1.144499754073226,1.2252420188443376,-0.8663879736902622,0.9273253244640156,0.919650757556741
2022-04-13,1.1636925865409025,0.943384246732932,1.436325180411542,130.17,ST/MT Ratio (Expanding EWM),JPM,0.2187197962141169,-0.0403855669916859,0.0457739590019298,0.0158907022110989,-0.0365897097446895,0.0003255305395467,0.9338974127197448,1.1037155962719705,1.1293909118185153,0.9803000279308328,1.2646387546241098
2022-07-14,1.1867817533596463,0.9640316168513604,1.4146494803759306,114.06,ST/MT Ratio (Expanding EWM),JPM,0.1197308745732583,-0.0208142637730755,-0.0035013954379685,0.0274605528007008,0.0133249728034449,0.0018909765800365,0.9473051159487652,0.9182200623861412,0.2009084461655454,1.0593328267632467,1.0632887290352928
2022-10-14,1.312843335094273,1.046754220743288,1.415400740889642,116.12,ST/MT Ratio (Expanding EWM),JPM,0.175669740574524,0.0036589534960744,0.0126608088783957,0.0160535636483483,-0.0023516924431965,0.0020343753090264,0.9095370076397036,0.952529299905727,2.276658000384919,1.1988435726372575,1.0318168534095529
2023-01-13,1.0387115544521597,1.2149338004675982,1.133738683443302,133.41,ST/MT Ratio (Expanding EWM),JPM,0.0506432996898631,-0.0281144677849383,0.0118096551631366,-0.0245917457132592,0.0124851349401277,0.0021605894331717,0.9526484176706416,1.147215009870783,1.8737658989421653,1.0176088604410771,1.261971806792726
2023-04-14,1.344552500579984,0.8941427419736918,1.5641711908623,128.26,ST/MT Ratio (Expanding EWM),JPM,0.1181839905493819,-0.0114594440480438,-2.92622441164339e-05,-0.0052697306081889,0.0202618171530378,0.003362132403685,1.0240015956915671,1.0801560305623723,1.5866910126396203,1.185841154474752,1.2178209177686825
2023-07-14,0.937467404277462,1.146827040865,1.3760555660647331,141.49,ST/MT Ratio (Expanding EWM),JPM,0.1952116451305182,0.0372202483225054,0.0283242481947934,-0.0165049782279365,0.0096404248293133,0.0017635511632641,0.8160052522140497,1.032923964295984,0.8821787398048908,0.9943552716627316,1.1800750243321827
2023-10-13,,1.126055886045107,1.351646481110859,160.0,ST/MT Ratio (Expanding EWM),JPM,0.2144452914485182,-0.0181912154333102,0.0278046616165663,0.036264372600976,0.0194440794037593,0.0018803803756312,1.1305076599450323,1.1925380380741086,2.957333147313101,0.9817642943679088,1.249995798009769
2015-01-15,1.241847148233526,1.0427555793488943,1.2562628236839757,16.72,ST/MT Ratio (Expanding EWM),BAC,0.0932929732432794,0.0312492239222799,-0.0484559591971454,-0.0269197161606577,0.0012616928439432,0.0008968156187669,1.1066490660697943,1.0448715030232585,1.9364981746278749,0.931222786925474,1.215733392936221
2015-04-15,0.8254882304022955,1.072596201379162,1.265906552939285,16.13,ST/MT Ratio (Expanding EWM),BAC,0.1273670264091027,-0.0375397399130166,0.0431302072863445,0.0253424422347277,-0.0266748347076436,0.0028205535028878,1.0129322410348411,1.0169160690837014,1.6231092071367206,1.0924859996143226,0.98379448908784
2015-07-15,1.2191948183017003,0.9876467736593106,1.5548224684961924,17.47,ST/MT Ratio (Expanding EWM),BAC,0.0797957757032032,0.0205431462270349,-0.0458747596410702,0.0253238467527192,0.0294453545205199,0.0021843090640781,0.8121589659246105,1.0734490347606696,1.2780474773776849,1.1629815835111794,1.2712867182590375
2015-10-14,1.1216965924332356,1.0167405014969615,1.2777848147875397,15.96,ST/MT Ratio (Expanding EWM),BAC,0.2324230822685777,0.0524549017230265,0.0349763861302497,0.0487405050429021,-0.0117278033195281,0.0015799722727058,1.0115220872627066,1.201521393507418,0.7572130893119877,1.1238246469718678,0.9819206099756668
2016-01-19,0.9645027639493,1.0909798672275264,1.2366027610069557,16.97,ST/MT Ratio (Expanding EWM),BAC,0.0512282972030001,-0.0845075575044551,0.0378011541048275,-0.0072421648157374,-0.0203899074690606,9.53253065345363e-05,0.9484258939214126,1.153691199525446,-0.9273681375716848,1.116738393101686,1.2342142005072667
2016-04-14,0.9248280217917202,1.0452726316766152,1.2629774447089084,13.57,ST/MT Ratio (Expanding EWM),BAC,0.1728848606844355,-0.0258913339414666,-0.0287289929064559,0.020808053989504,-0.0014479468951099,0.003444412195055,0.9596566644375806,1.0791769668708655,2.405128848866124,1.13269639059781,1.01525979561335
2016-07-18,0.9471167425126524,0.9642378868865518,1.334462415103027,13.4,ST/MT Ratio (Expanding EWM),BAC,0.2375704320790889,0.0221975244513189,-0.0083244286386375,0.060041295913471,-0.0198202729824128,0.0007723200355439,0.9295904426246157,1.1715512929562386,1.2527923697926449,0.9486688713289492,1.0239719636916669
2017-01-13,1.1160826693215855,1.0170300517002964,1.0410547377609496,22.67,ST/MT Ratio (Expanding EWM),BAC,0.1910596540984486,-0.0051065885115047,-0.029171140054578,-0.0124410419233424,-0.0074357595497358,0.0014087219906302,1.1599933107514615,1.1752697746889054,2.943897270742078,1.1301037589942309,1.2767897728574362
2017-04-18,0.795319437685858,1.1090165427464405,1.35400824964132,24.44,ST/MT Ratio (Expanding EWM),BAC,0.2238469298711453,0.0149901055679958,-0.002447630908662,-0.0353760061883089,0.0116013480390866,0.002358344511076,0.8864754295481901,1.2085939499267704,-0.9191299194088104,1.10122800651346,1.0877129112480963
2017-07-18,0.8893462848329602,1.061069320597847,1.2290687659600186,23.91,ST/MT Ratio (Expanding EWM),BAC,0.1140225994078608,-0.0191394815350537,-0.0052410285255722,-0.044000250847694,0.0117085434811531,0.0008034420713833,0.9387040287680276,1.2449617409172358,2.4170707706301227,0.9066905114695932,1.1438020489797724
2017-10-13,0.9999495091324456,1.037122031685444,1.4214560641278065,24.33,ST/MT Ratio (Expanding EWM),BAC,0.2419029945014037,0.0050306425615514,0.0273898159680801,0.0208178007215332,-0.0194457516606407,0.0005064902217468,0.9471328897283826,1.0662644006001798,2.328162956875104,0.9929519314583036,1.277219524255048
2018-01-17,0.8378516434426255,1.113717612068126,1.175146255271129,29.48,ST/MT Ratio (Expanding EWM),BAC,0.0843672629976293,-0.0034487032387227,0.0433092623835882,-0.0440787552014646,-0.0091926343237186,-0.0001239475827006,0.8718535305488563,1.1650889693472712,1.6884202680550588,0.9756585484283756,1.029900243586881
2018-04-16,1.296861509024038,1.1698785348218768,1.4727651537861983,32.17,ST/MT Ratio (Expanding EWM),BAC,0.1412940069619552,0.0428723721580932,0.0458705143236986,-0.006307976323448,0.029858325119256,0.0027209969529056,1.133919397031976,1.204722101981981,0.3163835212590382,1.0601869640804802,0.9246721185012382
2018-07-16,1.3066673248839689,1.0276028125851522,1.0324774606638338,29.28,ST/MT Ratio (Expanding EWM),BAC,0.1806861382385658,0.0109047295155424,-0.012865040797349,0.013932829675974,0.0154100029433485,0.0014548137552736,0.8834983529594517,1.0943282235441596,-0.6561050588831536,1.1529997064675812,1.1872024840430593
2018-10-15,1.028154299995009,1.162297331902057,1.029697881409051,30.37,ST/MT Ratio (Expanding EWM),BAC,0.1277433941934962,0.013816093172632,-0.0022766562123358,0.0076293884207478,0.0548766259837135,0.0049272700924733,1.1774534682593978,1.177386762385611,2.7616054890487423,1.0663537667072895,1.1400874444247877
2019-01-16,1.3602614351705784,1.0321609699153411,1.36410393589728,24.47,ST/MT Ratio (Expanding EWM),BAC,0.0771390897655431,-0.0124156938142863,-0.0465031457666285,0.0136361216046043,0.0325032043435381,0.0010056449343691,1.1907884218505045,1.1568516587457045,-0.8768537245570136,1.117140832989157,1.2621874768549664
2019-04-16,0.9389945415443072,1.115963356646663,1.66983764799311,29.82,ST/MT Ratio (Expanding EWM),BAC,0.0640760662914052,-0.0150662178425372,-0.0201761019948856,0.0085572463950213,0.0316073267139984,0.001078548976571,1.1182320999177306,1.1335333090501691,1.6852140523740653,1.1970575367755014,0.9362648354037354
2019-07-17,0.8704785377584198,1.0394516745852695,1.3554862233582678,27.93,ST/MT Ratio (Expanding EWM),BAC,0.1188373655547613,-0.0131395365736867,0.0329455489929237,0.0349716453328348,-0.031696713761395,0.0014346070297145,1.0668979314532958,1.0133590778282375,1.5603615863446805,1.0822870727651817,0.9613827328432648
2019-10-16,0.8392359696007374,1.0614529108182735,1.6391489806677615,30.13,ST/MT Ratio (Expanding EWM),BAC,0.0642765390226388,0.0158058249832403,0.0524674847064469,-0.0208079095184699,0.0220965087908355,0.0022431346551384,0.8826986582960957,1.1486518312172855,-0.4870802107849035,0.9795542625390968,1.234098219095201
2020-01-15,1.0526499976804715,1.2531414583290752,1.3075567982092855,34.7,ST/MT Ratio (Expanding EWM),BAC,0.1944163776923317,-0.0127344568287092,-0.0330304661563976,-0.0139248784614632,0.0016723299575772,0.0015297966612146,0.9308366024006556,1.0952240625078653,2.764561340583361,0.968144726651084,1.0558504069432042
2020-07-16,0.915385391295374,0.8959481414654499,1.1245121790753654,25.8,ST/MT Ratio (Expanding EWM),BAC,0.0542408473852784,0.0121421199913744,-0.0137739277745868,-0.0163164861317706,-0.0107745450884562,0.0026123322140025,1.0425831102174183,1.202135571801589,2.6066135468508205,1.1746418962720544,1.2106560297490492
2020-10-14,1.1451968962596224,1.0617972260697857,1.2105544108383957,25.75,ST/MT Ratio (Expanding EWM),BAC,0.1973837741569573,0.0746390279525903,0.0032078272912321,0.0237547952965652,0.0072003835133132,0.0010214116100113,0.8913323346373242,0.9099237320170264,0.5350957214224952,0.942464655296347,1.1841550589753194
2021-01-19,0.9594333124601612,1.086484861619587,1.0231805617863707,29.74,ST/MT Ratio (Expanding EWM),BAC,0.0634107049962654,0.0324893646201092,0.0124048347645881,0.0255099647098765,0.026630288365287,0.0006184082815364,1.0644522347302867,0.917588656648582,2.3463751165238045,0.9746229798873548,1.0728908301964168
2021-04-15,1.038860867589515,1.0796796370378654,1.0991150492695396,37.64,ST/MT Ratio (Expanding EWM),BAC,0.1058410662411963,-0.0094108236258744,-0.0202881055976493,0.0142806329829627,0.0155207897751052,0.0002017852605908,1.067173494182297,1.0717675147409014,0.7651512111997736,0.9196883986007222,1.0605774197040017
2021-07-14,1.066042195477468,1.0305746314136592,1.1447720834406383,41.36,ST/MT Ratio (Expanding EWM),BAC,0.2475690472030512,0.044042487275738,0.0167218313339226,0.0325873416722482,-0.0189618450335514,-0.0002235741679371,1.1059391572879933,1.266070534874639,0.6539885482534871,1.0270757480637236,1.1810508425294608
2021-10-14,1.061436056357346,1.0489775531079852,1.3235121840615218,39.84,ST/MT Ratio (Expanding EWM),BAC,0.0598653308321835,-0.0122826380557543,-0.0102151804121274,-0.0264510216844095,0.0215614728398155,0.0014819309805249,1.1771088004421106,1.006824376095744,0.7605768261517474,1.1387919730656904,1.1438774277496155
2022-01-19,0.9906911816558008,0.9970307669741704,1.3155591872877794,43.16,ST/MT Ratio (Expanding EWM),BAC,0.0749351411043875,-0.0693343587312248,0.0035664318736516,0.0446806027887784,-0.012939688551899,0.0016990196876067,0.844234537585582,1.1510930942249062,-0.2530148616106924,1.0530647802235211,1.1116413070641755
2022-04-18,1.0306355679397672,1.0437082190966231,1.4036993590152969,42.9,ST/MT Ratio (Expanding EWM),BAC,0.0683584045758812,-0.0332830208821091,0.0203885274401109,0.0410809655428064,0.0084170779741071,0.0013685629725168,1.150481344889994,1.0849977096049752,0.1177696889435768,0.9692899044648094,1.2497007506737343
2022-07-18,1.20229025230541,1.0415737717583613,1.3055657922655142,31.92,ST/MT Ratio (Expanding EWM),BAC,0.0552243523684589,-0.0634777172359049,0.0041926680943281,0.0213905499311436,-0.0045837516869283,0.0032434057971871,0.8684043417672914,1.0703474243532576,-0.251307540292212,1.1319912120343123,1.0897490559898475
2022-10-17,1.2811556065361145,1.045811496843948,1.432863210452939,34.12,ST/MT Ratio (Expanding EWM),BAC,0.0686683230632613,-0.0103029719414458,-0.009091576715797,0.0475449727192765,-0.0024716562933906,0.0032280302096081,0.9404574762227248,1.0444398562505868,2.4088568268919177,1.0661321862883315,1.1871471404525056
2023-01-13,0.9809532932028012,1.2139942345972938,1.2029603106561095,32.28,ST/MT Ratio (Expanding EWM),BAC,0.1505200379025117,0.0026446432716343,0.000711705882225,-0.0384155801919443,0.0221560743760127,0.0016651970125554,1.1588154065002738,1.2606966704162568,0.3140362173514526,1.1857353789439156,0.9099503528058422
2023-04-18,1.0329480802181157,0.992968368257956,1.442800960972694,27.75,ST/MT Ratio (Expanding EWM),BAC,0.0619618721941539,0.0606753059296349,0.0013491112238399,-0.0101112034065662,-0.0230048429953974,0.000206078886808,0.9507342244064664,1.2583195430035368,0.0985475192679317,0.9819244350963956,1.0210489140327554
2023-07-18,1.1098208805443222,1.104369222396778,1.3732986499891435,29.19,ST/MT Ratio (Expanding EWM),BAC,0.1957944008105393,0.0134424580817456,-0.0071003308964638,-0.0153825865170488,0.0516298768569233,0.0014332948919449,1.0449253539387688,1.0753331102457415,1.9069393454133703,1.1684731927693996,1.1696797499771443
2015-01-14,0.9372158967630734,1.0741686408900446,1.8839563328200248,53.19,ST/MT Ratio (Expanding EWM),WFC,0.2224042218533563,-0.0056685185083102,-0.003763881880013,0.0210369830939335,-0.0425271517323624,0.0014001786060829,0.8817866880790303,1.273072760944201,0.057971493389914,0.9449682885984476,0.9359869115443844
2015-04-14,0.9419966536311508,1.072925960831825,1.0600051193047737,55.73,ST/MT Ratio (Expanding EWM),WFC,0.1790339034702454,0.0310291953414221,0.0519594151151415,-0.0232535184900536,-0.0119416920813714,0.0013428650377219,1.0253534962664663,0.9455049849922608,-0.444896463549477,0.990009144178649,1.0126612038737857
2015-07-14,0.9741966470613964,1.0768014273222344,1.2925243207972474,56.98,ST/MT Ratio (Expanding EWM),WFC,0.1765287122897513,-0.0753897358152759,0.0208275834382371,0.0219373787334371,0.0122552972485435,0.0013022810961017,1.041695804132857,1.2266981117890727,2.0453986248115696,0.978745336414943,0.998124199194392
2015-10-14,0.9126667350925736,0.9628109659389922,1.299913574745883,52.77,ST/MT Ratio (Expanding EWM),WFC,0.2119910266609418,0.0102465095337998,-0.0048644095408748,0.0372634035999178,0.0176078541608827,0.0013465371042751,1.186316612042787,0.903294496636784,2.518882132240863,0.9599185557367216,1.2789137292359072
2016-01-15,1.1884832883531324,1.0789672579267229,1.1029270466350105,55.85,ST/MT Ratio (Expanding EWM),WFC,0.10641410138326,0.0289802817860438,0.024908632135322,0.0203800725020999,0.0004881069857073,0.0016134583841022,0.936922913931008,1.076140709557301,1.828482455777524,1.076300715441978,1.0271757318827293
2016-04-14,0.9764101200270074,1.0994345419646978,1.2924003870517855,49.98,ST/MT Ratio (Expanding EWM),WFC,0.2431418305653224,-0.0497505186022944,-0.0060145846926802,0.0100937755915375,0.0015652324249614,0.0013644589011844,1.0215323663471294,1.1922827537451546,-0.8306602163900316,0.9033597915767112,1.0832267756291565
2016-07-15,1.1713961936222848,0.9340571103171816,1.7270510794418883,46.78,ST/MT Ratio (Expanding EWM),WFC,0.1305319513813518,0.0420313915122425,0.0391937391275992,-0.0216968335225187,0.0132637521331904,0.0022083225086255,0.8527346471214057,1.1657377165858858,-0.1437901750902632,1.0298553320387014,0.9790683747497076
2016-10-14,0.8659659720373659,0.9743197065227016,2.0848306877220364,46.52,ST/MT Ratio (Expanding EWM),WFC,0.1897340474963081,0.0138473742623044,0.0150892657659428,-0.0181712741531341,-0.002776736936442,0.0023603687159048,1.0193934342996498,0.9464213837538276,-0.907572588850079,0.9153394914320092,1.281703376606124
2017-01-13,0.8765117879912427,1.0237999920808565,1.2169305982029015,54.7,ST/MT Ratio (Expanding EWM),WFC,0.1561184980947834,-0.012535076986528,0.0007809356798731,0.0342404726324166,0.0378295314483726,0.0010893549128175,0.8569144874443744,1.183391301254734,-0.728295183108695,0.9324481056705548,1.1035505005637338
2017-07-14,0.9615532318780804,1.012603134170025,1.344900174324902,54.53,ST/MT Ratio (Expanding EWM),WFC,0.066293835295805,0.0241473653137199,0.0174315077743083,0.0224837250976333,0.02398372785579,0.003271065326007,0.9859483720617376,1.280632123775948,2.7793418120829494,1.1338825927627394,1.14084073205094
2018-01-12,0.9693277917867889,1.1066570649926997,1.2644732442942863,59.4,ST/MT Ratio (Expanding EWM),WFC,0.0735570787083488,0.0814742500231538,-0.0431262845620549,0.0020245120155613,0.0248206087751408,0.0010199376981593,0.9819841269572044,1.0424714137313684,2.7883501879022217,1.0808726434274056,1.1316290110743978
2018-04-13,1.0645545085547978,1.067953995943929,1.5212324393358876,56.63,ST/MT Ratio (Expanding EWM),WFC,0.1210036118841054,0.0083653189270473,-0.0298030240672941,-0.0074477386441472,-0.0211539180842604,0.0003821993861846,0.892760448707566,0.9186791271540452,2.7807543190381776,0.9941205776533962,1.0770356093297837
2018-07-13,1.21115966807648,1.0864764723167757,1.2275529522877036,55.16,ST/MT Ratio (Expanding EWM),WFC,0.1975507371072222,0.0106877205205117,-0.0318177501919716,-0.0476451968277844,0.0010152893898574,0.002380778071365,0.8458559774342828,1.2347697319637168,-0.8894726685762775,1.1501972286297288,0.9561140051151868
2018-10-12,1.1641437640566994,1.0548833610968755,1.3010226930001738,55.94,ST/MT Ratio (Expanding EWM),WFC,0.2237237415398343,-0.0140776314839085,0.0082882928429112,-0.0237713104671109,-0.0045116487180175,0.0011825918655856,1.1546256450524608,1.191909054934463,-0.3413189499707796,1.0697453978578404,1.0250625257420878
2019-01-15,1.1814115184689864,1.0768993639281708,1.5663240813094166,46.61,ST/MT Ratio (Expanding EWM),WFC,0.1150871012837811,-0.0277445529312677,0.0559754499845527,0.050785477178493,-0.0221400343922366,0.0023212914707573,0.8712932395646334,1.2436728797644434,0.6140910660289176,1.0195631143096149,0.967954669922648
2019-04-12,1.2035258162863407,1.0999835210878244,1.5172611078690512,49.92,ST/MT Ratio (Expanding EWM),WFC,0.0794556569075702,0.0310617535790485,0.0709390043857789,-0.0290113892750616,0.0120041045986441,-0.0004036686011005,0.9532262704343116,1.24864673853154,0.4525148419585436,1.1854810687499364,1.278523559683355
2019-07-16,1.143024729305017,1.058727819019142,1.1108887983469629,45.27,ST/MT Ratio (Expanding EWM),WFC,0.1175420017629589,-0.0279629339068103,0.0231415330432227,0.007736995530527,-0.0104411439444954,0.003392455941483,0.8579594637229384,0.970924501409058,2.450696281327557,1.0178282756774155,0.9017495929132038
2019-10-15,0.8403212748017483,1.0905895014801077,1.7169742708411166,48.98,ST/MT Ratio (Expanding EWM),WFC,0.160669877686074,0.0045048183026787,0.0190253342483337,0.0281860993298799,0.0193850957462559,0.0026722934080404,0.9095487278821484,1.139051597278224,2.197063863839872,0.940016585127978,0.944216545766694
2020-01-14,1.3946225675569828,1.213376044419482,1.5864441264203322,54.22,ST/MT Ratio (Expanding EWM),WFC,0.2342099023420576,-0.014718010636779,-0.0500317320245821,-0.0283730667000573,-0.0237547890723582,0.0004995234508369,1.1688370614289323,1.200459347129033,1.3591184031123138,1.1307560369987784,1.0715417445226554
2020-04-14,1.3548381798797084,0.781883248094289,1.716102918619586,26.5,ST/MT Ratio (Expanding EWM),WFC,0.1357877248756486,0.0187642939011237,-0.0122802139920206,0.007617761869527,0.0459760153210455,0.0005212228761537,1.1033822989236506,1.0487211965098144,-0.0236217100295905,1.1187040263878905,1.0678689168629074
2020-07-14,0.9992279818693456,0.8742977316797464,1.0947201796097523,28.21,ST/MT Ratio (Expanding EWM),WFC,0.1473076181672366,0.0136781736850431,-0.0196335125572471,0.0264478884377663,-0.0194083164648015,0.0036722659040975,1.192550841730478,1.0397940729232404,2.6869096821242637,1.1798887645701237,0.9967411788258984
2020-10-14,0.9974435131073516,1.1076734921171891,1.1235837627970249,24.81,ST/MT Ratio (Expanding EWM),WFC,0.12323905841367,0.0383138980490264,-0.0146254279475334,0.0033124830476812,0.0084825584300109,0.001262620096502,1.1192884726352053,1.073229802057826,2.670098908921392,1.0350372817905715,1.1977214869349464
2021-01-15,1.2006405617703697,1.1179737382817967,0.9571095750066582,29.65,ST/MT Ratio (Expanding EWM),WFC,0.0519299410658155,-0.0158505739599161,-0.0010443145575436,0.0747100763916692,0.0227964827597016,0.0011658151512673,0.9867869636655192,0.9911203022851424,-0.2025994842212548,1.0276293582769036,1.202197862805686
2021-04-14,1.104686351399086,1.113357080481121,1.06606459392859,39.7,ST/MT Ratio (Expanding EWM),WFC,0.1016883051259512,-0.0074456227352679,-0.0101627173309138,-0.0387149814719548,-0.0112660107550028,-0.0002660520941492,1.0420285940723066,1.1754517159602174,0.1293054029277698,1.0444306037872817,0.9177581059877308
2021-07-14,1.097413245565,1.08341476200347,1.1019188269115936,45.15,ST/MT Ratio (Expanding EWM),WFC,0.0511951572497134,-0.0322567300523807,-0.0553789943112736,0.0294682132470969,0.0243117160858237,0.0016492217943984,1.1270129663832482,1.29595686489595,0.6275162504986835,0.903289095939463,0.967917055820379
2021-10-14,1.297581494290857,1.0689915379017438,1.4774094755407272,46.05,ST/MT Ratio (Expanding EWM),WFC,0.1577880882947684,-0.0135502641026639,0.026437307683526,-0.0013200434349116,-0.0277295899450104,0.0017722803851642,1.0610107511001676,1.1448317272815438,2.151458878342176,0.9761652032883203,1.2054527662188537
2022-04-14,1.0049291703613183,0.9616381469286652,1.303692943792916,50.11,ST/MT Ratio (Expanding EWM),WFC,0.1789805853479947,0.0152055172565698,-0.0281822907721941,0.0222980038709168,0.039302942479564,0.0027154930967694,1.075193608609468,1.0291257990855374,1.181952592227848,0.944182142549498,1.081025801374233
2022-07-15,1.036696565164699,0.9970658071832156,1.328479222531987,38.17,ST/MT Ratio (Expanding EWM),WFC,0.0964604559955902,0.0284946015825873,0.0111774059233344,0.0140326787924811,0.0033537316241439,0.0006009215718155,1.1524789358222562,1.0684765519301564,2.358266825901688,1.0770760095779084,0.9767506852409428
2022-10-14,1.276548019081997,1.0508170535418688,1.35848544898129,43.28,ST/MT Ratio (Expanding EWM),WFC,0.2158554804709786,-0.0302757863462168,0.0662224800924992,-0.0153289049277499,-0.011910285199222,0.0004797132077593,1.0324424978791586,1.1023933316628254,0.594565340785536,0.9358891318548213,1.066683465538892
2023-01-13,0.9587211935817256,1.2284468665318908,1.2812801593972791,42.18,ST/MT Ratio (Expanding EWM),WFC,0.2279600375682289,0.0324362072036981,-0.0235815377475927,0.0087249098114835,-0.0044795443106858,0.0024509626347764,0.8291049504958509,0.9395076205595004,0.6636661317308641,0.9916144445905392,1.2702177303448894
2023-07-14,0.8345894209408818,1.056211005389617,1.2923533324183654,42.08,ST/MT Ratio (Expanding EWM),WFC,0.1372091600277701,0.0494473250581732,-0.0719086256823898,-0.0434475362849571,0.0232229817348179,0.003006730071227,0.9502823221521082,1.20314324882884,1.120990105464971,1.1112257005927006,1.0040463932061596
2023-10-13,,1.0720590600662638,1.3381189369543511,160.0,ST/MT Ratio (Expanding EWM),WFC,0.1466847380904841,0.0164702216128295,-0.0045801266564033,0.0180811875142848,-0.0116113822962609,0.0004288476488821,1.1767619891353316,1.1120353987657696,2.3252962851409986,1.009513708042834,0.94008453962021
2015-01-16,1.1659118604936989,1.0981419475898828,1.415970093009712,185.03,ST/MT Ratio (Expanding EWM),GS,0.0985560556638907,0.0676878534395323,0.0370287890499571,0.0104539616497631,-0.0157339422355694,0.0030815140862997,1.0694846590883396,0.9031038593349698,0.9011719062620333,0.9578405707999378,1.1509502017741449
2015-04-16,0.9587369696142192,1.045270804746652,1.59773714855778,190.57,ST/MT Ratio (Expanding EWM),GS,0.1977820375391634,-0.025082621968625,0.0627504236266178,0.0189665042160775,-0.0025384149395934,0.0020375418414868,1.1917679492551407,1.0857611625282584,2.269993026102666,1.0523352560853363,1.0983360124416095
2015-07-16,1.0965981526243804,1.0911303549658804,1.2137720374245378,213.56,ST/MT Ratio (Expanding EWM),GS,0.2141738488633752,-0.0415629146158996,-0.0328864878335725,0.0294529581271787,-0.0264240528192492,0.0030918053390746,1.172169397271511,1.2559863474986726,2.1432018607518977,0.9888767259950352,1.1180033662895763
2015-10-15,1.102770464562367,0.9690599079732456,1.3190774567557852,187.45,ST/MT Ratio (Expanding EWM),GS,0.2252261869316633,-0.0602552087116497,0.0189009766970956,0.0121904960052427,0.0485135976985453,0.0019297796384823,0.889558893322274,1.077566679218616,0.9368522630391624,1.1494920120507992,1.2584113461299973
2016-01-20,1.1165330273710712,0.997832961648473,1.2270348072168196,177.75,ST/MT Ratio (Expanding EWM),GS,0.2307918171175977,0.0543615509021214,-0.0099593137034016,0.0067022354949569,-0.011159864780368,-0.0005222779174879,0.9658480249585912,0.9070817780292948,2.4470953591574185,0.9522836035504082,1.1487527855561577
2016-04-19,1.0923296837226155,1.0803712956055591,1.4927352919049053,156.29,ST/MT Ratio (Expanding EWM),GS,0.0827524221439763,0.024902797972392,0.0008215493708759,-0.0190267084165323,0.02379041965451,0.0018480326176839,0.8099883601736525,1.0598025901042258,2.943841208461399,0.930208080331141,1.069477260799857
2016-07-19,0.964983107760698,0.9698049704980444,1.8394595782073817,147.75,ST/MT Ratio (Expanding EWM),GS,0.2443117660074862,5.453651813407247e-05,0.083330300410511,-0.0148055190912262,0.0082367520911943,0.0030601438186712,0.9228599800759808,1.2620352493553058,2.4773604316294207,0.9713096280918686,0.9324751148201724
2016-10-18,1.0435426366733822,1.0627593248164666,1.8830468818332895,166.21,ST/MT Ratio (Expanding EWM),GS,0.1780642627408002,0.0117989019211937,-0.0410891098518545,0.0326683655044332,-0.0216133512620492,0.0011062539809162,1.050855357624447,1.034547484753484,1.6883375624242525,0.9096359268203444,0.9533596940709956
2017-01-18,0.8777991697020272,1.1007584526298773,1.2830411765917564,239.07,ST/MT Ratio (Expanding EWM),GS,0.141941469349368,-0.0373921166554431,0.0116121898448372,0.0389083851426494,0.0028511322696817,0.0016120350310925,1.0745488931090574,0.9849482621209992,2.4303507030496063,0.9175772663130406,0.98619279311423
2017-04-18,1.3144227588218096,1.05691980310114,1.4111990457183492,242.14,ST/MT Ratio (Expanding EWM),GS,0.1037099204831504,0.0876013192865889,0.0180307951529629,-0.0029527609078013,0.0226000694827687,0.001823866496449,1.1994240993940275,1.073230441034717,1.811862654178574,0.954798914657104,1.1439474939942151
2017-07-18,0.9948196827482424,1.1330975644103147,1.5829977077222646,226.13,ST/MT Ratio (Expanding EWM),GS,0.1545234628100679,0.0065227413691329,0.0365735897481804,0.0041500686813318,-0.0017065333771576,-0.0008995138798684,1.0904424273477673,1.0257906543466042,2.315588447903511,1.081025273541685,1.055649203846012
2017-10-17,1.3364518159361702,1.1287407024894138,1.5116241012161071,227.53,ST/MT Ratio (Expanding EWM),GS,0.1228552397524624,0.0058288178111712,0.0069394946041268,-0.0196153593748441,0.0328278236462757,0.0036713475754374,1.0230569573372634,1.1307043389743698,-0.3378588292245359,1.0208197109600898,1.0373722352077972
2018-01-17,1.197990813320558,1.1055177772809437,1.1225776957869098,260.02,ST/MT Ratio (Expanding EWM),GS,0.1008209593440534,0.0274018318364542,0.013241516185123,0.0323189211316861,0.0285378848195465,0.0010986243201028,0.9603610890316504,1.2044442353941032,0.9301536298666906,1.1820948459717793,1.0174705653433744
2018-04-17,1.1455229179339257,1.0404852808823315,1.3309522056116063,262.53,ST/MT Ratio (Expanding EWM),GS,0.1755535202592233,0.0188353231107849,-0.0077494570226537,0.0196354205922944,0.0259728713664582,0.0025057354324727,0.9662814313139716,1.2147827241916167,1.184098373283001,1.0641084439273345,0.9213360652020736
2018-07-17,1.1591392300422971,1.0781985577345292,1.0387985666957662,231.39,ST/MT Ratio (Expanding EWM),GS,0.1145364619137436,0.0098359408497695,0.0120738082373532,0.0515304359115937,-0.0084914193068249,0.0019132988638517,0.9594398650873824,1.008293492968693,2.9973404913244615,0.9925065211896932,1.2537986139175454
2018-10-16,1.19418949200657,1.0956778777104004,1.1686343278666929,227.89,ST/MT Ratio (Expanding EWM),GS,0.2484410939335362,-0.0256666059405859,-0.0062957682649223,-0.0189580769294934,-0.0239960611945371,0.0032576190563593,1.070493494016191,1.0363665636768362,1.1741375134964946,1.1521607639847582,1.2533473192123648
2019-01-16,1.4297528833308728,1.0223236275283656,1.346813764980563,168.01,ST/MT Ratio (Expanding EWM),GS,0.2322395159784221,0.0185013924997598,0.0226471566956815,-0.0064501974754554,-0.0123396901340698,0.002406056122428,0.8641575500024581,1.0358292564832678,0.3408927208542867,0.9126134388227836,1.1392951039407586
2019-04-15,1.2579357274991618,1.1258632996837232,1.292621114533744,198.26,ST/MT Ratio (Expanding EWM),GS,0.1423267460326759,0.0678708573766261,-0.007088310081309,0.0087861480631393,0.007906023516668,0.001765075728479,1.1419280211968752,1.052629755130207,1.960143779936708,1.088310124080222,1.0502594941972003
2019-07-16,1.085040598472138,1.06801515847711,1.4080024913098734,190.83,ST/MT Ratio (Expanding EWM),GS,0.1356294941597451,0.0490897016154242,0.0153130118170655,0.0191622384431442,0.0166446678383088,0.0011064849074807,0.8564239197969189,1.183729541110387,2.418260675764962,1.1057563477204475,0.9071513936139272
2019-10-15,0.9307325253972965,1.0841973193684302,1.757619028191424,217.22,ST/MT Ratio (Expanding EWM),GS,0.2221733211961845,0.0577615319323789,0.0031221155894506,-0.0023916909386908,-0.0512892851190111,0.0027978507013821,0.8864931577563965,0.9277919939534128,1.281544398304907,1.1269433036521237,0.9442316748274638
2020-01-15,0.8865940321564206,1.2186371182092857,1.5513014813567454,228.04,ST/MT Ratio (Expanding EWM),GS,0.0885762995183668,-0.0158925486750914,0.037781507523165,-0.0188240272613425,0.0027971699597062,0.0001265586960453,1.135335128237354,1.1222035913581934,1.7598760485668996,1.1914205545825938,0.933472395299079
2020-04-15,1.0277726716647455,0.8122008078538601,1.3439677251890263,154.66,ST/MT Ratio (Expanding EWM),GS,0.0826587025250438,-0.0326361687090503,0.0024581882923454,0.0250351882230892,0.0069522306330796,0.0026458904202758,1.1604896091911157,0.9504410783949636,0.571835226546729,1.1554316088993342,1.2625016946951473
2020-07-15,0.9072784942117132,0.9081607082168472,1.177708594376331,206.31,ST/MT Ratio (Expanding EWM),GS,0.1847878858640906,-0.0024025422034876,-0.0491909740462064,0.0210283840636395,-0.0039386064078887,0.0009009552484451,1.002548669418058,1.13764185531017,1.8325893383942289,1.149827600535814,0.9486044678150664
2020-10-14,0.8809866507848415,1.0665883993177183,1.2153535451551667,201.34,ST/MT Ratio (Expanding EWM),GS,0.2403611501591944,0.0039503719301043,0.0418576450214197,-0.0199068525140931,0.0352818459753969,0.0032522836619566,1.124027723291691,1.0925104602046467,0.802493700432676,1.0271699255990994,1.103684634098417
2021-01-19,1.1336874434731978,1.0637233307032967,0.9718359857274488,256.98,ST/MT Ratio (Expanding EWM),GS,0.0792834254800633,0.0402967031464832,-0.0231719690258785,0.0368860700276373,0.0135445018562717,0.0021612995426626,1.1780202213578417,1.1192815091168606,2.812710153052557,0.9540870391846922,1.1896543915330533
2021-04-14,0.9231471501302768,1.0250763871845665,1.1057986356151497,346.05,ST/MT Ratio (Expanding EWM),GS,0.1227110047501056,-0.0572362620400186,-0.0156129901594645,0.032254967729915,0.0357547977020224,0.0026441237678501,1.124895815443499,1.1716515325339447,1.4276891209061615,1.0694438343258548,1.2443721930314784
2021-07-13,1.0393749195310693,1.0231367465826773,1.287092949323802,372.92,ST/MT Ratio (Expanding EWM),GS,0.1670602803251623,0.0555342611811214,-0.0138698388213047,0.0063574124311948,-0.0023990130087558,0.0020819888138247,1.1286586388658,0.9489154884722398,2.3943506281235125,1.0242205858321327,1.0014787319983245
2021-10-15,1.166960499458833,1.0816082891692749,1.4916626611488215,401.95,ST/MT Ratio (Expanding EWM),GS,0.1012593773502014,-0.0035302764502646,0.0452331427951245,0.0049899465594009,0.0264369373126731,0.000247622904859,1.1479074272055705,1.0728099198534966,2.2334587607072667,0.9790210835867532,0.9015717285688872
2022-01-18,1.2761626737993594,1.0201012865868109,1.3528608616952125,371.61,ST/MT Ratio (Expanding EWM),GS,0.1357073940206729,-0.0129408374481597,-0.0600702264193608,0.0168514442778976,0.0438766598631879,0.0011392708366046,0.9981836771611776,0.9400913026571536,2.017503822099638,0.9828225408208232,1.0774582586413914
2022-04-14,1.075809815041543,0.969776912081516,1.4183670944881672,329.16,ST/MT Ratio (Expanding EWM),GS,0.2028856408821137,-0.0334236531341058,0.0981324560097998,-0.0185425767564064,0.0357923362318165,0.0026723893376113,0.8348134260366218,1.014663699378901,2.125960973034288,0.9454763735706958,1.158863824450783
2022-07-18,1.2508141617823954,1.0331513281853997,1.37066268614026,279.79,ST/MT Ratio (Expanding EWM),GS,0.0619143872131812,-0.0559199835153019,0.0356817042719815,0.003750786979102,-0.0243035398357183,0.0021666558173598,1.1669703411218004,1.171934703903088,2.2440867571689074,0.9326914887911748,1.0002927304008218
2022-10-18,0.9795975057809436,1.0614308130000465,1.5754717319880072,328.66,ST/MT Ratio (Expanding EWM),GS,0.1507491919207874,0.030810970438667,0.0106971674238747,-0.0508095886152295,-0.0033419019385595,0.0031809899053056,1.1578155408962365,1.1860422454472357,1.5582153055092447,1.09913002083651,1.0656802217218575
2023-01-17,1.5537397062934526,1.2549947769786554,1.4262970164323283,344.61,ST/MT Ratio (Expanding EWM),GS,0.2384869115432379,0.0045661288515941,0.0023531799815114,0.0249113911375733,-0.0056291176362449,0.0024032745630371,0.8178226526470613,1.2137766168282915,1.7148529448614154,1.0418413392338175,1.259903846147303
2023-04-18,0.8617131841017692,1.0072444455809046,1.575737797615467,309.53,ST/MT Ratio (Expanding EWM),GS,0.1789909613202351,-0.0431486314909368,0.0125666222457297,-0.0360373305610464,0.0152313633769081,0.0010332981092973,0.9344638659940396,1.0177286976924944,2.4911853003177713,1.1390962964276956,1.105991924259338
2023-07-19,1.145268667706152,1.104853642918447,1.6263356518078715,330.72,ST/MT Ratio (Expanding EWM),GS,0.0654508502503573,-0.0433277570222265,0.0196336728513801,0.0405854957107249,0.0201588388753633,0.0012039358622793,0.85229389578314,0.986028588586021,1.6249119616352266,1.0155123713521237,1.2345892766663886
2015-01-20,0.8528206301276208,1.1459519369566065,1.0229152245142832,38.57,ST/MT Ratio (Expanding EWM),MS,0.0618822401625773,-0.0097524644751544,0.0233564675785017,-0.0052530023491612,-0.0179723168506434,0.0021029173905232,1.1799820037328816,1.2222547701099673,0.5101816919822286,1.1366059287694272,1.0405766693882734
2015-04-20,0.7961108013937807,1.073083875479894,1.7274116345331554,36.5,ST/MT Ratio (Expanding EWM),MS,0.0929082726017452,0.0604157533851287,0.0206681339801034,-0.0022916745482794,0.0046959628479234,-0.0003140440660001,0.8668400351062536,0.913357281946343,0.5428668510440802,1.1710677911091845,0.9955946351022706
2015-07-20,0.9752516943865688,1.1756362188135414,1.8505537451924976,39.37,ST/MT Ratio (Expanding EWM),MS,0.2201694553009822,-0.0070856972977261,0.0066874204376574,-0.0126933476521126,-0.0474981833039034,0.0036734418856229,0.8826052659719136,1.2879283140964162,-0.8999835485976315,1.1357346451181265,1.028547982296348
2015-10-19,1.4581221785323033,1.0385335080102631,1.699227262219224,33.03,ST/MT Ratio (Expanding EWM),MS,0.1407145665170435,-0.0506100033591337,-0.0019201526092197,-0.0042009718480519,0.0390486251450472,0.0024417467363775,0.8149951827478638,1.2671210160838335,-0.4414306791616655,1.065533785117709,1.0096216829718192
2016-01-19,1.0845439704333195,1.0559500670695938,1.1799406325227972,31.68,ST/MT Ratio (Expanding EWM),MS,0.0576480739196735,-0.006601007243008,-0.0005381985096053,0.0384632836287009,-0.0098093560169173,0.0032270345970488,0.8260771208738764,0.9199689942653516,-0.5377732046546448,0.921410104166814,1.2042232462079692
2016-04-18,1.0593927671462957,1.059576119295578,1.2587506918689242,26.28,ST/MT Ratio (Expanding EWM),MS,0.1470157507980078,-0.0075453249411684,-0.0018472484105804,-0.0591952164133769,0.0043965984961124,0.0004193960591908,0.9942264809133716,1.037156836539592,0.6734756405280287,1.178684020671787,1.264300725095259
2016-07-20,0.8343017940380809,0.986705081949257,1.5437902251396087,25.9,ST/MT Ratio (Expanding EWM),MS,0.1031229333970587,-0.092391032502955,0.0380131029060119,0.0349241346522046,-0.0047412428497015,0.0032445651603552,1.0862705920490308,1.2538729509686752,0.2785921103504991,1.0143327978024848,1.1454848727416913
2016-10-19,0.9292440995341122,1.0483204226590894,2.458281855215707,31.6,ST/MT Ratio (Expanding EWM),MS,0.152493830478653,9.96796718765726e-05,0.0218067016684258,0.0114505870275427,0.0316506893753353,0.0042314989110277,1.0494503789189056,1.0926799352049363,0.6026313937518131,1.1958540934826083,1.2284494504470898
2017-01-17,1.1101091869693007,1.1291684298910494,1.07570013860824,42.83,ST/MT Ratio (Expanding EWM),MS,0.1306060372287873,-0.0060827085573037,-0.0842116590399284,-0.0271755411964303,-0.0679376610349344,0.0006791216446226,0.973992079155218,1.1909169908958277,0.0782467730098379,0.9300507978711988,1.0409724102210962
2017-04-19,1.015758811275994,1.0822412641748986,1.3636470012091373,44.59,ST/MT Ratio (Expanding EWM),MS,0.2057629120965266,0.0263672227684696,0.0236770232958928,-0.0238828098262309,0.0025847414418522,0.0027714017949037,0.9611891200493576,0.9066148498242684,2.259168006543584,1.0077580207167545,1.1321672663120588
2017-07-19,1.0542664753775923,1.078101057832825,0.7336531050341748,45.72,ST/MT Ratio (Expanding EWM),MS,0.1888432265762499,0.066713463323087,0.0098420858415632,0.044909825680205,0.0003545310625575,0.0020011099446872,0.8295852749083824,0.9699987315002336,2.55877490131024,1.08260625836484,1.2801136200681942
2017-10-17,1.058613865145388,1.0854765105160271,1.4624348533431704,47.32,ST/MT Ratio (Expanding EWM),MS,0.169897558154495,0.0414297760341715,0.003438737306623,-0.0206376719985682,-0.008340909689792,0.0004555661517517,1.1995000137565268,1.0487440461332378,0.1952122563330984,1.157506816547729,1.2994445708149818
2018-01-18,1.2013937113354174,1.137655440861025,1.2550353783066657,52.93,ST/MT Ratio (Expanding EWM),MS,0.114787218947088,-0.007411104169419,-0.0076555535926665,-0.0258337627648989,0.0461556636408908,0.0024928839718518,1.0518564936929828,1.218056289004609,2.126983435261098,1.006601912465864,1.129708152102835
2018-04-18,1.2971800481858182,1.0462409555075418,1.1796061544099845,56.95,ST/MT Ratio (Expanding EWM),MS,0.1924419311956333,-0.0367284068059584,0.0377233815995804,0.0314328635591182,-0.0191832364713942,0.0028336032048373,1.1332227765056857,1.175245550504422,-0.915344744071847,1.00101170066926,0.9577902786378422
2018-07-18,1.043968551415761,1.0046355048248583,1.103043957049504,50.77,ST/MT Ratio (Expanding EWM),MS,0.0594033983132422,0.0920675931137451,0.0324257938636857,0.0114638219071478,0.0222949044308915,0.0013988734473311,0.8931888848312156,1.2621957909965302,-0.8524268443569274,0.9659402135885772,1.0238277408952927
2018-10-16,1.3209487897023275,1.0901035750068009,1.273441093764375,47.68,ST/MT Ratio (Expanding EWM),MS,0.0892421583130469,0.004072645190507,-0.0191863300347082,-0.0204481394134099,0.011906319717652,0.0031659165202552,1.046753628786558,1.1136406760343462,-0.1269220685864556,0.9492723201669464,0.9947192138384476
2019-01-17,1.4499090244072352,1.0222663357443948,1.3191517854702677,39.89,ST/MT Ratio (Expanding EWM),MS,0.188668017409562,0.0024875252169531,0.016211568613736,0.0084156243851154,0.0345379813133879,0.0003332365932108,1.0010118506806622,1.008471114284481,2.7904100064308888,1.0391595664286544,0.9235184066178548
2019-04-17,1.2545699399534551,1.0961192722279816,1.1856272618967338,44.03,ST/MT Ratio (Expanding EWM),MS,0.2361345472738337,0.0011556219511498,-0.0251497020362385,-0.0226438170910069,-0.0136797271194376,0.0005052438535503,1.0917065623346534,1.0315381152835958,1.6139557282329902,0.9838783111569696,1.128297496693328
2019-07-18,0.929270525092294,0.9982702723773808,1.347247576990675,43.34,ST/MT Ratio (Expanding EWM),MS,0.2039427982936416,0.0089329666268749,-0.0373885449436679,0.0305205349605651,-0.0153242224780939,0.0021365973955887,1.108861001922986,1.2712034967098216,0.0445085777323082,1.0004570852996943,1.0857065681143758
2019-10-17,0.9509358261172336,1.0645434397926192,1.3299681827481356,44.21,ST/MT Ratio (Expanding EWM),MS,0.1617562748107057,-0.0030526144173379,-0.0148015167376989,0.0295342741218283,0.0304017476869349,0.0020253852779722,1.1708699350943954,1.260554742724263,-0.6404868795974479,0.9395789477261433,1.0982036709322551
2020-01-16,1.5427312695947153,1.2643126739128163,1.5685833881849598,50.9,ST/MT Ratio (Expanding EWM),MS,0.1243550515915759,-0.0180781702408082,0.0298718041714827,0.0163001549705485,0.0136330327082527,0.0012834265115758,0.8426477091221695,1.038232349339479,-0.4064584871300893,1.0908121065395655,1.2797981726956646
2020-04-16,0.8567374166934383,0.8473386279590587,1.026242835689774,33.79,ST/MT Ratio (Expanding EWM),MS,0.1816670239862482,-0.0171400629434137,0.0325937513612826,0.0120415265311754,-0.0356234336669189,0.0028095944359718,1.1986935081177523,1.050096452998766,1.3960505484584491,1.1568802960572244,0.9469848291185536
2020-07-16,0.8765281454803868,0.9330427078718248,1.4352174196218663,48.56,ST/MT Ratio (Expanding EWM),MS,0.2441512366962834,0.00085363554244,0.0193925626029187,0.0470297031216843,-0.0104826253615817,0.0025308943142159,1.075825764420786,1.0635374646900273,-0.1754153588793436,1.0208260856242326,0.9303841147859668
2020-10-15,0.8760758675823879,1.0657346211626195,1.1363257648587393,50.39,ST/MT Ratio (Expanding EWM),MS,0.0972261472104135,-0.0170198669896817,0.0257528736054399,0.0029921581847056,0.0126595663462015,0.002858139070934,1.0781628594357222,1.001097067499381,0.245622580179512,0.9363243894724388,1.2458636455559566
2021-01-20,0.8895812129984368,1.0267165651870724,1.0739389790474,67.83,ST/MT Ratio (Expanding EWM),MS,0.1015984638838727,-0.0229496023937007,0.0194853486134487,-0.02654685313552,0.0239441055386647,0.0018768635646477,0.9973777117130954,1.1288587511145602,1.2777307323794185,1.0231479343624026,0.9770119661752558
2021-04-16,1.1297304746226935,1.0742609015854856,1.1732594169863766,83.86,ST/MT Ratio (Expanding EWM),MS,0.1989049890662946,0.0057250579692163,-0.0152444478566885,0.0142368478208076,-0.0139807663298238,0.0026025802679783,1.09805309939936,0.9508225061430696,-0.584504838884758,1.113043511278951,0.9835348081807936
2021-07-15,0.9853627871466027,1.037639280948062,1.228888888888889,90.7,ST/MT Ratio (Expanding EWM),MS,0.1352056980233663,-0.0069242026097299,0.0169576763402182,0.0551511762384278,-0.0698563997454235,0.00155434969697,0.922709100541133,1.090090986800696,0.7974052669181848,1.1125737375194995,1.1493727173773445
2021-10-14,0.9724607074259244,1.0421590811118018,1.4755054339481002,101.91,ST/MT Ratio (Expanding EWM),MS,0.1828415435424468,0.0546397546003941,0.0280122857568304,-0.0223689873296463,0.0160805796434258,0.0040538186900865,1.0577584649127465,1.185621732262183,0.1704509096938613,0.996699993540142,1.0751990991582216
2022-01-19,1.3918078528241449,1.0081661747556698,1.2420882219300011,95.37,ST/MT Ratio (Expanding EWM),MS,0.1710841005438507,-0.0907839432937554,0.0266287398944072,-0.0060365691673496,-0.0275080172485993,0.001187454229878,0.9229848692134104,1.2939751475883454,2.2562077056857186,0.9493964064768088,0.9022376623527478
2022-04-14,0.9098511165620544,0.960192390569358,1.2812283266290374,86.33,ST/MT Ratio (Expanding EWM),MS,0.0702177242373296,0.0402027398172861,0.0396674011442392,0.0134111509525363,-0.0474334699530602,0.0041052974294583,0.8171133072989072,0.99762538041717,-0.5428348566525738,1.0600014344677715,1.2431980890909435
2022-07-14,1.1032330911944517,0.9660008568674162,1.3438456031529378,74.96,ST/MT Ratio (Expanding EWM),MS,0.1964491697059088,0.045612981737417,0.0252491154160319,0.0016523787748565,-0.0678081481246035,0.0020348879470894,1.0947000883652909,0.9862436252328762,0.5971970241031435,1.0523682628593831,1.2240823398013343
2022-10-14,1.2074822946878845,1.027750555702042,1.4864017501628584,87.18,ST/MT Ratio (Expanding EWM),MS,0.2341850776195446,-0.0705686581342852,0.0145434462262474,-0.0215575895094328,0.0233495215049435,0.0006244891104312,1.1356486412424658,1.2638873247631104,1.036981002011501,1.108282423930759,0.9447201484935748
2023-01-17,1.450335984813219,1.1070010930962144,1.354163245509851,85.55,ST/MT Ratio (Expanding EWM),MS,0.0827129589256515,-0.0099940657928122,0.0361045071494928,0.0310464464057617,0.0062154362601241,0.0033680793504886,1.0261155839815927,0.999476723788454,0.7268675401064444,1.0902151524920158,1.0027943751415125
2023-04-19,0.9071393497866346,1.0167226008558985,1.5749727430475575,85.64,ST/MT Ratio (Expanding EWM),MS,0.1240696478114268,-0.0110004303098527,0.0032043622225281,0.0610010180504314,-0.0026414095178062,0.0021259013883949,0.8208740231187045,0.904093542563503,-0.9113618578219138,0.902504921254131,0.9441420226231502
2023-07-18,1.3194205992383452,1.1668077939799943,1.5332694628430352,88.09,ST/MT Ratio (Expanding EWM),MS,0.131768410994741,-0.0472629093151237,-0.0224562395368315,0.0079032864755976,0.037725609074069,0.0028511240983802,0.895795485828052,0.9884886056729196,2.947186376719587,0.991801831562683,0.9509683133437596
2015-01-15,1.063837583354204,0.9779463906429396,1.5373776649111912,51.17,ST/MT Ratio (Expanding EWM),C,0.1848471123793317,-0.0252235840656806,-0.0008920089183129,-0.0196017072434,0.0189331170755768,0.0032238559185425,1.0182250176671033,1.2431829821590037,1.712241507150701,0.9888246267406352,1.124646463916582
2015-04-16,0.9045168986440006,1.06507990373691,1.2496264663183885,53.84,ST/MT Ratio (Expanding EWM),C,0.215015095281845,-0.036870154591304,-0.0183470793441934,-0.0357240131263368,0.0434075010680479,0.002337955554145,1.0859423896801637,1.191241796947097,1.6661538211907554,1.161243127432685,1.2480421833376418
2015-07-16,1.2656983926170733,1.0926843965355246,1.1804878212170744,57.07,ST/MT Ratio (Expanding EWM),C,0.2261890986527255,0.0633294655198268,-0.0162553482492314,0.0094493995305295,-0.0318183868041749,0.0014077591551871,1.0315746237628014,1.071942547644485,1.5662811822603993,1.145463600411139,0.902260841936474
2015-10-15,1.184252920851412,0.989288644991692,1.3279447119196686,52.0,ST/MT Ratio (Expanding EWM),C,0.1338762193247335,0.0347487437601611,-0.0003355601214655,0.0305969335829064,0.0021362344011509,0.0029757133776692,1.1967988036059405,0.9731575089316796,0.8809959426399048,1.16160892045286,0.9900161596176796
2016-01-15,1.163848662703897,1.0983076626088788,1.1530251578871031,53.9,ST/MT Ratio (Expanding EWM),C,0.0689191488357783,0.0465044283247955,-0.0197725976299988,0.0148791936623845,-0.0374178343737003,0.0020007555074545,0.9907180895601532,0.9530328720724716,0.5803053015527704,0.9531406364379008,1.045451099508463
2016-04-15,0.9702087356620852,1.081627910792532,1.2993873660309456,42.23,ST/MT Ratio (Expanding EWM),C,0.0640589886595953,0.0272585222415132,-0.0052388458891712,0.0029399039770286,-0.0027345582963866,0.0026858578186084,0.9493856867170888,1.2972683158393332,2.979252117215089,0.9344358835981836,1.190387511731339
2016-07-15,0.8730852060202041,0.9297820382999435,1.3909183123186355,42.01,ST/MT Ratio (Expanding EWM),C,0.0826685489508163,-0.037516811992603,-0.0528084400086135,-0.0117317912947326,-0.0032153963441669,-0.0001537305737914,0.8206981918676405,0.9120768061348756,-0.5786644230201428,1.18964569710238,1.276345419157879
2016-10-14,0.7910785448705585,0.9741344939094864,1.4067460470571893,46.75,ST/MT Ratio (Expanding EWM),C,0.2333648428521463,-0.016358209319792,0.0103988112211881,-0.0243040908179522,0.0186653409315767,0.0024469817170098,0.8775711281122722,0.9646689342214846,-0.0378596539362119,1.0546640982225426,1.127881852814164
2017-01-18,0.8400687781567715,1.151780239027402,1.2117732552303944,59.66,ST/MT Ratio (Expanding EWM),C,0.2090939591242145,0.0191281096429771,0.0040361642608667,0.023868783158122,0.0041390970285474,0.0013614141748549,0.888637372175779,1.2026491152359782,0.238212677610603,1.176639397658823,1.1626890825826923
2017-04-13,0.7821430041371352,1.0773741667208736,0.8620384867922624,61.44,ST/MT Ratio (Expanding EWM),C,0.1392647821280813,-0.040774473311218,-0.0205126589320457,0.0258442905346396,0.0185851784569978,0.0036533096371785,0.9745404777214448,1.215964800681138,2.271658504186659,0.9871444816826832,1.035885817534434
2017-07-14,0.9330702222312102,1.0128938374725067,1.3701144887485197,64.72,ST/MT Ratio (Expanding EWM),C,0.1721597508219774,0.0269549450560335,0.0237773700529721,-0.0356432446672683,0.0205860033284723,0.002623087347889,1.1743820614914413,0.9658964153453088,-0.8313983321482632,1.0362165967828647,1.2204839600974515
2017-10-12,1.2018391374277342,1.1236982068591082,1.609849593587463,68.79,ST/MT Ratio (Expanding EWM),C,0.2324457340165556,-0.0064113889355347,0.0321271041287967,0.0427459744545171,0.0568732169345785,0.0022398577458492,1.1086672425242985,1.267812251565133,1.132802657476161,0.93001940146996,1.1354755897344064
2018-01-16,0.9135278162019098,1.1439856145590808,1.4966123040395056,75.67,ST/MT Ratio (Expanding EWM),C,0.2364201658128629,-0.0111187282642359,-0.0442267959310692,0.01735178052235,-0.0048824163821531,0.0024863099933502,1.1113582457412845,0.9373312481079306,-0.3093703956096409,0.9036871983467012,1.1374610317787242
2018-04-13,1.321790278169287,1.1277484237568671,1.0631520767364124,73.47,ST/MT Ratio (Expanding EWM),C,0.2456617882597109,0.0268835988871222,-0.0188817433569864,0.0379898661286448,-0.0205255675166594,0.0010015591471232,1.1546937567783615,1.1682653264008398,2.928160350363928,0.9189100957499284,1.2612004340605985
2018-07-13,1.3237592980085608,1.0622434122603412,1.1734500850111451,67.29,ST/MT Ratio (Expanding EWM),C,0.1982328776537701,0.0175492159020114,-0.0190742704936189,-0.0305531937121278,0.0091520903829102,0.003623256690528,1.1256273149546725,1.025696608199802,2.894106207349007,0.9863813244514246,1.2557218895312874
2018-10-12,0.8756609457603016,1.1204972354848175,1.349812508500262,70.51,ST/MT Ratio (Expanding EWM),C,0.0554807521693764,-0.0106338158036677,-0.0241970930332659,-0.0311456038853859,-0.0170570006784885,0.0039913704184169,1.1522994308296757,1.2030630466411891,1.2538818952514077,0.9360008248850664,1.1127886937985991
2019-01-14,1.196506701742435,1.0544019141677337,1.3030234773207023,55.02,ST/MT Ratio (Expanding EWM),C,0.0654422871533477,0.0425765431177486,0.0288842452579524,-0.0007242327441824,0.0400490192109134,0.0023929135105482,0.9427185022619738,1.2168868132621409,2.0325168259873796,1.1731837522117816,0.9059320649726832
2019-04-15,1.090741580019294,1.120151041717068,1.1531450150441815,65.19,ST/MT Ratio (Expanding EWM),C,0.1640260871088989,-0.0358372164659964,-0.0018147841631841,0.0155696106723798,-0.0040804509736308,0.0035904035685736,1.1236412867292185,1.2753848212498675,2.1572017964326005,0.93905833796111,0.9325116419363552
2019-07-15,0.7105982880673555,1.0508523918689208,1.685517171689334,67.48,ST/MT Ratio (Expanding EWM),C,0.1073232642806641,0.0235577462430492,-0.0039354452393183,0.047909020573174,-0.0111394091968497,0.0014308518013274,0.8083380959230804,1.1514980903312284,1.5186906074395492,1.1960741142654636,1.0592172696416384
2019-10-15,0.9880019600054264,1.017670904758765,1.6505492493592089,69.83,ST/MT Ratio (Expanding EWM),C,0.2028919395174807,0.0227585440288934,-0.0561158709322026,0.0206519728453782,-0.0087828930287779,0.001202886433775,0.9327625139589988,1.149769970873757,2.302434690030376,1.1810321848569003,1.2212496664716157
2020-01-14,1.1682807527878143,1.2067010803657312,1.029613272984401,76.91,ST/MT Ratio (Expanding EWM),C,0.0808763190541403,-0.0088341253759896,0.0230625409062767,-0.0030670319203008,0.020960435586791,0.0020409247487289,0.970669592246322,1.1539656941248255,2.425197306864468,1.047182906493522,0.9866746574821572
2020-04-15,1.2325849752087987,0.7187759665790134,1.1875381514948309,41.19,ST/MT Ratio (Expanding EWM),C,0.1056947042934364,0.0134146557784741,-0.0331777518456041,-0.0226592301916473,-0.0009436745807871,0.0024349410383678,0.8678893758991492,0.9000630978312227,1.872951979925137,0.9333291626537972,0.9975356398783762
2020-07-14,0.8898116034492204,0.9141235850551068,1.4546488469959145,52.98,ST/MT Ratio (Expanding EWM),C,0.0759390889687568,-0.0417889751734856,0.0057979789079898,0.0337500143179787,-0.0130416705032595,0.0016060133187568,0.9191505326091174,1.1241519440547074,0.591829109183077,1.1024021976069485,0.9222554637314812
2020-10-13,0.8735916008441124,1.0426210356423289,1.1548167632458517,48.15,ST/MT Ratio (Expanding EWM),C,0.0785810347013934,0.0343409456722415,0.0123213081387457,-0.0211176356437678,0.0446337979405882,0.0025377681903684,0.8495756777057758,1.0996846014133068,0.3478591513873192,0.988744008825408,0.9268112316150092
2021-01-15,1.180927353041512,1.077474503822589,1.081118970065311,59.75,ST/MT Ratio (Expanding EWM),C,0.2486069381335356,-0.0044715747755046,0.0448197578751595,0.043711713869308,-0.0184042460165437,0.0023063894820734,1.1582876698992006,1.1767274344500205,-0.5135273727214025,0.9195137873211422,1.2899490133724971
2021-04-15,0.7475615102475626,1.052311591371238,1.069348798832154,73.33,ST/MT Ratio (Expanding EWM),C,0.180730948114681,-0.0162953057181663,-0.0352646119735733,-0.0041096162401627,0.0038891518508248,0.0010016932247089,1.072469020175802,1.066982428437497,1.8069241630231392,1.1268995359440477,1.2119848809555118
2021-07-14,0.9775693615249345,0.997678303558006,1.2976183845119398,75.16,ST/MT Ratio (Expanding EWM),C,0.1900750652408639,0.0387153229042911,-0.0865853646746247,0.0427645518154462,0.0193076537902557,0.0025187930174517,0.991150922261223,1.0719531032499392,-0.9558876629243986,1.1779671345425513,1.1413231513555773
2021-10-14,0.9247272598489314,1.0322380541142555,1.3796268550790922,68.78,ST/MT Ratio (Expanding EWM),C,0.1668155222551269,-0.0226520291689965,0.0095154863426108,0.0199732822514819,-0.0377833777604268,0.0028635282425215,0.8812615748759872,1.2678413677685747,2.6597276070811855,1.1967552493098288,1.2496226252555915
2022-01-14,0.9924083408991736,1.0049701921727237,1.2009786185627402,60.24,ST/MT Ratio (Expanding EWM),C,0.1763673852961577,-0.0472961453727245,0.0580153354453256,-0.0004248872360614,0.0150065125351481,0.0021714693175903,1.1991137551280258,0.9978744752493092,2.3689983407969364,1.1469084926387294,0.9923761436882936
2022-04-14,1.12272067151815,0.9636552015742392,1.3335732675602374,55.11,ST/MT Ratio (Expanding EWM),C,0.1144764264502409,-0.0524820210733366,0.0411683905881831,-0.0099849092956531,-0.0233776918870112,0.0031526481032616,0.8393750196003964,1.29176820547104,0.1840982060824414,1.1612675371403418,0.9016508618698416
2022-07-15,1.5112411328810886,1.0203311128711654,1.2696435619309443,47.58,ST/MT Ratio (Expanding EWM),C,0.0893993768835674,0.0232103482970973,0.0102897824582387,-0.0055226969336519,0.02356956952085,0.000782596206503,0.808409922887841,1.0863485234785475,-0.0451412642597457,1.1069523850307892,1.126225730227182
2022-10-14,1.184081952272132,0.959249542812446,1.2963550069410572,48.43,ST/MT Ratio (Expanding EWM),C,0.1548954032290876,-0.0428150273373699,-0.0107490855689614,0.0137079173093809,-0.0210662752979744,0.0024679504221318,0.8309943189801966,0.9650513185262868,0.5521970802336571,0.95568121918663,1.2168889388975714
2023-04-14,1.0186983813560195,0.8655794323557957,1.3899490674732358,44.82,ST/MT Ratio (Expanding EWM),C,0.1621680379979232,0.0634177963694527,0.0282136778991193,0.0049289124054429,0.0203192257962215,0.0008297192936032,0.966428094221312,0.9373727467369998,0.9373716090884994,0.9272514543184244,0.9515749221679268
2023-07-14,1.1969117385518566,0.9462982809454624,1.3430074683920925,48.24,ST/MT Ratio (Expanding EWM),C,0.1560200908684732,-0.0708675292759302,-0.025206385991134,-0.0118452852017176,0.0306458266573678,0.0008859186417669,0.8958439328112822,1.243811082098996,2.6984501293318877,1.1478773187996207,1.033630886967139
2023-10-13,,1.1432137493141463,1.397669290764633,160.0,ST/MT Ratio (Expanding EWM),C,0.1376012134362993,0.0613759728901513,0.0182907330806865,-0.0011407852579408,0.0245359131408201,0.0013690691662622,0.9089785764435326,1.1196622763160955,1.8874126421324493,1.1980118364480523,0.9526282847515704
2015-01-21,1.372153063941716,1.2332102925828443,1.2642432191877078,45.64,ST/MT Ratio (Expanding EWM),USB,0.1822523850196526,0.0093856113520916,0.0191641047749988,0.0049644257429787,0.0092829162059525,0.0010579398164257,0.8197167996095218,1.1777423555981084,2.328903134015622,1.1539046339599268,1.1713854196308644
2015-04-15,1.0962260443574847,1.0348848005198552,1.1025509346018931,44.97,ST/MT Ratio (Expanding EWM),USB,0.2199987799045514,-0.0013849589154637,0.0358062972249663,-0.0502183523603703,-0.0027825235732424,0.0014520041812588,1.1816063216476749,1.104401905417835,2.65525919334485,1.1903436410974568,1.2388629828012432
2015-07-15,1.4240476416584211,1.050671969910389,1.2581232523356385,44.4,ST/MT Ratio (Expanding EWM),USB,0.1817670515178354,-0.0170721680383132,0.0867898011673323,0.0144542028697174,-0.0114104894083711,0.0017858496892888,0.9239034253034484,0.9784862604681182,1.1924802599272737,1.0359044251140566,1.2511033368770932
2015-10-15,1.0194256304459532,0.9956550826038644,1.213549881053481,42.0,ST/MT Ratio (Expanding EWM),USB,0.1294706357050032,0.0159697640023224,0.015772479015363,-0.0214930306179201,0.0397758672704276,0.0028371544863313,0.8400126684268615,1.0030960245246074,2.007195778074834,0.9284959934931936,1.02830576560868
2016-01-15,1.046696708814781,1.065705839541916,1.0042616352659426,44.36,ST/MT Ratio (Expanding EWM),USB,0.2271230088225783,0.0006827854151303,-0.0112689087712249,-0.0258333100801436,-0.014487380504191,0.0016788409612942,0.9548621576215932,1.149037518625076,-0.3674694171225416,1.1581813471049127,1.0790168941865097
2016-04-20,0.9773754354423368,1.1001837519854458,1.3790687035599425,41.38,ST/MT Ratio (Expanding EWM),USB,0.2459624380834027,0.0406155658705782,0.0032327706342401,-0.0391836086777677,-0.0229266518392499,0.0004143742932304,1.1668086847522223,1.0871479654535727,0.1001610357629334,0.9425486486063024,0.901498037884514
2016-07-15,1.0464662751391691,0.961001454454248,1.5205925808008198,41.02,ST/MT Ratio (Expanding EWM),USB,0.1313412255151436,0.0059979677031713,-0.0490722771466735,-0.0418473124466972,0.0196342233758207,0.0031400678464951,1.0128629939939342,0.9428626787707692,0.5669110545247129,1.076781528371126,1.01027435876108
2016-10-19,1.0036814832195065,1.078005293512636,1.686202676562315,42.86,ST/MT Ratio (Expanding EWM),USB,0.0584547081676665,0.0072605616511657,-0.0168413939326717,-0.0308861875778072,-0.0169034200796623,0.0011629098663849,0.8700897169464461,1.2098886490437366,2.7871646891264823,0.9301321253585898,0.9622361297540032
2017-01-18,1.1040100463367797,1.1479953181474076,0.9170417275531744,51.87,ST/MT Ratio (Expanding EWM),USB,0.2210389591022888,-0.0107264274274849,-0.0082784731433931,-0.0147255239407622,-0.0207515874366531,0.0019412795728953,1.1840050629010874,0.9151136887248984,2.910529346201889,0.9013933449254966,1.2494674622605326
2017-04-19,1.1301531742547306,1.084583504938594,1.4425028123327617,54.24,ST/MT Ratio (Expanding EWM),USB,0.071061434914217,6.903169762638874e-06,-0.0117226519380377,0.0518314784381642,-0.0330901065542441,0.0024465365069407,0.9229300723950998,1.2754355432709186,0.2677811545423418,1.0962918964602169,0.9320130279063746
2017-07-19,0.983257310213764,1.1056031519219538,0.67056936039558,52.57,ST/MT Ratio (Expanding EWM),USB,0.0948670076871341,0.012773061911222,0.0085706461610116,-0.01014699189738,-0.0090727459865129,0.0021996104184027,0.8969319245814956,1.2094717385917004,1.1147434147152788,1.178390718536113,1.0715005633365418
2017-10-18,0.9653658129514524,1.1069788421893862,1.131577043646009,52.38,ST/MT Ratio (Expanding EWM),USB,0.0741330970473221,-0.0578558937429818,-0.020672597971466,0.0074437526567007,0.0009321244025876,0.0030941795475214,1.1479249463255692,1.079582174991295,2.916993114807941,1.187950314419663,1.0316546822224322
2018-01-17,1.097181593046667,1.1061893315255251,1.903858159570483,54.78,ST/MT Ratio (Expanding EWM),USB,0.1195009573117551,-0.0451864897736999,0.0376309200197341,0.0130120346626582,0.0090772931915174,0.0024790031433927,1.1543694681667211,1.2390445496862597,-0.1572784106897486,1.087287120234981,0.929072926235926
2018-04-18,1.344692685737397,1.0810173779060808,0.9922540286938194,52.8,ST/MT Ratio (Expanding EWM),USB,0.0547297869299666,0.028014243290795,0.0040062119475459,0.0062766296553962,0.026782656107487,0.0011386904203028,1.1346842882333843,0.9698183534013988,-0.716741194456942,1.0200657286616432,1.1307688554398574
2018-07-18,1.2007022921594837,1.057020515910524,1.7714268911426785,51.28,ST/MT Ratio (Expanding EWM),USB,0.243047858701207,0.0079802903344779,0.0037209903658412,0.0010639134818501,0.0161724480916448,0.0041785621739916,1.1419667834239084,1.2896970102086946,0.7579700502794546,0.9181340768955812,1.1996462316103482
2018-10-17,1.4646091048971013,1.1005245791329072,1.5728099502273634,54.13,ST/MT Ratio (Expanding EWM),USB,0.1015689908044374,-0.0044394167723437,-0.0058368414953875,-0.0268823440899811,-0.0017718054888294,0.0021943334633382,1.026069302489575,1.0791565379377852,0.2370755151687587,1.0507195583530606,1.0354718417828124
2019-01-16,0.9575808091354648,1.0186588280263305,1.226860811313733,47.94,ST/MT Ratio (Expanding EWM),USB,0.2179511610840455,0.0026451876572887,0.0086557205157693,0.0392731887069803,-0.0019548919094929,0.0018526597733784,1.1028047470989442,1.1175574785970566,2.507391096616448,1.0630631743948329,0.995304965335972
2019-04-17,0.8922584486100263,1.125635459332306,1.4106149160951549,52.45,ST/MT Ratio (Expanding EWM),USB,0.2133630915440285,0.0141653596876584,0.028752947940029,0.0481799160909471,0.0157539367228795,0.0029639254230555,1.1404367528928578,1.1228876179720175,-0.172635847425755,1.0870523429868666,1.043086705976971
2019-07-17,1.286022813984551,1.0025757053913489,1.3395160800265946,51.51,ST/MT Ratio (Expanding EWM),USB,0.0635502567082745,-0.0168915888108276,-0.022013906471327,-0.0390664673530671,0.0348142540732142,0.00224945094593,1.1377622449168263,1.0813198954586172,1.905765432429667,0.9286608622908712,1.0584097385209386
2019-10-16,1.0323637439544242,1.036561723452733,1.19106827206807,55.86,ST/MT Ratio (Expanding EWM),USB,0.0668090687016073,-0.0252406653890809,-0.0157434946722576,-0.0226007147721594,0.00615785498708,0.0023992281929393,1.1932965745889594,1.2233841157908594,-0.3602367905322854,0.9833292148431764,1.0319263235425444
2020-01-15,1.1662861761800334,1.1851031555618423,5.3429631682472305,60.66,ST/MT Ratio (Expanding EWM),USB,0.1651938966632637,0.0088545839284188,-0.0051117808632999,-0.0039952585594251,-0.0087282713552602,0.0044921839986006,1.0601462241981785,1.2027979037958625,1.998106435231639,1.0529622168919208,1.2243282151352606
2020-04-15,1.2983857838849426,0.7379090235546059,1.1226402551903154,32.57,ST/MT Ratio (Expanding EWM),USB,0.2253433013753702,-0.0322430472165261,-0.0363761277041964,-0.0211134448727547,-0.0218216500271386,0.0017248785717449,0.97483123310299,0.9495522261182248,1.2577673666152531,1.185690415380332,1.2171974605570046
2020-07-15,0.96320053491082,0.9201743568803884,1.143736246583384,38.78,ST/MT Ratio (Expanding EWM),USB,0.1166498529476943,0.0162888464500065,-0.0205777357916449,0.0156491388363966,-0.0331301316103056,0.0016822391059826,1.031480259076897,1.1587222641396389,2.7222481081422907,1.0285028383304882,1.032557655577055
2020-10-14,0.9174367854781716,1.0857533462068802,1.2575318826442174,37.87,ST/MT Ratio (Expanding EWM),USB,0.1913138085642697,-0.0575904261483244,-0.0102866262063397,-0.0152068050601653,0.019656741801088,0.0021165785120124,1.1908966260001796,1.2453772534041334,0.2921743384744095,1.0391341792082769,1.0660312516031196
2021-01-20,1.1050579888830243,1.110788632962891,0.9795296653794712,45.33,ST/MT Ratio (Expanding EWM),USB,0.1174814632844844,0.0380204473063975,0.0302316754213818,0.057126401695165,0.0174494630909889,0.003071515935581,0.8596382714685736,1.2831277295253036,0.6172497248790352,1.1625987247913725,0.975742491072266
2021-04-15,1.0424939247065028,1.0056367559737387,1.3049994257305528,53.84,ST/MT Ratio (Expanding EWM),USB,0.117381407442015,0.0185409118844565,0.0118768398700577,0.0327637148585899,0.0174340881276665,0.0004934659698096,1.019148324254888,0.909584554049708,2.0568819353692342,1.0742741694738835,1.150235833387901
2021-07-15,1.2706690734756962,1.0689962419736496,1.0604065356581236,58.51,ST/MT Ratio (Expanding EWM),USB,0.2218500065315688,0.0109610407009856,0.0098076973410263,0.0083143507658053,-0.0002164861588013,3.4444108523494774e-05,0.8206883530218614,0.9844153320834462,-0.7026765105856794,0.9866742947411437,1.1509756030728604
2021-10-14,1.0995398200729716,1.0680622769250594,1.2059196641552767,55.91,ST/MT Ratio (Expanding EWM),USB,0.1203555260702524,0.0363941844380929,0.0295269388650391,0.0286746565829933,0.0381733686472937,0.0014128847293798,1.02647439372695,1.1448599286453562,1.1970050855115772,0.9819086387027578,0.99780299893777
2022-01-19,1.415479042666297,1.0067469566606626,1.5836623326807626,54.87,ST/MT Ratio (Expanding EWM),USB,0.2131745978291312,0.0602916055561901,-0.0001211536519818,0.0306475106089327,-0.0091029623646204,0.0003660770409407,0.8548238734146325,1.239628349961397,1.465917434164978,0.955953303751218,0.970883751928496
2022-04-14,1.2086260127981368,0.967331698018104,1.0571332484770568,54.4,ST/MT Ratio (Expanding EWM),USB,0.1618111782865307,0.0375029522756345,0.0157139454978666,-0.011098687201456,0.0268817309301801,0.0015751686524743,1.1492142406104546,1.1970923455053275,1.6375963196214856,1.02205923226179,1.004790225711407
2022-07-15,1.16170491588777,1.010280483285391,1.4516165098967049,46.36,ST/MT Ratio (Expanding EWM),USB,0.1866119924828898,-0.0624305980966075,0.0009033474120251,-0.0174054311135491,0.0020314276252614,0.0025024996961292,1.1917803052451297,1.2188958300091202,0.2071168925451059,1.1542694388835484,1.2035727794458726
2022-10-14,1.5202459283523115,1.0447246950626448,1.3631110049647546,45.1,ST/MT Ratio (Expanding EWM),USB,0.1372254743093807,-0.0427851938357495,0.0119608704819888,0.0049535765742411,-0.0122087691169834,0.0011092511364477,0.9188322199511992,1.070621141696656,-0.2561862184358934,0.9333157333134328,1.1891048131358788
2023-01-25,1.3645476252534,1.1447965591998392,1.3128194072367163,43.65,ST/MT Ratio (Expanding EWM),USB,0.1041233700674416,-0.0198686502193487,-0.0134827597283474,0.0245409031124486,0.017813257682944,0.0005731734232186,0.9070047429415466,1.2280237462985015,2.9824348460577044,0.9229859441788946,1.0892140500334802
2023-04-19,0.8413080554352437,0.9370043231416432,1.263084155316288,34.45,ST/MT Ratio (Expanding EWM),USB,0.0549222554783368,0.0029131867573791,-0.0691645147482928,0.0064765099663354,0.0132409029670998,0.0020693371617153,1.1208250237243211,1.2155803586164935,2.039988633323874,1.0046984805905732,1.081541302274021
2023-07-19,1.0783337869833565,1.1004883898685087,1.5741877638073452,33.58,ST/MT Ratio (Expanding EWM),USB,0.1481964575079674,0.0201180657164193,-2.8374865589124153e-05,-0.0364249120547749,0.0119243189816731,0.0028625434846151,1.037987342936588,1.2895762334293028,0.3101890837539716,1.1769431663150574,1.0077427672721977
2018-04-12,0.9442478030379884,1.022994032962175,1.4171529912326934,564.06,ST/MT Ratio (Expanding EWM),BLK,0.1600566782506786,-0.0234010334603713,0.0466824440829982,-0.017070611098771,0.0050319605514049,0.0003050265614833,1.1956297861894818,1.1681054747310369,0.8540459214342038,1.0840171284190814,1.0090124676160828
2018-07-16,0.8756975451883849,1.0740772923934805,1.588331984004318,524.52,ST/MT Ratio (Expanding EWM),BLK,0.1033282797663189,0.0085368367566977,0.0317864620672477,0.0011506784101405,0.0020526729570792,0.0028202323983059,0.9096695430045868,0.9454218175373976,-0.543798809178405,1.0043015224406735,1.2051421911585487
2018-10-16,1.4900552016751485,1.0992236985079045,1.3445211961401269,470.9,ST/MT Ratio (Expanding EWM),BLK,0.2218561188999055,-0.0244384026323662,0.0329619245377351,0.0011083598918542,0.0627092998217609,0.0028173062037383,1.043188467039265,0.9410338241324084,2.408946099903644,1.08041028809702,1.2843422307139118
2019-01-16,0.9711279518810922,0.974589123990868,1.3018571021244776,378.25,ST/MT Ratio (Expanding EWM),BLK,0.2133821436574784,-0.0194031231047181,0.0410839216541865,0.0523135544197452,0.0326064161299043,0.0029540851021566,1.068074186964483,0.9700699454816724,0.895133449231289,1.0945492792641611,0.911305880419991
2019-04-16,1.238918658979855,1.1568097774943171,1.4776859250271657,440.48,ST/MT Ratio (Expanding EWM),BLK,0.248410004072933,-0.0472331383896877,0.0066597277288431,-0.0316496985599749,0.0210706723746378,0.0032184802148716,0.8059641056619232,0.9517612002394272,0.006657740181883,1.0288647370562027,1.0949761895039154
2019-07-19,0.7312383648070871,1.1136554095584683,1.3791791591360567,454.95,ST/MT Ratio (Expanding EWM),BLK,0.2342998469357359,-0.0303131636138816,0.0099194712221678,0.0156397310458968,0.0057949789550847,0.0042020139246596,0.8552110435751588,1.1693566316463324,1.3845522467861393,0.988339229652348,0.9054639533741168
2019-10-15,1.0391813113531614,1.084454161249822,1.4224460530957166,435.71,ST/MT Ratio (Expanding EWM),BLK,0.2377730076023876,-0.0453089611965716,-0.0145295568630305,0.0402278277082072,0.0281789300149167,0.0016439079513809,0.8310591661413164,1.0566779102043358,-0.3841025953372643,1.0130458818443913,1.151273041804142
2020-01-15,1.2687327554276115,1.2085917045363923,1.254554273124856,502.05,ST/MT Ratio (Expanding EWM),BLK,0.1472366864851824,-0.0321555638542066,-0.0054821856808114,0.0597862436355699,0.0159498694097862,0.0021095715800778,1.0188949711517137,0.9924703532549576,0.3752899650350096,1.0842093595345952,1.2443420112173795
2020-04-16,0.9746753581813364,0.8657524461843377,1.2968465598315484,386.76,ST/MT Ratio (Expanding EWM),BLK,0.0941997829954717,0.0388774628812743,0.0224731344931342,-0.007109935579599,0.0036551188193508,0.0015835615667519,1.101285375495551,1.121360010733366,0.4491719932659448,1.0095153832625416,1.2517669241057583
2020-07-17,0.8774851609972614,0.9613237000872216,0.9935245930847167,555.23,ST/MT Ratio (Expanding EWM),BLK,0.1352969923826392,-0.031228961109118,0.0401165331150644,0.0152857363180049,-0.0045891081316478,0.0020019768447558,0.8156974304162186,1.2951930577681043,1.657501643406249,1.1043413097217172,0.9151991349218968
2020-10-13,1.1869190581401214,1.052285106057803,1.392871328363907,547.38,ST/MT Ratio (Expanding EWM),BLK,0.2111582114442058,0.0941333722693087,-0.0001833882704299,0.0172440089299661,0.0009770665584327,0.0035328733556363,1.042211709956509,1.0939112240361788,-0.576884372423732,0.9833766032308078,1.2561257824854606
2021-01-14,1.3309786391089418,1.0743464906719464,1.1823779240088914,698.18,ST/MT Ratio (Expanding EWM),BLK,0.1952121261700726,0.0192661265308311,-0.0095056779455423,0.0078870432888322,-0.0762606433969513,0.0006549855160693,1.0199953663463812,1.0653666300695634,-0.7092713766367562,1.1142364582206916,1.181140329358413
2021-04-15,0.8747077612950312,1.1039050094670144,1.341816273345881,723.07,ST/MT Ratio (Expanding EWM),BLK,0.2026975211525506,0.0084692643293205,0.0040158387656979,0.0005288699690173,0.008265020982441,0.0011389503278344,1.0456174427890257,1.1041050584882597,0.7351376088294908,1.0779813278963977,0.9933581806913628
2021-07-14,1.3350293832553315,1.1016037350826184,1.744012198179483,876.78,ST/MT Ratio (Expanding EWM),BLK,0.1974668686965512,-0.0280425223063424,0.0220362024678734,0.0138993847375011,-0.0092119020027589,0.0033771809365045,1.176503625671059,1.135517811672092,0.2447697774175061,1.0349039552655472,1.222273915550757
2021-10-13,1.2726216991218966,1.1484122217037829,1.6102088826949563,916.26,ST/MT Ratio (Expanding EWM),BLK,0.1617301185612914,0.0265108457793146,-0.0393156444840062,-0.0603061521304921,0.0428167499570721,0.003020036506902,0.864646424292119,1.0171342489841042,1.7180320909462217,0.9946467619446672,1.2170006727445863
2022-01-14,1.0751064035248514,1.088320690244902,1.29956630286944,914.91,ST/MT Ratio (Expanding EWM),BLK,0.1045489953462378,-0.018147323918322,-0.0648854285941171,0.0200517372515657,0.0034836017702938,0.0016368683531829,0.8521813948709444,1.2050744681818435,-0.726593140597735,0.9037777838002484,1.259289407532865
2022-04-13,0.9984519459721104,0.943533016189524,1.4113427160881655,697.53,ST/MT Ratio (Expanding EWM),BLK,0.2118988449320563,0.0062703435125876,-0.0125161054847475,0.0061544475915491,-0.026724085488374,0.0028544020011207,1.0325356867729194,1.0407307588347243,-0.0696214521445983,1.0850657349782449,1.1036008734146954
2022-07-15,0.9120450144557888,0.9965350972940152,1.3985620261701603,599.9,ST/MT Ratio (Expanding EWM),BLK,0.0927576613477745,0.0916029588394078,-0.0326213727774247,-0.0025618724194566,0.001752996146797,0.002341215842492,1.196639110211994,1.2932863946614983,1.5400982645664385,1.0328611518317672,1.0964563876538649
2022-10-13,1.284829387908448,0.9964639667685636,1.6524174014782775,644.91,ST/MT Ratio (Expanding EWM),BLK,0.1648746461060953,-0.0013620964903627,-0.0112442059294193,0.0541715548929889,-0.0231530271265626,0.0035002746090009,1.0729916264947448,0.9406298176941524,0.3134082952428727,0.9225816723010812,0.9293443038067678
2023-01-13,0.8823068195583952,1.1263109642467526,1.238922562866225,711.52,ST/MT Ratio (Expanding EWM),BLK,0.0500166029005015,0.0422245664199986,-0.0004334095645241,-0.0138733504697638,0.0148351853928116,0.0020745095938267,0.8783356967576935,1.0941013018372907,2.1390972846511573,1.045648767349762,1.034190644224348
2023-04-14,1.2326883559149924,0.9460242328911996,1.4052834448551776,631.74,ST/MT Ratio (Expanding EWM),BLK,0.15862436165959,-0.022611174879406,-0.0095974522706904,-0.0070768997266257,0.0102736841084871,0.0030256321138725,0.8329411961347033,1.1201182092732518,0.085074345932707,1.0844802533751443,1.290875095652967
2023-07-14,1.054073435742921,1.1395248584474582,1.2867881504956618,692.45,ST/MT Ratio (Expanding EWM),BLK,0.1908769486632119,0.0007754028326063,0.0475740260341223,0.0527888325551183,0.0269459907777066,0.0046420119104926,0.8445257285910202,0.984850159488776,0.892378152397499,1.1905841446037788,1.2087239105079983
2023-10-13,,1.1011856578135966,1.1558520933075278,160.0,ST/MT Ratio (Expanding EWM),BLK,0.2018065012590873,0.0639780222472428,0.0138023429380696,-0.0178015326212464,-0.0167720447923641,0.0025980991550474,1.159291677265132,1.0334859393903173,2.968153895114378,0.9308498448192472,0.9211891624184404
2016-10-17,0.8354962916310714,0.9890717905603166,1.071040254252318,30.53,ST/MT Ratio (Expanding EWM),SCHW,0.2402451064714255,-0.0199438470225718,0.0130142307883248,-0.0107528820734134,0.0038502024057036,0.0020493281657948,1.1422410508216112,1.2709059480827944,-0.637658569815593,0.9340282280237524,0.9132696631023096
2017-01-18,0.964563829924376,1.0492349125283358,1.727457063711911,38.75,ST/MT Ratio (Expanding EWM),SCHW,0.1073551727384222,0.0654356995298925,0.022666214321302,-0.0006756355857712,-0.0311255448856658,0.0027224469852209,0.8418030250570897,0.9837679267201124,2.880306475640004,1.1003580666719042,1.2114212102074169
2017-04-18,0.813222142942157,1.078804525941883,1.8377782758105483,42.25,ST/MT Ratio (Expanding EWM),SCHW,0.1546498107869046,0.0267713177409416,-0.030164993533423,0.0240183620532387,0.0205373695481178,0.0016347191417961,1.1104557614766088,1.114029499911686,2.1899559108520688,1.078742259716991,1.0258184390413432
2017-07-18,0.8259428634747964,1.057715414880747,1.3408691141066895,42.46,ST/MT Ratio (Expanding EWM),SCHW,0.0784974624996472,-0.0176863371562993,0.035173353622608,0.0081950626838328,0.015971779511003,0.0043879677055247,1.0244440435073603,1.1134034344538055,2.2938122150372826,1.1945181652144976,1.0644170261683723
2017-10-16,1.0725819234352598,1.0862618811771234,1.2011253630203291,40.21,ST/MT Ratio (Expanding EWM),SCHW,0.0951198106491379,0.0241342708669432,0.0017270714039362,-0.0293156336788065,0.0153951255256892,0.0021800710376959,1.105356271376544,0.9399052016152536,2.1073254777931543,1.0114250735979695,0.9157560651558748
2018-01-17,0.8516979256912193,1.1289963096649358,1.1116516009064203,51.74,ST/MT Ratio (Expanding EWM),SCHW,0.2341873150365119,0.0360394057369355,0.0241144185172363,-0.0103042140781797,0.0030404757839235,0.0017270666797744,0.9452984714248708,1.144257100368658,-0.5229993292741337,1.1772103477290763,0.9310689653091354
2018-04-16,1.3402422351942411,1.0899068000268586,1.3480962529605554,55.71,ST/MT Ratio (Expanding EWM),SCHW,0.1709681550688832,0.0237633486776018,-0.0281557169912046,-0.0121838608303052,0.0133693222697197,0.0011643109949799,1.1720026879332663,1.1828550071742747,0.3188487016568144,1.017225104312728,1.1963237458930978
2018-07-17,1.2881545791360465,1.038221417970554,1.5186670120855486,55.48,ST/MT Ratio (Expanding EWM),SCHW,0.20030661059112,-0.0529578651961659,-0.0426127629804819,0.0010694738694238,0.0431084777077149,0.0030972201916064,1.040588440352483,1.1686571685819782,0.55665846605392,1.0463440445422796,1.2959469936151573
2018-10-15,1.033390726336609,1.162374475822193,1.277419878296146,51.16,ST/MT Ratio (Expanding EWM),SCHW,0.2101731761278843,-0.0234498011538704,0.0285366897407508,0.0136460914657457,-0.0041273564260503,0.0028671874128277,0.8855691481998871,1.0671424746088527,0.1672927502958692,1.129533453131955,1.2056050502662885
2019-01-16,1.2679301704444288,0.992164576555644,1.3405104154785177,40.7,ST/MT Ratio (Expanding EWM),SCHW,0.1510905481607568,-0.0066631522443026,0.0152922857829254,0.0134551438971993,0.0064661295927521,0.0015026456285859,0.9169781843989584,0.9325561266531932,-0.9542692933111838,1.0282351599727455,1.0641350377343084
2019-04-15,0.9272493324875378,1.1202421686773112,1.5358293477570355,45.45,ST/MT Ratio (Expanding EWM),SCHW,0.1205661029809509,-0.0006051700185016,-0.0230615466307253,-0.04140029385121,-0.0241531574795352,0.0025764513451224,1.195355951455945,1.087920830279072,0.0256734783016825,1.1673688323094402,1.0964271798614311
2019-07-16,1.123482872685642,0.9891735870839562,1.3916868320225853,40.61,ST/MT Ratio (Expanding EWM),SCHW,0.0986869627365961,0.0237235234142737,-0.0220898924382408,0.0295985246890214,-0.0187065240399583,0.0004914440317871,1.039670254084231,0.9382674841712852,0.5316656293190962,1.183267102342136,1.13580215367017
2019-10-15,1.1492173207727363,1.0531775072888645,1.6636896223708648,43.6,ST/MT Ratio (Expanding EWM),SCHW,0.0606733195692581,0.0082195350326638,0.037763043532443,0.0093142211499155,0.0054453323273326,0.0021849705750731,0.9378007420569848,1.1502668722526372,2.6416443583124645,0.982197180141777,1.1020466873882695
2020-01-16,0.9536551972565652,1.2366797818656698,1.357563210458719,49.49,ST/MT Ratio (Expanding EWM),SCHW,0.0560121074444519,-0.0447370525548535,-0.0316823567860198,0.0376133011898476,0.0305983386675476,0.0024527563520766,1.183476261564702,0.9689584573193812,1.8786557023868464,1.0843443024608947,1.171870052456254
2020-04-15,0.8453112067679572,0.7968534031668816,1.176738190783342,30.56,ST/MT Ratio (Expanding EWM),SCHW,0.0529755291648387,0.0153069247852087,0.0532801885976789,0.0141049581822667,-0.0034070206062893,0.0037073298095592,0.940487852267028,1.025551749393506,1.7368386823534818,0.9646629855313636,1.067861897943602
2020-07-16,0.9785648539152736,1.1314396801181743,1.3025660782256667,36.92,ST/MT Ratio (Expanding EWM),SCHW,0.2236689784256314,0.0233705010849338,-0.023018622039436,0.030533073943394,-0.002897913232803,0.0012291811972713,0.8752698584211672,0.903321936449332,2.8802294401522777,1.0295108935969255,1.28773984576793
2020-10-15,1.078352137365335,1.10812867415961,1.438068419971813,34.75,ST/MT Ratio (Expanding EWM),SCHW,0.1805502488905391,0.0215926656775863,0.0231517577682514,0.0146636327862531,-0.0071721311126093,0.0007216473711976,0.8561294079071304,1.1349467117829946,-0.1961038688350416,1.1370222380889825,1.21348119550439
2021-01-19,1.0093089039155896,1.119676081999546,1.4754629425579742,51.75,ST/MT Ratio (Expanding EWM),SCHW,0.2254717235873541,0.0398273253944117,-0.0058585542724695,0.0366556439050687,-0.010368916771108,0.0011045720390749,0.8450428596157248,1.2648257811505557,-0.2214814111871015,1.083893202476808,1.2942534480350816
2021-04-15,1.0699639745258895,1.064143876210837,0.9995254627353016,65.47,ST/MT Ratio (Expanding EWM),SCHW,0.1057884939042491,0.0311872754092116,0.0220956229324702,0.0160562659004444,0.0103742863927205,0.000663431499685,1.1529586139065455,1.2826255714244676,0.3703950848724777,0.9316726926658392,0.97533874931578
2021-07-16,0.9960259024480989,1.0714152285297238,0.809162797218601,73.75,ST/MT Ratio (Expanding EWM),SCHW,0.2152888802184456,0.0180713027729952,-0.0123234200634257,0.0005521188389273,-0.0344314411294661,0.0033366573577589,1.0001979580306457,1.2172918713093288,-0.3993854232644991,1.0979194596782271,1.0294310416158048
2021-10-15,0.9528483465520492,1.0764901516962475,1.358035059410298,71.15,ST/MT Ratio (Expanding EWM),SCHW,0.1035223779892264,-0.0004557999010526,-0.0008837871821688,0.059810868011172,0.0350234894166681,0.003548639295024,0.9364808289568616,1.1647670920631703,0.8679976781328809,1.143609987907798,0.9623674038651308
2022-01-18,0.9597418132352918,1.0200643336883548,1.1908652071775463,80.68,ST/MT Ratio (Expanding EWM),SCHW,0.1105873736833348,-0.0561336326730596,0.0052275752618716,0.0252259280569973,-0.0136355574532365,0.0023202165779488,1.1159793079068154,0.9256940992229684,-0.22378447901758,1.0968449143509496,1.2419702626044284
2022-04-18,1.3374544093738667,1.042312932180465,1.342948156854899,90.0,ST/MT Ratio (Expanding EWM),SCHW,0.0672968289829145,0.0170366376696405,-0.0260656236734441,0.0173436105251103,0.0210475871359535,0.0032212949456851,0.9010718510957396,1.0308766423315652,1.1484829931469598,0.9634718419467908,1.2244625046350024
2022-07-18,0.61995168294452,1.0423557380224568,1.273798191032138,59.99,ST/MT Ratio (Expanding EWM),SCHW,0.1103182214835302,0.0092690690507088,0.0262247303626037,-0.0289076104134584,-0.0287499649348468,0.0021339583805802,1.1094546580023044,0.9581166847863126,0.8553189272665285,1.1324483299963863,1.034931812441366
2022-10-17,1.3272369822348908,1.0961207028459132,1.2803274707739272,71.87,ST/MT Ratio (Expanding EWM),SCHW,0.0759721068329755,0.011505259301838,-0.0113964069941475,-0.0292076904365884,0.0197210032636554,0.0019048883522992,1.0532427290870927,0.9200852485830292,1.434755042117272,0.9457958940001822,1.2322333300457806
2023-01-18,1.17779636120623,1.1571672669490225,1.276245009455768,78.26,ST/MT Ratio (Expanding EWM),SCHW,0.1230212645499458,-0.0426862001537108,-0.0028579974602005,0.0103178870535463,0.0197986151953624,0.0016669623809462,0.9421797854321914,1.0126215450912783,2.36355590684594,0.9150432069215432,1.058643519733738
2023-04-17,0.8328951601011907,0.9517109262607736,1.2367682398425732,56.41,ST/MT Ratio (Expanding EWM),SCHW,0.0960457296728512,-0.0358369789142891,-0.0258304812382553,0.006638029944206,0.0126050518001474,0.0016896090086224,0.9480014162300126,1.0139201496998205,2.647017328005908,1.1252785180550169,0.9255692656767756
2023-07-18,1.4473962905939917,1.2087105113632626,1.1389857334691753,54.4,ST/MT Ratio (Expanding EWM),SCHW,0.2128060491044805,0.0388603498666516,-0.0728700097638593,-0.0123530641252079,-0.0218607130449948,0.0004521984436909,1.0858749797739815,1.1109196532515175,2.603471577606317,0.9938836852045076,1.1296647998438332
2015-01-21,1.5190437322615804,1.0640565915363938,1.184879517414366,93.62,ST/MT Ratio (Expanding EWM),AXP,0.2072809275434256,0.000615569615017,-0.001730832878005,0.0065245674903014,0.0092387047399519,0.0022642547636073,1.0003021098963945,1.0958243624910424,0.8244215980688505,0.9616888426596844,1.202283968996957
2015-04-16,1.0639116269095177,0.9481912257008968,1.196988449518485,81.06,ST/MT Ratio (Expanding EWM),AXP,0.19746207458212,0.0258525244080418,0.0763784626483874,0.0427156732010898,-0.0265764046183597,0.0019596660897859,0.9805344130957154,1.2834065100010423,0.0432337087711052,1.1048231518881122,1.2762868318556435
2015-07-22,1.0919427800159236,1.1546756963966749,2.3755872864935608,81.25,ST/MT Ratio (Expanding EWM),AXP,0.2350296653297484,0.002991143164566,0.0275381286369407,0.0203850618637574,-0.0033190813774046,0.0027453607240778,1.065383329206437,1.2485091630469578,2.3099238390280243,1.0080353146467012,1.1400495759757987
2015-10-21,1.5991073552507948,1.145647691750166,1.7527791650481843,76.74,ST/MT Ratio (Expanding EWM),AXP,0.1617143056139553,0.003041464882351,0.0034221886079681,-0.0255252127438184,0.0287353275238831,0.0020935234964386,0.8625045359245422,1.11421035307824,-0.0783121127426511,1.1231210444857336,1.1112233687568498
2016-01-21,1.757139844257014,1.1458284896143005,1.2371112370280262,68.85,ST/MT Ratio (Expanding EWM),AXP,0.1007422000918818,0.0348399332091599,-0.003886724876248,0.0002122793214264,0.0229175481767685,0.0018372962984309,0.9644909450526642,1.007518838466791,2.9947939273651474,0.9215131562654798,0.917424272228968
2016-04-20,0.7025861712516122,1.28575423305741,1.1126189177830492,61.21,ST/MT Ratio (Expanding EWM),AXP,0.2253941451638289,-0.016061565487608,0.0046739767843613,-0.017124162021314,0.0033795735635108,0.0011288069699923,0.8869029601975459,1.288428983451128,2.916952673279938,1.0964783204316408,1.252042666882562
2016-07-20,0.8734595044443161,1.047930153106822,1.6548664408029683,62.3,ST/MT Ratio (Expanding EWM),AXP,0.2265724225404264,0.0053642271929344,0.0204135734552563,-0.006692497910214,-0.021370164398071,0.0020721532368217,0.8855846923363182,1.2888168376706497,-0.4288605994417414,0.9303375564544974,0.9448846156989092
2016-10-19,1.6842202849332275,1.2565702013470996,1.5604648953035372,64.06,ST/MT Ratio (Expanding EWM),AXP,0.2399211582224995,-0.0141796351046764,-0.0314243844592653,-0.007340391640741,0.0191396928043548,0.0027382372308161,1.0292511693090258,1.212389760287221,0.4666687114985324,1.193368796335838,1.073768055247332
2017-01-19,0.7495804006880764,1.271841213868281,1.2851085240980695,75.06,ST/MT Ratio (Expanding EWM),AXP,0.1900869212873923,-0.013207367960131,0.0374296508400661,-0.0089411395651001,0.0034845309424506,0.0008566610089161,0.8601794203092865,1.0863866992744546,1.7161486616897594,1.1496677341513135,1.0835073159826372
2017-04-19,1.6400082457059122,1.3114095156362715,1.0575569622456498,78.85,ST/MT Ratio (Expanding EWM),AXP,0.1025842582031236,-0.0088210243214023,0.0254614394632373,-0.0283783842993348,-0.0550078899557605,0.0020874737536807,1.037442730419667,1.0069378848635413,1.583666105622056,1.1957915831851031,0.9196214290351176
2017-07-19,0.7609464959230879,1.3449416140080972,1.1328763807976212,81.88,ST/MT Ratio (Expanding EWM),AXP,0.1632187801029452,0.0097746820071799,0.025545571771238,-0.0001913670379547,0.0225657456579129,0.0022330429515294,1.154612268282067,1.1249130011070092,0.0083946382491997,1.1864669130027774,1.0933417212235597
2017-10-18,1.0650452114278612,1.323706547739847,1.076449125567468,87.87,ST/MT Ratio (Expanding EWM),AXP,0.1811663566001157,-0.0147562017582216,0.0171542721642918,-0.0110151909211827,0.0023941791532576,0.0012819352163817,0.9326761006693542,0.9725990513083363,-0.0221911589733516,1.1498547124774328,1.1457640037268664
2018-01-18,1.1305269297859442,1.5009909352669366,1.3147268242414634,99.15,ST/MT Ratio (Expanding EWM),AXP,0.0715994480311672,0.0459514643950732,0.0045884997308196,-0.0702362172500567,0.0330612811995768,0.0014121436950919,1.1652982477953264,0.9927873808631144,-0.5154457046043941,0.901826259292677,1.1031448150463976
2018-04-18,1.646110175494723,1.08970117919495,1.402556086190024,94.84,ST/MT Ratio (Expanding EWM),AXP,0.2071249001983452,-0.0293112555776826,0.0241858370790045,0.0543243006125415,-0.0243817629710701,0.0022306108487662,1.1993227721527953,1.1779861075274556,0.2335783678605842,1.1630575749078516,1.212688906395184
2018-07-18,1.0744397528248075,1.1093685724841065,1.2221010111926938,98.47,ST/MT Ratio (Expanding EWM),AXP,0.143992282589585,-0.0045405075456475,0.0217544240122413,0.0302192413554168,-0.0764175953299,0.0008665789817073,0.8061660664306157,1.226744192216409,0.2021070289539839,0.9449020393750804,0.9905323358948298
2018-10-18,1.485757633217024,1.3192990187638018,1.2586374038522663,109.64,ST/MT Ratio (Expanding EWM),AXP,0.1289332769652906,-0.0133905870395961,-0.0066212213282307,-0.0064075181231249,0.0099770964586296,0.0023499237152493,0.9874319217500556,1.0699471708272044,0.155549197496907,0.95166549666211,1.2048923158568678
2019-01-17,0.924987474190906,1.046435964110165,1.562489747302203,101.02,ST/MT Ratio (Expanding EWM),AXP,0.2239858487583483,0.0526442259523806,-0.013208053186907,0.0034704762435149,0.0102890919170493,0.0011046456263408,1.1960439134939669,1.211116632167876,0.1837478706861648,0.97344268842364,0.9870663504263754
2019-07-19,1.3492536602005394,1.3088178514544877,1.3480184349719977,124.68,ST/MT Ratio (Expanding EWM),AXP,0.0844977001164034,0.0088794171779051,0.0070556888578596,-0.026291358682939,-0.0392667906901613,0.0030628536930332,0.8546780297956146,1.1205322198769203,1.4216014878133767,1.1116507981989412,1.1720853483734672
2019-10-18,1.182499622823148,1.2106114291305297,1.402688349370695,118.74,ST/MT Ratio (Expanding EWM),AXP,0.085928088948645,0.0381145588814022,0.0504706045448556,0.0453930719452716,-0.0214624886466651,0.0043378277453882,0.916933324513353,1.0321244021587386,1.7260581417693517,1.0048342922350886,0.9850492758477252
2020-01-24,1.445856429946151,1.338460405384154,1.5949131699709067,124.74,ST/MT Ratio (Expanding EWM),AXP,0.1256222608481124,-0.049994613056294,-0.033173212269617,0.0504322173693277,0.0718804435929975,0.0011392431982981,0.949734461478696,1.0088336630311912,-0.6467491151256888,1.149041670682996,1.2412445556628149
2021-01-26,0.9928684487372564,1.0441492133776935,1.2294055171941234,118.36,ST/MT Ratio (Expanding EWM),AXP,0.2282278475399068,0.011346759305424,-0.0400257579725732,0.0069173432061631,-0.004640265353845,0.0025342078623746,0.8879001200667518,0.9259088798100809,1.955309749404718,0.9634585877590242,1.0573741957747442
2022-01-25,1.4319383897901812,1.1555576360503297,1.2662981237314148,164.39,ST/MT Ratio (Expanding EWM),AXP,0.1915588668375107,0.0331370778468203,0.0089428252370955,0.0285882661046336,0.0212739744094054,0.0012732580951179,0.8256541008949534,0.990507833903374,2.171609113318543,1.1413189340745604,0.9828339299550842
2023-04-20,0.6920457651434138,1.0702589719743176,1.506806183244439,164.56,ST/MT Ratio (Expanding EWM),AXP,0.1813064971330176,0.0048799396246398,0.0055266310556805,0.007382169473348,-0.0132664956842095,0.0030409541737977,0.934365538042676,0.9536953676374974,-0.7033094788603105,1.1976515143345228,1.1622375804979357
2015-04-23,0.9880677411144372,1.21572752131323,1.960814783704326,80.14,ST/MT Ratio (Expanding EWM),COF,0.146307763832167,0.0392918131272872,0.0092002499311122,-0.0304181359718982,-0.0492575724713289,0.0007347415909147,1.0168386036793275,1.20619940016212,2.3603086387508965,1.1420144304134183,0.9066157797159506
2015-07-23,1.7604936504287731,1.1693778414634344,2.410543372286228,89.38,ST/MT Ratio (Expanding EWM),COF,0.0861475119619308,-0.016105095753513,0.011318595937255,-0.0072955842240914,-0.0012564561698976,0.0024805867584277,0.8747231592761994,1.1619621208471325,0.5030373912158517,1.194744795318332,1.1661619170553017
2015-10-22,1.4841964412243858,1.149475370621837,1.0537625984985806,73.68,ST/MT Ratio (Expanding EWM),COF,0.2143014111538055,0.0513271604064953,-0.0026960676390441,0.0062981991692989,-0.0036401140071526,0.0011270110331106,1.1826195634916823,0.9805785926583176,2.455828112460092,0.9964056917445676,1.2958259232951228
2016-01-26,1.5368358309867791,1.2343129583680932,1.0300846998156603,73.15,ST/MT Ratio (Expanding EWM),COF,0.1310915882794198,0.0824614343266737,0.0486959031580624,-0.0083636929685861,-0.0069969559667092,0.0017930154109016,0.8630754688292589,1.1065359275353306,2.171378135348488,1.0297927441812107,1.0872336240750586
2016-04-26,1.1238639744146968,1.210008283010075,1.3388269337961187,69.2,ST/MT Ratio (Expanding EWM),COF,0.2105205269373226,-0.010699349615388,-0.0440271193542954,-0.0024663319358758,0.0001339791123401,0.0009689747248526,1.1945423182022965,1.070123260120461,1.4162884023962543,0.9163618982025452,1.236884032084104
2016-07-21,0.8751717774991583,1.0336280803311333,0.8216306702996785,64.25,ST/MT Ratio (Expanding EWM),COF,0.1474582810722777,-0.013592588249027,-0.0208549107434073,0.0007150110622721,0.0096067067911409,0.0028223504708957,1.0592672195918174,1.0616080411451254,-0.935321840181921,1.0775006461780512,0.9050631313936648
2016-10-25,0.8871214764008292,1.136461346336024,2.029894011749751,70.81,ST/MT Ratio (Expanding EWM),COF,0.0606482795019688,0.0528684566991195,0.0009023571955285,0.0009780375533634,-0.0007529237813451,0.0011630196455604,0.8004814455636072,1.1464394248597418,-0.2439317306617829,0.9575662649154286,1.1613086263330976
2017-01-24,0.9473050150228532,1.25096801246887,1.4596804962676684,89.68,ST/MT Ratio (Expanding EWM),COF,0.140696009722169,0.0572850251005749,-0.045295664334625,0.004306462262437,-0.028600154198684,0.0025519642593318,0.8214788751757498,1.0253622245898226,-0.4022723914319237,1.07405291093896,1.1647060618909584
2017-04-25,1.187840091689072,1.0648542568973558,1.6809594738084004,82.13,ST/MT Ratio (Expanding EWM),COF,0.1545599844787498,-0.0163001009503643,-0.0012756321329621,-0.023515126659915,0.0151546197890484,0.0016559019717376,1.0884543414396175,1.002092486767426,-0.643000993453664,0.9236050970825692,1.0704606193802897
2017-07-20,1.6507631940993066,1.0876447549957926,1.253421732188266,81.22,ST/MT Ratio (Expanding EWM),COF,0.0927627539350091,-0.012706538598355,0.0538441049718405,-0.0149254037281984,-0.0457342938830605,0.0018855276282011,1.178337763625086,0.9870916136988098,0.0269664053661973,0.9302666406317576,1.142228109557572
2017-10-24,1.0175708264489016,1.2861058113159942,1.3376494581110423,82.48,ST/MT Ratio (Expanding EWM),COF,0.0660081540542018,-0.0078624613101177,0.0046265946488788,-0.0291146066424992,-0.048258936432105,0.0021477559074001,1.07194914957887,1.157172483264304,2.444520972179125,1.0459277505078215,0.9537828163068258
2018-01-23,0.7641110580169918,1.2265052989201584,0.7707023486434686,100.5,ST/MT Ratio (Expanding EWM),COF,0.0866675457724792,-0.0450557678861997,0.0109210271715605,0.027445388742155,0.0214795123675392,0.0012381753283411,0.9157620522817652,1.1649719893685409,1.4524878949662394,1.059300938922889,1.1731857674754749
2018-04-24,1.577963108871521,1.0545848671123077,1.2939436602697347,95.07,ST/MT Ratio (Expanding EWM),COF,0.143204062214895,-0.0301528181269469,-0.0338049429551774,-0.0496411735460081,0.0156755068033839,0.0022103671135408,1.0549563401493198,1.2525299557859808,1.3440655099131864,1.133580407610167,0.9994828623865872
2018-07-19,1.1761257443275612,1.1414436758124444,2.150170102061237,96.34,ST/MT Ratio (Expanding EWM),COF,0.1320621550358931,-0.0331449268363223,-0.0144908422411843,0.0318397585829231,0.001565115873149,0.0035303345643544,1.071273033835627,1.2608776473530705,0.542929311599333,1.133731256201594,1.1899157204781745
2018-10-23,1.3161187111702723,1.1470157215883718,0.9558304519609908,97.63,ST/MT Ratio (Expanding EWM),COF,0.1624593034058969,-0.0248729147786445,-0.0072558914097181,0.0376587349315711,-0.0318862126188767,0.0012219052141672,0.823810478748729,1.132603323849629,-0.4792426031967904,1.1901957516691772,1.2245630010802626
2019-01-22,1.5671228728718425,0.9638173236398976,1.2657946710336732,70.78,ST/MT Ratio (Expanding EWM),COF,0.2030997597039639,0.0007860289414626,-0.005531452902687,-0.0045545146745655,-0.0146977735168518,0.0031718101432738,0.8438895204988481,0.9487007990590712,1.3778954196504758,1.003466752251955,0.9139623436292438
2019-04-25,1.4652158836287368,1.1543436097802604,1.2347817752698609,80.66,ST/MT Ratio (Expanding EWM),COF,0.2152526855354818,0.0101975156387782,0.042449313850113,-0.0620784271956824,-0.0035686686921626,0.0034980976334877,1.0166566031332211,1.0551380398743389,-0.5956940305130294,1.1405761176767948,1.2660307061115224
2019-07-18,1.156258586590037,1.1339999531994052,1.5101218054102523,91.29,ST/MT Ratio (Expanding EWM),COF,0.10201483848177,0.0562675172484926,0.0207307318217537,-0.0060327640491822,-0.0368973492143528,0.0011838450109719,1.102637573605652,1.228968924006511,-0.1340377309355305,0.9790718852755804,0.9834110161196752
2019-10-24,0.8736044563463521,1.1050495670751803,1.648556086253845,91.35,ST/MT Ratio (Expanding EWM),COF,0.0961750976057802,-0.0329423914258576,-0.0293437387081109,0.0013953959677795,-0.0154757164505808,0.0005449453949094,1.1060253725462257,1.279166831573799,1.8673488269356104,1.1644400294638668,1.155479637953269
2020-01-21,1.5323889749195665,1.342200153883753,1.12268268885123,102.93,ST/MT Ratio (Expanding EWM),COF,0.0788305667543548,0.0364512839466804,0.0113951433529601,-0.0222649554982228,0.019308258454417,0.0023019609001717,0.9550639602235196,1.0703046459721222,-0.6987142713303807,0.9094371585738078,1.178190241675631
2020-04-23,0.999641858029829,0.7951026021255837,1.237124084252258,50.91,ST/MT Ratio (Expanding EWM),COF,0.2008700203529294,-0.0054896095478928,0.0189466524549035,-0.009880459845206,0.0386826341072304,0.0014525924772331,0.9753715568044724,1.120886027221852,1.2306449904896652,0.9832127439999904,1.0903570043317965
2020-07-21,0.8155305118637841,0.9239459947682866,1.1146409860141306,68.3,ST/MT Ratio (Expanding EWM),COF,0.1078778255549873,0.0002687701621648,0.0382044711556379,0.0412548799715837,-0.0074858688164637,0.003868603219163,0.9883040886670807,1.0553708884911428,2.282701533604282,1.0353492011062788,1.141457809802395
2020-10-22,0.9341092943804356,1.052857975019763,1.0949514695610985,69.96,ST/MT Ratio (Expanding EWM),COF,0.0725601610684962,0.0256186822258311,0.0514162205970512,0.0196231790575435,0.0219122088579024,0.0020348075404998,1.1582080481523305,1.246493449143569,2.5616888151166606,0.9810014989395042,0.9139929953232252
2021-01-26,1.1928222406105784,1.098299730949558,1.1651072455798432,97.55,ST/MT Ratio (Expanding EWM),COF,0.1186921273025302,-0.0372952707546804,-0.026452825754836,-0.0201141028594524,-0.0448515017646866,0.0011978005919648,0.9044267199581316,1.0114829382482835,2.637441306899872,1.094772819851391,0.9326815838408916
2021-04-27,0.9946220764843084,1.1238558748284846,0.9267662049380572,126.49,ST/MT Ratio (Expanding EWM),COF,0.1151434589718303,0.0153843411164417,-0.0203257253363101,-0.0369399792398857,0.0194862810278402,0.0008528404889882,0.8541514384044405,0.96227045021679,1.5216869926756926,1.120624207652101,1.2438575642261585
2021-07-22,1.0406304611574817,1.0977882046717424,1.362934778596651,154.89,ST/MT Ratio (Expanding EWM),COF,0.2348684093355818,0.0078258272874569,-0.0337273357674384,-0.0051754329402442,-0.017098710368187,0.0030899049590908,1.1762546203224973,0.9806818229545768,0.2390899388961962,0.9720968642234492,1.0435046269864552
2021-10-26,1.2991085761332557,1.1458004488956717,1.422909624773806,169.76,ST/MT Ratio (Expanding EWM),COF,0.1983411523576903,0.0192357942402852,-0.0030205957732094,-0.0023364194837609,0.0106836404176992,0.0014288160259158,1.1658660429694998,1.1300450267757447,1.9527675892979963,1.047035770838035,0.9115431653344498
2022-01-25,1.2965745853705295,1.1007435487802324,1.149898389738068,145.89,ST/MT Ratio (Expanding EWM),COF,0.0636644462020347,0.0121209025367736,0.01799075123339,0.0154049796840829,-0.0031938104559927,0.0020438287994604,0.8256781943991258,1.1151692125071544,1.8751561392801024,0.9645991582586194,1.1887638295969216
2022-04-26,1.2472705908611923,1.1335369527840402,1.15532854505753,133.25,ST/MT Ratio (Expanding EWM),COF,0.1808825186152355,0.0879355048968813,0.033620035497673,-0.0103829178141914,0.0360103502445958,0.0029558027451124,1.1242663093934049,1.0647589913448443,1.98567693137642,1.021208985098538,1.171340251782008
2022-07-21,1.114748345985036,1.0289124523308766,1.3693792273492085,106.46,ST/MT Ratio (Expanding EWM),COF,0.166198789901178,-0.020320899448796,0.0017214692907243,0.0157874893840465,-0.0188608912084979,0.0015157416480691,1.1055988197278173,1.2967706473232443,0.3815866482543844,1.0233122341723837,0.9662480237640686
2022-10-27,0.9949787381202468,0.9673846001787708,1.2838175442135278,91.39,ST/MT Ratio (Expanding EWM),COF,0.1120422184701328,-0.0165848934250636,-0.0055954256976453,0.0513788510015057,0.0186901574390457,0.0019540711712598,0.8816292233607228,1.1773580010393512,2.6681823606179043,1.0183814854983722,0.9719377787342164
2023-01-24,1.3715948351396727,1.1848250530950957,1.3586146369146406,90.69,ST/MT Ratio (Expanding EWM),COF,0.1598178811598787,-0.0198099184248667,0.0085527397674622,0.0233875255611065,-0.0039876865824133,0.0019834315901774,0.9140397997531976,1.0820206819232554,0.1626013174614735,0.97007372493656,1.194393795502832
2023-04-27,0.914771294783014,1.0978370160244422,1.29290624975669,91.12,ST/MT Ratio (Expanding EWM),COF,0.1134062296317991,-0.0174416991706089,-0.0210542870489006,0.0017977873167306,-0.0009576369502415,0.002683324511516,0.8031379684962493,1.1156922109345933,2.1750672281190155,0.9798684858952404,1.141316604244807
2023-07-20,0.9474137423502406,1.2668175680796732,1.455355822267436,109.12,ST/MT Ratio (Expanding EWM),COF,0.0512719288129059,-0.0203085494557281,0.0666861616508432,-0.0015787617763323,-0.0015963473289802,0.0025907443355103,1.0675600422474472,1.162009878562036,0.7833985367948708,1.0039733963627335,1.2343696292111257
2018-07-13,0.9319448842715397,1.0330279839991192,1.5766894153618642,145.6,ST/MT Ratio (Expanding EWM),PNC,0.201728045885785,0.0436155785887643,-0.0442298308135417,-0.0059168283544967,-0.0181418276123528,0.0017798862687451,1.1033783827999455,1.028502069365565,-0.5879232222311757,0.9215422636336408,0.9377103911595744
2018-10-12,1.6186799219936396,1.1078413848419844,1.7234323720696567,141.31,ST/MT Ratio (Expanding EWM),PNC,0.1697970261078739,0.0517176486796449,0.0095422173668717,0.0325160228113036,0.0026475258523332,0.0020636490614965,1.0331477444768171,0.920664870331596,0.3477074998561535,1.1259599105742688,1.017739266606151
2019-01-16,0.8022256123737246,0.9996889427258312,1.5942494771739988,118.32,ST/MT Ratio (Expanding EWM),PNC,0.0939021983155644,-0.0179761202812316,0.0647081865768891,-0.0126828361487825,0.0014337944469544,0.0016282209884765,1.105323230872052,1.198186815282822,-0.0166914694671347,1.1186466540278237,1.1991106553088404
2019-04-12,1.0580178510640543,1.0115311512576235,1.328965519967429,128.93,ST/MT Ratio (Expanding EWM),PNC,0.0552814657949134,-0.027132445058648,0.0042039953367999,0.0041305677249995,0.0090310062101682,0.0005223875930805,0.9589815702668107,0.9841681934966072,1.0850832275674764,1.176419276400059,1.1558466929728248
2019-07-17,0.9683357955052666,1.0489171629489826,1.604964211598117,132.54,ST/MT Ratio (Expanding EWM),PNC,0.1858641847612139,0.0184995444735241,-0.0017011710500448,0.0042799475470271,0.0051126286423215,0.0022576008573981,0.8691689990509045,1.173102769893408,0.7088121091273383,1.077458639206612,1.1936256140092432
2019-10-16,0.7032771665024709,1.0331197525951987,0.985008226532733,140.5,ST/MT Ratio (Expanding EWM),PNC,0.1601648264099238,-0.017327806549834,-0.0067233626843128,-0.0095446048202883,0.0229498637403059,0.003892191760833,1.005978940605778,1.2255935898293235,1.888622317266511,1.0845220020055533,0.9603171263329406
2020-01-15,1.3912010514567026,1.1310901095412853,1.105885960078918,159.0,ST/MT Ratio (Expanding EWM),PNC,0.1243214528175398,0.0241526136214428,-0.0014117504528722,-0.0313116386971025,0.0260877154011842,0.0011162808593089,1.1343796443646272,1.2743622341279264,-0.4521395047628207,1.0464723388300292,1.003555496788202
2020-04-15,1.3079469901471172,0.8493117681909489,1.2305078064529515,89.97,ST/MT Ratio (Expanding EWM),PNC,0.0738053819738183,0.0091023057297954,0.0451854542402959,0.0110743625904417,-0.023265583045695,0.0012269702903972,1.1018093229702255,1.18865185440188,-0.4364595177184052,1.1631081813784911,0.9723892255912008
2020-07-15,0.8236797177974563,0.8917009197847723,1.317486197255063,112.97,ST/MT Ratio (Expanding EWM),PNC,0.2446310406197996,-0.0510510440249031,-0.0623558573398852,0.0014749007036154,0.0247193125147692,0.0011292722283562,1.118903610259243,1.082792143851202,0.3130891742326049,0.947471778802264,0.9670457024586516
2020-10-14,0.9216091027217692,1.0276685300124624,1.1692582828164095,114.18,ST/MT Ratio (Expanding EWM),PNC,0.149866734215737,0.0561626820465521,0.0500030110388897,0.0155060117359142,-0.0266584106777463,0.0027245917787231,1.06475622188036,1.1201721551788482,-0.5116583133950692,0.9338093581314976,0.9289242299091166
2021-01-15,0.978215630997086,1.0980006320774447,0.9714236610644956,145.25,ST/MT Ratio (Expanding EWM),PNC,0.1492260103627224,0.0648557185583432,-0.0387187145735043,-0.0103400076609791,0.0176963972034433,0.0024484854541964,1.0975069389494176,1.1847528340917155,-0.7662760365816994,1.0680810226790918,0.933870462097076
2021-04-16,1.0260921685863638,1.0970546248658983,1.1359365653202946,178.43,ST/MT Ratio (Expanding EWM),PNC,0.2051347541691013,-0.0194476041669535,-0.0039995698770324,0.0335205324703261,0.0184934696175717,0.0018414623075835,1.1614983082435766,1.262846967672053,1.7929319592525204,1.177856676431835,1.2245812121654762
2021-07-14,1.002017506565255,1.0276041068251225,1.0209134762166454,187.11,ST/MT Ratio (Expanding EWM),PNC,0.190897274572234,-0.0115695545977594,-0.0088773326089598,-0.0189193445302961,-0.0447829222915626,0.001081980938361,1.1314154303708197,1.1278831402279734,0.2242367928647035,0.9653397345349264,1.0308800088155716
2021-10-15,1.1991422701266663,1.070646857929839,1.2053933831976107,190.18,ST/MT Ratio (Expanding EWM),PNC,0.2185535447307588,0.0120052886753716,0.0216565980931215,0.0458010071004473,0.0053244811632352,0.0020923767916399,1.051398172035625,0.9690626143329596,0.0345609465492864,1.0404182588386393,0.9932200394098464
2022-01-18,1.1650832333097387,1.0090490415721451,1.408023322018711,192.55,ST/MT Ratio (Expanding EWM),PNC,0.0572077574983312,0.0137059876495458,-0.0439437305565124,-0.0406909127457065,-0.0087124028340078,0.0004353778726641,1.0354574678864246,1.269270411382532,1.9923574628125056,1.099927984244674,1.1330885903935115
2022-04-14,0.8963703479676767,0.9386190132745696,1.415917751689008,185.24,ST/MT Ratio (Expanding EWM),PNC,0.0601337567818711,0.025049049543549,0.0178651799824582,0.0138692516139222,-0.0159691314483843,0.0021434265668574,0.995179163702826,0.974625543853864,2.5788418217074622,0.9745608006038508,0.9365235510312644
2022-07-15,1.0008111794169976,0.9646290878132128,1.416195779117366,156.51,ST/MT Ratio (Expanding EWM),PNC,0.2333456189888902,0.0723571588568222,0.0647292886986055,0.0148857670631655,0.0367713082674751,0.0028715243860879,1.100006071691478,0.9702462137324666,0.4875839981647041,0.908485478487294,0.9548271770161793
2022-10-14,1.1826902022444712,0.999875370823297,1.64006707104354,162.41,ST/MT Ratio (Expanding EWM),PNC,0.0641008044403567,-0.0041931529622917,-0.0368952201377843,-0.016888926698522,-0.0133419785159354,0.0007488008633663,0.8692814523039648,0.9217640511000712,1.6266278264913807,1.1511023387409351,1.0493261625463763
2023-01-18,1.262480611372934,1.1346420012564007,1.438652379939856,150.16,ST/MT Ratio (Expanding EWM),PNC,0.1805656045006956,-0.0259404035588458,0.0096911850283118,0.0136098484465253,-0.0171594232279512,0.0004674817231703,1.1498305906872803,0.9853386298240506,0.3015616942449579,0.9452210979093504,1.1482236781675994
2023-04-14,0.9114306610783828,0.9106918705344612,1.333647890097506,125.05,ST/MT Ratio (Expanding EWM),PNC,0.0509993107459876,-0.0462761729805084,-0.0158594653338982,0.0349879667440039,0.0048923735001273,0.0035794378916948,0.9679478363481228,1.1453133387367596,2.0466996215767344,1.0637109048098845,1.1510521419607151
2023-07-18,0.9117576264890794,1.0796268360277084,1.633106963840452,128.47,ST/MT Ratio (Expanding EWM),PNC,0.0635913450911905,-0.0235825513979671,0.016776616185791,-0.0524204709838516,0.0201397436574604,0.0013882403604954,1.174100125757733,1.0196257238435371,0.4366557545358125,1.115311008512801,1.1445222068221548
2023-10-13,,1.121563426631415,1.4335445503414963,160.0,ST/MT Ratio (Expanding EWM),PNC,0.0833319041817445,0.0008405559494171,0.0045744333224725,0.0155686201872703,-0.0005412146502531,0.0031359478459438,0.8714131618158859,1.0504589240041962,0.8713520524988598,1.0258169513905169,0.9713099233288164
2023-04-20,0.9778541174940012,1.0632715874773553,1.435604906292854,33.7,ST/MT Ratio (Expanding EWM),TFC,0.2304394808462752,0.0648095252231225,-0.0152446072713292,-0.0593317705082519,0.0321592636417313,0.0018460023348021,1.1697720367137048,1.2049275046775905,0.9254233284314092,1.104018308492051,1.2589130688542087
2023-07-20,1.140685672927929,1.0381261475982442,1.379820072362202,31.35,ST/MT Ratio (Expanding EWM),TFC,0.1703780475978338,-0.016116395466266,0.0186361685461322,-0.0211416200880802,0.0162743915491022,0.0018380451830586,0.8544696569446285,1.000149220282791,1.17080498902658,1.1397031114057077,0.914501958176611
2017-04-20,1.0822042602105082,1.0399185363387953,1.5995740265813256,16.9,ST/MT Ratio (Expanding EWM),KEY,0.1770638697443047,0.0098325783073614,0.0581304432936022,0.0437291591225236,-0.0514552829932857,0.0024384126994966,1.193607260078544,1.0819626411529588,0.436924562486892,0.9878173313519316,0.9697426830603488
2017-07-20,1.1754501621006728,1.0803348429562547,1.5517982433786928,18.57,ST/MT Ratio (Expanding EWM),KEY,0.1718866165047878,0.0014251986374536,-0.0017271137518189,-0.0115445508348013,-0.0102366740876752,0.0011160011432535,1.1166295635720112,1.2821656658984386,0.6545790193815928,1.185726208426037,1.2295190461740138
2017-10-19,1.0616261762809371,1.1546831472642387,1.3636594212088162,18.12,ST/MT Ratio (Expanding EWM),KEY,0.2107589165232181,0.0435937645706829,0.0255927382644454,-0.0263469991102243,-0.0110460524837924,0.0021324971434956,0.9924204509905272,1.1696104716504532,0.7399367166818518,1.0676170224637658,0.9232185348074016
2018-01-18,1.0161939284184844,1.153196694159908,1.4754676413674477,20.12,ST/MT Ratio (Expanding EWM),KEY,0.2082312947479982,0.0904426349055767,-0.0347981887361349,-0.001948443224617,0.0149840238357355,0.0016185105851759,1.0785053901202133,0.9211298577936547,2.268339787678598,1.1474840788381673,0.994830915022486
2018-04-19,1.3629729596411628,1.0961320909506989,0.6636158362845136,20.93,ST/MT Ratio (Expanding EWM),KEY,0.055898142030851,-0.0165804070522112,-0.0246930913045402,0.0546976584540888,-0.0626204264093528,0.0006795065565949,0.9294651124143202,1.0925241514233173,1.386651627729926,0.986206098522599,1.13699456185277
2018-07-19,1.0108675349211198,1.1244608191345906,1.6688403346185936,20.57,ST/MT Ratio (Expanding EWM),KEY,0.2213224388565245,-0.0151303804881377,0.0181721883364113,-0.0427920561801506,0.066725242717943,0.0023374820747263,0.9191148292917196,0.9221962884284244,-0.9898898006723642,0.9303453173755286,1.2169002800656072
2018-10-18,1.1412713331177706,1.1472095900765416,1.3680507175700152,19.74,ST/MT Ratio (Expanding EWM),KEY,0.0956692338208193,0.0385456306974175,0.0485234808560789,-0.0232827477909836,0.0162756523723552,0.001736692193122,1.1845725249533348,1.0707864797124875,1.050735813799771,0.944054450722028,1.120412541072063
2019-01-17,1.1431761240906104,1.007199264096244,1.21440493230223,14.78,ST/MT Ratio (Expanding EWM),KEY,0.1140407123522894,0.0258662021369209,0.0146684004635697,0.0404357920794906,0.0067219200979422,0.0018429751715552,0.8578619608027908,1.144485732479532,2.7330346703234154,0.958709561790912,1.2058254872228409
2019-07-23,1.150643990834417,1.0109948197012848,0.8901210396386986,17.1,ST/MT Ratio (Expanding EWM),KEY,0.2049941412172677,0.0666347564007611,-0.0053917409156946,0.0494425585884433,0.0325391929104786,0.0007898390565858,0.8094009691273296,1.0501988965286484,-0.5570059686779638,1.0057426324787098,0.9694147678555536
2019-10-17,0.8818130363457378,1.0253296430180912,1.0408158894442496,18.13,ST/MT Ratio (Expanding EWM),KEY,0.09678114238756,0.0224374864864087,0.0039787421627006,0.0004142193927429,0.0615913513203156,0.0035914003677628,0.949321996049155,1.0670091224430125,0.2023644911236735,1.096986584841939,1.267540820503564
2020-01-23,1.0242635910131574,1.1809294729884523,1.018475803714718,20.35,ST/MT Ratio (Expanding EWM),KEY,0.1846722866401249,-0.010575223177547,-0.0335122320190915,-0.027976317563166,0.02476866611471,0.0028767141863861,0.960238149642109,0.9769372625900086,0.0828910327839334,1.1562002470489106,1.1286558893080592
2020-07-22,0.989271767595342,0.9731227725918108,1.180918015259756,13.39,ST/MT Ratio (Expanding EWM),KEY,0.2482852496680568,0.0226729190742308,0.022135459790661,0.0553960875452289,0.0267203274117905,0.0029641558841719,0.982004412922783,0.9598546886035708,0.7989092332951278,0.983547601007216,1.2772652511413398
2020-10-21,1.1819948614920155,1.0377970271024295,1.055370882992236,12.05,ST/MT Ratio (Expanding EWM),KEY,0.056149297455133,0.0408046253204017,0.0304699918697022,0.0428610597937299,0.0062672506116095,0.0016945552975583,1.1536280437662925,0.9335610167312792,1.0666139570449715,0.9675175036544016,1.0643108358097162
2021-01-21,0.7851950085297754,1.0728834042518698,1.2118039668035694,15.74,ST/MT Ratio (Expanding EWM),KEY,0.1223618020077755,0.0307168763419077,-0.0095627099849924,0.0199736746940558,-0.0005381438341737,0.0002708171104965,1.1507391993005824,1.111005807955418,0.3368611734830393,0.9623665062314992,1.2201299437625956
2021-04-20,0.9045424947407316,1.0666380734212548,1.1560209523854896,19.92,ST/MT Ratio (Expanding EWM),KEY,0.0978526594482989,0.0197545910887554,-0.010101264432785,-0.0173100587234355,-0.0088948861001225,0.0039529173824895,1.0498072061457389,1.0872261841704924,-0.1300625845480878,1.0002739122471394,1.2839373706954074
2021-07-20,1.0713387264441796,1.073292325371095,3.293966142807987,20.59,ST/MT Ratio (Expanding EWM),KEY,0.148794686264938,0.0393336141356203,0.0119763468895614,0.001774266479049,-0.0176527997928635,0.0019389024919941,1.0080359750423338,1.0602797124973011,1.0856881693932956,1.1336965517698825,1.0360435746011476
2021-10-21,0.8119595312532955,1.0300631914881508,1.048685242577288,19.93,ST/MT Ratio (Expanding EWM),KEY,0.0640158768926055,0.0429253456655985,-0.0091015920812178,-0.0010090020261207,-0.0141753524924874,0.0012512002039799,0.8714824483730436,1.1339744473356193,1.6608164139242687,1.113815400887565,1.252795036306452
2023-04-20,0.7104544721412068,1.011669975626838,1.255218258299361,12.76,ST/MT Ratio (Expanding EWM),KEY,0.1816288845144545,0.0503755646863134,0.0020160215612253,0.0112712826153894,-0.0307638991085745,0.0024168015744831,0.9484696482756452,0.9301419584915568,2.833394334523769,1.0305035782312426,1.1493030038692529
2023-07-20,1.060404320339848,1.1383132909214375,1.2422993175602115,9.85,ST/MT Ratio (Expanding EWM),KEY,0.2190205042829112,0.0247048460656374,0.0669916536749954,0.0392750359532833,0.0011032137328744,0.0031671207880032,1.066522129251317,1.1186054834804815,-0.1789698810549196,1.1265429150348425,1.2215007897216328
2015-01-20,1.1963213821533416,1.175746664248108,1.3293765888943827,106.74,ST/MT Ratio (Expanding EWM),JNJ,0.1699844606062503,-0.0038491328110899,-0.0034107710223798,0.024985426028435,-0.0391166894306596,0.0019769494439145,1.021190234406976,1.0954244642339366,-0.5442472674880587,0.9251854984499353,1.0358259382254116
2015-04-14,0.9078059654140684,1.0301935576527093,1.3776454183103053,101.06,ST/MT Ratio (Expanding EWM),JNJ,0.1634799920037565,0.0071349790251662,-0.0067502045606366,-0.0239344019246189,0.0077729131035927,0.0032785751679393,0.9243384622069574,1.2814625803853086,2.134490969773719,1.097977288577718,1.107059235607042
2015-07-14,1.1629013690139376,1.0799863768258828,1.7426121024006107,97.49,ST/MT Ratio (Expanding EWM),JNJ,0.1633649398230059,0.0442278138277924,-0.0154262541690547,0.0374124112504884,0.0020917347989414,0.0030829999385168,0.8669470122906605,1.2913826688737136,0.5001627929608401,0.9320776807341734,1.0975195582862984
2015-10-13,1.0557855327473744,0.9750139307522948,2.512857142857143,93.32,ST/MT Ratio (Expanding EWM),JNJ,0.1422489349659822,-0.0265927484845532,0.0263257591449981,0.0108283035003288,0.0066733824596671,0.0009236188125979,1.1495992046452332,1.254916400710932,-0.956136335774211,1.1658887234254198,1.0085936869999437
2016-01-26,1.476541040657955,1.092788802628845,1.626371684022919,103.22,ST/MT Ratio (Expanding EWM),JNJ,0.068261235708704,0.0149035658105515,-0.001436725196543,0.0201766448964729,-0.0100532892504998,0.0013262098943405,0.8155889455873693,1.2391161081451498,2.455467023952833,1.078869323952705,1.1297735029185434
2016-04-19,0.8159133891833799,1.171210004235331,1.967871139084716,107.28,ST/MT Ratio (Expanding EWM),JNJ,0.1956638573790849,-0.0117668584314576,-0.0154811911496427,0.039663521481965,0.0799215092545126,0.0029575371632797,1.1252481090485678,1.214523821084112,2.5604218937708163,1.065824234279011,1.2870588370931235
2016-07-19,1.0897369374814243,1.0568551983758705,2.8032355639114845,116.54,ST/MT Ratio (Expanding EWM),JNJ,0.0652089145940495,0.0030060688027186,0.0436391209681903,-0.0247895062378387,0.0370028975045078,-0.0007126125638104,1.1984587323733351,0.946617843999453,2.3981750382164884,1.0499466773245767,1.0550265353199328
2016-10-18,1.4567319571655215,1.1637703069227308,2.122457524405562,117.66,ST/MT Ratio (Expanding EWM),JNJ,0.0646256722948773,0.0467458151912554,0.0465880901354091,0.0021043605323384,-0.028113562502118,0.001850544306835,1.045228923953086,0.9223862229048028,1.0258444750683196,1.161267171008,0.9853846064555876
2017-01-24,1.1024116866113831,1.2045396194010916,1.4818832367321826,115.96,ST/MT Ratio (Expanding EWM),JNJ,0.1741322125016115,0.0086884673806966,-0.0140127069721611,-0.0102863637839803,0.0088217021856724,0.0005691687983753,0.97055595790777,1.2757923550859502,0.7142553512227892,1.0075102896997197,1.0762146592493511
2017-04-18,1.320413361383474,1.1271872852426992,1.2608258403082844,128.07,ST/MT Ratio (Expanding EWM),JNJ,0.1702309713605201,0.0036252791854652,-0.0519961985408184,-0.0361964856341364,-0.012200153573433,0.0015234461985664,1.0077811066070226,1.1527965376525875,2.2027712036669245,1.0356306617292943,1.2269923740360562
2017-07-18,1.1184561034033174,1.1499110548997171,1.2086192871043278,134.07,ST/MT Ratio (Expanding EWM),JNJ,0.1338179828680011,-0.0455949649342971,0.0342254106951076,0.0116677494401229,-0.0223619931676853,0.0017011799109707,1.0134882645408323,1.035392204147191,1.6318033124776568,1.115316676423047,1.123219590251795
2017-10-17,1.2847963538020657,1.1977628254941657,1.094935767292075,135.38,ST/MT Ratio (Expanding EWM),JNJ,0.0950077747407996,0.0281188748109527,-0.0165388947728001,0.0657889137896105,-0.0305018017780983,0.0016417556220924,0.8226459892538894,0.96795315006433,0.1411908835609128,0.984787681785448,1.1693683200987484
2018-01-23,1.511169278410568,1.3048756854162529,1.754146150949186,140.12,ST/MT Ratio (Expanding EWM),JNJ,0.0892025002033767,0.0245919463399376,0.027718767974883,-0.0430019436126438,0.0138054172689813,0.0014477387478873,0.807339464669453,1.202272710819808,0.0613698992277327,0.9930065538648308,1.1111639311775698
2018-04-17,1.0863785323866983,1.0821179873545044,1.2094675664241574,130.24,ST/MT Ratio (Expanding EWM),JNJ,0.0593874240277248,0.0777139153156911,-0.055103114531355,0.0021929847237632,-0.0140345058767393,0.0009028563503711,0.886370240375583,1.253788525430211,-0.6585248826937389,1.0333147086903194,1.239768907781956
2018-07-17,1.403506506462408,1.0948641651588342,1.1586330625933192,121.32,ST/MT Ratio (Expanding EWM),JNJ,0.0583311368754881,-0.008772238223355,0.0307779201489792,0.0190135733768693,0.0271956506006301,0.0042919112668186,1.0463375577684944,1.0169318063370534,0.6830408311058429,1.1120083141027544,1.2893042973455595
2018-10-16,1.175803255557891,1.1691061438927888,1.3758509719319132,139.96,ST/MT Ratio (Expanding EWM),JNJ,0.2258382674492834,0.0096702614682378,-0.0323351578784234,0.0060769550414045,0.0278445553632609,0.0038674620041613,1.1572554873517733,1.0369731233529509,2.99279151715143,0.9010513990593176,0.911051902323366
2019-01-22,0.6260753595204203,1.002487179529577,1.4566446811654556,122.84,ST/MT Ratio (Expanding EWM),JNJ,0.1242066001629148,0.0107284289298764,0.0259229235719957,0.0001717986871064,0.0373478596302862,0.0008379341797437,1.1295362060684777,0.9797850747332209,-0.7569229264150366,0.9711444219709506,1.0704400615923442
2019-04-16,0.9705702813653072,1.0902465450632997,1.642416862891878,137.17,ST/MT Ratio (Expanding EWM),JNJ,0.1874346074787742,0.0572108647917216,0.004428192035093,-0.0294804090861456,-0.0183096691518525,0.0035821167513035,1.092226508173362,1.1497342106204822,-0.0495151297583182,1.0509811344301754,1.2704856421594275
2019-07-16,1.1908951441707896,1.0730104619759169,1.928769855049458,139.44,ST/MT Ratio (Expanding EWM),JNJ,0.2177340459947335,-0.0013353436335433,-0.0246181825818993,0.008819668573504,0.0148841402673002,0.0016005345095271,1.1260031107935031,1.0292759139327174,2.929058245422785,1.1125861201305394,0.9249797422667128
2019-10-15,1.2357429204739283,1.1239870673649444,1.2746661515254891,129.54,ST/MT Ratio (Expanding EWM),JNJ,0.0603676295417683,0.0117657534019618,-0.0082110893878034,-0.0159190994253981,0.0188113554160575,0.0021291874733317,0.8140642853154555,0.967363179604012,1.9114234722005872,0.9551216777527284,1.1045947076835334
2020-01-22,0.7200497225591226,1.1833852293940386,1.1729170813075167,146.44,ST/MT Ratio (Expanding EWM),JNJ,0.2217387055417223,0.0232763778400788,0.024589553708701,-0.0517480426244638,-0.0088544543775991,0.001936726040103,0.8373040480723327,1.268354463132078,0.3758424543342702,1.1724396169681892,1.2779502567642178
2020-04-14,0.9950307384973568,0.94667338777801,1.213838621671228,127.13,ST/MT Ratio (Expanding EWM),JNJ,0.1384957231708535,0.0085313193104725,0.007176833593457,0.0328648055128432,-0.0162942989348218,0.001340251358746,0.8024514589254723,1.085654074879493,-0.9013757771724284,1.1726078298908718,1.1073630178938303
2020-07-16,0.8236207543288402,1.0257282009191764,1.2614683021819817,144.46,ST/MT Ratio (Expanding EWM),JNJ,0.1859856314673326,-0.0136251765092684,0.0215323894141745,0.026959645496051,0.0432380166443993,0.0029838523436061,0.8299776050793988,0.9441106913106267,0.5340360979709562,1.1820702578618667,1.1771636606272324
2020-10-13,0.9469843008697232,1.0685557182899377,1.4392802899712078,148.35,ST/MT Ratio (Expanding EWM),JNJ,0.1716216154641849,0.0087931497514407,0.0632932175354645,0.0042915244212769,0.0086873968933013,0.0021258865305766,1.1470475464756529,1.046582658535992,-0.8271452018000067,1.1922952911613245,0.906869196264948
2021-01-26,1.1480398238087084,1.1815480369428175,1.0119780316862006,153.19,ST/MT Ratio (Expanding EWM),JNJ,0.1870792694243667,0.039577111245092,-0.0429272483513315,0.0087268672051425,0.0188991937677934,0.0015234485767807,1.1790606612324357,1.047470969539658,-0.959638379912474,1.1067471695173523,1.2922161216125416
2021-04-20,1.16994041553012,1.144997778542366,0.9966792996461225,160.5,ST/MT Ratio (Expanding EWM),JNJ,0.0610597512892012,-0.0339280354793871,0.0525163772490587,0.029857950317889,-0.0175519002956981,0.0006954105561995,1.186250289135037,0.9643748044809674,-0.2750087757353801,1.069661674385898,1.15492193057133
2021-07-21,0.7339516174646677,1.1515062976449304,1.396779886311568,163.84,ST/MT Ratio (Expanding EWM),JNJ,0.184672617470292,0.0066539385951406,0.0071306781256963,0.008608491419452,-0.0274821116630548,0.0011064049862808,1.0957671654663463,0.972420144188859,2.836028347057738,1.091621776886771,1.238818767548222
2021-10-19,1.0953484390797117,1.0035382466317315,1.6762905676715028,163.81,ST/MT Ratio (Expanding EWM),JNJ,0.1509731064821934,-0.022504228522871,-0.0229635214496938,0.0256004388690328,-0.0112362443623027,0.0003586198843979,1.0160262861136686,1.065710739035953,2.908731626379984,1.0746364112459508,1.2467494331196716
2022-01-25,1.1818250185982528,1.0624642064160597,1.5884817258149948,169.67,ST/MT Ratio (Expanding EWM),JNJ,0.0672040119627715,0.0438266320123694,-0.0359094087721696,-0.0044370550218462,-0.0001005346847499,0.0020122235484151,1.181316958546516,1.1701418508034638,1.1957547140746998,0.9010532552731952,0.9160078562956024
2022-04-19,0.8199462752815175,1.1386776988332676,1.417744990795336,175.83,ST/MT Ratio (Expanding EWM),JNJ,0.1157186999800141,-0.0513115416674321,-0.001673611723311,0.0357995934643486,-0.0236055001704337,0.0008033344077156,0.8803404864204466,0.974403372742398,0.0190351807993813,0.9914803913092982,1.0440261974202911
2022-07-19,1.0258227355106848,1.0543795867047725,2.2505149147727272,169.46,ST/MT Ratio (Expanding EWM),JNJ,0.0504778271782741,-0.0175622646545055,0.0316495033577337,0.011019643148317,0.0027538797837404,0.0017344394874814,0.9682150760275506,0.9395465353824058,-0.8305522721888718,1.102183334721907,1.1149339299372312
2022-10-18,0.979516310508298,1.0214565345933753,1.27485090298194,166.28,ST/MT Ratio (Expanding EWM),JNJ,0.09987346416465,0.0152024156272582,0.0001735263886739,0.0078512985901468,-0.0392126297017125,0.0033701018536103,0.9776576808880478,1.153775976467341,2.310717628814162,1.0283078727348614,1.1564477860207918
2023-01-24,0.9160260814010556,1.1886122733584987,1.2976414894767274,177.48,ST/MT Ratio (Expanding EWM),JNJ,0.2071429005491431,0.0567933410232019,0.0493346479074204,-0.0287515272178008,-0.0250011855617468,0.0031992995729215,1.1814288895340634,1.2358497983446244,0.7040032420096378,1.093415051344423,0.970828368766376
2023-04-18,1.181209459349503,1.0537632279125644,1.3436927910811431,153.89,ST/MT Ratio (Expanding EWM),JNJ,0.0936825807620415,-0.0003012591375545,-0.0395352707015467,0.0101738963575427,0.0197727812069218,0.0019677231058973,1.024208873958036,1.292531316455377,1.073260460810089,1.1782914897570442,1.0629339682013044
2023-07-20,1.492368109935846,1.1976229358429926,1.9534620440230068,164.13,ST/MT Ratio (Expanding EWM),JNJ,0.1927230175482553,-0.0174319834342619,0.0036373315646183,-0.0177988729373612,0.0180947630069473,0.0019129152738568,1.1995379308738523,1.1316880140910233,-0.8309240230562618,1.0760264390074163,1.0098290782718389
2015-01-27,1.0816412324250269,1.0829152023036974,2.0424822401725464,31.39,ST/MT Ratio (Expanding EWM),PFE,0.1545311194565112,0.0678404974304206,-0.0335718033323935,-0.0129570681632123,-0.0067969191346716,0.003879874549421,0.8129925288143579,1.2283413218778654,0.1029185479230236,1.1389645662139496,1.015287033182347
2015-04-28,0.9122856334869826,1.0333308948620696,1.564731597442812,35.0,ST/MT Ratio (Expanding EWM),PFE,0.2177922308100905,-0.0486804865145685,0.014908956478749,-0.017384390707903,-0.0224441077269238,0.0025207561203587,0.8777305415495097,1.289574229641771,0.4465813110200782,1.0804128634329482,1.1439925971257887
2015-07-28,1.1382541755629294,1.0172184404250786,2.0276595479111803,33.59,ST/MT Ratio (Expanding EWM),PFE,0.0781176817249551,-0.0749582084817028,0.030606621702919,-0.0236558732974806,-0.0226850887881502,0.0016721935401234,1.0241893928694008,1.265878297408486,1.697764285467474,1.021119901231479,1.2449521538097097
2015-10-27,1.2638659690188998,0.9147257551715336,1.4992428152046091,30.82,ST/MT Ratio (Expanding EWM),PFE,0.2225855404842684,0.0174005057518666,-0.0086228538104315,0.056119285075424,-0.0063317061485328,0.0005739818828795,0.8724251596463858,1.117694703044167,2.8022014877750254,1.087619288964124,1.2267873801899505
2016-02-02,1.2311556891179338,1.0375759253878465,1.2814944433068376,31.95,ST/MT Ratio (Expanding EWM),PFE,0.1902596220459482,-0.0155718978523413,-0.074126415698814,0.03628347654971,0.0191129622911322,0.0023938732181647,1.061424290218077,1.235748345415156,2.7779515193809745,0.981876518259821,0.9678644325026876
2016-05-03,1.022496416553034,1.0108077326920155,1.0945348289052743,30.72,ST/MT Ratio (Expanding EWM),PFE,0.0552464702374706,-0.0337431485995749,0.0099684444038948,0.0510091875536065,0.0262061422836081,0.0028293237725828,0.993596300133016,1.1807449707296864,-0.0912349872711355,0.90123043512905,1.037174046334682
2016-08-02,1.344919834203922,1.2026176854020785,1.6073958202293896,35.57,ST/MT Ratio (Expanding EWM),PFE,0.20625367221232,0.0267924756554773,0.0171021565520052,-0.0275723754888891,-0.0094132933870492,0.0013683484754863,1.1875437341871151,1.1779869842423387,0.6053017757648957,0.9577728292040522,1.042435869501899
2016-11-01,1.1955807096405622,1.1577402882168226,0.7709200889280112,33.68,ST/MT Ratio (Expanding EWM),PFE,0.2474562931031275,0.0105330249819919,0.0161288426488509,0.0047813437477723,-0.0258373106496195,0.002291202755138,0.8679357733204992,0.9425223285251806,2.626969490290215,1.199295101512642,0.965645775838316
2017-01-31,0.767179741696912,1.0955571079040365,0.6658941737009353,32.48,ST/MT Ratio (Expanding EWM),PFE,0.1885282673619874,-0.0177427520757854,0.0410734657546646,-0.0293376906301023,0.0096960909466583,0.0016364267050849,0.8218090235513119,1.031892442858485,0.8466367230456613,0.9614463741227564,1.0205699647194235
2017-05-02,0.7678903075844108,1.1857816321919044,1.7749036357342751,34.24,ST/MT Ratio (Expanding EWM),PFE,0.2370041555630951,-0.0428106539534813,-0.0281316103894714,-0.0143923719299266,-0.0175883742656462,0.0018159676008009,0.8803482942766631,1.2097042273729806,1.850311772989043,1.0904854547282945,1.054887142831682
2017-08-01,0.985048949649483,1.11690332252788,1.1498922645544298,33.82,ST/MT Ratio (Expanding EWM),PFE,0.0884220204405991,0.032536006489805,0.0244064831635134,-0.0199531745854143,-0.00995631597153,-0.0004878220575623,1.1636163765256944,1.287813016614008,-0.305442749498352,0.9669037924235634,1.110252411200148
2017-10-31,0.9586307209655784,1.1105651627743158,1.1480242729283787,36.07,ST/MT Ratio (Expanding EWM),PFE,0.2313331302463903,0.0247570412285531,0.0397752253743392,0.033989600161039,0.0361319022609259,0.0017782185962838,0.8365002277128981,1.0745793595292452,1.3271650591108406,1.0566220713412,1.0323634332312104
2018-01-30,1.52164165111609,1.2659548140648458,2.353529564990883,36.22,ST/MT Ratio (Expanding EWM),PFE,0.2120062862250575,-0.0014711552322784,-0.0493576275201955,-0.0069057419525439,0.0236778857141442,0.002969369302408,1.0169783224308828,1.2835203817035392,-0.1759303828344958,1.096449407518201,0.9173586776624209
2018-05-01,1.258698189145935,0.900864566561069,1.82192137949014,35.05,ST/MT Ratio (Expanding EWM),PFE,0.2347581334015933,0.0666322948616683,0.0135895547775693,0.0297094833423504,0.0069493578062862,0.0013685974444334,0.826566561792574,1.120731289689434,-0.5802432786882021,0.9067040365280572,0.9686051990592088
2018-07-31,1.3967874659110298,1.1487200433586462,2.6141002896071015,36.33,ST/MT Ratio (Expanding EWM),PFE,0.2318266470222929,-0.0354529668214153,-0.0111253949302301,0.0181030222397129,-0.028797975027818,0.0020525263682153,1.02593966839983,1.181336381807573,-0.19008574343448,1.1004778311624523,0.9729905324396918
2018-10-30,1.246629741100281,1.1226213748480611,2.0585579937304077,44.27,ST/MT Ratio (Expanding EWM),PFE,0.197375756106141,-0.0513933809823658,0.0015543198069506,0.0605909688026197,0.0082849141867664,0.001244049293308,1.0453829706525029,1.0647838719583196,1.615198037334467,1.1985158257437742,1.2751267860930249
2019-01-29,1.2651669553388425,1.031642467306513,1.4963054340131887,43.65,ST/MT Ratio (Expanding EWM),PFE,0.095730416706414,-0.0222167824458435,0.01443029450615,-0.0339861055784931,0.0295664322696881,0.0023604416762927,0.8017127031344415,1.2541755057449224,-0.7340368193009339,1.1859139758479535,1.0127302716398738
2019-04-30,1.1722518344822948,1.077477862745171,2.085066338576131,42.84,ST/MT Ratio (Expanding EWM),PFE,0.1562669964956163,0.0004044894275575,-0.0106168569234065,0.0344808309946699,-0.0063908416441383,0.0017834768024638,0.9528139321645084,0.9366552820702913,-0.5509089666843616,1.118022169568796,1.2777328942993167
2019-07-29,1.4946154664631253,1.112644235093335,1.6267826820416635,43.32,ST/MT Ratio (Expanding EWM),PFE,0.0692386572786815,0.0105168807262942,-0.0162712423748483,0.0316610217600181,0.0367778522496678,0.0010607584593179,1.044299397981724,1.1863400062107246,2.047878978388614,0.9788442823658824,0.918091852368086
2019-10-29,0.9742167483553706,1.1487440693089606,1.4098024815430403,35.93,ST/MT Ratio (Expanding EWM),PFE,0.0889254194345685,-0.0064432620249715,0.0050245725246407,-0.0213344709506758,0.0353186322379551,0.0033325514676651,0.8007490975676674,1.0402597131816076,-0.0341430872031356,0.9186953175147556,0.9718113169974668
2020-01-28,1.5439488382283078,1.1448865909524475,1.7708027396294683,38.91,ST/MT Ratio (Expanding EWM),PFE,0.2234403262895169,0.0143219388780003,-0.028617378165884,0.0281783334118289,0.0445933208035868,0.0029289320135322,0.8497995593071792,1.265951352246948,-0.4389311461633243,1.0612945391963038,1.1372423820448658
2020-04-28,0.7480713063791754,1.0034486573748802,1.274779009079548,32.67,ST/MT Ratio (Expanding EWM),PFE,0.0533271410792763,-0.0418038798466655,-0.0285747538665555,0.0114036240756557,0.0106310781632838,0.0013950932360718,1.0173957830834537,0.9396225736863952,0.2751934470022048,0.915381099738946,1.0582679656385263
2020-07-28,1.102620485363321,0.965941635327372,1.1416336432263023,32.64,ST/MT Ratio (Expanding EWM),PFE,0.1422616818341129,0.052531761142564,0.024381198488695,-0.0026869064988351,0.0176847924951503,0.0024977883094177,0.8754395725086368,1.124653013313752,1.771233575396402,1.059635958061412,1.0736946786445585
2020-10-27,1.1200206599542115,1.1777516012860507,0.8918988190919792,36.39,ST/MT Ratio (Expanding EWM),PFE,0.0916514493902681,-0.0008752912437399,-0.0304638210547596,-0.0175983871742999,0.0383546822082772,0.0025374120028203,0.954933368342677,1.2366767072388016,-0.1225277397389197,1.1202655018586607,1.2029929298960476
2021-02-02,0.9365736131726088,1.0576182038045832,1.061722825396911,36.81,ST/MT Ratio (Expanding EWM),PFE,0.2137453249563117,0.0411053541055844,0.0239893750272763,-0.0149777362862296,0.0141848484267243,0.0026423012350111,0.9676800029082938,1.0189202396902557,0.8821659441839009,0.9279641777678096,0.918372012891636
2021-05-04,1.141618694846551,1.5768644610931837,1.493023659688041,36.28,ST/MT Ratio (Expanding EWM),PFE,0.0710248959497192,0.0139953871232196,0.0178777387856185,0.0542453023946481,-0.0095308526947553,0.0003057441040049,0.8446412797807568,0.9748580125848904,1.016707281352172,1.1547409908483366,0.9942569327998748
2021-07-28,1.2913536093794808,1.1901412778012366,1.1601942737679425,39.12,ST/MT Ratio (Expanding EWM),PFE,0.0940512408014701,0.0179863626703824,-0.0477742018637179,0.003017070473937,-0.0082135709131965,0.0030066065410326,1.1740648042987112,1.2819631635740014,2.835618419380821,1.1512688204028971,1.0455300163190884
2021-11-02,1.3853939981104757,1.0118129408457628,1.2877447576492531,42.42,ST/MT Ratio (Expanding EWM),PFE,0.1097410523343253,0.0219418548081271,-0.0163269395700696,0.0225532500382864,0.0089638738443434,0.0014303010370742,0.8290735644010493,1.127527492706598,1.234725775748935,1.1549927301328786,1.2983964203784422
2022-02-08,0.8185212201431266,1.0150794849252578,0.9626077903047772,56.24,ST/MT Ratio (Expanding EWM),PFE,0.1287160247053267,0.017669799600606,0.0398232820914211,-0.0167724845416888,-0.0292640355486554,0.0016421720665587,1.003262922624059,1.0380816124159138,-0.256393153774932,0.9014399474452112,1.1036454769955517
2022-05-03,0.9702143704962192,1.0919261040940558,1.330489417521727,50.94,ST/MT Ratio (Expanding EWM),PFE,0.180433960213028,0.024495296595364,-0.0254349659341904,-0.0164963236555409,-0.0005814728841048,0.0046378817522602,1.0222074666810383,1.229975391926959,1.0183078715712024,1.174940504599817,1.1512333906285743
2022-07-28,1.0883808732599392,1.0671658059704685,1.3071901818086964,50.66,ST/MT Ratio (Expanding EWM),PFE,0.108802696294105,0.0485203385546351,-0.0099321278692816,0.0300496202312485,0.0304136779557563,0.002301873380721,1.1361344952884331,0.9593206939230988,2.421344521209259,1.1025431563331545,0.9680932129753322
2022-11-01,1.06731976639046,1.0675547463074813,1.4121401796449538,44.14,ST/MT Ratio (Expanding EWM),PFE,0.1503565797109281,0.0088782409395514,0.0178618267975568,-0.0307394052887883,-0.051781346279132,0.0016136775245528,0.8759054232584044,1.2706002476176883,-0.8711385581985085,1.0387604829887118,1.0253901159736407
2023-01-31,0.8257833298665633,1.0766727838839512,1.198191282808801,51.24,ST/MT Ratio (Expanding EWM),PFE,0.2450840856776957,0.0268151315155979,0.0275017152784778,-0.0073803441976317,0.0413620525448628,-0.0002052943727559,1.0660309759993711,1.235851755027597,0.4415124862262782,1.028070626196851,1.2927671138005656
2023-05-02,0.9097057999209472,1.189878097910149,1.3812732028349646,41.35,ST/MT Ratio (Expanding EWM),PFE,0.0955058471586526,-0.0011407493000529,-0.0035461665813348,0.0038506852768058,0.0310593554675789,0.0033897641339463,1.1135666038716812,1.2588816523727169,0.7550488826065189,0.9702228611952346,1.0647453861545808
2023-08-01,0.8295930795602598,1.2396725201420775,1.3277318997855792,36.65,ST/MT Ratio (Expanding EWM),PFE,0.1129076770661209,0.0524041025407315,-0.0139253058407492,0.0057843150460013,-0.0084941153957619,0.0006547903291913,1.0864367671326054,0.9437721619343916,0.0818764224660353,0.9139907701384772,1.072939095335253
2015-01-21,1.2807828120340785,1.2116484348589651,1.0236251460918926,103.04,ST/MT Ratio (Expanding EWM),UNH,0.239061101920999,-0.0216737305720744,0.0466710958509552,-0.0014773321254039,0.0165847706967952,0.0009965610965004,1.1309782943918452,0.9098654753192044,1.701294107228664,1.1797487623541218,0.9947711446044728
2015-04-16,1.3253260266883384,1.1140591563554272,1.098633669623166,117.6,ST/MT Ratio (Expanding EWM),UNH,0.1047577993205852,0.0650329151518785,0.0561669899139273,0.012895494527398,0.0030786931726581,0.0016686477009121,1.0774539362910591,1.29004076044008,2.849112240609853,0.9704787579087428,0.9401324212848275
2015-07-16,1.0258310680301963,0.9922989343250193,1.7047840346704388,121.55,ST/MT Ratio (Expanding EWM),UNH,0.2011083564370988,0.0005944717274479,0.0333657415234538,0.0203213938954452,0.033749759210967,0.0034164117917002,0.8593130151583664,1.180814267392857,1.9030355018131024,1.1022709684884595,1.034431355096895
2015-10-15,1.2420462395424938,1.0385788661961748,1.3955861084047902,120.03,ST/MT Ratio (Expanding EWM),UNH,0.1061131777068704,-0.0480771285741316,0.0065595442769507,0.0213659386364832,0.0275670785692485,0.0027732399866657,0.8679107759032488,1.1323044367809012,0.934721783031466,1.118650244136691,1.0765440314742487
2016-01-19,1.1279056641603538,1.1513403012254138,2.221650096836669,117.41,ST/MT Ratio (Expanding EWM),UNH,0.0597843599428416,0.0064836545218776,-0.0202479716492277,-0.0216450952166956,-0.0320017680795752,0.0018421624901597,0.9354558778745874,1.0173914309436058,-0.1541187198010138,0.9797239128559984,0.9379321755376404
2016-04-19,1.1726483116303952,1.17848829597792,1.710083646948848,126.74,ST/MT Ratio (Expanding EWM),UNH,0.1574584162440157,-0.0218368080116208,-0.0209133321966969,-0.0041038774482199,0.0176815603366044,0.0023082920636388,0.938742804371556,0.9146279249451832,-0.2543446113346927,1.1240311333858286,1.0301875954706492
2016-07-19,1.0506991660601337,1.1823474377196088,1.858752282803955,138.52,ST/MT Ratio (Expanding EWM),UNH,0.2139266761367283,0.0314225242146053,0.0196754231579727,0.0328690715469234,-0.0021406963410811,0.0013996143071288,1.0672948067909376,1.186753670238911,1.324741370928454,1.1876093224096196,0.9085759466492452
2016-10-18,1.5317347576436176,1.1887811959506007,2.1589421570821217,137.68,ST/MT Ratio (Expanding EWM),UNH,0.069809501163698,-0.0208418392755836,0.0165519466266605,0.0253661796893468,0.0050708142629524,0.0021396536895653,1.0954610602352568,1.2835146575761631,2.449086917411757,0.950367807541504,1.0307281225006928
2017-01-17,0.7975338542219989,1.2464706822791507,1.9378619602218303,161.54,ST/MT Ratio (Expanding EWM),UNH,0.0926629482033063,-0.0136164201625172,0.0460479577883928,-0.0313214862870266,-0.0152042975242453,0.0020733367447781,0.8689807359505862,1.1405233455258816,1.8487519279179692,0.9951221308089174,1.1158026295937182
2017-04-18,0.7634612589238445,1.1975998759405502,2.3911049454273643,168.0,ST/MT Ratio (Expanding EWM),UNH,0.1864536088205259,-0.0641339255830936,0.0235135027760841,0.011786997508805,0.0467034267280208,0.0029687698956813,1.076368228028478,1.0685359266444194,2.416062121821837,1.131464980586345,0.9258662175402282
2017-07-18,0.8851257945077952,1.257437963250417,1.1119830536320383,183.02,ST/MT Ratio (Expanding EWM),UNH,0.0967769501177862,-0.0138307211737176,-0.0410924090527945,-0.0464556312343702,0.0290015454975644,0.0029671781224389,1.0484501196363316,0.9941302203839,1.230073058669101,1.18706653278989,1.2516248018209002
2017-10-17,1.5509542371552425,1.286330863889083,1.4304410116626094,198.19,ST/MT Ratio (Expanding EWM),UNH,0.0775832151194841,-0.0828357764320135,0.0355584285316875,0.0041733725515092,-0.0154942790993241,0.0024939773822056,0.9618065612460528,1.0166055433377414,-0.0623770223669639,1.059754460926956,0.9456993813032224
2018-01-16,1.1139024354833813,1.2387615232253917,1.3573002524301634,222.67,ST/MT Ratio (Expanding EWM),UNH,0.1985255494032525,-0.0534365988220003,-0.0259418188194323,0.0504441754186494,-0.0303652651727558,0.0016376524424538,1.0197100032512991,0.9005334557963168,0.2953985229833793,0.9659802941491744,1.2884875159843128
2018-04-17,1.057250080031405,1.0963771934957438,1.2776564641054011,225.05,ST/MT Ratio (Expanding EWM),UNH,0.0639210225412569,0.0286145129650504,-0.0075191381585705,-0.0206973179317246,-0.0066418157744462,0.0027418222943901,1.0908969278279916,1.0398613521848952,-0.628619653877518,1.0550401784071872,0.985379152530417
2018-07-17,1.2866526749873504,1.1905002061407135,1.2484203395130085,254.87,ST/MT Ratio (Expanding EWM),UNH,0.0848509822507872,0.0295030055527791,0.0115060061875508,-0.0178580761372895,0.0138625661522826,0.0019080315337969,1.014571818359343,1.234144941671557,1.4631702084055416,1.0901365258635007,1.1164121156251243
2018-10-16,1.3289386450983791,1.248214182602973,1.817201271783314,263.87,ST/MT Ratio (Expanding EWM),UNH,0.0788796340293994,0.0168910146624737,0.0638700246935189,0.0221007445393214,0.0090051460986555,0.0009180856312868,1.1709062530525636,1.272761073768241,1.0508928042942087,0.9917278461430512,1.0838348023517776
2019-01-15,1.1862022099490772,1.043859238920421,1.498809225369767,258.07,ST/MT Ratio (Expanding EWM),UNH,0.201333438308699,-0.0318441650095224,0.0972975566801608,-0.0355700378802411,0.034328320619206,0.001596712208089,0.8746231648782463,1.1545377261272358,1.0003693431289329,0.930990143343984,0.9790591124478462
2019-04-16,1.3647921645983907,1.126021320866769,1.251811609240245,255.0,ST/MT Ratio (Expanding EWM),UNH,0.1344602365327457,0.0003301025350307,0.0222016917740854,-0.0128188757471259,0.0227479930545213,0.0020845269837843,0.9918527824798108,1.2550355962875437,1.2655628825243896,1.1044605000625412,1.035611419897564
2019-07-18,1.104801463469387,1.151935714771957,1.324467753984064,245.7,ST/MT Ratio (Expanding EWM),UNH,0.2350931630530689,0.0018739111318301,-0.0014958985616116,0.0179110284395438,0.0272392256438226,0.0029102157836647,1.0285645572176938,1.078951929055227,1.6365196504926427,0.9151726698237032,1.0973200864955837
2019-10-15,1.3625994674349948,1.1809759227983758,1.324046025595867,234.43,ST/MT Ratio (Expanding EWM),UNH,0.0630793542218897,-0.0385427641217389,0.0200351694544165,-0.012857146192235,0.0111713850152609,0.0018164718278428,0.9183970500575868,1.0304740245111637,2.8436697262322457,0.9548084438134148,1.024498101031439
2020-01-15,1.1928354164320254,1.255305209270708,1.2812883379415156,292.03,ST/MT Ratio (Expanding EWM),UNH,0.1321049651610589,0.0546189405618502,0.030629662776215,-0.0028992496802742,-0.0317324682552747,0.0007908012887603,1.0039570302923486,1.2452107792598497,0.6666803328254818,1.1231595842664512,1.242549639285921
2020-04-15,1.2429925008078158,0.8339382865426367,1.1635782180654926,225.04,ST/MT Ratio (Expanding EWM),UNH,0.1053377070206051,0.0327076801701485,-0.0056200287667157,0.0216046427578758,-0.0018924632786725,0.0020567416832968,0.9240065423287396,1.057100073415484,0.426224894753425,1.1498567425853763,0.9177387447814404
2020-07-15,1.0425099357816645,0.9828306678681696,1.6347858381511342,286.28,ST/MT Ratio (Expanding EWM),UNH,0.0703527100305188,-0.0057337460840382,0.0578563406773696,0.013538652088414,0.0295022434977166,0.0021134560400565,0.923368435531472,1.171763423038052,1.2617739982613707,1.0308868077881084,1.1159792908885535
2020-10-14,1.0423800176521112,1.0613979902361104,1.6616928201302168,308.57,ST/MT Ratio (Expanding EWM),UNH,0.0769053697362694,0.0029410043648085,0.010902122775742,0.009670459907385,0.0017119267868838,0.0021858376289027,0.8790338343313273,1.072286648643204,1.0068119367053965,1.1703567365863805,1.0043340651215906
2021-01-20,0.9597355096521684,1.0782722083186942,1.086564393541382,336.08,ST/MT Ratio (Expanding EWM),UNH,0.2169958243728252,0.0092933982781643,0.0189322926727418,-0.0054780569817509,0.0155772592155936,0.0029198715159544,1.147131400865973,1.1576965603303928,-0.918636675729596,1.117389401069818,0.914220751019622
2021-04-15,1.016805362913992,1.1037717712416326,1.4223155507734313,354.6,ST/MT Ratio (Expanding EWM),UNH,0.1460097171936487,-0.0694607203948501,0.0239777275616338,0.0122515278817238,-0.0049687078811533,0.0030189232400898,1.1989524507255251,1.2490546750764793,0.1893749901601826,0.9772233690590116,1.0525764328422436
2021-07-15,0.979354113598501,1.196967386731825,1.7006223771772182,400.28,ST/MT Ratio (Expanding EWM),UNH,0.077113216034085,-0.0066512083882208,0.0166475983184336,-9.331700249391762e-05,-0.0227452962135461,0.0014057891276183,0.9424667861257772,1.0489351273541525,0.2731061844779217,1.0863400220544994,0.9657054654882496
2021-10-14,1.06849036070612,1.1208291670857784,1.1207928031440546,412.54,ST/MT Ratio (Expanding EWM),UNH,0.2233164325627114,-0.0218694486799229,0.0291682150140883,0.0144451402481446,-8.360160115276141e-05,0.001383856541951,1.1383925169784053,1.224960993612526,0.9059328314210816,1.1558189895835642,0.9988580280121172
2022-01-19,1.0436691609307625,1.1131680381878053,1.445343193898775,483.73,ST/MT Ratio (Expanding EWM),UNH,0.0584698751757415,-0.033056700346322,-0.0145175955964077,-0.0094233006279494,0.0107261860758163,0.0009598012890445,0.8070261822815868,1.1476831700119292,0.8316376278588615,1.0701493638887611,1.2597357636073612
2022-04-14,0.953309268274915,1.0533391287396623,1.6182101369329611,497.91,ST/MT Ratio (Expanding EWM),UNH,0.0601398824185455,-0.0078385102510084,-0.0127490526183809,-0.0015642243594885,-0.013392192986536,0.0026988156702804,1.1879702294263774,1.1537812559022411,2.0562223594097535,0.9251425300461492,0.9642862339566024
2022-07-15,1.141506979405171,1.060481350527063,1.3096803847977387,464.33,ST/MT Ratio (Expanding EWM),UNH,0.1507173604616349,0.0649190284397333,-0.0290046269891508,-0.0217489448138003,-0.0028927811214167,0.0034488201083377,1.093281921981191,1.0725461825552007,0.7838610816176228,0.992582304490631,1.1429425533910975
2022-10-14,1.0405604046253654,1.0781181591289206,1.2572276011261152,509.77,ST/MT Ratio (Expanding EWM),UNH,0.2233775471895635,0.0244295001443453,0.0171850369186067,0.0021248097498441,-0.0204865810496495,0.001684918072091,0.8740660181664811,1.1507665117255583,-0.3048045714590413,0.919147810412914,1.0321430754796244
2023-01-13,0.8738826483628821,1.146548355308981,1.287935618847574,538.36,ST/MT Ratio (Expanding EWM),UNH,0.1290886601138028,-0.0179912646423978,0.0273680951053634,-0.0172750215907211,0.0309811229391024,0.001758569435275,0.8924561368039391,1.255596655422533,-0.7801861845254936,0.9529841077722369,1.1194878422332195
2023-04-14,1.1166237352431574,0.9965990639821154,1.4495398216684403,465.43,ST/MT Ratio (Expanding EWM),UNH,0.1451199354437003,0.0220403973474655,0.0177331859845565,-0.0248511612540498,-0.0043613939397008,0.0034667825568989,0.9924268763389894,0.9183408073498808,-0.970990287939422,1.1964203825883448,1.163533880143535
2023-07-14,1.3814274338083852,1.00340779276638,1.3639131526001145,459.86,ST/MT Ratio (Expanding EWM),UNH,0.0516764910141297,0.05097744028051,0.0542347730004261,0.0094665286963847,0.0393188886281545,0.002505557853215,0.9461624523606228,1.0881728990652966,0.0662004818171477,1.003462135107963,1.1596177869072857
2023-10-13,,1.0997220162624544,1.3517043209992663,160.0,ST/MT Ratio (Expanding EWM),UNH,0.2333980712757532,0.0343621789019469,0.0038321194351286,0.0083184943964415,0.0412186962635227,0.002436235704801,1.1531247195469485,0.973652009232474,2.361446021541275,0.9364669888554809,0.9859968894353563
2015-01-30,1.1542268626170655,1.055255812363899,1.1019651307920328,65.44,ST/MT Ratio (Expanding EWM),ABBV,0.2354820654751438,0.004087062947206,0.0240622496677753,0.0225718433737143,0.0009738508819564,0.0008090834940262,0.8148701152198584,0.9563247448371998,2.6692125818562022,1.0378316239855137,0.9310663447113414
2015-04-23,0.8338965550365494,1.1278872884021276,1.11384609283604,59.63,ST/MT Ratio (Expanding EWM),ABBV,0.2309348986701958,-0.020642787219695,-0.0287510262841794,-0.0077781392393774,-0.0222112183136837,0.0026787280692794,1.1838907352155843,1.25159692310346,2.018730083472565,1.1800418375842674,0.9880517683343056
2016-04-28,0.6904212373754831,1.1498179356969285,0.7208235209428122,57.05,ST/MT Ratio (Expanding EWM),ABBV,0.0743906169614314,0.0264378159764756,-0.007612991074232,0.0132013211709188,-0.0491474469433334,0.0010708636594902,1.1345477172040346,1.1759964785417223,2.4790369982707534,1.139073469722789,1.03859802527073
2017-04-27,0.9110381680247636,1.3562873690579194,1.1030906304977015,65.98,ST/MT Ratio (Expanding EWM),ABBV,0.2146561081179628,0.0157719884897612,0.0248661327269733,0.0167699393068415,-0.0338009268256697,0.000865979814065,1.109759414806902,1.0049825211939565,0.3143686521122193,0.9323717151668928,1.2740306463921875
2018-11-02,1.327464366095967,1.2615296046258146,1.1424158135041218,96.01,ST/MT Ratio (Expanding EWM),ABBV,0.1404402079918449,0.0333317627009706,0.0294730633222943,0.0141193451957898,-0.0313458706224665,0.0016532284232332,0.9164013453601126,1.108248986068581,0.5653313458647706,1.1879784361750505,1.034019668375393
2019-04-25,0.8694338596177952,1.1400833337674694,1.701235493818542,80.76,ST/MT Ratio (Expanding EWM),ABBV,0.2336859463684838,0.0242310130588689,-0.0048190084299254,-0.0176413420700535,0.0374617406865376,0.0014142072765513,1.1114183285690755,1.242166461852472,0.7424259899238637,1.0134515443358794,1.1990983283730512
2019-11-01,0.9814633780103784,1.0777657050181395,1.0673677281746348,72.13,ST/MT Ratio (Expanding EWM),ABBV,0.1013010878037617,0.0387343450361767,0.0018520224442579,0.0067340870567797,0.0058956146806736,0.0017784003056149,1.1651583921224935,1.2019726932288954,-0.0914945376325375,1.1664923242313117,1.0550326669747332
2020-02-07,1.3787870150663637,1.2210840969574497,1.7016602466758028,89.52,ST/MT Ratio (Expanding EWM),ABBV,0.2260333447523288,-0.0167332324046198,-0.0415362124004242,0.0121035074013665,0.0127401131022996,0.000559018365475,1.0304917647111738,1.2325742477170845,-0.2464209303980311,1.135353040703266,1.138465119164271
2020-05-01,0.9949318491300528,0.8353332490582691,1.1065503718775944,73.42,ST/MT Ratio (Expanding EWM),ABBV,0.0642225576296827,0.0481087922972014,-0.0067108760241982,0.0031794616726985,-0.0525105252233781,0.0029588163064676,1.1573366567310432,0.9687881607374172,0.6827289481637138,1.149852927860051,0.907692681382704
2021-02-03,1.09595101740522,1.0137220417490385,1.0930997547706969,105.41,ST/MT Ratio (Expanding EWM),ABBV,0.1443695178477769,0.0089159861642339,0.0307114949055935,-0.0491619414592771,-0.0269491607304315,0.0031276862945164,0.8448805467062572,1.296226085102694,0.1215767143614021,1.192662958117186,0.9730126204034696
2022-02-02,1.2761202493851844,1.2173610562791328,1.2677230688280412,135.42,ST/MT Ratio (Expanding EWM),ABBV,0.1582372378452613,0.0746341305418843,0.0212561504831969,0.007012240599337,0.0251769944111571,5.2657525859185705e-05,0.9444377772029344,1.2011477778014283,1.631113628952714,1.0743367199787166,1.1119596703220032
2023-02-09,1.1447971750103798,1.1422502642361456,0.9870111146962512,159.64,ST/MT Ratio (Expanding EWM),ABBV,0.2069133166560585,-0.0221215736331348,0.0190199716414362,0.058313275984931,0.0101693528095646,0.0029784578056665,1.137376177465896,0.9939794251333572,0.7698837079740737,0.9466356876469372,1.1383766382922818
2023-04-27,1.5786549528499068,1.238376293996609,1.32784962563485,158.25,ST/MT Ratio (Expanding EWM),ABBV,0.0523163278775185,0.0627587331107837,0.0054932106154288,-0.0060009817189245,-0.0006801319671399,0.0011894713701783,0.9002177697085281,1.0335368257373545,0.8850028664941125,0.9080311757109384,0.9367751743683352
2023-07-27,1.1969514873402836,1.2800792273125343,1.2845648047423797,132.6,ST/MT Ratio (Expanding EWM),ABBV,0.0932642367207952,0.0089268774211926,0.0042118947588452,-0.015201927446383,0.017121058965003,0.0028569755369827,1.074371688283288,1.0715879922870029,2.4591608879995817,1.1084016010932598,0.903240376658929
2015-02-04,0.8871498549887202,1.045861480252567,1.3948637852052224,58.04,ST/MT Ratio (Expanding EWM),MRK,0.0992546752138445,-0.0207996301265056,-0.0158096341842034,0.0123337139927849,0.0438949451533953,0.0019315535073335,1.046684932306854,0.9374899464238866,2.123732719161977,1.1974523064835505,1.1124795176966047
2015-04-28,1.420686194476515,1.1478720720439313,1.5681110882110472,58.34,ST/MT Ratio (Expanding EWM),MRK,0.1766026370487054,-0.0149360041919012,0.024964852606076,0.0108094552616642,-0.0025260615884262,0.0020287755640809,1.073111800077652,0.9949256643579006,0.7503909750151743,1.1568285996709151,0.9669691790985006
2015-07-28,0.8006526903969705,0.9784162744167736,1.5258437801350049,57.29,ST/MT Ratio (Expanding EWM),MRK,0.2245741982048413,-0.0092121557868012,0.0166291883316816,0.0328183791354103,0.0047342450664517,0.0018149023505787,0.9062142422455048,1.078173470114412,1.848995567376056,1.0127651864387022,1.2710929119132015
2015-10-27,0.9478395545276068,0.891926558896667,1.465623453524684,48.42,ST/MT Ratio (Expanding EWM),MRK,0.0843676789656733,0.016845808124067,0.0187605654397839,-0.0284467038977222,0.0078149229682826,0.0032121292042334,0.8377828205074878,1.048321679017939,1.8358164937136876,0.9677960296984476,1.1625652536918691
2016-02-03,1.4980369959246216,1.0369703208165943,1.596481865638404,52.48,ST/MT Ratio (Expanding EWM),MRK,0.2053378946922583,0.0202992420812424,-0.0117810452800274,0.0212845063143748,0.0628027408818498,0.0007604119874749,0.8656867832909384,0.9223921139446746,-0.5159371330054046,1.1789954349402405,1.1207003531758206
2016-05-05,0.9238925184648336,1.1272578518750225,2.0470619942632364,54.24,ST/MT Ratio (Expanding EWM),MRK,0.0626269812265477,-0.0180795001378502,-0.0606002875961373,0.0177605515312865,-0.0494839066104756,0.002607840338735,1.1185383101918596,1.0330618003620204,1.3706345915417866,1.0484856401114977,1.2782951837609176
2016-10-25,1.1755049085676184,1.0292726197314597,1.0828107145106578,62.15,ST/MT Ratio (Expanding EWM),MRK,0.1837896838945623,0.0011475892708656,0.0369145813526108,-0.0005536634235136,0.0200805753697202,0.0031013301648895,1.099029854421644,1.1922170525986318,-0.8145869222628819,1.0649009007011072,1.086796581560726
2017-02-02,1.0867017293903694,1.1044064127182769,0.8565339335528767,60.15,ST/MT Ratio (Expanding EWM),MRK,0.1862141584580716,0.0769794625514152,-0.0103651236802521,0.0114671829480422,0.0001299437810234,0.0027163400805404,1.1711369066424775,1.002936795275813,0.0793338131643772,1.02340387466445,0.9973478853625504
2017-05-02,0.982765244054063,1.400652651502324,1.4343989923049272,63.47,ST/MT Ratio (Expanding EWM),MRK,0.2063173049778537,0.0624640109535249,-0.0218832729212936,0.0287364370399589,0.0171692931546044,0.0043246989143234,0.8516735671234998,1.2429659386603205,1.2331060976156634,1.15840881568697,1.2324539061614783
2018-05-01,0.9258901222886732,0.9741272401891352,1.1356944847220534,53.27,ST/MT Ratio (Expanding EWM),MRK,0.216246366338031,0.0172713284385911,0.0248043673574198,0.0248078845007112,-0.0134343138498681,0.0014710532372753,0.9128169419158684,1.1190949777297097,-0.6671291890397182,1.1745755652092276,1.0617050860260613
2018-10-25,1.3956432797987226,1.2174903596423223,2.164800198625304,70.65,ST/MT Ratio (Expanding EWM),MRK,0.1551391264489904,0.003330121735887,-0.0077603791975738,-0.0255754828018432,0.0017758742285387,0.0029573048225935,0.9574704735556084,1.0211021482471814,0.8426549788428153,0.9755278159636344,1.049940909118722
2019-02-01,1.141505327827729,1.1145556540487715,1.543535759627592,75.59,ST/MT Ratio (Expanding EWM),MRK,0.2497126443832431,0.0062010964351391,0.0357980915213986,0.0235039546688871,0.0207852644866373,0.0018939093646585,1.1199788194339526,1.2337022014340688,0.2167299105140645,1.0407043291658364,1.249527910512021
2019-04-30,1.2080221597637404,1.1828034614785223,2.177472515318424,83.3,ST/MT Ratio (Expanding EWM),MRK,0.1611405467850695,0.0234731290455645,0.0225101784873009,0.001382784874187,0.080822755026096,0.0032334060763526,0.8210693327318789,1.2556579847983145,-0.1232626173906732,1.1035617732643128,1.13302067855384
2019-07-30,0.9885760156775396,1.1655563426176774,1.5223377215849847,84.75,ST/MT Ratio (Expanding EWM),MRK,0.0735737312595623,-0.0337977397819442,0.0245070796960143,0.0048218524503878,0.0232009047350517,0.0019923110042786,1.0211762992757007,1.2437440899011285,-0.5937114254213549,1.0041084075976907,1.1153010985379064
2019-10-29,1.296994901243026,1.074993690834756,1.5903954043969617,84.18,ST/MT Ratio (Expanding EWM),MRK,0.1910587701964399,-0.007008178809817,-0.036978671336016,0.0048299247750423,-0.0182016399507627,0.0016121242181375,1.1245155415784158,0.9865772333646686,2.211719365497105,1.019891544748181,0.9755655425734782
2020-02-05,1.2772169018880617,1.2143357011030214,1.3229060592010329,91.64,ST/MT Ratio (Expanding EWM),MRK,0.0980856232110523,-0.0564004425857156,0.040358319561592,-0.0007560747199564,-0.0075939920505675,0.0033060722038716,1.103594576177393,0.9363595605898192,1.0590694963017715,0.9191627351585664,1.042567142063115
2020-04-28,0.8884030835258038,0.9123266240067944,1.3245698888338142,76.95,ST/MT Ratio (Expanding EWM),MRK,0.2084710228628511,0.0159728092911847,0.0118375159370156,0.0327926874276766,-0.0083353527095963,0.001508438060981,1.040430719602557,1.1224462165948852,0.6186216716186661,1.028714398191635,0.9907078213403068
2020-10-27,0.9383482324315344,1.123906301493831,0.9593567884613574,82.76,ST/MT Ratio (Expanding EWM),MRK,0.1023791172131738,0.0246518578895959,-0.007078314177386,0.0009070510037696,-0.0418910793157503,0.0005872742410994,0.9823530353696412,1.2813019422883338,2.4018116711351616,0.9435698607229032,0.9119123149283684
2021-02-04,0.9424392150372772,0.997499168944334,1.3372088011550978,81.1,ST/MT Ratio (Expanding EWM),MRK,0.2327104572345381,-0.014911526180478,0.0083016540202675,-0.0249886532095792,-0.0052522547925359,0.0014831531168261,1.1734097250866522,1.110699899952299,1.151351292597231,1.1342153987119568,1.0258755895485308
2021-04-29,1.3666978623005808,1.3688064649170948,1.2937787882017218,76.96,ST/MT Ratio (Expanding EWM),MRK,0.2285482455347835,0.0570895367151511,-0.0492870569869495,-0.0068382463992432,0.0213207270455436,0.0026190329465885,0.9927630275344008,1.287465165258695,1.6885947477296286,0.9461235095987358,0.9532906991937412
2021-07-29,0.9628671505569838,1.2957628168507964,0.7532770426813571,77.21,ST/MT Ratio (Expanding EWM),MRK,0.1364299793574016,-0.0409017982050819,0.0162595843444201,0.0074673679202618,-0.0288558029769198,0.003392038751587,0.8817059033332022,1.2066846697682871,0.1815080153624642,0.906416654002524,1.2776697454022647
2021-10-28,1.109350512229348,1.063536692012362,1.4529033827036526,73.32,ST/MT Ratio (Expanding EWM),MRK,0.1428562101499454,-0.0492531208073437,-0.0268811452454621,0.0337303696074262,0.0292120662762648,0.0021111293752965,0.8678853665579643,0.9038232744592276,-0.051473590466708,0.97050863613544,1.0688021003382893
2022-02-03,0.7672665354759016,1.176382944288889,1.4195296680109584,77.01,ST/MT Ratio (Expanding EWM),MRK,0.2363406248414028,0.009855813649599,-0.036580108575306,0.0180773671237208,0.0151943705271084,0.003318197067234,1.1681559326000146,1.2516739671116393,0.8275782199297117,1.023269971497542,1.1220036345899405
2022-04-28,1.1313738896256778,1.22721012138398,1.168080286409698,81.57,ST/MT Ratio (Expanding EWM),MRK,0.0792645035429322,0.0386484405914254,-0.0416707755865367,-0.0182633819686761,-0.0153558330492759,0.0006418250785224,0.8973816047887063,0.9208739967865452,2.756896544684827,0.9560096954631518,0.9793602916982864
2022-07-28,0.9784314438393747,1.1045659023643617,1.563673246399656,91.89,ST/MT Ratio (Expanding EWM),MRK,0.1023969357400354,0.0609374692010254,0.0373806512496977,0.0651297479169722,-0.0005382409334461,0.001556736535182,0.988984131541579,1.0966453379361325,-0.9262631611970322,0.9443864216321912,1.0512619274242967
2022-10-27,0.9492578914854652,1.05712956385786,1.122843148903587,85.84,ST/MT Ratio (Expanding EWM),MRK,0.2062392704558937,-0.0140609492004129,-0.0148779018107836,0.0096193827744494,0.0429580451910258,0.0017114248828458,1.0734922774042155,0.9913673827327744,0.6920577849670506,1.06720351941494,1.255436997849317
2023-02-02,1.1518766611927826,1.069064010109297,1.2211575762277913,111.14,ST/MT Ratio (Expanding EWM),MRK,0.0524753663229163,0.0397538291700953,0.0500118312974949,0.0348847684499753,0.0213386953376466,0.0018854405725274,0.9304282009308492,0.9534233063453934,0.9570889035904327,1.1240164805052186,0.9439439028210934
2023-04-27,0.8988617616709059,1.1460294048586024,1.3175196747797988,105.53,ST/MT Ratio (Expanding EWM),MRK,0.2451249358493919,0.0006522035674752,-0.0120740438915689,-0.0007928608394307,0.0032195913724536,0.0020840943882501,0.969873396678784,0.9071140565049934,-0.8657632734109955,1.0448860089649996,1.0192789192603715
2023-08-01,0.9894033941993158,1.152296823514566,1.542146574059962,114.33,ST/MT Ratio (Expanding EWM),MRK,0.0598526250516648,-0.0040419554979286,-0.0472207387277884,0.0163339811176362,-0.0029420829240246,0.0026909109573921,1.1380429196021649,1.1408617224505817,0.8157318469719614,1.022380611316289,1.0988981920758254
2022-10-26,1.0953716352179983,1.0697799196777724,1.4089088888820491,514.31,ST/MT Ratio (Expanding EWM),TMO,0.1990125531554026,0.0329280978120335,-0.0294957331984597,0.0239867126129601,0.0049152267612914,0.0015551931618295,0.8161755324850646,1.257117342568264,2.9932126229358333,0.9544461374576096,0.948153185909848
2023-02-01,1.0140561628672684,1.0807802033089002,1.2955944153438623,553.18,ST/MT Ratio (Expanding EWM),TMO,0.1195077732481821,0.0248313007444696,0.0410743486002081,0.0334548677938564,-0.0097940889485575,0.0021390286869531,0.8574309853794381,1.164410823293747,1.645763353803099,1.154377248683523,1.2007305553705014
2023-04-26,1.1660357655429223,1.1304952767739669,1.497475208149386,561.69,ST/MT Ratio (Expanding EWM),TMO,0.1251291428374383,-0.0531737254944487,-0.0006769453381,0.0294342076344556,-0.0496187376429753,0.0019548771096759,0.979875869347736,1.1451421446261276,1.7531386814720316,1.0538209410855677,1.0902603937806548
2023-07-26,1.2535157511178496,1.1025533085882555,1.4678583988344531,522.03,ST/MT Ratio (Expanding EWM),TMO,0.1198378933898345,0.0536789122404063,-0.012448618894718,0.0248049250018244,0.0540544477633682,0.0010741100961088,1.0580389782570614,1.1229898195902617,1.5757692213436414,1.0838564321890092,1.187678624205462
2016-07-20,0.9140003773855524,1.061371140898087,2.362462154788355,37.75,ST/MT Ratio (Expanding EWM),ABT,0.128845693772496,0.0503031973951608,0.0088005467755836,-0.0048771682798527,0.006883124979985,0.0018863333109185,1.0571214035131504,1.1078969945749069,1.727187245137546,1.0348445895556284,0.9966684903890404
2016-10-19,1.3373390182246123,1.151013289459746,2.04225162043968,41.68,ST/MT Ratio (Expanding EWM),ABT,0.2132118533942675,-0.0198946945528335,0.0190534820850263,-0.0112936510489015,0.0129536816280634,0.0018563404701028,0.8005672880535663,1.1239856588583372,1.362620906434564,1.1916146894327142,1.0445913336377102
2017-01-25,0.875571868647372,1.2015530527067229,2.029212384661377,38.6,ST/MT Ratio (Expanding EWM),ABT,0.1808074696649854,0.0158531236703093,0.0375219644770738,0.0113151877581049,0.0015523062530772,0.0018349194349969,0.9576532971313249,0.980719832536876,-0.7178628190507124,1.131841347858522,0.99987242573573
2017-04-19,0.925737767434899,1.1996289025675049,2.5150570560659125,44.98,ST/MT Ratio (Expanding EWM),ABT,0.181004163415855,0.0192910565198958,0.0474549768967877,0.0263282018085267,-0.0153779200181147,0.0020317594565814,1.0435619444120152,1.1751092142181927,0.8849467491665908,1.1629056339081574,1.0775179363918916
2017-07-20,1.2504732261357694,1.100017399122292,1.089538043975258,48.77,ST/MT Ratio (Expanding EWM),ABT,0.0655873107470596,0.0111235818038367,-0.0067930593736725,-0.0025680175194151,-0.0016481120237192,0.0020756735406133,0.913963449216706,1.258406209184649,2.446257136999826,0.949211984122924,0.9103844073415684
2017-10-18,0.937460601818752,1.3226104826003973,1.0989876221138954,52.08,ST/MT Ratio (Expanding EWM),ABT,0.1385160339964191,-0.0172606803845897,-0.0357814305824611,0.0296292991428596,-0.0369848690548577,0.0015677048208926,0.8359942225398483,1.014618959421527,2.8890392069668427,1.0675548459482476,1.0493046928117076
2018-01-24,1.434105102813503,1.4247514295762227,1.0774278790642475,57.0,ST/MT Ratio (Expanding EWM),ABT,0.06545859162123,-0.0215068178778318,-0.0084039548336982,0.0393154186371544,0.0599271624513326,0.0032727147339712,1.1554864378450984,1.0812545325913998,0.2609545136040845,1.1823658586236971,1.2398070664770713
2018-04-18,0.9114089919221156,1.1733204613394492,1.4222241142342824,62.26,ST/MT Ratio (Expanding EWM),ABT,0.1846350024695642,0.0011056075152994,0.0118084151974865,-0.0199080229768354,-0.0278627999605599,0.0008305193707969,1.1374673501677763,1.1049138972200854,2.15775359526182,0.9538060077793656,1.1292891830224976
2018-07-18,1.477930206332866,1.1734728065918556,1.175093802405685,62.82,ST/MT Ratio (Expanding EWM),ABT,0.2050940777625907,0.0430455156740777,-0.0249127677863183,-0.0179230175949069,-0.0227991570961794,0.0012790298915301,1.1935383691390182,1.0163833722071849,2.1774093169907007,1.04714352216242,0.9159222732888348
2018-10-17,1.1016700075502734,1.1835191123077244,2.0828845608778392,67.67,ST/MT Ratio (Expanding EWM),ABT,0.2144544095848922,0.0210260054108051,-0.0247145274468512,-0.0005093764726334,-0.00800648010966,0.0047799636242235,1.105207759126267,0.9674276577568452,1.5258942685310006,0.925699258214092,1.278746958998386
2019-01-23,1.1762216422484717,0.9811312406047764,1.3704970812738435,65.56,ST/MT Ratio (Expanding EWM),ABT,0.1339466007181986,-0.0109715016230137,0.0143136364464965,0.0106903167047299,0.0352018931213094,0.0009620086450107,0.9166895548721444,0.990585876670958,-0.4834543837346627,1.1838006580017142,1.184761496976522
2019-04-17,1.3782362784453668,1.123613332119049,1.1201061897443063,78.83,ST/MT Ratio (Expanding EWM),ABT,0.1192624349427815,0.029009454872692,0.0025404294528864,-0.0101141753441762,0.0033627249815663,0.0006462453252902,1.0966643554872355,1.099761824552098,0.8989111410819337,0.933006372897443,1.1239364382335968
2019-07-17,1.4049468260982607,1.1643604178540488,1.452636866343059,82.05,ST/MT Ratio (Expanding EWM),ABT,0.1692507391750583,-0.0976989917220526,0.0049839098623475,0.0368050669716786,-0.0279033949007615,0.0027344767450012,0.8987665980435162,1.2908581331201625,2.18632376006059,1.0238976180578665,0.9605365034766132
2019-10-16,1.1285911503476571,1.0852118577989636,1.5037338737022266,83.36,ST/MT Ratio (Expanding EWM),ABT,0.1769423020521523,0.0422067995130236,-0.018754860041002,0.0136016715379612,0.0343584590189334,-7.711985377387398e-05,1.1141326764555135,0.9488215068325264,-0.242664986011718,0.9634561553232682,1.1227562553092378
2020-01-22,1.2722391822642998,1.2011317594532551,1.912596282988762,87.35,ST/MT Ratio (Expanding EWM),ABT,0.2390490162550806,-0.0588899822572334,-0.002912021426173,0.0039861762060184,0.021275015669637,0.0017647260900275,1.1148226615961463,1.0257259514898769,-0.6613207428988424,1.0393615390573256,1.1992440964639743
2020-04-16,1.1612293260657416,0.8715675945964105,1.4640599104887668,79.49,ST/MT Ratio (Expanding EWM),ABT,0.0777121032727702,-0.0106854329491096,-0.0237269943280491,-0.0328977380967131,0.0164608739304113,0.0041458249250764,0.8886655372349553,0.9879698192157496,2.7889081093868433,1.186246118135753,1.2961862928246306
2020-07-16,0.8258121137438365,0.998945343900724,1.2708909582069003,89.74,ST/MT Ratio (Expanding EWM),ABT,0.0525259352033473,-0.037188446311915,0.0307059523337436,-0.0298953954106876,0.020893356029271,0.0004550640778465,1.123063840629912,0.9752736676671784,-0.1520739168029545,1.0020675724567176,1.0272530125333963
2020-10-21,1.1163208722671192,1.0030446755063285,1.1271701977682906,105.95,ST/MT Ratio (Expanding EWM),ABT,0.1713321272689402,-0.0433138516502316,0.0350574800417125,0.0100252312570451,0.0628590475145612,1.8035514261286688e-05,1.1826110996312036,1.2156295931526775,1.8960351686462156,0.9557889672174396,1.2638102237449318
2021-01-27,1.3094095828793968,1.0548507233840303,1.419575585333324,107.79,ST/MT Ratio (Expanding EWM),ABT,0.2163641099040452,0.0426289375582481,-0.0513856358671428,-0.0503148906538709,0.0576273723759028,0.0005008187980423,1.1311481518024695,0.9654567365311696,2.48468132784389,0.9816742609111414,0.9323478983328424
2021-04-20,1.079791090238254,0.937329808372064,1.509956457578021,121.47,ST/MT Ratio (Expanding EWM),ABT,0.2205990800676526,-0.0143695420459161,-0.0238853258057723,0.0283159352411017,-0.0141678835750823,0.0028983595683469,1.062728922605684,1.1615218637537323,-0.6202719617375276,0.9956555426809748,1.2971257849022155
2021-07-22,0.8905600567968848,1.110842416593124,1.219596500108468,110.96,ST/MT Ratio (Expanding EWM),ABT,0.0561610651541659,0.014127635860575,-0.0408958776527023,-0.000953846109308,0.0435971248202788,0.0031247767199858,1.0713706668034948,1.1920300666413317,-0.1483308575827773,0.9236346213011744,1.0107606758963752
2021-10-20,1.2107732767478483,1.0163254457959678,1.6495610230306796,124.87,ST/MT Ratio (Expanding EWM),ABT,0.1729701970448258,0.0003577797392285,-0.0155007180322069,0.0840773242398683,0.0125792047439725,0.0014874112030214,0.8995593540772768,0.9938176402992212,-0.2289827124518417,1.0724267071966214,1.0312413903367288
2022-01-26,1.1307531427987347,1.0753684907054075,1.3544327069656277,141.46,ST/MT Ratio (Expanding EWM),ABT,0.1106853626901162,0.0186964289528092,0.0014968609062891,0.0606979062654027,0.0154773954034437,0.002683212404001,1.128138006019012,0.9735789671389536,0.858508283474178,0.904097350927824,1.092672928982077
2022-04-20,1.071472641038443,1.0181553046479124,1.2967485546587374,121.76,ST/MT Ratio (Expanding EWM),ABT,0.1646321425461788,0.0046887661871089,-0.0394893565909559,-0.0015362267311879,-0.0393067707910832,0.0033902553275119,0.8223352883505898,1.2910894047490575,2.1623685146016514,1.0470334429909367,0.93463494327174
2022-07-20,1.0482587812779915,1.0700751424484989,1.509401079833241,104.41,ST/MT Ratio (Expanding EWM),ABT,0.198719896693553,-0.0429047278465999,-0.0236557943937593,0.0003415749367171,-0.0012596441347048,0.0037873464144298,1.0369781763161656,1.203505500280751,-0.2371309879810188,1.0704625022362473,1.2256843593531472
2022-10-19,1.4637417567206068,1.032698222708399,1.4639855130144073,104.09,ST/MT Ratio (Expanding EWM),ABT,0.1748987105897155,0.0368693386806499,-0.0261187211624449,0.0278895378500507,-0.0173205897584141,0.0017536647188201,1.1072991110585264,1.2211968071468613,2.5172936994788793,1.181304630647841,1.0622084620814145
2023-01-25,0.9778435653650778,1.104630282434405,1.152232713478745,108.57,ST/MT Ratio (Expanding EWM),ABT,0.2435417692964744,-0.0152814804106459,0.0102180198819683,0.0455793152479509,0.0237014703723327,-0.0003014717176699,1.0275076410091508,1.2162638104182444,1.788559255783133,1.1986560684793135,0.9054710604418575
2023-04-19,1.5564669759726506,1.0547848745187964,1.122179172881201,97.87,ST/MT Ratio (Expanding EWM),ABT,0.1442662018204537,-0.0524803664530912,0.0060803301110875,-0.0379507264359004,0.0297770125100701,0.0011791210775903,0.9420532861263164,1.012411170508081,0.0492634006621384,0.9667589347496658,1.1836495363260915
2023-07-20,1.31349878801869,1.2266188730944418,1.6311392114239258,106.7,ST/MT Ratio (Expanding EWM),ABT,0.1667030058700577,-0.0129840306338069,-0.0176521266001176,-0.0416593866338671,-0.0488621587754077,0.0015731958050647,0.8339037893101288,1.196643533577335,1.7737033680650938,0.9752412397502688,1.0011335132660646
2022-01-27,0.904510330357322,1.0716260932111417,1.2142586680868486,323.44,ST/MT Ratio (Expanding EWM),DHR,0.1774043289413517,0.0545265926722008,0.0093046261641819,-0.0125508701388595,0.0024491283998932,0.0017410612034216,1.051544234137801,1.2048684421934712,2.505942452349462,1.1556418691563426,1.2859531976655414
2022-04-21,1.1622958153697704,1.1172191701972525,1.4549673126313332,293.9,ST/MT Ratio (Expanding EWM),DHR,0.0563770456307472,0.0317577609739722,-0.0124004025376179,0.0175684395793466,0.0310465376198563,0.0018121405989912,1.0325539581346044,1.263462224536144,2.234053093041643,1.168400287294204,0.9046506405141468
2022-07-21,1.4417098224736546,1.054741476327376,1.4433922687195448,243.87,ST/MT Ratio (Expanding EWM),DHR,0.1560069156787439,-0.010202824704275,-0.0041496533097815,0.0154218397626899,-0.0016669740578361,0.0031188945979306,1.1863611967463243,1.0894120651385917,2.1927319582993716,0.9381612358013344,1.0583764383255896
2022-10-20,1.2677079420000663,1.0230840670875787,1.3639800854821285,274.37,ST/MT Ratio (Expanding EWM),DHR,0.2250459913669455,-0.010224019651145,0.0542035627089561,0.0297442863745962,0.0212265911250591,0.0032744284266875,0.9085842652083964,1.0166635082003748,-0.506977520196473,1.141729149762902,0.9036969258324312
2023-01-24,1.094669448064969,1.198580414423752,1.2088659754297872,259.86,ST/MT Ratio (Expanding EWM),DHR,0.1476194656306314,-0.0092572267926083,0.0442138315537104,-0.0269924382091327,0.0117791366906771,0.0018283263460752,0.925002182794081,0.969764217286566,1.356155762433362,0.9762757207843632,1.00359938181124
2023-04-25,1.5704880532520749,1.1587320231999052,1.3974950365706946,247.97,ST/MT Ratio (Expanding EWM),DHR,0.0660102701093955,0.0746861794246294,-0.0349874371078279,-0.0549035965742219,0.0115415057988156,0.0030984848760518,0.9953352575981276,1.1610756157363704,-0.5147811817393455,0.9526534357396488,0.9988698978378072
2023-07-25,1.3200569796800308,1.2517344004397226,1.3861934151046085,237.88,ST/MT Ratio (Expanding EWM),DHR,0.1765753260125276,0.0153677408281043,0.0288919725363752,0.0244503548825536,-0.0037828744517074,0.002357661366631,1.1894992856471842,1.058860999977168,1.395960362524106,0.9724628438147934,1.0961838100629953
2015-01-27,0.8741923475700252,1.0642995016332777,1.1527742917743498,59.81,ST/MT Ratio (Expanding EWM),BMY,0.1296203050173247,0.0170514576516874,0.0283418966347477,-0.0177049068241308,-0.0274145201033927,0.0020645059728625,0.8296476697543833,0.9138968583689308,0.8749341072858408,1.0195977862555237,0.9547521278767312
2015-04-28,0.9058491299460182,1.0653885886132075,1.1600295543002086,65.76,ST/MT Ratio (Expanding EWM),BMY,0.2367424362265588,0.0380599208911144,-0.0304478986625785,-0.0474621966097159,-0.0250382536856256,0.0029065441571099,1.0750405715682936,1.2971613963597055,0.5825872847868498,1.0873675907752185,1.2851903769457944
2015-07-23,1.0160208397588073,1.147173541313449,1.8781681780292503,67.33,ST/MT Ratio (Expanding EWM),BMY,0.1174471176319871,0.0103576205659279,0.0285633293126458,0.0066265936489845,0.0207338128613829,0.0020722520482379,1.13261398897875,1.0854208893210744,1.9499579378396776,0.9384405120751572,1.1048415421855198
2015-10-27,1.0913427874636994,0.8980742567117742,0.908461740085772,57.46,ST/MT Ratio (Expanding EWM),BMY,0.1118649582008191,-0.0070664751037246,0.0501379575523765,0.0228293922054669,0.003486456387972,0.0040578111770977,0.9116241108719746,0.9644654751584644,0.7051236250181394,0.9393043663300844,1.1795940432697942
2016-01-28,1.0125862244944412,1.0970044421301484,1.1665451540062282,69.74,ST/MT Ratio (Expanding EWM),BMY,0.1347702847137944,-0.0048722447179742,-0.0296763441873324,-5.142830303193173e-05,-0.0004628061151806,0.0005615888332054,0.9824960176213342,1.1124578530258655,-0.4144962453273719,0.9419314983280485,1.1333661741040495
2016-04-28,1.1280827618072349,1.2167551355919437,1.0059660330592937,64.19,ST/MT Ratio (Expanding EWM),BMY,0.1244256193166626,-0.0005060440794922,-0.0235250846304279,-0.0084462096545622,-0.0075972510580588,0.0014848291009079,1.1940038991317783,0.9385002332950902,0.142925714263125,1.1608377349613663,0.9289088049020948
2016-07-28,1.3015293408765631,1.1382407755355302,1.3069434296240647,72.01,ST/MT Ratio (Expanding EWM),BMY,0.0652264704092477,0.0006972217221555,0.034529844005305,-0.0009840558036476,-0.0046297211370187,0.001873481103046,1.1503542885467806,1.1097143933499003,0.6330670957057034,0.9929041693054368,1.0188468632511367
2016-10-27,1.0477802187151537,1.0278050911183731,0.8641476866183591,55.74,ST/MT Ratio (Expanding EWM),BMY,0.2070921401143771,0.0274670340272942,0.0121448593247694,-0.0062645690600195,0.0291727948622034,0.0024394526904579,0.9223210329797916,1.2539212323840785,1.895180920699142,1.1009169023493452,1.2194996595808003
2017-01-26,1.3473771626708342,1.1851627823620616,1.1607087574195174,59.33,ST/MT Ratio (Expanding EWM),BMY,0.066829301863823,0.0038181060032554,0.0205442882571856,-0.0307011777985041,-0.0053811020467006,0.003267960487103,0.902845865201658,1.1472171248327023,0.8402649558318038,1.134732490560058,1.0237024441893143
2017-04-27,0.9072405720936833,1.2381729577987288,1.3706681775202991,56.2,ST/MT Ratio (Expanding EWM),BMY,0.1987719979670284,0.0276424027025452,0.0142176764920149,-0.0148670169247607,-0.0305266178325392,0.0019756014327638,1.0572714467479585,1.2528849647269251,0.6086019047797149,0.9199866262102384,1.1064203289367172
2017-07-27,1.3012631468288856,1.1760701648761476,0.9632377299831814,55.9,ST/MT Ratio (Expanding EWM),BMY,0.1466519865763974,-0.0008250803038003,0.0157208776278443,0.0160319976253453,0.0215912943885043,0.0005777703504937,0.9383889951228104,1.16889015221887,2.8041316989944245,1.045682495399054,1.0864760920622136
2017-10-26,1.3600086050460094,1.216465685571236,1.06716774983517,62.93,ST/MT Ratio (Expanding EWM),BMY,0.0767919474174533,0.0047522316610631,-0.0357941638493324,0.0110419635344125,-0.0021219165966179,0.002842513896455,1.061833920076584,0.941399001437427,0.0140247557000585,1.1756937976501196,1.1679770453455065
2018-02-05,1.3342058105553205,1.0843641781045208,1.030210242139308,61.89,ST/MT Ratio (Expanding EWM),BMY,0.2049336537202022,-0.0679370239586237,0.0354195311986434,0.0072014951491705,0.0037848966383194,0.0027549587661419,0.8053776175933666,0.981850189023608,1.7313490641155962,1.1293197607687722,1.2359438290696168
2018-04-26,1.1022424049517063,1.1502605616688149,1.1339642433935757,62.41,ST/MT Ratio (Expanding EWM),BMY,0.1188602928025401,0.0340714686145868,0.0390876997728332,-0.0218787120463344,0.0431894576599877,5.814134062059395e-05,0.916870721352818,1.272411438511025,1.2117875743115696,1.1089617067163675,1.1386955451119631
2018-07-26,1.270016413296352,1.2187829704757431,1.340426325893431,54.91,ST/MT Ratio (Expanding EWM),BMY,0.1891354828002534,0.0141270966564297,-0.0028817223220408,-0.0015375790533916,0.0024859860662373,0.0019961958663292,0.8490960218698482,1.285245863753952,-0.5084976804233894,0.9764645869233552,1.2254511520891922
2018-10-25,1.4135026491643494,1.2196350320141325,1.071829776707435,61.82,ST/MT Ratio (Expanding EWM),BMY,0.0517735917967086,0.0369303538450878,0.0026956915055841,-0.0514266261610713,0.0102295918279681,0.0004098581693197,1.0474387846004405,1.2352596661505428,1.0629447534961796,1.0130979706099903,1.268738199819114
2019-01-24,0.8470349724512422,1.0346276511908403,1.165260089395608,48.76,ST/MT Ratio (Expanding EWM),BMY,0.1607516473642849,-0.0993689382367791,-0.0419332250766716,0.0074619165971347,-0.0264730872824581,0.0013353489024979,0.814500927005918,1.2424520881412184,-0.0767288592488735,1.1546208983261903,0.9556786453667544
2019-04-25,0.9191264517812406,1.026115909921911,0.8620816426567904,48.34,ST/MT Ratio (Expanding EWM),BMY,0.2304168249723504,0.0750931146673254,0.019427642680535,0.0387214426953391,-0.002491736308774,0.0010971910730372,1.0320875854762162,1.2552431676045888,0.894158587595562,1.123970002141018,1.221868647142223
2019-07-25,1.2090304329014046,1.2218194682435355,1.2321743647083547,45.77,ST/MT Ratio (Expanding EWM),BMY,0.236732706372131,-0.002885636985431,0.0211617232514243,-0.0338533033010526,0.018238151130215,0.0028092646982419,1.0945976834867115,1.2701318947498397,0.7873369220797146,0.9519376317495468,0.919124425480992
2019-10-31,1.099726816752802,1.1628703703961871,1.0491369658676175,50.65,ST/MT Ratio (Expanding EWM),BMY,0.0564200604646069,0.040786398585813,0.0021342694900206,-0.0116481918329438,-0.035884343346031,0.0021168301741721,0.8985839478550021,0.9572790015520968,1.231794965737922,0.9554836011635196,0.9155734829157484
2020-02-06,0.993323379309797,1.1234678547533052,1.2956733442419812,63.93,ST/MT Ratio (Expanding EWM),BMY,0.1378574500389242,-0.0343967074493935,0.037730600796115,0.0112276694677532,0.0080211273278927,0.0007144089992439,0.8143959315474671,1.232627799345945,1.3657997257720993,1.0074255905680134,1.2576912170960988
2020-05-07,0.8961763756838202,1.085527352060828,1.5265018975587437,56.9,ST/MT Ratio (Expanding EWM),BMY,0.1413767704025567,0.0234470866771899,-0.0060223169293982,0.034321065860687,0.0055197768161201,0.0028800659629573,0.8280786445630854,1.2921288290911304,1.465167161017844,0.9550392761906544,1.1716276395907874
2020-08-06,0.9684828868397126,1.122378354074028,1.4497450591794032,60.29,ST/MT Ratio (Expanding EWM),BMY,0.1896180475004347,-0.0348695447110779,0.020938177776808,-0.0082056154075037,0.0040321863896859,0.0005661941760715,1.105352503913425,1.0717371133483098,2.4465304249821895,0.9452197221889412,1.0115350334310431
2020-11-05,1.3812958527877404,1.2848525129493886,1.0461524582769508,57.74,ST/MT Ratio (Expanding EWM),BMY,0.0856590597547756,-0.0198319136243531,-0.0265899301607634,-0.0143062582316474,0.028928972466456,0.0023301137904709,0.8373969446335959,0.9843511362429408,-0.0450847523554198,1.175289957276513,0.9312438755004624
2021-02-04,0.8584402353949079,1.0480724438752198,1.338572615713863,61.55,ST/MT Ratio (Expanding EWM),BMY,0.065230716965277,0.0689910973853375,0.0032934354737728,-0.046223078560402,0.011360962871213,0.0011859893307084,0.9709660480750838,1.1129594748907652,2.594772215208643,1.199308865598364,1.2013552459679344
2021-04-29,1.3935732812439854,1.169881826734022,1.0347054232562836,63.31,ST/MT Ratio (Expanding EWM),BMY,0.2113464121943293,-0.0046738840267171,-0.001230627737085,0.0055859532327026,0.0399517974589111,0.0016343229174694,1.1883163962276118,1.2148404530143495,2.8528105638856665,1.1121812177833366,0.9319053701804284
2021-07-28,0.9557940862512776,1.30431512407089,1.0024661507246202,66.4,ST/MT Ratio (Expanding EWM),BMY,0.1906251734651185,0.0096101505612903,0.0107592376612282,0.0540519010035936,-0.0218397378898509,0.0025042707480383,0.9607680747970706,1.1586389135209882,0.4028740378170039,0.9820151754341336,1.1309597068532364
2021-10-27,1.2021041726485668,1.1390963542487234,1.2212561129394397,59.84,ST/MT Ratio (Expanding EWM),BMY,0.1603487520003499,0.0324523705741063,-0.0070858078650007,0.0099339615491168,0.0063981141804587,0.0025214493990595,1.1734007506809738,0.9139927494064616,2.076924814165751,1.116818183413388,1.285581370155315
2022-02-04,0.9443792205420896,1.0931259139734315,1.2290152765501434,62.16,ST/MT Ratio (Expanding EWM),BMY,0.2081613049786058,0.0193488660790411,5.582212984996616e-05,0.0024430255204071,0.0051116696597486,0.0033369690735559,1.1722844889330173,1.2048930248176772,1.081635058730395,0.961280265970056,1.1180942873302298
2022-07-27,0.9869870645506312,1.1222807467058264,1.4123353410933492,79.98,ST/MT Ratio (Expanding EWM),BMY,0.1328865234014702,0.0072646616800251,0.0287814151432451,0.0110520577691746,-0.0237313623438769,0.0019177463003285,1.1061407975678614,1.2582676850551573,2.1588480368421963,0.9585800805573162,1.1398745256912235
2022-10-25,0.9431322811888676,0.9096299614188332,1.5047551438044324,70.15,ST/MT Ratio (Expanding EWM),BMY,0.1535314576059808,0.0147736350863178,-0.0091029271171465,0.0027226999012849,0.0269073750522836,0.0023064508629633,0.9328693838125428,0.9036822669562572,-0.1991162568453357,0.9339661949800347,1.2370876494157874
2023-02-02,1.1724181639799005,1.0631767731073176,1.6185596620125446,72.26,ST/MT Ratio (Expanding EWM),BMY,0.211936706977706,0.0861195454833396,-0.0441973130221603,-0.0173253593065032,0.0611168326463204,0.0015622626775956,0.9034025008591248,1.0138791875550222,2.839746287195537,1.0137260169146556,0.9038342560577578
2023-04-27,1.2883553449519425,1.122931997326993,1.413250865861207,68.2,ST/MT Ratio (Expanding EWM),BMY,0.1044479359195526,-1.665789617548883e-05,0.0564875171261626,0.0235819978919426,0.0025748481379042,0.0021819898826227,0.9135384593384548,0.947719832240725,-0.5887657530565842,0.9232461870407248,1.1373037880701509
2023-07-27,1.242700876556775,1.1858433714461083,1.8991845637386608,64.75,ST/MT Ratio (Expanding EWM),BMY,0.0750501024766227,0.0090384666350238,0.0454436223607145,0.0086440380777938,0.0156255272068441,0.0024394860480085,0.8757390894519435,1.0444971176164042,2.448070864520067,1.0273014419388826,1.266276540020655
2015-01-27,0.854869139791045,1.041403837109283,1.2712356531244309,162.85,ST/MT Ratio (Expanding EWM),AMGN,0.0873353726264673,0.0387729038602664,-0.0347678808531685,0.0034403312983414,0.0051129618953831,0.0019016901525456,0.9991752213582424,1.0595346459359023,2.0015557083628064,0.9219525296304006,0.935791353192967
2015-04-21,0.8613435571434587,1.0514600529609104,1.4887780747278658,166.54,ST/MT Ratio (Expanding EWM),AMGN,0.1745924946083944,0.0406934076535294,0.0246912341573558,-0.0213841506819562,-0.0148396167476793,0.0001962495159075,1.0607894855691842,1.0947762852956993,2.161661001276841,1.1748812512030593,1.055346751068619
2015-07-30,1.3494815405749323,1.0549522743244424,1.566385552363415,153.52,ST/MT Ratio (Expanding EWM),AMGN,0.1075391586309677,0.0435460606946133,-0.0110892431165402,0.0355876982983689,-0.0425190069450504,0.0023314708963308,1.0385640106338585,1.100278651118124,2.9264426225697315,1.1493253222069786,1.2646950833109414
2015-10-28,0.9828472555290478,0.9050533864148866,1.2937975768718304,132.24,ST/MT Ratio (Expanding EWM),AMGN,0.1738172144565362,0.0243555577710214,0.0119046164599317,0.0196175686333277,-0.0146443370773841,0.0023645614773554,0.9017360350310416,1.2090105692650377,0.0618928999905956,0.962622760028517,1.2777064638622204
2016-01-28,1.0646712771533382,1.1618204570864097,1.6537027699123816,164.44,ST/MT Ratio (Expanding EWM),AMGN,0.1137175029744224,-0.0380051719455669,0.0128267238704048,-0.0108230209341825,-0.0317989595237932,0.001319826523652,0.8077217666871467,1.286155481465372,-0.4029524120447751,1.1458314245379804,1.0103690212272414
2016-04-28,0.7966445770418747,1.0883342457642875,1.4137483672036752,149.49,ST/MT Ratio (Expanding EWM),AMGN,0.2303905634510497,0.0591701036305383,-0.0030322340094896,0.0280456213420484,0.0456025519514779,0.0007156129639274,0.9402809309722908,0.986703084528794,1.3420561699243183,1.0044286642523623,1.1629572157978654
2016-07-27,0.9373720564322224,1.0155565185158435,1.794819347877707,144.58,ST/MT Ratio (Expanding EWM),AMGN,0.1741134493275518,-0.038122088755654,-0.0195129699675918,-0.0094392709596301,0.000122257651919,0.0034758791505039,0.8062589271768265,0.9257499534060158,-0.6013553890750054,1.0256981055930694,1.2259184690639904
2016-10-27,1.670093904029119,1.2363168980237942,0.7470819277490061,171.63,ST/MT Ratio (Expanding EWM),AMGN,0.2497793299379495,0.0125922412833661,-0.0167162315694877,-0.0165500873127759,-0.0056479832261792,0.0024914455108944,1.1552711641513531,0.9979242960243604,1.297478896956056,1.13050949780778,1.0155317719678436
2017-02-02,1.1260162210387126,1.056958877816547,1.2529642268428816,150.73,ST/MT Ratio (Expanding EWM),AMGN,0.1217312962011205,-0.0243996547506775,-0.0234857574644372,-0.0159925779370071,0.0252288456196951,0.0017709189690782,0.9636030946945092,1.1095896810742856,-0.4605006143678092,0.907794688117734,0.9611223237273132
2017-04-26,0.656379813489286,1.2467575433504707,1.6064175557646094,164.91,ST/MT Ratio (Expanding EWM),AMGN,0.2406577792085632,-0.0002448421307547,-0.0209546662469133,-0.0412767138272022,-0.0250437775713971,0.0008629671168525,1.0507414485014133,0.9294473046134728,-0.2412145405994867,1.0013561657085912,0.9311480257225464
2017-07-25,1.2559201818198802,1.2231397595965952,0.8223088856330258,173.67,ST/MT Ratio (Expanding EWM),AMGN,0.2450655777516198,0.0135066843606218,0.0019846512985193,0.0147885595104551,-0.0161716009501138,0.0011781851715786,0.8766797084646538,1.2645079155934045,-0.922803471092061,1.0960295772523083,1.053763572366074
2017-10-25,0.9489596344401392,1.2190687685823698,1.2176740496882756,186.29,ST/MT Ratio (Expanding EWM),AMGN,0.2164534136778476,0.0132475025407595,-0.0174727996733225,-0.0427786219584587,0.0047018067312155,0.0033025903967862,1.0690594957729485,1.135476688145362,-0.1060049825814228,1.1541628462720166,1.0967761530437428
2018-02-01,1.483502629103987,1.0813103898220109,0.9749049852854044,177.0,ST/MT Ratio (Expanding EWM),AMGN,0.145154797466535,0.0167672263982349,0.0244615619713785,-0.027711095781644,0.028719224785587,0.002137661940868,1.1290144075653887,1.0624050144752877,2.938742215660956,1.1311468075503888,1.2863800820450295
2018-04-24,1.0094118198573625,1.1054664740047604,1.4208149694579757,175.19,ST/MT Ratio (Expanding EWM),AMGN,0.1854686773564453,0.0584798944170526,0.0486173846600778,-0.0488897002269633,0.0155421261292197,0.0014494129329992,1.0057305915639436,1.08947645291628,2.0218152373010314,1.164087378904029,1.2856583183462231
2018-07-26,0.9082688965215292,1.174918313615845,1.1899369034136873,184.59,ST/MT Ratio (Expanding EWM),AMGN,0.1418668728995707,0.0178737005529892,-0.0134015972411012,0.0008482576802276,0.009208128562897,0.0025096892312246,0.929820762413,1.2194818295370555,-0.1574176094578532,1.0636723040236336,0.9719392593636796
2018-10-30,1.214034668251884,1.240051202828173,1.307405755443222,206.91,ST/MT Ratio (Expanding EWM),AMGN,0.0664195927583058,-0.0065454822351727,0.0111821350160613,-0.0007580115067968,0.0049529433809004,0.0011856018125536,0.9389589447001356,1.2725433468825835,-0.4156372009076556,1.089720268540559,1.1371817091709613
2019-01-29,1.29907310935189,1.0358029106939282,1.5891015743472383,194.67,ST/MT Ratio (Expanding EWM),AMGN,0.1066003875546956,0.0357430508900925,0.018990553309088,-0.0051674053296591,0.0130058963881693,0.0035008430302803,0.8482953410835946,1.030391617507525,1.251926018061063,0.956153582696547,1.220249462565126
2019-04-30,1.0085303379633963,1.0835475731021007,1.438479550836859,191.77,ST/MT Ratio (Expanding EWM),AMGN,0.1469923902263771,0.0436314671123624,0.0181600681275782,-0.0230644423667644,0.0080413226282313,0.0033528005348967,1.1888626038139,0.9859037599849888,-0.2523521408376963,1.0364805215392334,1.1991061108560128
2019-07-30,1.5013943854431089,1.1178176082105036,0.9922089806066204,186.35,ST/MT Ratio (Expanding EWM),AMGN,0.0726515504210739,-0.0409662735297947,0.0062786580374826,-0.026305843835916,-0.0227493068694233,0.0015334259287972,0.9126402440941006,0.9079519634789122,1.1648825121315758,1.1869801703301923,1.0565107421627782
2019-10-29,0.7613524968145747,1.158362359012308,1.186574897476225,193.51,ST/MT Ratio (Expanding EWM),AMGN,0.1333965313618281,0.022909002444745,0.0262804725507916,0.0146092465886643,0.0041519805408287,0.0013713297529691,0.9680538216732402,1.2875606868456153,1.7784304465069134,1.1157515768526376,1.125080802148427
2020-01-30,1.2486329213945764,1.150034953173562,1.548441214271903,241.07,ST/MT Ratio (Expanding EWM),AMGN,0.1956369928453355,0.0265410459808814,0.0184674685804197,-0.0107637982927121,-0.0238422164729438,-0.0006181331986922,1.1898436843452966,1.1755465937702223,2.580131006420678,1.1098136597199664,1.1940463299361583
2020-04-30,0.9455378310310416,1.0237221274211623,1.290234021895611,202.73,ST/MT Ratio (Expanding EWM),AMGN,0.2150709035747289,-0.0084147226175997,-0.0331298726698189,0.0109089580384036,0.0050270635725205,0.0005184192284486,0.9161643688568988,1.0213914792055276,2.131938598304117,0.9890118867509698,1.1251080283206127
2020-07-28,0.929153205636157,1.084070963729048,1.5502224269734095,231.56,ST/MT Ratio (Expanding EWM),AMGN,0.0645576393183248,0.0501497384659066,0.0300746819316781,-0.0191312171531055,-0.009016198537206,0.0006605302250422,0.8997409243626808,1.226793352323628,-0.55799459508924,1.148833991928499,1.1410919202030407
2020-10-28,0.7696198524083382,1.236003979040175,1.0588114021247503,247.03,ST/MT Ratio (Expanding EWM),AMGN,0.0552795262787405,-0.0032519455461384,0.0306187251180022,0.007526568569277,0.0664845405695715,0.0021351903409873,0.8747638139308309,1.1168141542024472,0.1299953473893618,0.997040200419149,1.0406112166387522
2021-02-02,0.9751417369978026,1.0329528813859028,1.0961328280756508,226.66,ST/MT Ratio (Expanding EWM),AMGN,0.2167978088222975,0.0063951758715039,-0.0188985831253574,0.0355819509329016,0.0020026404062072,0.0016737662955586,0.8253276987889284,1.294384673760567,-0.8738614874751036,1.0987490619552835,1.0484910591029724
2021-04-27,1.542982054531798,1.1307090445422512,1.1132035844301318,254.96,ST/MT Ratio (Expanding EWM),AMGN,0.090193719172196,-0.0040575138499354,0.005138135063428,0.0176541450098195,-0.0321059891565397,0.0006546645125847,1.0584041163786797,1.0424993012350336,1.6950025850354349,1.118770652840508,1.176221056159858
2021-08-03,1.4674778677170444,1.1942353143284397,0.8359776700455414,248.7,ST/MT Ratio (Expanding EWM),AMGN,0.1625830863327291,0.0025452666653513,0.024499869784332,-0.007310345455412,-0.0003545052669231,0.0017188359575354,0.8455847925432609,1.162757293861874,0.1199501978163892,0.9086404111708,1.0659322687555817
2021-11-02,1.074246216183755,1.0675107571433045,1.591730110683055,211.44,ST/MT Ratio (Expanding EWM),AMGN,0.0513422427707566,-0.036369628041332,-0.0022794145873808,0.0094299742588981,0.0159839686409472,0.0025053371476473,0.9734172411215204,1.0868696533409787,1.819296661562865,0.9926531427427376,1.026112205241569
2022-02-07,1.596651472279481,1.1111047639843186,1.190703984841928,227.29,ST/MT Ratio (Expanding EWM),AMGN,0.0982541598993444,-0.0484017808908003,0.0361893414329803,-0.0030166293632553,0.044834098653813,0.0025278393499155,0.8242209024965043,1.1747284863969183,1.2713043655983358,1.0048275338081365,1.182075591566942
2022-04-27,1.4188132000807088,1.2298332042720286,1.4040540385079974,240.47,ST/MT Ratio (Expanding EWM),AMGN,0.2289656809368892,0.057807677212874,0.0749161748385808,0.0031970046173682,-0.0117363099984679,0.0001003297191411,1.014943099690751,1.087697978348216,1.0452981746445058,1.090904437580117,1.16400104182984
2022-08-04,0.81064593659629,1.1704784542923037,1.6645845969537487,246.73,ST/MT Ratio (Expanding EWM),AMGN,0.0517710724661403,-0.0276436471911414,-0.0195795809790494,-0.0051402763037126,-0.036560699350591,0.0018717365195161,0.9155831276562868,0.9562973453564612,-0.373463275237925,1.0918172657709004,1.2491493143068504
2022-11-03,0.981965122853236,1.1157814360495757,0.7892553658703649,233.02,ST/MT Ratio (Expanding EWM),AMGN,0.105137120585927,-0.0326987322309707,-0.0374313380946132,-0.0011083801471347,0.0234209252857745,0.0006166592230283,0.9637985113382208,0.967808064131785,2.0264099931754185,1.1497468423258346,1.252232977248387
2023-01-31,0.8796510626024538,1.0674649035191357,1.1157687722087153,262.64,ST/MT Ratio (Expanding EWM),AMGN,0.1069998200625131,-0.07336865397613,0.0131145578681462,0.0083023338268543,-0.0315149676474912,0.0029017286971402,1.0427325715654934,1.2442914237552338,-0.9383401662063692,0.932170740530857,0.9370304268208396
2023-04-27,0.8669164266492646,1.192238841110828,1.1473329111647943,238.48,ST/MT Ratio (Expanding EWM),AMGN,0.1164702500359726,-0.0203636611691325,0.0256468751537843,-0.0218339674895487,-0.0079038860376871,0.0027841464163534,1.0850418737018932,0.9278327134174316,0.9854574898652282,1.0418120695908868,1.0242814094232964
2023-08-03,1.3868304436640269,1.1359189911049132,1.0670887057627294,225.01,ST/MT Ratio (Expanding EWM),AMGN,0.1925053537823952,-0.0443081427692624,-0.002925991215343,-0.0223969706747494,-0.0034405121377748,0.0011019727736755,1.1481620679768398,0.9681732807519984,0.4098511375969593,1.1322514500068788,0.9121689257573136
2015-02-03,1.0851125836169768,1.070752785037856,1.0411475912856705,96.785,ST/MT Ratio (Expanding EWM),GILD,0.1715681333004518,0.0594705306047729,0.047597819899631,-0.0317135638457802,0.0012591636674972,0.0012339547975996,1.0691801600985475,1.2265590905446282,2.729071355352669,1.1628889921474457,1.027753646733474
2015-04-30,1.1553384693654627,1.1723405469468084,1.100481852418307,98.13,ST/MT Ratio (Expanding EWM),GILD,0.2136477587241557,0.0373435981269922,-0.0361581739916974,-0.0370067776125927,0.0202291114268583,0.0015387329495016,1.034545656529181,0.9309173972601864,0.0314800141920343,0.9282667136242524,1.0260749160615856
2015-07-28,1.2321833418015693,1.087369512119763,1.3863091634094171,115.455,ST/MT Ratio (Expanding EWM),GILD,0.0515020042155476,-0.0220852620812203,0.0247875586909483,-0.0274320673055119,-0.0140908570571596,-0.0002527933947313,1.1500748853834917,1.038866735869717,1.2475924120057056,1.030014254434482,1.0835666097194945
2015-10-27,1.2483067422615024,0.9108349831837652,1.2567842978367436,94.8,ST/MT Ratio (Expanding EWM),GILD,0.0828889611755944,0.0808352531870508,-0.0141758246227668,0.0069865626701032,-0.003843231304169,0.0023359681734405,1.1878288207346233,1.0184617873055433,1.5092978780926851,1.026018800873834,0.9244584724190744
2016-02-02,1.4488730003815202,1.0395197278279211,1.4506550163360634,98.01,ST/MT Ratio (Expanding EWM),GILD,0.1880792330346729,0.0363617920447058,0.0555813371862188,-0.0193196878872971,0.0026432411762652,0.0017271554536598,0.9957323326496944,1.2253373316180434,-0.6049881252732465,0.9208775542188928,0.9614526081573068
2016-04-28,1.4268286298416617,1.191341064366975,1.3441653596945646,92.2,ST/MT Ratio (Expanding EWM),GILD,0.1959528671668082,-0.0093690984228017,0.0637754605950435,0.0158403616057774,0.0067399489379697,0.0029701750825678,1.1057600445557223,1.1895981536578952,1.2600710756244422,1.0404679212277896,1.2553303258810489
2016-07-25,1.561700291434445,1.0589265549010094,1.4262268901945347,80.47,ST/MT Ratio (Expanding EWM),GILD,0.1669594338318563,-0.085479200020575,-0.0189996976335004,0.003867843718814,0.005445679367698,0.0009015907820374,1.1066791295333929,1.224776900520722,2.253049205402617,1.0928151464236673,1.0832058497263783
2016-11-01,0.9945185908551814,1.3412545899750286,1.1494693233507465,78.03,ST/MT Ratio (Expanding EWM),GILD,0.0543054431377659,0.0821829900406759,-0.0124867140772574,-0.0462126053359513,0.0139001443805644,0.00138087705175,1.1458711010342602,1.2704029670413004,-0.904775826966628,0.9154664619798754,1.283497318763375
2017-02-07,1.588524587189011,1.2808910374694815,1.1736530162766128,75.84,ST/MT Ratio (Expanding EWM),GILD,0.114864812259101,-0.0466350363367258,0.029787636609394,0.0193743896055422,0.0240959877410434,0.0004934747419608,0.910864245537678,1.2493477758597675,0.5551804758456105,0.9357300172828068,0.9321772800837336
2017-05-02,0.9448311411578552,1.3946413252236831,1.1342647290181478,67.1,ST/MT Ratio (Expanding EWM),GILD,0.219030354281716,-0.0555889561434912,-0.0076139194936854,0.0232699661397927,0.0128158528912741,0.0009957094365057,0.8626031596321826,0.999957277946946,0.9540734157233048,1.110449370169735,1.29455943059412
2017-07-26,0.842876601526668,1.1008439571015445,0.930108319446225,71.24,ST/MT Ratio (Expanding EWM),GILD,0.1212590414283357,0.0377899651203374,0.0026376634620328,-0.0218465668708713,0.0143396380877304,0.0008180180039317,0.9766026973156684,1.107273976937244,1.0872628055330225,1.0618303066463808,1.1070962628417849
2017-10-26,0.8867310810327256,1.1261618331848706,1.076743093679359,83.76,ST/MT Ratio (Expanding EWM),GILD,0.1760396005801539,0.0873913342218745,0.0047616526162723,0.0135047885723747,-0.0365555791686619,0.0029959736788464,0.8035099020247671,0.9006899288439363,-0.6093347274955083,0.9304669810287536,1.1819587635819184
2018-02-06,1.2075246437996494,1.2014327565364025,1.0903207340149792,74.4,ST/MT Ratio (Expanding EWM),GILD,0.1871008981794596,0.0504495486478681,-0.0535901946859296,-0.0184124559352299,0.004255692479142,0.0013017381512486,0.8819664130063999,1.2578856419022453,2.714425318308078,1.1927680013687696,1.275632521954808
2018-05-01,1.4348132082966734,1.04358319034554,1.2046174648920265,73.14,ST/MT Ratio (Expanding EWM),GILD,0.1145675077201455,0.0217368192018325,0.0035848676171728,0.0054417594187083,0.0149876887000402,0.0021241756847446,0.9087553287674098,1.103910737881405,-0.298180119212236,1.14186289655173,1.2553726820576383
2018-07-25,0.7024505132359943,1.266797967279926,1.0842035050652798,71.14,ST/MT Ratio (Expanding EWM),GILD,0.1330607908396195,0.022816401958285,-0.0166918332219252,-0.0286124601738741,0.0212235298642612,0.0016192365961381,1.140515535719006,1.073346779478734,2.034695538747124,0.9292737508728808,0.9160979082477004
2018-10-25,1.323287737854484,1.2777457577781857,1.3729101689371288,74.99,ST/MT Ratio (Expanding EWM),GILD,0.1897299912465429,0.0318695445573107,-0.0107936846719931,-0.0418276613133644,-0.0143087693558448,0.0007305347339871,1.1012945657235045,1.0701421097314736,2.9821970589582767,0.9291762647566596,1.2422510726140936
2019-02-04,1.1308375938221182,1.0534027007147917,1.172778157075242,68.25,ST/MT Ratio (Expanding EWM),GILD,0.1065662126308093,0.0285625006425367,0.0473089601040644,-0.0065704297403242,-0.0134759818722161,0.0018316995768283,0.9919932262115968,1.2308600782015509,2.2685091286805794,1.1747976004086231,1.0191400045144412
2019-05-02,0.9612224729573798,1.2541828257154042,1.037397440564532,66.24,ST/MT Ratio (Expanding EWM),GILD,0.0777816746569604,0.0118416998389281,-0.0336952068283776,-9.322365687090377e-05,-0.0113525168820899,0.0025991033318635,1.1799197413848013,0.9606667841430482,-0.6721248896260379,1.0294846552117047,1.2313291874567371
2019-07-30,0.9911192313734728,1.3404088558943617,1.441111102506718,67.83,ST/MT Ratio (Expanding EWM),GILD,0.1035208459687422,0.0056470386383156,0.0283961556024393,-0.0069419923403651,0.0164103474972835,0.0007922406074566,0.9893684522533782,1.2317146710122058,1.918747223177221,0.96282851584168,1.2795526499597856
2019-10-24,1.405446338156392,1.0140745277488723,1.4150129920123184,64.56,ST/MT Ratio (Expanding EWM),GILD,0.0649660020985118,-0.0001907594764832,-0.0043688879099542,-0.0266007639555639,0.0288470263731052,0.0028091127907313,0.8243124674517615,1.259311883017518,0.217773795961496,1.0500444249493197,1.0689407490802938
2020-02-04,1.4289327900890736,1.1620054625411709,0.8275688798708835,65.65,ST/MT Ratio (Expanding EWM),GILD,0.2127993737931744,-0.0243887606103336,-0.004392805054875,-0.0069974765532784,-0.00718650268229,0.0011502790785223,0.8687338227667665,1.0432587465606773,-0.2282622548288189,0.9611659426381572,0.974822734410552
2020-04-30,0.7450394173917019,0.9888784348970304,0.8935291657955258,74.76,ST/MT Ratio (Expanding EWM),GILD,0.204315273410755,-0.007823627690337,0.0277111568815513,0.0097323688145183,0.0256990578406762,0.0015170160739271,0.9956069521386376,1.2191725470045265,1.275880135044964,1.1679619765652525,1.1546177954306898
2020-07-30,0.9749753743591976,1.167460928060639,1.137137999976056,76.94,ST/MT Ratio (Expanding EWM),GILD,0.0951731020718536,-0.0572534884968385,0.0142015388370667,0.0018776742469365,0.0060869952291148,0.00253068312301,1.075736046253042,1.1670428918908011,0.7978367727349647,1.1068016466600248,0.9278830985875844
2020-10-28,0.8170082679762789,1.1901373201948875,1.127428781393187,62.85,ST/MT Ratio (Expanding EWM),GILD,0.2399491670550145,-0.0014418869378162,0.0211183899165859,0.0075625257649803,-0.0001071444290609,0.0013365638427805,1.1439405887662653,1.211124857377567,-0.0190801670732847,1.1304097362762249,0.9050570405600076
2021-02-04,1.1990919460480047,1.0459489098692003,0.8389673590774117,60.0,ST/MT Ratio (Expanding EWM),GILD,0.2250262535481084,-0.0326006887502821,0.0330455398159858,-0.0137528800113558,-0.0022846057454492,0.0020375748593358,0.8868986289923522,0.9260548954683584,2.1209076664715787,1.1267622453535162,1.2254544095207325
2021-04-29,0.9963906990820748,1.3223338064187444,2.41269637338244,65.5,ST/MT Ratio (Expanding EWM),GILD,0.0608135368925671,-0.0366256261025519,-0.0059392514954996,0.0322929478679039,0.0216652841150539,0.0016853091712119,0.8017926773302115,1.1004930906713632,1.819344790069346,0.9466203386217048,1.15991629100505
2021-07-29,1.0846632916086587,1.274847734782664,1.9119225867926668,67.93,ST/MT Ratio (Expanding EWM),GILD,0.050581960935646,0.0082962952903717,-0.0143671020352325,-0.0264043334138695,0.0111394454196767,0.0021293680067038,0.8336440397238744,0.9725303424417252,0.903187259978404,1.0960695458043306,0.9583476507815584
2021-10-28,1.2294621166908788,1.102751513281032,1.702380624200059,69.97,ST/MT Ratio (Expanding EWM),GILD,0.0692680580730847,0.0507200800220609,-0.0285545157967339,0.0151890074271679,0.0598956356911909,-0.0003807391055234,0.8740893323323752,0.9817785468262652,-0.0451967812040861,0.9679661545578874,1.0580596433990548
2022-02-01,1.3437410631187214,1.2121964784368724,0.8275133243021429,72.58,ST/MT Ratio (Expanding EWM),GILD,0.2479111459356216,0.0341410812100809,-0.0207623158993686,0.032547277323999,-0.0183056160749331,0.0001703181847919,1.0615158603346893,1.075212713253788,2.103895634999553,1.1157805517845845,0.9506107656196304
2022-04-28,0.9340370081250532,1.079869012883896,1.141130745582244,60.53,ST/MT Ratio (Expanding EWM),GILD,0.1353920939175307,-0.0529675211268112,0.0924728327592617,0.0150227023187223,0.0159525425507493,0.0026159670060468,0.8195366493282976,1.2511766255998424,-0.6806757337485063,0.944501754215914,0.9088533102232472
2022-08-02,1.093773975200772,1.0997520972742465,0.9000188781849894,62.36,ST/MT Ratio (Expanding EWM),GILD,0.05633174921155,-0.0326369847799618,0.0413403874221036,-0.0020631056766207,-0.0102300252452878,0.003037181405649,1.0513345461194614,1.1329482252633394,2.9476146657410225,1.1660797188951515,1.064337270992364
2022-10-27,1.586870314904721,1.0494826470867258,1.478721316578358,62.63,ST/MT Ratio (Expanding EWM),GILD,0.0980237815395944,0.0349269915795875,-0.0365322309862406,-0.0102074261665744,-0.018732174674716,0.0010895132964684,0.948634336365014,1.018740813711994,-0.3903723198484745,0.9414250969806028,0.9529134832038422
2023-02-02,1.37542428156263,1.1649284473589698,1.0626259643424016,85.39,ST/MT Ratio (Expanding EWM),GILD,0.0696212307909287,-0.0323870587738408,-0.0356737387023071,0.0289021912761564,0.0027283215741256,0.0017559716478288,0.8456459028747114,0.9962048169622147,0.2266745212524656,1.188473691311675,1.1313893004007542
2023-04-27,1.0522179284859852,1.2159649201343132,1.5004208412769235,80.97,ST/MT Ratio (Expanding EWM),GILD,0.1016715388967514,-0.0058621602498958,0.0184559818515547,-0.0325743731315418,0.0064338119851759,0.0022947192529023,1.1950383098053123,1.0489867791302694,0.8305065303577641,0.9973735977495838,0.9731550603586212
2023-08-03,1.3204419046063656,1.2660801001124358,1.5054561402746958,76.715,ST/MT Ratio (Expanding EWM),GILD,0.074609448147785,0.0212518234658593,0.020417943921339,-0.021253106509491,0.0759543388765023,0.0026932176016587,0.8572658831110317,1.2780316791231328,2.947242727195023,0.9134728489526196,0.9601383498927066
2015-02-10,0.9493026855358024,1.078459250468469,1.3247874060791411,97.2,ST/MT Ratio (Expanding EWM),CVS,0.169538558303852,-0.0318920559202272,0.0204665150595209,-0.006938944137293,-0.00160364539208,-2.767727167084866e-05,0.969409636920409,0.974533390537763,0.4555215745075331,0.93872890495789,1.0826047026887162
2015-08-04,1.4231659264935672,1.0479618770936965,1.2740256134383785,104.81,ST/MT Ratio (Expanding EWM),CVS,0.1180714168197346,0.0056881427151085,-0.0036486738066109,0.0339413439377999,-0.025254468237117,0.0011139597530216,0.9086778464677038,1.0407620223034644,-0.6227493941490096,1.0284384152130426,1.293303044384628
2016-02-09,1.224241913536107,1.0934007119168858,1.4756460493031098,94.92,ST/MT Ratio (Expanding EWM),CVS,0.2061570099562464,-0.0446908923221371,0.0002363721999129,0.0124941909010224,0.0098252679373596,0.0016674206201501,0.9315332187524762,1.250571709936974,2.372796566494741,1.1856175254891632,1.2160438049068378
2016-05-03,1.2356574147869026,1.183841723198151,1.180067325202803,104.48,ST/MT Ratio (Expanding EWM),CVS,0.2128356222260042,-0.0190478675382924,0.0138363857247807,-0.0212011439627561,-0.0488660009386592,0.002703140197236,1.063838730823526,1.242633777690983,-0.6974212773706014,1.0388491971596423,1.2957024954460237
2016-08-02,1.4328840304717296,1.191789274485611,1.9372238169947176,95.0,ST/MT Ratio (Expanding EWM),CVS,0.1808299486389447,0.0131923676949887,0.0065767901887999,-0.0047576926346225,0.0007010804348933,0.0044984304837214,1.1078400605178929,1.2848301512148892,2.1185374245339164,1.1624645902326431,1.1826118529212764
2016-11-08,1.6496992948170908,1.2713000592149026,1.4883305502698925,86.83,ST/MT Ratio (Expanding EWM),CVS,0.0891484409144326,-0.0537547806736084,-0.062579011182426,-0.0123580786024073,0.003400632057379,0.0017719942731902,1.1042008017668958,1.1092712039358004,2.6969508032565317,1.1475116731870083,1.237553986266253
2017-02-09,0.8861103516366212,1.3382043020952423,1.0511822955210204,82.67,ST/MT Ratio (Expanding EWM),CVS,0.1923433856309544,0.0174166158286139,-0.0028939889172558,-0.0147447248058383,0.0228650095736302,0.000593022537896,1.069203640385221,1.0218319788348995,-0.8574808184394427,1.1806965388228634,1.1344481395221988
2017-05-02,1.407748978529136,1.3766231273840153,1.112820053952662,78.05,ST/MT Ratio (Expanding EWM),CVS,0.2341975381982062,0.0013126770375661,-0.0215421930278094,0.0274722389639194,0.0273405562356961,0.0024022680772012,0.919257188459256,0.9596540431390151,2.3180926620030187,1.1509560583342735,1.2258031872522126
2017-08-08,0.9094570424392048,1.2141202849068755,1.158029201636091,78.14,ST/MT Ratio (Expanding EWM),CVS,0.0994021958550697,0.0213371484046001,0.0092563425672553,-0.0312935782315876,-0.0095892404726929,0.0033209957895407,1.0580330767867143,1.0464061550367505,0.2162811391210279,0.9025664310354512,1.2334430234752962
2017-11-06,1.255942342089023,0.9855808589366734,1.7601100132423348,76.92,ST/MT Ratio (Expanding EWM),CVS,0.1893603811918855,0.0098369946922631,0.0935577700781023,0.0432195213933593,-0.0007653503657483,0.0021080141209795,0.834973078997457,1.152301999216307,1.0162997873603534,1.0580068076779052,1.2706851381231097
2018-02-08,0.9418970434888436,1.171616389640401,1.1486063073636688,77.69,ST/MT Ratio (Expanding EWM),CVS,0.2374244396734497,0.0497449150490845,0.0150244499642291,0.0237057422546155,-0.0161530207652667,0.0010933514548457,0.8126460045084969,1.209356889851509,-0.7917904065307715,0.9114460817806131,1.0719270792565527
2018-05-02,1.3556142496567685,1.069071323116702,1.2063034388800151,61.04,ST/MT Ratio (Expanding EWM),CVS,0.0734987168589184,0.0063828575926767,-0.0054058905851719,0.0302715417650924,-0.0252015638701923,0.00295799394148,0.8252300697371867,1.2156575805171648,1.1182523745933488,0.9087116347979324,0.916200274592768
2018-08-08,0.9999418100397696,1.203192087699526,0.9937542425782596,67.64,ST/MT Ratio (Expanding EWM),CVS,0.1660499852567203,-0.0130291939393838,0.0316540450593175,-0.0085734878006314,0.0107473694845158,0.0026635456184984,1.0450674118957917,1.222444727063362,0.7511981250990942,1.0663742014606874,1.2199317816199606
2018-11-06,1.2099547937937931,1.144121978817909,1.3019215052462991,79.8,ST/MT Ratio (Expanding EWM),CVS,0.074308258880846,0.0062804126061299,0.0184806366162763,-0.0007485179769777,-0.0288396387149149,0.0009739191558043,1.0442024696167276,0.9899040950635278,1.4522081034779144,1.088483837719564,1.1936427923524506
2019-02-20,1.403885784212216,1.0972927486466535,1.2324892304565036,64.92,ST/MT Ratio (Expanding EWM),CVS,0.2082214070040233,0.0210154310162735,0.0166028347135552,-0.0328287953631178,-0.0073656725142965,0.0023814256175343,1.0483496750227206,1.2876968521832153,-0.210846765131726,1.1853272038701228,1.1153357961400066
2019-05-01,1.164071112712147,1.1100761259942775,1.255721238666662,54.19,ST/MT Ratio (Expanding EWM),CVS,0.0947238182039234,0.0037101024613996,0.0222055177964701,-0.01011656017667,-0.0218793489974809,0.0029972655676588,1.0687824561979649,0.939784638980876,0.5223037655124281,1.1308137439389518,1.182764406039596
2019-08-07,1.3780244703384443,1.3356493665901077,1.0186585812814446,55.31,ST/MT Ratio (Expanding EWM),CVS,0.0848418080473577,0.0034207091921358,0.0656963069448862,0.0153413711910787,0.0167420796572564,0.0031818900425588,0.8160557552661641,1.1186377053988978,-0.6468872281263622,1.1987569287534487,1.258918635413318
2019-11-06,1.278561111428378,1.2568450581215054,1.1268467520397984,61.99,ST/MT Ratio (Expanding EWM),CVS,0.1548555651707907,-0.0225697090732364,-0.0299266530597774,0.0354015765445349,0.0480357524816622,0.0019335510246905,0.8084322641714148,1.2434598315610523,2.6777184022336304,1.0060644667690366,1.1878006620191064
2020-02-12,1.1893633023574628,1.3275019840138358,0.9937599955303827,72.76,ST/MT Ratio (Expanding EWM),CVS,0.1951745465866462,-0.0212015321142831,0.0182089623043436,-0.0246789204200612,-0.0295396995700832,0.0016419205538206,0.9768414984831116,1.1620929938305378,0.3612696171927658,0.9967677709899804,1.0697735555430317
2020-05-06,0.6737503859600594,1.0606147650987054,1.332864255424456,56.22,ST/MT Ratio (Expanding EWM),CVS,0.1140910780913796,-0.0470911845129892,-0.0237914338994461,-0.0061376484246316,-0.0433254620724392,0.0032272738220812,0.8582271034610005,1.232455585774153,0.3947915814465466,1.0200448661717536,1.2576218450808578
2020-08-05,1.0608888491601045,1.1285839078102686,1.144753996769398,64.93,ST/MT Ratio (Expanding EWM),CVS,0.1934181827877553,0.0632351860115428,0.0206653793902674,-0.000782480505813,-0.0001221721337516,0.0007898394970191,0.9986495256252684,1.1177015637403451,2.825992499108394,1.1660179149434968,0.9677866835553758
2020-11-06,1.2962341979316103,1.266240733111053,1.2247836661918468,59.42,ST/MT Ratio (Expanding EWM),CVS,0.0631882023562498,-0.0415352132386949,-0.0235605953445828,-0.0318947300548121,0.0033924448989439,0.002438579290921,0.989286011967242,1.2885184909714182,0.4894651929144107,1.01147193255486,0.9780120927156618
2021-02-16,1.1768625515718911,1.1266408604632254,0.8754180931019557,76.26,ST/MT Ratio (Expanding EWM),CVS,0.0545265003662333,-0.0222516819228567,-0.0085210044081525,0.01778373104396,0.0084664826689324,0.0006299733726355,0.8457292456476502,1.1961219163023928,2.080121874806066,1.1907038890509,1.2093672843621452
2021-05-04,1.1499760421573602,1.1356398767305664,1.2366494137530368,75.04,ST/MT Ratio (Expanding EWM),CVS,0.1121539092473301,-0.0231442542949219,-0.0048526974271371,-0.0150997582935652,-0.0081580128808586,0.0030653762722596,0.8973409976134396,0.9160466313154062,2.941749537478641,1.0021352086630817,1.0247886169729683
2021-08-04,1.182750590271486,1.1976836910264606,1.19016045034997,81.18,ST/MT Ratio (Expanding EWM),CVS,0.1166378691137233,0.0333223531930554,0.0332745015803412,-0.0018847587794255,-0.0020159824706358,0.0017419544843888,1.162382083899753,1.1340399594179944,-0.1405153046034617,1.166728872814872,1.2973443420218973
2021-11-03,1.4326571297155024,1.031370448233218,1.414490461740109,83.81,ST/MT Ratio (Expanding EWM),CVS,0.2081545709067435,-0.0083232387402209,0.0315536333182724,-0.0082987342977969,0.012187760263515,0.0032685832356474,0.8346714244603324,1.244900651320995,0.5620627907375759,1.0572217339520114,1.2659263903059923
2022-02-09,1.3995469183620326,1.1595526748422509,1.212877502918695,105.06,ST/MT Ratio (Expanding EWM),CVS,0.1504026093996631,0.0456709725435806,-0.0333715212933915,-0.0167334626429918,0.0290107723161209,0.0024914127563555,1.1893516783100468,1.0048655641635198,-0.1485969161603448,0.9241549675774536,1.1247191410648552
2022-05-04,1.0006651835045417,1.199901127427951,1.2868455581385398,100.0,ST/MT Ratio (Expanding EWM),CVS,0.0542129338022941,-0.0215721718485354,0.0056480233299954,0.0028238753629861,-0.045876219257957,0.000776779769938,0.8054417581802673,1.0647593190439746,-0.7064639333919658,1.0215677348788,0.9159728757062436
2022-08-03,1.2233022342071334,1.0957663970248868,1.4026087955468758,92.53,ST/MT Ratio (Expanding EWM),CVS,0.0847441407777794,0.011764795677833,-0.0172873956424751,-0.0023902394642005,-0.0062234859757865,0.0034246277320772,1.1340869042435076,0.9838955975754264,0.3132348414316479,1.1610143989819175,1.198506424532882
2022-11-02,1.145942977583602,1.1155122179842023,1.3879560725381113,97.76,ST/MT Ratio (Expanding EWM),CVS,0.2349885425488466,-0.0272371468640915,-0.03375514732026,-0.0062964470569666,0.0083452198485265,0.0035512452664277,0.8876153446568235,0.9287597674629984,1.862695107421358,1.0172107652064328,1.2064319996472883
2023-02-08,1.275748140519555,1.1956617623523962,1.3366688976313683,91.49,ST/MT Ratio (Expanding EWM),CVS,0.0639602346557613,0.0770802194720686,-0.0025105115127311,-0.0152115405420085,-0.0199494026152684,0.0028822864925992,0.9781179089500842,1.0384009651889106,0.8048216328495861,1.124567695701203,1.2608881146161497
2023-05-03,0.9994080042852872,1.2472551732919908,1.2174802559028075,76.09,ST/MT Ratio (Expanding EWM),CVS,0.240252619748761,-0.0395659446660329,-0.0052544836536745,0.0109881167695738,0.0462792407941824,0.0012384121349637,0.8199068786354302,1.109644616490782,-0.8686582836644896,1.0405228635073076,1.25411313163876
2023-08-02,1.1814996364087456,1.3322366608389,1.1078040314231774,69.77,ST/MT Ratio (Expanding EWM),CVS,0.1314298390331741,0.0128437248579459,0.0768014945903656,0.0443404317123071,-0.0128852470057184,0.0016939860456425,0.944636106568124,1.2729801684322573,1.5224338866024376,1.180246603137902,1.2028666501650078
2015-01-28,1.2389053637318026,1.0422018303024256,1.2645867027720932,119.79,ST/MT Ratio (Expanding EWM),VRTX,0.186918048256218,0.0241821908326234,0.0169887947608208,0.0064971808209781,0.0019676828248179,0.0021454272174057,0.841374066659505,0.9924605470250708,0.5766818183340248,0.9510320646036228,1.0979646419106643
2015-04-29,0.9852145959181836,1.104164984434488,0.7280516581533515,121.25,ST/MT Ratio (Expanding EWM),VRTX,0.0875532781292277,0.0164829684108024,-0.0373285250226271,0.0279029553727782,0.0169005524210572,0.0012962896006685,0.9885472622805962,1.2825036792109523,0.734911531583911,1.1356880412863992,1.276764217940592
2015-07-29,1.439980600932632,0.9468574179050012,0.8050749460335642,122.03,ST/MT Ratio (Expanding EWM),VRTX,0.1984600335853024,-0.0044850680607197,-0.0129432201251282,-0.0317555481288365,-0.0117821197200473,0.0036923465724632,1.1507955323895942,0.9834670498046368,0.9841195770141772,1.0043219346887775,1.0599434780548862
2015-10-28,1.0762309254628086,0.9353724923347024,0.703630706680054,98.5,ST/MT Ratio (Expanding EWM),VRTX,0.0713851588467976,-0.0025437244906699,0.0346414988628819,0.0069440359823442,-0.0431643261951104,0.002144326471726,0.9443227304983004,1.2305436840700017,0.8085562204897898,1.0571082996734065,1.29297894281883
2016-01-27,1.0246215204210165,0.9976709727366592,0.8633112985047003,123.95,ST/MT Ratio (Expanding EWM),VRTX,0.1686780652218449,0.0035334015192688,0.0666532831860977,-0.0244342079742766,-0.0077163631729133,-0.0007033480471073,0.8239917088766067,1.0951830559162996,2.0962468277844644,0.945348587456468,1.1446126378459096
2016-04-27,0.927562816855129,1.0705416300131751,1.036825303841011,78.7,ST/MT Ratio (Expanding EWM),VRTX,0.1486388952076994,-0.0031450700569971,-0.0435794993671387,-0.0339231231882975,0.028736013898176,0.0023393558127562,0.8957859118137868,1.2469616452898271,0.3083986616003171,0.9987188450702728,1.1392775514071574
2016-07-27,0.8508327001679081,0.9911429930787844,1.0501746956678977,79.84,ST/MT Ratio (Expanding EWM),VRTX,0.1720712984065273,0.0357357690878218,-0.0523977315541713,-0.0154842851864759,-0.0054223781696284,0.0016518426031826,0.8734251632479635,1.0139554555612245,0.666527400477646,1.006091358942033,1.109950887202233
2016-10-25,1.092801264445084,1.0488743515779295,0.8231811046617749,88.29,ST/MT Ratio (Expanding EWM),VRTX,0.0665258974064855,0.0793683050556973,0.0601289552611534,0.0327974833603393,-0.0181608575364744,0.0019250734438815,1.0398560576275866,1.1266669815000658,1.616673247967729,0.992324854982346,0.9505704908620112
2017-01-25,0.7732084670841882,1.063067140410478,1.113332237061688,75.19,ST/MT Ratio (Expanding EWM),VRTX,0.1353717290812732,-0.0175122124752741,0.0156884253211271,0.0267503957167411,0.026141805237568,0.0016313806342143,1.1043230165724307,1.240312153052273,0.0280249288897289,1.022127586847406,1.0994276867854222
2017-04-27,0.6833607872504602,0.8942306023097745,1.1779819593728158,89.67,ST/MT Ratio (Expanding EWM),VRTX,0.2326391302815878,-0.0459431042852677,-0.0220487819562909,0.0090751180513599,-0.0052693724005763,0.0028070464166066,1.0133307371011746,1.1637960684350608,-0.8335870665787146,1.1164431248202051,0.924788402791764
2017-07-26,1.3042946402950797,1.142612295487221,1.0808172886804952,133.41,ST/MT Ratio (Expanding EWM),VRTX,0.243972478821044,-0.0010898716922939,0.020038872583673,-0.0353175139972482,-0.0097540203412554,0.0031196877785533,0.9873154270691472,1.2310684542276775,0.804861253113585,0.9447269246304744,1.2940135380023838
2017-10-25,0.8865074979472839,1.0742162661982433,1.2517584661637076,149.1,ST/MT Ratio (Expanding EWM),VRTX,0.1207203124317073,0.0922898268179011,-0.0750724321705063,-0.0019070162846984,0.0067364022415827,0.0022830531622586,1.1557141848297052,1.2085254532900056,0.6460464115968416,0.9551537180667894,1.2765644725674006
2018-01-31,1.1815579243792318,1.039401049691295,1.1609744435902725,152.91,ST/MT Ratio (Expanding EWM),VRTX,0.0731463392881581,-0.0261286098789405,0.0041012651979148,0.0105425002225433,0.0222687552404696,0.0016606888128618,1.0129404506068556,1.240942184154994,0.368380023037703,1.0005864951238412,1.2942161922696156
2018-04-26,0.9729627344137824,0.9939222520723184,1.1218831861841465,160.34,ST/MT Ratio (Expanding EWM),VRTX,0.2416609549739627,0.0593690881905423,0.0138346351852925,0.0073884057394649,0.0625428382933136,0.0019586627951908,1.00873321939794,0.9562781695442986,-0.1213012880211703,1.0445832838178162,0.9169883641953646
2018-07-25,0.7671745361841436,1.0052303524428154,0.9524367215458248,154.76,ST/MT Ratio (Expanding EWM),VRTX,0.1075987455733811,0.0607195284926754,0.0317281041861348,-0.0430948395870186,0.0236809026914355,0.0020195996165776,0.9850135941513202,1.067576336832051,2.117345061277948,1.0064825893467726,1.2930195046158397
2018-10-24,1.2397747283607077,1.2348940858892208,0.883725305738476,182.17,ST/MT Ratio (Expanding EWM),VRTX,0.0727791600033123,-0.0173755884597798,-0.0264168785687761,-0.0192579462004967,0.0319959991597086,0.0011975699601351,0.8723079677203612,1.136394673987254,-0.6412028119669815,1.1201591951981946,1.2979014752247886
2019-02-05,0.9191605898007555,1.0409026977132316,1.2342865521268072,175.85,ST/MT Ratio (Expanding EWM),VRTX,0.1823545701577321,0.0219144077714846,0.0065706148421007,0.001398055896282,-0.0096491549746963,0.0025789286485712,1.1276554551006528,1.1222814162881205,0.9389654295987682,1.150508988380054,1.2743896338842895
2019-04-30,1.1970308813509505,0.9773286940712448,1.4063659173471408,186.05,ST/MT Ratio (Expanding EWM),VRTX,0.0713099034876358,0.0589938818094988,-0.0237627387817876,0.0164072727379297,-0.0226467026492369,0.0024600423238604,1.195682610319237,1.0586156910257938,2.9636698991780492,0.9467778756521494,1.0014199103727637
2019-07-31,1.4831699585577196,1.1686008130662795,1.9100830383388372,181.84,ST/MT Ratio (Expanding EWM),VRTX,0.2321146577330483,-0.011269470934562,0.0116615126702295,-0.0519031955274986,0.004558283740478,0.0035404412397766,0.8356064498935585,1.0086954065937928,2.071750206472045,1.155877307453535,1.2115570580410286
2019-10-30,1.0673708388947214,1.1575483998751837,1.3795721455311638,169.42,ST/MT Ratio (Expanding EWM),VRTX,0.1417001657356275,-0.0051253126035826,-0.0228603896708907,-0.0010530993869964,0.0056792478814899,0.0032553497802884,1.0524263112670784,1.1055866050090584,1.834817156854586,1.0172500647801666,1.2365233405998808
2020-01-30,0.9313095918059652,1.1616220795121823,1.6559904624536328,218.95,ST/MT Ratio (Expanding EWM),VRTX,0.0867822537128552,-0.0183588319882025,-0.0082430251748066,0.0065762192469738,-0.0239628185341149,0.0013143250824098,1.0708760375907145,1.1791218793977634,1.143743972516285,1.1655686952633515,1.000805893471621
2020-04-29,1.1671696323803653,1.0156959891428083,1.4183539210606122,231.92,ST/MT Ratio (Expanding EWM),VRTX,0.2070289230500966,-0.0335164855742503,-0.0258744618437068,0.0242402997129053,-0.0013823632476003,0.0028202983745089,0.9524590613444204,1.2110570278710755,0.9709955845173508,1.1667642040272572,1.038559727905141
2020-07-30,0.8690855856602765,1.1025438727397847,1.407661942221232,290.31,ST/MT Ratio (Expanding EWM),VRTX,0.2475750999940762,-0.0207247140773102,0.0235340872547097,0.0203214396059359,0.0129829400429782,0.0010490466169055,0.947732067527858,1.25549431575465,0.8574812807281642,1.054837375260746,1.033105486134272
2020-10-29,1.0715567418606793,1.124480483302141,1.1755843333744616,270.31,ST/MT Ratio (Expanding EWM),VRTX,0.1972847358947029,-0.0408379093366789,0.0297535334996999,0.0175642829702201,0.012009834875452,0.0026959321009408,0.9106679768716328,1.1623794843353568,-0.5206373538351845,1.1637817923548728,1.2116812547060432
2021-02-01,1.2724867941992015,0.9904019829240004,0.9529249978824222,236.34,ST/MT Ratio (Expanding EWM),VRTX,0.1485529673640616,0.0031929213890729,-0.0030386170987224,-0.0169985126675483,0.0156071963346068,0.0014833858012398,0.8762993054823212,1.177607978329826,1.4105316851425391,0.9553605152209932,1.0092814024200931
2021-04-29,1.115840752290367,1.1476549038587,0.8167863049170984,212.99,ST/MT Ratio (Expanding EWM),VRTX,0.2384421323630226,-0.0249490630870524,0.0051471398488008,-0.0447000534280826,0.010274118253436,0.0009767467766244,0.9635946014935336,1.1796970940981897,1.5548936352680238,1.059670454303009,1.2073642172456138
2021-07-29,0.8325652092253638,1.2349011249091468,0.9440640464052384,196.78,ST/MT Ratio (Expanding EWM),VRTX,0.1906129473281126,0.0101825069126761,-0.0394577424390063,-0.006826318926535,-0.0096752164817513,0.0022800453426974,1.1031750958424664,1.1471436616249024,2.147960333539301,1.0002790124337628,1.2524998113290422
2021-11-02,1.33845330175613,1.0135307090660703,0.7977952357379589,177.4,ST/MT Ratio (Expanding EWM),VRTX,0.0707967184843893,-0.0524563476171269,-0.0049902994402036,0.028040795630214,-0.009847515666221,-0.0006745671281541,1.0459640343207763,1.2289454055249722,1.185116419161136,0.965531473496604,1.1169640514713235
2022-01-26,0.8460550351666457,1.0414258693648455,1.194076986651306,222.34,ST/MT Ratio (Expanding EWM),VRTX,0.2370517978206076,0.0135808081275059,0.0024938614887476,0.0378363631881107,-0.0269737849498469,0.0002490244255947,0.9484446655106352,1.1789996144148378,0.9031751669389432,1.1508338414783064,1.1712290049287668
2022-05-05,1.359111195166178,1.4460540722107065,1.057949378306603,269.96,ST/MT Ratio (Expanding EWM),VRTX,0.1117525930979452,0.0311735136563123,0.0826237927308992,0.0207637275574446,0.0476193759796273,0.0018225081162257,1.0738177732125296,0.986862133396426,2.9369990659651615,1.1525025627814467,1.215601953824278
2022-08-04,1.2281471743187629,1.1462752849636797,1.2411269293354303,288.98,ST/MT Ratio (Expanding EWM),VRTX,0.2367299348845479,-0.0677807474900009,-0.0293590107732249,0.0137335205700433,0.0033362591154823,0.0020824417666348,0.932086090064011,1.1142526611388928,-0.4515872477026854,1.0615427929988115,0.9583556985933148
2022-10-27,1.5073166207273525,1.106863359347413,0.956272388079562,284.74,ST/MT Ratio (Expanding EWM),VRTX,0.230149167352769,0.015091979944665,0.0479253171625731,0.0124909912096491,-0.0026213263948712,0.0016306812298418,1.0212151375958405,1.1594887520619623,0.5607838689996094,1.049563463499388,1.2502613550698345
2023-02-07,1.137069336511795,0.8530055186744896,1.0353671378881195,283.23,ST/MT Ratio (Expanding EWM),VRTX,0.2115662870400749,0.0449684147365652,0.0339057632039742,-0.0109029686690195,-0.0202198020363114,0.0004205637012824,0.8434252578811238,1.2166931571998612,-0.3169817960152143,0.9110123948413884,0.9742298410980192
2023-05-01,0.9624870028452724,1.2763110894207506,1.7435458857872652,315.07,ST/MT Ratio (Expanding EWM),VRTX,0.0800311293535918,-0.0403374356541921,0.012419092134704,-0.0002515073388405,0.0763914475581944,0.0011821081578614,1.106017275988196,1.062050429334744,2.4900820673847277,1.0574122623546798,0.9089001407705324
2023-08-01,1.4125504653135257,1.2445915715457438,1.204044942292791,347.57,ST/MT Ratio (Expanding EWM),VRTX,0.1194896253091473,0.0605400335393196,0.056758614525854,0.0447267381456582,-0.0238332008055723,0.0023912093272373,1.0866854438407707,0.9440931634884931,2.1575185338476977,0.950430764941554,1.0381785543222055
2015-02-10,0.761842511759531,1.0695926816293793,0.9709557500899388,413.33,ST/MT Ratio (Expanding EWM),REGN,0.1258062594424682,0.0166656653278115,0.0151631641782058,-0.0205639501447969,-0.0077211981401518,0.0025817817706283,1.1045085718501442,1.2816925429905688,0.4857358025869294,1.1488200660596808,0.9763169061903356
2015-05-07,0.8265929082844915,1.1692913355096863,1.2149034177578422,441.65,ST/MT Ratio (Expanding EWM),REGN,0.2290704471267377,-0.0226754149515443,0.0156747758700378,0.0433694697677462,0.0133959209071515,0.001983776882404,1.1228719080809964,1.1629976237025004,-0.2290259711505262,0.9907511881054236,0.9527083554388144
2015-08-04,1.2469630011671446,1.103996439228364,1.2749494442083027,512.24,ST/MT Ratio (Expanding EWM),REGN,0.0804120294048806,4.808228198028958e-05,0.0024063804094736,-0.0050507038623014,0.0180053241436069,0.0031568337810369,0.9531868044257252,0.981459456449311,1.575991814521894,1.1983515312661677,0.9048036652337056
2015-11-04,0.8414219317185178,1.0105705874988269,1.33126549698781,473.14,ST/MT Ratio (Expanding EWM),REGN,0.240403531831714,0.0215414419382602,0.0407070664725588,0.0361358027273769,0.0269483013803921,0.0023973970234592,1.0163679253149194,1.129466639019604,2.6568351587232475,1.0518016004300812,1.1174805678579671
2016-02-09,1.167393313769928,1.01276714301603,1.4906884437213062,480.82,ST/MT Ratio (Expanding EWM),REGN,0.1306475113632113,0.0046601886994344,0.0368940770143265,-0.0321703752374384,0.0481902126942315,0.0012525443460417,0.9886611205313556,1.0075617218245927,-0.7758834670043453,1.0225973046629508,0.9210365884962716
2016-05-05,1.006447122676829,1.0602406224718088,1.308286986759689,403.65,ST/MT Ratio (Expanding EWM),REGN,0.1634966592203964,0.0208564597356229,-0.0147703186248863,0.0176476050291162,0.0156539413865178,0.0017194979465883,1.020196987786367,1.0229174572969173,1.1344096061017113,0.940289089318556,1.273051986295744
2016-08-04,1.1143834947094031,1.1074776170115983,1.3810690859831742,359.61,ST/MT Ratio (Expanding EWM),REGN,0.2166645893947392,-0.0302235757577778,-0.035577415837963,-0.0154192533986905,-0.0234007699991666,0.0005971338427921,1.1578084974199738,0.9759986036809138,0.3737771331760395,1.084047831555594,0.9382744829223624
2016-11-04,1.400062207878207,1.2017908610315344,1.2077285254564325,392.6,ST/MT Ratio (Expanding EWM),REGN,0.1141991305289172,0.0079276288412627,-0.0020894191218697,-0.0323816797981046,-0.0034236281280445,0.0018918610096085,0.9418271284464604,1.0004449147276024,2.6620669148667866,1.1557531908867615,1.1319330965067456
2017-02-09,0.868785650727166,1.1452247264972573,1.199784345248212,373.0,ST/MT Ratio (Expanding EWM),REGN,0.2132648370977614,-0.0474800073916743,-0.0200011569319293,0.0084633510602736,0.0106958093128471,0.0031121006192213,1.0081385347486296,1.2722903178181588,2.7297111319152614,1.190799037605498,0.9501515536432752
2017-05-04,1.281112774249322,1.1016500388337247,1.0265336008412305,382.92,ST/MT Ratio (Expanding EWM),REGN,0.0956677845890283,-0.0018929121472045,0.0020942627615393,0.0282367947148992,0.0547056510376455,0.0026852900847109,0.8642231243052682,1.1706946794719546,1.1657379064393796,0.9055397714679708,0.9247900143958078
2017-08-03,0.9306118385632766,1.1001680433252543,1.1002212752007867,487.73,ST/MT Ratio (Expanding EWM),REGN,0.2168749797406288,-0.0296367674512676,0.0411231440405241,-0.0181235359648374,-0.0319451369606074,0.0034020093259191,1.155232152903522,1.2475483182157543,0.4290836879841806,1.1673151850791603,1.137470029759161
2017-11-08,1.0074995923467065,1.0747055919425494,1.2265972985480418,469.56,ST/MT Ratio (Expanding EWM),REGN,0.1695822539596323,-0.0237435479906418,-0.0097190496526036,-0.03447539901146,0.0330644126306306,0.001697114756201,1.1223622588075608,1.0709724284640858,-0.5464066906203651,1.0301181187938049,1.0829199191987593
2018-02-08,1.2272445559584135,1.1901340527074646,1.132920259881829,368.65,ST/MT Ratio (Expanding EWM),REGN,0.1573893057566303,0.0452632611323653,0.0027152985606527,0.0007038808916261,0.0074978592386604,0.0033460997945142,1.0203776775362412,0.9422330851617712,2.9656074521984457,0.973241046242072,0.9794209614148373
2018-05-03,0.8200452792206665,1.0467444496829854,1.2908398023243126,332.2,ST/MT Ratio (Expanding EWM),REGN,0.0657139743816643,0.0401958542207994,0.0057406820442518,0.0008141167805704,0.023945763380737,0.001806695773552,1.0107211675423746,1.1148832717579555,0.7592829513329771,1.1315676438975764,1.106661760291441
2018-08-02,1.3294654561487058,1.123841580474149,1.5279501771716957,353.86,ST/MT Ratio (Expanding EWM),REGN,0.1730713821960368,0.0233198342317511,0.0294529264661585,0.0167079906888624,0.0004501320841017,0.0034715850825698,1.0438781820579937,1.1894985541631142,-0.8998995937445335,1.0711932547635137,1.2536777884913477
2018-11-06,1.0134697328463391,1.1092589709366956,1.0479009295027188,394.15,ST/MT Ratio (Expanding EWM),REGN,0.1736829958896437,-0.0362309467635402,-0.0634066800195381,0.0267398642841122,-0.0180608157531581,0.0019781432525578,0.8069554971701736,1.0620728415203844,2.70490980082332,1.0059463206847614,1.0834915296800964
2019-02-06,1.015313736617122,1.032205032791388,1.125011215120974,396.63,ST/MT Ratio (Expanding EWM),REGN,0.0733682966178763,-0.009074295739318,-0.0142010088429588,0.0015146204681876,0.0217718194850333,0.0027072313738042,1.192616557217725,0.9797295435802296,-0.7389792434999762,1.1578267772583912,1.2473861364849474
2019-05-07,1.2081963337461772,1.1701107305260374,1.487128413703717,401.26,ST/MT Ratio (Expanding EWM),REGN,0.0674860370421586,0.0444584194992714,0.0103385107683841,0.0493875828698565,0.0193607756776405,0.0034751123643098,0.9888311338720052,1.1056828697909145,2.343225478471344,1.1215678494347383,1.0060596008868044
2019-08-06,0.8656903485380537,1.129714154913826,0.7537542224810715,302.84,ST/MT Ratio (Expanding EWM),REGN,0.0987601173118453,0.0069600919773966,0.0400023686928058,0.0086058686133822,0.027301424143493,0.0018065723714187,0.8067573420286074,1.0918800650134184,2.4356493043825655,1.1687504030070486,1.2824904788304616
2019-11-05,1.4231833769625073,1.1803508300587993,1.0637065879861252,283.81,ST/MT Ratio (Expanding EWM),REGN,0.0660812362879601,0.0831765338993593,-0.0107570734251861,-0.0056606626501724,0.0026673841155341,0.0022183889875441,1.1518252950451124,1.1320174221192394,0.7784223969444035,1.1324549539602298,1.1959286537462386
2020-02-06,1.2192585418363553,1.0809707158749493,1.662931500559164,373.13,ST/MT Ratio (Expanding EWM),REGN,0.0528713839368231,0.015766124378803,-0.0522965811812562,-0.0372891839775707,-0.0119955505829962,0.0032888634252063,1.0152573720325817,0.9349309490233876,2.704325387147675,1.036680761250499,1.0453335127665058
2020-05-05,0.9427431071673116,1.116986280714773,0.970145337798184,504.27,ST/MT Ratio (Expanding EWM),REGN,0.2200259084778736,0.0087217190771511,0.022591343378984,-0.0035664880079041,-0.035969674875596,0.0018669968360699,1.0518269580675086,1.1695351844667907,-0.1572483318787942,1.1510816534429869,1.015974837464951
2020-08-05,0.8182019603295805,1.0599444673248566,1.1051985400412152,627.25,ST/MT Ratio (Expanding EWM),REGN,0.1384334703917344,-0.0088190762470875,-0.0150608716647688,-0.0054096736352784,0.0234843317034851,0.0006791077174938,0.8746735703657267,1.062559941141799,1.922240323589861,1.189637453531941,1.2237125057485734
2020-11-05,1.0017512905290966,1.1874297948062376,1.0034626053777576,581.64,ST/MT Ratio (Expanding EWM),REGN,0.1883193921576003,0.0066739316673798,-0.0316899997727108,0.0270076199070367,0.0135972370610996,0.0041430070545849,1.1761393510680769,0.9562423216306108,-0.7152928045452929,1.0673114285720011,1.0161189932176138
2021-02-05,0.8746014048428199,0.980846215175796,1.1301662866917628,470.09,ST/MT Ratio (Expanding EWM),REGN,0.2265852506431303,-0.003336444273319,-0.0147303616913967,0.0145620906016713,-0.0211445658215989,0.0015302355356628,1.131221989187709,1.1687951485609305,2.8829126559431777,0.9764377067193912,1.094313645742093
2021-05-06,1.0669628061017356,1.0800670169543942,1.0406791538315547,478.68,ST/MT Ratio (Expanding EWM),REGN,0.0639800165238062,0.0267838036841006,-0.0015357607296754,-0.0264842280408154,-0.0104643418324156,0.0021587560509375,1.0004961909701413,0.9956707179429504,1.360373597952031,1.0329857958237718,1.0786886223959495
2021-08-05,0.9954973528697956,1.0662087000431393,0.7934605445294304,582.25,ST/MT Ratio (Expanding EWM),REGN,0.0580649333327796,0.0354845810878104,-0.0141423399361463,0.0073063596602759,-0.008668970298786,0.0031560066694511,0.9450946591889936,0.906771740970214,1.088380947659156,1.0005743507100993,0.9005279475937319
2021-11-04,1.3270635093037768,1.0348549077162967,1.156986287698324,550.9,ST/MT Ratio (Expanding EWM),REGN,0.1462935561976892,-0.0255096311177782,-0.062166981712972,0.0197882792932263,-0.0340746107995604,0.0013915060962687,0.9231774830647728,1.0114513332359027,0.5737926128945432,0.9395555968930192,1.1030735298540335
2022-11-03,0.5636847396792719,1.0689022186546162,1.536748445170788,739.54,ST/MT Ratio (Expanding EWM),REGN,0.0728623651962254,-0.0445931533745222,0.0309119859066139,0.0412007839846958,-0.0174420599151283,0.0009921320867778,1.076976141007252,1.152074227621829,2.2150197902767625,1.0356024863961244,1.107636692135891
2023-02-03,1.2116541083746573,1.04783589850937,1.1662697787620186,726.49,ST/MT Ratio (Expanding EWM),REGN,0.0742625993260629,-0.0622671880586153,0.0422462512383616,0.0251875991853514,-0.0253457589201588,0.0022537372967748,1.1241607763435932,1.0710804683276955,1.8063973995983875,1.0303807106153977,1.0670944778046252
2023-05-04,1.1180156605449263,1.2040037570227284,1.5217213935234326,822.09,ST/MT Ratio (Expanding EWM),REGN,0.1980892929403606,0.019779696441939,0.0235456597401851,0.0220211663577869,-0.0073119752971984,0.0002069236020876,1.104082249811664,0.9699347661864844,0.3543438877662943,0.9672516830240704,1.043643977187039
2023-08-03,1.076319914519873,1.322477688972127,1.2316494815100574,718.09,ST/MT Ratio (Expanding EWM),REGN,0.2004245023939435,-0.0366178312160855,-0.0301305701127444,0.004502149865379,-0.015467437458239,0.001712093923132,0.8921499289464097,1.131762252434662,2.192683210471381,1.1359839183653706,1.045800385819517
2015-01-30,1.105762699069263,0.9637663748390392,1.4939869788529074,68.99,ST/MT Ratio (Expanding EWM),LLY,0.2082707256633597,-0.0733511707533369,-0.0020447460184255,0.0127078001355862,-0.0376751230216687,0.0022450386643154,1.1955041623577047,1.1375417458823205,0.5976012071131791,1.1506617837724276,1.1919496050570564
2015-04-23,0.7831880980935192,1.0789782522736715,1.5034856301422057,75.56,ST/MT Ratio (Expanding EWM),LLY,0.1299151505151361,0.0156002511585837,0.0038043605431162,0.0342376225176539,0.053564755764237,0.0017300481031748,1.099710134729642,0.9784557398935486,0.8732972294742205,1.1585484392473808,1.101615203051503
2015-07-23,0.9035504269594028,1.2333239291047238,1.3232403964261077,82.67,ST/MT Ratio (Expanding EWM),LLY,0.1123522359497653,0.0892549831101476,0.0219638316868573,-0.0303194349369912,0.0343135182757307,0.0004565490568142,1.07338109736842,1.135173493213706,2.3694271508735283,0.9853682519284808,1.130190111154546
2015-10-22,1.032852476079049,1.0232009742881762,1.581649892423433,87.8,ST/MT Ratio (Expanding EWM),LLY,0.1082293017751243,0.0017875180961037,0.0240502146615424,-0.0057359831804239,-0.0164754855379996,0.003594177956204,0.8492938672039216,1.1760843106797871,1.9278713534108485,0.9128511963566996,1.170316385451194
2016-01-28,1.3453380153739032,1.01285992701598,1.953294612126026,86.25,ST/MT Ratio (Expanding EWM),LLY,0.2248561339275999,0.0313471771058074,-0.0180252139633548,-0.016314218718906,0.0098105349163402,0.0021035381539491,0.9658760616663146,0.9496387504438728,0.6796301907938704,0.9582698789086744,1.0662238128493269
2016-04-26,0.7988297827939624,1.038354342900849,1.4272018910873752,70.62,ST/MT Ratio (Expanding EWM),LLY,0.0878269662155703,0.0048640275491647,0.0064598666924068,0.0124788279681531,0.0134366272455323,0.0034311521177617,0.9537356111834112,1.195356654774423,2.096862232665435,1.082108596315364,0.909074736872979
2016-07-26,0.8582465763858006,1.0685991701200863,1.882475594730357,74.89,ST/MT Ratio (Expanding EWM),LLY,0.1562901949749847,-0.0014611378616899,0.0177184121384572,0.0337555543912696,0.0327771463693369,0.0017399637498195,1.1724089116283976,1.1744933120385792,-0.8632182003152447,1.1456498697642352,0.9801064618871984
2016-10-25,0.9836314696545052,1.155356339318695,2.2651569910785896,79.52,ST/MT Ratio (Expanding EWM),LLY,0.0863191670842988,0.0341676769045719,0.0476746696644029,-0.0119243571680268,-0.0174651256665019,0.0011199880183092,1.0316884758284428,1.0866537479800749,0.6793551294203066,1.166914116037319,1.074944516625046
2017-01-31,0.8760699785748868,1.04529741645183,1.5665806287817885,73.55,ST/MT Ratio (Expanding EWM),LLY,0.2098317821489615,-0.0081596090466027,0.0251351961947416,-0.0567576091867359,0.0303026695995606,0.0022691809202551,0.8301376470292603,1.278655490885981,2.68214092495851,1.1053298068744797,1.08715701125281
2017-04-25,1.2545934557255611,1.0891028412243977,1.376702579909321,84.24,ST/MT Ratio (Expanding EWM),LLY,0.1903708339973711,0.0113587309925166,0.0276717006212655,-0.0073055186256117,-0.0106976326051733,0.0017842128736717,0.8371437891774085,1.2162992474309906,-0.6980883423038842,0.9205802954685436,1.1149535369757473
2017-07-25,1.237414262645356,1.0908876347011638,1.1326454170492473,84.28,ST/MT Ratio (Expanding EWM),LLY,0.2202511473522851,0.0132594232168604,0.0065147988378808,0.0258368433004351,-0.0303965601042153,0.0008222385420086,0.8640512960738561,0.9030921069361396,0.692453723983145,0.9411651694830198,0.9642061661122764
2017-10-24,1.0735741261476537,1.1374742766446042,1.933667328354917,84.64,ST/MT Ratio (Expanding EWM),LLY,0.2333057876274282,-0.0213831658775067,0.0463137743561051,0.0164407475737469,0.0211034139828624,0.0034697842587874,0.8307642554941339,0.982037501489444,1.8619367190975575,1.1426781921653373,1.0810134576117203
2018-01-31,1.5749100747668667,1.099069229595313,0.7432938878415518,84.68,ST/MT Ratio (Expanding EWM),LLY,0.0809466908246709,0.0367214822337783,0.0162928838787849,0.0137046561952644,0.0352689606030607,0.001377729777106,1.002621526352567,0.913062013837681,-0.7227349545147326,0.9772703176948552,1.1175593682852591
2018-04-24,0.8560237736826063,1.1520268741123625,1.080581675427047,76.18,ST/MT Ratio (Expanding EWM),LLY,0.2309135852376508,-0.0041235914843393,-0.0218326373052071,-0.0039998325468619,0.0676977243382671,0.0001597336152044,1.095820459493997,1.1420012245352134,0.568511419947153,0.9354972219009414,1.212309293954876
2018-07-24,1.4535288407017708,1.1536352039118547,1.2107172782635538,85.77,ST/MT Ratio (Expanding EWM),LLY,0.1801452541291419,-0.0244510805822495,0.0461010991037557,-0.0289757684054946,-0.0269931316272553,0.0033281660539573,0.9455144206396228,1.1944216057931158,1.0519153676573674,1.1215986160685476,1.2629158245810288
2018-11-06,1.3214596329753372,1.1192919567735982,1.146908691032566,115.46,ST/MT Ratio (Expanding EWM),LLY,0.1020192210155272,0.0207778445249641,0.0249370981761708,0.0158823580406116,0.0204729921270197,0.0014957019841873,1.1684118064215208,1.1140427120002414,1.046033459062555,0.9797035396508512,1.2743199326117165
2019-02-06,0.9040674770050098,0.9782749398874052,1.136964410753769,115.28,ST/MT Ratio (Expanding EWM),LLY,0.1908561097434693,-0.0294463793626863,-0.0092913206338544,-0.0178570452508656,-0.0072450310948383,0.0013921761073843,0.9831676668798484,0.9510364957149507,0.7308196585061997,0.9381159750714012,1.10101267370283
2019-04-30,1.1054765718410469,1.1158662847158372,1.5157158304298404,129.05,ST/MT Ratio (Expanding EWM),LLY,0.0535723846848301,0.0029863405079194,-0.0103847890219773,0.0576024183345114,0.0225839677631007,0.00023461241297,1.0245102059424849,1.035102304597434,-0.7133975430740613,1.1830510606899718,1.2093412453933718
2019-07-30,0.8819507083725601,1.175614363351927,1.1465771415152597,112.74,ST/MT Ratio (Expanding EWM),LLY,0.2431032367113237,0.0016808351174528,0.0128972663542228,0.0172626802088628,-0.0337622387807812,0.0037409414865969,1.1355524322020485,1.046747357714492,2.043324120077802,1.0456118685507585,0.9804333953624184
2019-10-23,1.18368220813921,1.102881119793392,1.6300275506264696,114.18,ST/MT Ratio (Expanding EWM),LLY,0.2337578656486427,0.0400063448041052,0.0178955438580275,-0.0115162075638487,-0.0285692443924641,0.0007105194127903,0.8497693507628854,1.0380203477288228,-0.4497915540994412,1.1994806928612205,0.9196755960928088
2020-01-30,0.9163103497246328,1.1858470490883042,1.4770552121330498,131.43,ST/MT Ratio (Expanding EWM),LLY,0.1926627422643134,0.0186144381507983,0.0099187679689362,-0.0122846311847156,-0.016396870579162,0.0020584494807056,0.9764574397476308,1.0808374089561537,0.2025277143267021,1.0714054697120836,0.959990809660618
2020-04-23,0.8151088095448471,0.9061971588731518,1.778476196976967,122.89,ST/MT Ratio (Expanding EWM),LLY,0.0601356291489387,0.0011240564439199,0.0133392602032865,0.0006763948346602,0.0049741011417021,0.0029126203225404,1.1135649522348934,1.0329790872990554,1.365370359194567,1.114691770820088,1.2556168470760645
2020-07-30,0.8724895223275886,1.0652685131038226,1.6888217017448215,164.18,ST/MT Ratio (Expanding EWM),LLY,0.124059656279129,0.03062182047201,0.0549987212372914,-0.0029875480505437,-0.0130270316634588,0.002421716933003,1.13431497458088,1.1433236112414238,0.5535727215355477,1.0509614010224892,1.2074939173515211
2020-10-27,1.355354130605132,1.2144229343457216,1.0760200891506484,148.1,ST/MT Ratio (Expanding EWM),LLY,0.2325247370286946,0.0506572642156059,0.0361462945670465,0.0309208443882488,0.0194763585978354,0.0019403456880078,1.1510182170237893,0.9415127712706688,0.539425049972214,1.1328349795240502,1.0726607050375845
2021-04-27,0.6859852875686228,1.136617934533281,1.0120665967153817,186.34,ST/MT Ratio (Expanding EWM),LLY,0.1161769209129881,0.0215233607223151,0.0097190677379507,0.0076604042436011,0.0286723654564478,0.0002983341417125,0.9328911056265136,1.0645290787293078,1.4113789871454032,1.1999415432401404,1.0971969716418128
2021-08-03,0.8408595124497301,1.2178950403218218,1.4739421451551338,233.96,ST/MT Ratio (Expanding EWM),LLY,0.0587373640898908,0.0023623416945183,0.0322393174230245,-0.0152907934727132,0.0179894385311338,0.0011902751642327,0.8833977899817043,0.965138630111638,-0.8306010100943428,1.0676451704754963,1.1178288365955338
2021-10-26,0.7450896616769548,1.1556372738765068,1.053938519854695,226.4,ST/MT Ratio (Expanding EWM),LLY,0.1461018232436872,-0.0439142681322555,-0.0269757171058261,0.0502610171288945,0.0434696909915217,0.0021878003380425,0.8820935707121237,1.1781317625810268,1.964428166518723,0.9777294616146334,1.0376399056118946
2022-02-03,0.7752800563047888,1.0908063074821446,1.2571491324401494,266.81,ST/MT Ratio (Expanding EWM),LLY,0.1443593583706855,-0.035278978207638,0.0159378114984042,0.0042327082880055,0.0133956657363835,0.001212825930013,1.1961886689389023,1.0497057871402935,2.043206687024407,1.035817627988982,1.2173379311443904
2022-04-28,1.0119003527698305,1.233539761329503,1.594277759460747,288.39,ST/MT Ratio (Expanding EWM),LLY,0.2364413145669296,-0.0086828646524133,0.0582791904919933,0.0222209918992224,-0.0274224177585041,0.0022033594599987,1.1076092955130592,1.1671024100794145,2.419113385182317,1.1817655484633056,1.1319933281808336
2022-08-04,0.9261769836838948,1.0627196131468766,1.6279339523783567,327.18,ST/MT Ratio (Expanding EWM),LLY,0.0820908784621146,-0.0193329270755749,-0.0025413768617712,-0.0122056626861189,0.0370844128384584,0.0026817434088151,0.8949875628890983,1.05945158465763,2.033222854053173,1.0952650455371609,0.9711193354260996
2022-11-01,1.1005100373701764,1.0388246740712488,1.0343187663932034,321.55,ST/MT Ratio (Expanding EWM),LLY,0.243459855545355,-0.0045439956044906,-0.0214290178585725,0.012077890693613,-0.0121289058901499,0.0029625028858001,0.82049581645857,1.173184637416826,0.0043160961173813,1.049901073118716,1.1986987090050378
2023-02-02,1.283968742384797,1.1349351871063629,1.7607336852574402,364.99,ST/MT Ratio (Expanding EWM),LLY,0.1859656334112796,0.0039827473713987,-0.0155626666577918,0.0107777497785798,0.0257604624921392,0.0007738206421873,1.0250667122625332,0.9333210332447186,-0.2576790528657784,0.9657984552092758,1.003145701457938
2023-04-27,0.9612815478983316,1.2409766766600214,1.3024472137922127,337.65,ST/MT Ratio (Expanding EWM),LLY,0.0801199324852481,0.0205392464024855,-0.0286889911202716,-0.0442412323024038,0.0423433554138776,0.0041966460549789,1.0261613567802017,1.1015863119301574,-0.1873598465431643,0.9202664530367062,0.9685728817898872
2023-08-08,1.5749064529322137,1.063311636048583,1.2166680969135275,453.16,ST/MT Ratio (Expanding EWM),LLY,0.1902287852315739,-0.0004674572320681,-0.0195428572438311,0.053381877761516,0.0144172002682599,0.0027674793445541,1.1937525250474412,1.0874187799165889,2.46938201880845,1.154625740000653,1.1046078229851497
