earnings_date,revr,ievr,ratio,vol_st,vol_mt,avg_pre,avg_post,normative_implied_vol,normative_realized_vol,skew_ratio,underlying_price,methodology,ticker,dispersion
2015-01-27,1.5418163215291798,1.2746676870619915,0.8267312190584226,0.4237004085232019,0.2747549343366551,0.2322685379139145,0.2960652,0.2322685379139145,0.1502349868440222,1.1454505069214638,113.91,ST/MT Ratio (Expanding EWM),AAPL,
2015-04-27,1.029847965193672,1.1930114874814832,1.1584345726770715,0.1933967736768631,0.1877602905653536,0.2742186136313791,0.3271459561434817,0.2742186136313791,0.2209709782644811,1.2527915311072786,123.25,ST/MT Ratio (Expanding EWM),AAPL,0.03773584905660377
2015-07-21,1.5001131601529345,1.3775306181257492,0.9182844699431288,0.265013848316577,0.176598474772345,0.1566669351376255,0.2158135,0.1566669351376255,0.1095365970546889,1.4365034219180517,127.61,ST/MT Ratio (Expanding EWM),AAPL,0.045454545454545456
2015-10-27,1.1513731295034122,1.0999096425100356,0.9553025116926492,0.2722626720467963,0.2363846509715594,0.3572541187140422,0.39294725,0.3572541187140422,0.214543305598698,1.7898572596152218,112.44,ST/MT Ratio (Expanding EWM),AAPL,0.021276595744680854
2016-01-26,1.413534713959299,1.2514753029605852,0.885351658223669,0.3570228789910158,0.252494526193473,0.2372708628748321,0.296938625,0.2372708628748321,0.1830708410792362,1.430972429288369,106.82,ST/MT Ratio (Expanding EWM),AAPL,0.024691358024691357
2016-04-26,1.3556702249379065,1.3038312751298842,0.9617613864681608,0.3345198348347895,0.246709796610314,0.2000747757596269,0.26086375,0.2000747757596269,0.1782888286133402,1.5381606635652478,105.19,ST/MT Ratio (Expanding EWM),AAPL,0.02
2016-07-26,1.5410078834940288,1.1445987186958573,0.7427598073675218,0.3726091040116839,0.2416991175533477,0.2427556947289311,0.2778578571428572,0.2427556947289311,0.1831537683051153,1.4194278531347304,92.04,ST/MT Ratio (Expanding EWM),AAPL,0.028571428571428574
2016-10-25,0.8905016352314935,1.345784701387864,1.5112658395489815,0.1551128652033576,0.1741281136970085,0.1945410731226202,0.2618104,0.1945410731226202,0.2210846824590974,1.3455206012590943,112.88,ST/MT Ratio (Expanding EWM),AAPL,0.024390243902439025
2017-01-31,1.57414694610066,1.2599252253108482,0.8003860303079237,0.3193546549763795,0.2028043177233081,0.1801787590480524,0.2270117635898464,0.1801787590480524,0.1310464599649901,1.1509683000126771,115.82,ST/MT Ratio (Expanding EWM),AAPL,0.0375
2017-05-02,1.020684704441075,1.440934125651202,1.411732848921504,0.1086913736839202,0.1064428594852098,0.1446315922018909,0.2084045968509729,0.1446315922018909,0.1201406258590828,1.5484554242517574,143.7,ST/MT Ratio (Expanding EWM),AAPL,0.02
2017-08-01,1.4340585456221733,1.2380662693531437,0.8633303522597834,0.2737377924703902,0.1908222172987398,0.1978696468143765,0.2449757354496992,0.1978696468143765,0.1613639167814808,1.323663311761223,143.5,ST/MT Ratio (Expanding EWM),AAPL,0.02564102564102564
2017-11-02,1.145562396431944,1.392292433504015,1.215378959575275,0.2092611750210738,0.1825807034673355,0.1802875088953928,0.2510129344903433,0.1802875088953928,0.1509785352351537,1.10494889020432,154.48,ST/MT Ratio (Expanding EWM),AAPL,0.021276595744680854
2018-02-01,1.2321096213311684,1.484598805673966,1.204924285933267,0.1991635869054645,0.1607703563844828,0.1628358717672673,0.2417459407465641,0.1628358717672673,0.1527608296122721,1.36605396621981,172.26,ST/MT Ratio (Expanding EWM),AAPL,0.021276595744680854
2018-05-01,1.4373517385533563,1.0734771834044396,0.7468437645505311,0.3445100829015124,0.2397201315599304,0.3139921420165426,0.3370634002230449,0.3139921420165426,0.1613785492052027,1.4893131512892674,166.68,ST/MT Ratio (Expanding EWM),AAPL,0.014705882352941176
2018-07-31,1.5525116728464294,1.3414833063120812,0.8640729276144885,0.3341424689790152,0.2152823712744077,0.1850423866914095,0.2482312727066706,0.1850423866914095,0.1490368330366487,1.4101144449264538,187.18,ST/MT Ratio (Expanding EWM),AAPL,0.018518518518518517
2018-11-01,1.4383609709928036,1.2412437510021015,0.8629570573966248,0.3768795808135645,0.2621443850519404,0.2042797191316742,0.2535609248286551,0.2042797191316742,0.1864090931131695,1.2966641671803047,229.28,ST/MT Ratio (Expanding EWM),AAPL,0.014492753623188408
2019-01-29,1.1515410580682617,1.0862749659927275,0.943322826730104,0.3413566175883027,0.2962745630454881,0.3711787305273019,0.4032021628807687,0.3711787305273019,0.2339611178192021,1.3657780642137334,157.74,ST/MT Ratio (Expanding EWM),AAPL,0.04273504273504274
2019-04-30,1.4644701194511998,1.2897079538100436,0.8806652567915505,0.3397236253974487,0.2318632856434808,0.2097243003624932,0.2704830982847541,0.2097243003624932,0.1957607576458341,1.401369962176738,191.24,ST/MT Ratio (Expanding EWM),AAPL,0.03389830508474576
2019-07-30,1.1668466272637843,1.241758801718878,1.0642005321905588,0.2136618677862913,0.1830739262418847,0.215823666629179,0.268000937656024,0.215823666629179,0.1928372813506872,1.266515717634634,201.55,ST/MT Ratio (Expanding EWM),AAPL,0.03773584905660377
2019-10-30,1.2285811213733775,1.1900844604660674,0.9686657557750225,0.2054126714730982,0.1671849588843484,0.2371308286426188,0.2822057142650225,0.2371308286426188,0.1635204787221084,1.489191349713901,223.97,ST/MT Ratio (Expanding EWM),AAPL,0.014084507042253521
2020-01-28,1.290380176191389,1.1425377030686803,0.8854271974643383,0.1993476685619253,0.1537593435694619,0.2490706645703523,0.284572625,0.2490706645703523,0.1338550687058109,1.0987793887708863,291.52,ST/MT Ratio (Expanding EWM),AAPL,0.01769911504424779
2020-04-30,1.0111683072460893,1.0013477879266288,0.9902879478627978,0.2430442061004036,0.2402422712611882,0.5428377499999999,0.5435693801655682,0.5428377499999999,0.2321018147020647,1.5208892692724474,254.29,ST/MT Ratio (Expanding EWM),AAPL,0.12698412698412698
2020-07-30,1.5890824914499706,1.1740540083266453,0.7388250859496732,0.5324386066523017,0.3348999178869198,0.2926328751176264,0.3435667999999999,0.2926328751176264,0.1919088616155213,1.2706583623807135,364.8,ST/MT Ratio (Expanding EWM),AAPL,0.1
2020-10-29,0.3598288629346786,1.091195103326757,3.032539119922814,0.3985525598303024,1.107017094643927,0.4422759949422933,0.4826094,0.4422759949422933,1.6700570296182358,1.2018084020687172,114.09,ST/MT Ratio (Expanding EWM),AAPL,0.10000000000000002
2021-01-27,1.242839612644955,1.156970554536231,0.9309089787329988,0.3712293439133627,0.2986266960207873,0.3463080067990785,0.4006681666666667,0.3463080067990785,0.2605709060753252,1.0114922180423398,136.69,ST/MT Ratio (Expanding EWM),AAPL,0.05035971223021583
2021-04-28,0.6680357884670967,1.1645719386028943,1.7432777685087364,0.1308367990060189,0.1958402660011204,0.2868763095913135,0.3340881000000001,0.2868763095913135,0.2400807909399397,1.3737950519135451,121.39,ST/MT Ratio (Expanding EWM),AAPL,0.061224489795918366
2021-07-27,1.0039840818144588,1.3052841723874469,1.300104449891736,0.1529401837140423,0.1522865846285727,0.1812281225837034,0.2365542,0.1812281225837034,0.1429607590437412,1.34147079793357,134.78,ST/MT Ratio (Expanding EWM),AAPL,0.07070707070707072
2021-10-28,1.169204214400593,1.103914399334333,0.9441587583570834,0.1529927983251272,0.1308231389253059,0.2668982306759159,0.2946328,0.2668982306759159,0.1420408694198396,1.6316916818195828,141.91,ST/MT Ratio (Expanding EWM),AAPL,0.04878048780487805
2022-01-27,1.25512559955305,1.1142600851634514,0.8877677943627629,0.256351480103224,0.204190145851616,0.2703527994446142,0.3012433333333333,0.2703527994446142,0.2026164805316245,1.1492695743907115,179.29,ST/MT Ratio (Expanding EWM),AAPL,0.031914893617021274
2022-04-28,0.9855039551114958,1.1544536711334843,1.1714348432045354,0.1469812151322145,0.1490884163581162,0.2264664286989566,0.261445,0.2264664286989566,0.158128913881403,1.3443450089929698,178.96,ST/MT Ratio (Expanding EWM),AAPL,0.03496503496503497
2022-07-28,0.9470349807493764,1.1187303946203777,1.1812978584330025,0.1566376410375382,0.1653487748532424,0.3361965061543069,0.37611325,0.3361965061543069,0.1731794577276406,1.3444082477631083,137.44,ST/MT Ratio (Expanding EWM),AAPL,0.05172413793103448
2022-10-27,1.4376675427363212,1.0127562419764686,0.7044439773947206,0.3300400622376749,0.2295326098511128,0.4096104104877378,0.4148355,0.4096104104877378,0.1643853307129339,1.4525534846658592,151.76,ST/MT Ratio (Expanding EWM),AAPL,0.031746031746031744
2023-02-02,1.127467834382578,1.0073507061002207,0.8934629222942437,0.2326762648425608,0.2063475799450077,0.4120015394729244,0.4150300417024284,0.4120015394729244,0.2115066971387549,1.2018863018555723,125.07,ST/MT Ratio (Expanding EWM),AAPL,0.05583756345177665
2023-05-04,1.1888383000177736,1.204897060850289,1.0135079437062848,0.1655510853755693,0.1392331724922654,0.2327241371080308,0.280408628790386,0.2327241371080308,0.1220286847400023,1.427676926009871,165.63,ST/MT Ratio (Expanding EWM),AAPL,0.027972027972027975
2023-08-03,1.4792040210128263,1.2702510813129282,0.8587396081056987,0.2511620523243875,0.1698989810247401,0.1648308351318065,0.2093765465598902,0.1648308351318065,0.1113974799154255,1.2612448795277875,192.46,ST/MT Ratio (Expanding EWM),AAPL,0.05042016806722689
2015-01-26,1.6014190271486264,1.2072330066725987,0.7538520438477071,0.4308924004916677,0.2690590176489442,0.174542216651922,0.210713125,0.174542216651922,0.164172656489756,1.689139991932478,47.88,ST/MT Ratio (Expanding EWM),MSFT,
2015-04-23,1.5493390991024532,1.3653009871157364,0.881215085778619,0.5311499650738319,0.3426767525491456,0.1442586666666666,0.1969565,0.1442586666666666,0.1974349312076689,1.2951711247970097,42.9,ST/MT Ratio (Expanding EWM),MSFT,0.05769230769230769
2015-07-21,1.2253393364283631,1.3118710541569696,1.0706185749172392,0.2378192956690466,0.194068042140443,0.1736871350869339,0.227855125,0.1736871350869339,0.2064446419033523,1.4055084168973182,46.23,ST/MT Ratio (Expanding EWM),MSFT,0.03571428571428571
2015-10-22,1.6782033149638096,1.2330052497743225,0.7347174438163425,0.4769022022865504,0.2842061937875339,0.2299513053318803,0.2835311666666666,0.2299513053318803,0.1442008797944403,1.6108890276910264,43.9,ST/MT Ratio (Expanding EWM),MSFT,0.03448275862068966
2016-01-28,1.2376806795821536,1.438092243964466,1.161925097231034,0.2333646621194446,0.188546702169696,0.1877234934914721,0.2699637,0.1877234934914721,0.1744368550740564,1.196339513948743,56.55,ST/MT Ratio (Expanding EWM),MSFT,0.028169014084507043
2016-04-21,1.5507469631659048,1.4143769447705872,0.9120617214578236,0.3957790030292547,0.2551581791915014,0.1903148244852511,0.2691769,0.1903148244852511,0.1894610712790256,1.7562719490781384,54.07,ST/MT Ratio (Expanding EWM),MSFT,0.03125
2016-07-19,1.386661015321484,1.316721065898093,0.9495623309153348,0.2735866256270419,0.1972036651493631,0.2006188947997315,0.2641591249999999,0.2006188947997315,0.1734731702548579,1.4526173904723074,50.07,ST/MT Ratio (Expanding EWM),MSFT,0.03448275862068966
2016-10-20,1.5615953072264217,1.4561237647181942,0.9324591063893772,0.2324664118589799,0.1489045060887973,0.159137314158763,0.231723625,0.159137314158763,0.0998642469277923,1.6635382629945907,56.81,ST/MT Ratio (Expanding EWM),MSFT,0.029411764705882353
2017-01-26,1.123486902272515,1.5906927147547092,1.4158533682387942,0.149393845244548,0.1329715902202048,0.14976129442872,0.2382242,0.14976129442872,0.1461147730044856,1.0559383057125622,63.28,ST/MT Ratio (Expanding EWM),MSFT,0.03846153846153846
2017-04-27,1.0363790430577475,1.6391150933893508,1.581578771173607,0.0872987155329966,0.084149897865857,0.110237225396032,0.1806915,0.110237225396032,0.0896603340897267,1.732204909035405,65.29,ST/MT Ratio (Expanding EWM),MSFT,0.028571428571428574
2017-07-20,0.8433708814543438,1.3400217591501258,1.5888878648968014,0.0974048583008029,0.115459017466607,0.1572550584056538,0.2107252,0.1572550584056538,0.1197911570028295,1.4424767177478388,69.91,ST/MT Ratio (Expanding EWM),MSFT,0.028169014084507043
2017-10-26,1.6266220761885453,1.3442558233166668,0.8264094303124724,0.2914245667694751,0.1791270875879504,0.1544125726663136,0.20757,0.1544125726663136,0.0992965020945396,1.514452226368795,73.26,ST/MT Ratio (Expanding EWM),MSFT,0.041666666666666664
2018-01-31,1.0382945382077222,1.5584859451393531,1.5010056277764616,0.147100361743069,0.1416388377624535,0.1356211107328118,0.2113635949412751,0.1356211107328118,0.1605168935582537,1.319051632842724,85.95,ST/MT Ratio (Expanding EWM),MSFT,0.023255813953488372
2018-04-26,1.0066259240151998,1.0819480804708466,1.0748263626623125,0.1733146547251788,0.1720573398543655,0.2941970454191359,0.3183059285714286,0.2941970454191359,0.2099288464707418,1.477771720972762,89.47,ST/MT Ratio (Expanding EWM),MSFT,0.023529411764705882
2018-07-19,1.1570408015198348,1.3332790640337011,1.1523181051890028,0.1504520597796363,0.1300184935942269,0.1648654103477648,0.2198115999999999,0.1648654103477648,0.1299349502086371,1.3381414466714692,100.86,ST/MT Ratio (Expanding EWM),MSFT,0.018518518518518517
2018-10-24,1.4567009228617829,1.2431521939157733,0.8534024894235123,0.2960734298651968,0.203236124510535,0.1694613507751032,0.21066625,0.1694613507751032,0.1368045934484404,1.6369529569823813,114.67,ST/MT Ratio (Expanding EWM),MSFT,0.03125
2019-01-30,1.2070037124832715,1.0510608263465346,0.870801651623836,0.2358321609421087,0.1951955351496768,0.3677409145998068,0.3865180695807034,0.3677409145998068,0.1913345426998729,1.4827193108858896,101.57,ST/MT Ratio (Expanding EWM),MSFT,0.027522935779816512
2019-04-24,1.291452390947993,1.240571033485161,0.9606014454582548,0.1782841822251063,0.1380056689362276,0.1932432674383151,0.239732,0.1932432674383151,0.1333452991963472,1.569145340868553,117.66,ST/MT Ratio (Expanding EWM),MSFT,0.02
2019-07-18,0.8231209666370861,1.1960213835676234,1.4530323391640063,0.0980026422876646,0.1190422251659512,0.1938404101796061,0.2318372755743281,0.1938404101796061,0.1371807973545615,1.3960328826638986,135.16,ST/MT Ratio (Expanding EWM),MSFT,0.01652892561983471
2019-10-23,1.2696284368070068,1.2579356811961953,0.9907904113740412,0.1521295575649529,0.1196845878433238,0.195771376614279,0.2462678,0.195771376614279,0.114777776639137,1.5537896466494523,139.14,ST/MT Ratio (Expanding EWM),MSFT,0.024193548387096774
2020-01-29,1.335313584487551,1.3384859995122558,1.002375782783579,0.1520220085174785,0.1138931515579813,0.1601291808392234,0.2143306666666666,0.1601291808392234,0.0742480848389457,1.6733991898942056,157.59,ST/MT Ratio (Expanding EWM),MSFT,0.015151515151515152
2020-04-29,1.0008332828545097,0.9376695898865738,0.9368888964325962,0.2502911020730418,0.2500429796618342,0.5466912765987681,0.5126157851229344,0.5466912765987681,0.2719980536692241,1.5994326301192956,160.23,ST/MT Ratio (Expanding EWM),MSFT,0.030534351145038167
2020-07-22,1.2292853692982155,1.1195555647168924,0.9107369148597558,0.2779809786971889,0.2260275577231532,0.3033912241945987,0.3396633333333333,0.3033912241945987,0.2120352405903829,1.2272694546109078,200.57,ST/MT Ratio (Expanding EWM),MSFT,0.02877697841726619
2020-10-27,0.8626584194247527,1.1393207950562394,1.3207090656067249,0.1579423730658169,0.1829823129385164,0.3128274625372217,0.3564108333333334,0.3128274625372217,0.2258361947504115,1.3642691264384266,209.44,ST/MT Ratio (Expanding EWM),MSFT,0.012987012987012986
2021-01-26,1.0380560153849223,1.2012209552234827,1.157183174530381,0.2077997989006321,0.2001882259762009,0.2383326443163851,0.2862901666666667,0.2383326443163851,0.1826406213774159,1.1280092914899325,224.96,ST/MT Ratio (Expanding EWM),MSFT,0.030487804878048783
2021-04-27,1.0723122401781051,1.146230320379678,1.0689333548867217,0.1779430555657774,0.1659457563394993,0.2349101763225705,0.2692611666666666,0.2349101763225705,0.1807335224242992,1.2737947397647535,235.24,ST/MT Ratio (Expanding EWM),MSFT,0.02824858757062147
2021-07-27,0.8918286723915432,1.2071662763507622,1.3535854068400877,0.1026448315935305,0.1150491648699687,0.1708217451396746,0.2062102499999999,0.1708217451396746,0.1187992511091754,1.44854538812083,268.72,ST/MT Ratio (Expanding EWM),MSFT,0.0368421052631579
2021-10-26,1.5278942397640425,1.2037774117162157,0.7878669742888218,0.2697544952892867,0.1766036628594906,0.1924519691751353,0.2316693333333333,0.1924519691751353,0.1064760613043112,1.520833943124276,294.17,ST/MT Ratio (Expanding EWM),MSFT,0.014492753623188406
2022-01-25,1.2382001746329012,1.1520209875074785,0.9303996325545884,0.2374503612876249,0.191755885539379,0.2084584418202199,0.2401485,0.2084584418202199,0.1620121642847356,1.3188963332336563,342.45,ST/MT Ratio (Expanding EWM),MSFT,0.017316017316017316
2022-04-26,1.3436367609065627,1.1396056360555535,0.8481500872949117,0.2892439845795584,0.2151842964400862,0.2403179292922663,0.2738676666666667,0.2403179292922663,0.1686749200565087,1.3244009383372934,310.7,ST/MT Ratio (Expanding EWM),MSFT,0.0136986301369863
2022-07-26,1.3580298691180814,1.1094112999518926,0.8169270243461991,0.2738631143717822,0.2016364104008698,0.3008951684686061,0.3338165,0.3008951684686061,0.1603977698506515,1.369419539534122,264.89,ST/MT Ratio (Expanding EWM),MSFT,0.012987012987012986
2022-10-25,1.6106817884241191,1.034398283280987,0.6422114477950581,0.3919288253745612,0.2433184740101101,0.363407408998848,0.3759079999999999,0.363407408998848,0.1384448995067542,1.3767291097840528,237.45,ST/MT Ratio (Expanding EWM),MSFT,0.01724137931034483
2023-01-24,0.9181777707404388,1.1537076705834308,1.2565188434621493,0.1903243258285094,0.2072087584265702,0.2949924046425836,0.3403349999999999,0.2949924046425836,0.1893589596598705,1.248619662363456,238.73,ST/MT Ratio (Expanding EWM),MSFT,0.013100436681222707
2023-04-25,1.483314915431948,1.109405536144986,0.7479231312266027,0.4316073032954671,0.290829142463938,0.283757823215747,0.3148025,0.283757823215747,0.2272381938335727,1.5634376085652024,276.38,ST/MT Ratio (Expanding EWM),MSFT,0.013452914798206277
2023-07-25,1.2471196438866536,1.2558522000320915,1.0070021799337736,0.2859023447525256,0.229245555146952,0.2149969027616735,0.2700043333333333,0.2149969027616735,0.2039926944746231,1.2003872573199732,328.6,ST/MT Ratio (Expanding EWM),MSFT,0.015625
2015-01-29,1.5281682377444314,1.2800742361433668,0.8376526906702039,0.3809371352755697,0.2492790539081605,0.2072578147406561,0.2653053888888889,0.2072578147406561,0.1663327318952542,1.117640104043509,535.28,ST/MT Ratio (Expanding EWM),GOOGL,
2015-04-23,1.079220098440745,1.13051776560257,1.047532164417564,0.1959734410343978,0.1815802817193928,0.1941204444444444,0.2194566111111111,0.1941204444444444,0.1953517171415513,1.1040171063814397,577.54,ST/MT Ratio (Expanding EWM),GOOGL,
2015-07-16,1.731720360225801,1.261512153518718,0.728473362381804,0.8246442163239301,0.4760324253706485,0.1697301354808621,0.2141166287274861,0.1697301354808621,0.112648317281598,1.1539234352540997,544.87,ST/MT Ratio (Expanding EWM),GOOGL,
2015-10-22,1.1153248274032042,1.195036131395367,1.0714691379889334,0.2945447052033066,0.264015133239913,0.2713722970211252,0.3242997,0.2713722970211252,0.3002715129125388,1.18221266080771,653.2,ST/MT Ratio (Expanding EWM),GOOGL,
2016-02-01,1.522905606625356,1.1636851857677506,0.7641216768164569,0.3469395690932975,0.2263323612009454,0.299595058285971,0.3486343310566102,0.299595058285971,0.152059704522765,1.3572900014165166,778.01,ST/MT Ratio (Expanding EWM),GOOGL,0.024999999999999998
2016-04-21,1.452522295336289,1.395127980880243,0.9604864485451784,0.3170900923456275,0.218354981641382,0.1876386766065229,0.2617799680290993,0.1876386766065229,0.1940262481065227,1.5869851739137817,760.05,ST/MT Ratio (Expanding EWM),GOOGL,0.024999999999999998
2016-07-28,1.1172056644273651,1.427088735320554,1.2773733438346129,0.1723270751768412,0.1542284179563789,0.2033799056910027,0.2902411724021866,0.2033799056910027,0.1499857680614832,1.6856036817016546,691.26,ST/MT Ratio (Expanding EWM),GOOGL,0.024999999999999998
2016-10-27,1.1116089523453907,1.676707134752193,1.5083605895890797,0.1059988965002728,0.0952424054507253,0.1467329548544289,0.2460281923076923,0.1467329548544289,0.0867213183882808,1.331429527630136,810.73,ST/MT Ratio (Expanding EWM),GOOGL,0.023255813953488372
2017-01-26,1.1155244415357786,1.6821913268040654,1.5079824916145612,0.1532197614925217,0.1371374155546536,0.1500165806873669,0.2523565909090909,0.1500165806873669,0.1410298674839399,1.5421393108436905,809.93,ST/MT Ratio (Expanding EWM),GOOGL,0.04166666666666667
2017-04-27,1.427865951563181,1.637717342783793,1.1469685519084432,0.1998327543669919,0.1398815557353058,0.1240659756674653,0.203185,0.1240659756674653,0.0907294536181053,2.0088952268202123,840.63,ST/MT Ratio (Expanding EWM),GOOGL,0.02702702702702703
2017-07-24,1.2291213909274483,1.531903917312538,1.2463406207230854,0.2023051993182703,0.1645681837565499,0.1429315531969675,0.21895740625,0.1429315531969675,0.1408029758410784,1.3406410234714772,986.09,ST/MT Ratio (Expanding EWM),GOOGL,0.024390243902439025
2017-10-26,1.3564029404792592,1.5808539357325402,1.1654751612186682,0.2108262437612587,0.1553475396648301,0.1494092283467152,0.2361941666666666,0.1494092283467152,0.1123167896486086,1.4237877608417246,937.43,ST/MT Ratio (Expanding EWM),GOOGL,0.04761904761904762
2018-02-01,1.3261498345238014,1.513359788575906,1.1411680257980266,0.1927124186346246,0.1452950025222204,0.1413986380038075,0.2139870129143632,0.1413986380038075,0.1349373912980881,1.376824699651208,1073.21,ST/MT Ratio (Expanding EWM),GOOGL,0.04
2018-04-23,1.2746757548570136,1.131096685071204,0.8873603194861776,0.2358620680687413,0.1849835657378249,0.3188546377689319,0.3606554238000184,0.3188546377689319,0.1607106641109312,1.292362795114381,1026.55,ST/MT Ratio (Expanding EWM),GOOGL,0.04255319148936171
2018-07-23,1.1613430860493807,1.3407744074787438,1.1545032846751142,0.2009843523406596,0.1729848700566874,0.199433761418818,0.2673956832975728,0.199433761418818,0.1636316661856015,1.1273772411070424,1169.29,ST/MT Ratio (Expanding EWM),GOOGL,0.04166666666666667
2018-10-25,1.3641641395993975,1.3287599155782346,0.974046947142622,0.2685819103768448,0.1960005549236605,0.1925498647740114,0.2558525420617159,0.1925498647740114,0.1541799742608108,1.419705544352653,1193.89,ST/MT Ratio (Expanding EWM),GOOGL,0.05769230769230769
2019-02-04,1.046162977142515,1.148147657872259,1.0974845057204228,0.1872441104297242,0.1786261890743032,0.284416956858148,0.326552662875838,0.284416956858148,0.1856119064639454,1.3908354662489972,1078.07,ST/MT Ratio (Expanding EWM),GOOGL,0.05555555555555555
2019-04-29,1.65100664945174,1.288540759429556,0.7804576437396238,0.4232228139053336,0.2562318529464615,0.1909578794213984,0.2460570109687063,0.1909578794213984,0.1507842819179385,1.211405954078267,1176.89,ST/MT Ratio (Expanding EWM),GOOGL,0.056603773584905655
2019-07-25,1.5462766773868273,1.184191784364446,0.7658343436736713,0.477682186174203,0.308809925230589,0.2300243463711104,0.2723929411764706,0.2300243463711104,0.2300150597188195,1.314605809784068,1087.58,ST/MT Ratio (Expanding EWM),GOOGL,0.07142857142857142
2019-10-28,1.0919207108835505,1.3123611559104935,1.2018831979554352,0.1547650764430448,0.1416633181770015,0.2008104069291219,0.2635357777563591,0.2008104069291219,0.163279356468749,1.368173020659855,1225.95,ST/MT Ratio (Expanding EWM),GOOGL,0.08064516129032259
2020-02-03,1.591301847638876,1.2441060130981456,0.7818164824882917,0.2849279249035285,0.1790854546469644,0.1685759052300582,0.2097262973601785,0.1685759052300582,0.1004745111463437,1.244942309422242,1361.52,ST/MT Ratio (Expanding EWM),GOOGL,0.047619047619047616
2020-04-28,1.4229704807029748,0.950341355228705,0.6678573927684136,0.4043204634688311,0.2840044365039985,0.5327710902431231,0.5063143999283243,0.5327710902431231,0.2271182864068169,1.455390082377645,1146.31,ST/MT Ratio (Expanding EWM),GOOGL,0.08333333333333334
2020-07-30,1.230122620731298,1.2325164876158077,1.0019460392355737,0.2609942514774332,0.2121009218206293,0.2748227603742353,0.3387235833333333,0.2748227603742353,0.19886650490756,1.416323655567011,1418.05,ST/MT Ratio (Expanding EWM),GOOGL,0.14634146341463414
2020-10-29,1.3655568669884934,1.2052707450908051,0.8826221552741539,0.3173844952796283,0.232384143723172,0.3208856612303005,0.3867541,0.3208856612303005,0.1769242869339985,1.2760197912421394,1466.02,ST/MT Ratio (Expanding EWM),GOOGL,0.08928571428571429
2021-02-02,1.4413443982932306,1.1464771730770889,0.7954220895676918,0.4110987911732107,0.2851722670921364,0.3000898048445535,0.344046111127439,0.3000898048445535,0.1755412052133823,1.2563537560996416,1726.13,ST/MT Ratio (Expanding EWM),GOOGL,0.08974358974358974
2021-04-27,0.9578432625083678,1.2321949718438652,1.2864265168155322,0.2003690252695036,0.2091571602919798,0.2529612039538608,0.3116975235835178,0.2529612039538608,0.2429219172567104,1.348546948180965,2045.79,ST/MT Ratio (Expanding EWM),GOOGL,0.12658227848101267
2021-07-27,1.4043091948964523,1.4068912971807228,1.0018386992648445,0.2157001328442076,0.153578214954444,0.1796157820734289,0.2526998806354164,0.1796157820734289,0.1170619103260006,1.0739431960584382,2450.72,ST/MT Ratio (Expanding EWM),GOOGL,0.125
2021-10-26,1.6026651294990375,1.3356312495892968,0.8333813627097444,0.3524873788744645,0.2199231412417621,0.1923799565914565,0.2569486818181817,0.1923799565914565,0.1139612852276488,1.747364797789074,2821.44,ST/MT Ratio (Expanding EWM),GOOGL,0.10256410256410256
2022-02-01,1.5169404486022,1.3157330347612055,0.8673597147294747,0.3677559252578704,0.2423770873052782,0.2022037110085101,0.2660461023252048,0.2022037110085101,0.1479225289240234,1.3881614378612137,2899.83,ST/MT Ratio (Expanding EWM),GOOGL,0.08088235294117646
2022-04-26,1.2316529571487986,1.2369025714479296,1.004262251203686,0.269816135959001,0.2190357911893934,0.241685269704795,0.2989411315789473,0.241685269704795,0.2068171725616523,1.182687419478394,2829.11,ST/MT Ratio (Expanding EWM),GOOGL,0.07751937984496124
2022-07-26,1.2923713245042348,1.181935547350286,0.9145479514594516,3.1646708762879396,2.447365395145389,0.3567449700389832,0.421649561427487,0.3567449700389832,0.1999389892152293,1.2201510724846607,2316.67,ST/MT Ratio (Expanding EWM),GOOGL,0.06818181818181818
2022-10-25,0.515566879251596,1.07448024770366,2.084075395346168,0.4625759204539701,0.8971247257457663,0.3978356055530717,0.4274665000000001,0.3978356055530717,1.3289553878456724,1.2665465502147846,98.17,ST/MT Ratio (Expanding EWM),GOOGL,0.06299212598425197
2023-02-02,1.279989249256911,1.1222010801881543,0.8767269575425267,0.3826382235376849,0.2989597087502629,0.3603627587672727,0.4043994771482168,0.3603627587672727,0.2364999985970891,1.1930480926920974,89.12,ST/MT Ratio (Expanding EWM),GOOGL,0.09166666666666667
2023-04-25,0.8310654875477663,1.1769117557883264,1.4161480333650387,0.2146914263239601,0.2583401842890101,0.3271788416643661,0.385060625,0.3271788416643661,0.2804249979884747,1.2609414908605034,102.46,ST/MT Ratio (Expanding EWM),GOOGL,0.07547169811320754
2023-07-25,1.2885922010982769,1.232413055938582,0.9564026965925968,0.364084382585343,0.2824238534206182,0.2494413691243142,0.3074148,0.2494413691243142,0.2184399457232509,1.004722134890569,118.34,ST/MT Ratio (Expanding EWM),GOOGL,0.06716417910447761
2015-01-29,1.604938482127635,1.5156163256108848,0.9443454328552596,0.7814713743137243,0.4867755986402262,0.264938885399082,0.4015457,0.264938885399082,0.2620792794197804,1.219678748918703,310.3,ST/MT Ratio (Expanding EWM),AMZN,
2015-04-23,1.6378043775799804,1.571130716552826,0.9592908274395556,0.7514786752615992,0.4587831710649246,0.225901,0.35492,0.225901,0.29335284779073,1.1018557421512631,374.09,ST/MT Ratio (Expanding EWM),AMZN,1.0
2015-07-23,1.5541874361802286,1.6727232692936675,1.0762686857157768,0.5671109929667549,0.3648464623933677,0.2111823571428571,0.3532496428571429,0.2111823571428571,0.2604368363650361,1.1141985393827505,445.99,ST/MT Ratio (Expanding EWM),AMZN,1.0
2015-10-22,1.2150097540934202,1.5932017191537795,1.3112666081784237,0.3156006878495894,0.2596590075759649,0.2754136057224489,0.4387894301153469,0.2754136057224489,0.2484412742037686,1.5039966408367371,538.4,ST/MT Ratio (Expanding EWM),AMZN,1.0
2016-01-28,1.6454593336588377,1.6639588518866937,1.0112427684169627,0.7339651983511648,0.4459077423719315,0.2401481560357781,0.39959665,0.2401481560357781,0.2058744594413878,0.9901904853851984,693.97,ST/MT Ratio (Expanding EWM),AMZN,0.375
2016-04-28,1.4614283515856858,1.4189326575479226,0.9709218081121428,0.5679335005702827,0.3885647001919898,0.2893820865276655,0.4106136930834633,0.2893820865276655,0.3402991352895151,1.4067208592820089,593.86,ST/MT Ratio (Expanding EWM),AMZN,0.33333333333333337
2016-07-28,0.8169393514909501,1.577090794746666,1.9304869962114153,0.1398271885264519,0.1711546778800632,0.2499596663838627,0.3942090889119375,0.2499596663838627,0.2082765015289899,1.4521446997926115,707.95,ST/MT Ratio (Expanding EWM),AMZN,0.19999999999999998
2016-10-27,1.5816984373238006,1.7574358961878989,1.1111068043801335,0.2971555675230881,0.1878518374368061,0.1798875531534403,0.3161408431892647,0.1798875531534403,0.1125666952862159,0.9944041619248905,816.11,ST/MT Ratio (Expanding EWM),AMZN,0.25
2017-02-02,1.2406108569952905,1.3964707600554136,1.1256315807501551,0.263432774806235,0.2122407192032004,0.2371576273499046,0.3311836921182598,0.2371576273499046,0.1933498373927925,0.9849831701883957,753.67,ST/MT Ratio (Expanding EWM),AMZN,0.2857142857142857
2017-04-27,1.0423848404875524,1.9473112748303496,1.868130846875649,0.1384337555509446,0.1321763985870241,0.1229374223144088,0.2393974285714285,0.1229374223144088,0.1159884131634916,1.2856050792139486,856.0,ST/MT Ratio (Expanding EWM),AMZN,0.33333333333333337
2017-07-27,1.2541298284675528,1.429766715079984,1.140046813835092,0.2247281092210936,0.1787159214301147,0.2010673347890439,0.2874793827712188,0.2010673347890439,0.1581865345192133,1.156141749348889,976.78,ST/MT Ratio (Expanding EWM),AMZN,0.14285714285714285
2017-10-26,1.732154905105294,1.3452614511744576,0.7766403843036671,0.6610698024643932,0.3814697048333655,0.2028119389692905,0.2728350833333333,0.2028119389692905,0.1390512301501665,1.3737104934621198,938.6,ST/MT Ratio (Expanding EWM),AMZN,inf
2018-02-01,1.366458736667778,1.6253964252253852,1.1894954319579734,0.3742644182912145,0.2738075052047484,0.1726824693068418,0.280677468310433,0.1726824693068418,0.2338579407819429,1.1692022905385533,1189.01,ST/MT Ratio (Expanding EWM),AMZN,0.11111111111111112
2018-04-26,1.1591385813565884,1.1769200239809108,1.0153402215320209,0.305124943052288,0.2630813638290613,0.3773639534827532,0.4441271931824532,0.3773639534827532,0.209244754023937,1.5119290468332307,1497.05,ST/MT Ratio (Expanding EWM),AMZN,0.16666666666666669
2018-07-26,1.1926008954113791,1.439714761707248,1.2072058366270373,0.2064631621412388,0.1731230872727155,0.2385378594418879,0.3434264774645347,0.2385378594418879,0.1658984705330436,1.3899082033755965,1691.09,ST/MT Ratio (Expanding EWM),AMZN,0.15384615384615385
2018-10-25,1.5563030694878963,1.4401584170750756,0.9253714429471388,0.5291166340210701,0.3402831967203692,0.2372808519378449,0.3417220161290321,0.2372808519378449,0.1982355745361056,1.4250979462758198,1974.55,ST/MT Ratio (Expanding EWM),AMZN,0.125
2019-01-31,1.167801454478932,1.1052542630975666,0.946440217948458,0.4012405808913726,0.3434404528271903,0.4155072188664885,0.459241125,0.4155072188664885,0.36291687268885,1.2718363181633117,1501.97,ST/MT Ratio (Expanding EWM),AMZN,0.10714285714285712
2019-04-25,0.9335801647018284,1.2796401753890174,1.3706805518920977,0.1522719918585217,0.163110922803934,0.2603369536273932,0.333137625,0.2603369536273932,0.2059808062178711,1.2271939247614894,1783.76,ST/MT Ratio (Expanding EWM),AMZN,0.125
2019-07-25,0.9859621683650204,1.247039633051254,1.264794606794262,0.1574466484444486,0.1596766526538695,0.2383168308822456,0.2971905333333333,0.2383168308822456,0.1713575989414844,1.387089152888087,1878.27,ST/MT Ratio (Expanding EWM),AMZN,0.10714285714285712
2019-10-24,1.1334531586436765,1.1991395848200472,1.0579524841193906,0.1364703326827642,0.1203795329789995,0.2539693962475761,0.3045447563733164,0.2539693962475761,0.1151462406256606,1.3369834893818118,1741.61,ST/MT Ratio (Expanding EWM),AMZN,0.13043478260869565
2020-01-30,1.6470091714981734,1.3123707854419773,0.7968205691582166,0.490374299106431,0.2976276832775809,0.2039056317666545,0.267599794117647,0.2039056317666545,0.1522597814019319,0.9238454359250606,1847.84,ST/MT Ratio (Expanding EWM),AMZN,0.15
2020-04-30,1.092091315541148,0.9982306671176971,0.9140542122368756,0.5001602091564882,0.4577524518414759,0.4297152396833387,0.4289549303797403,0.4297152396833387,0.4443471912901963,1.4751878236050335,1949.72,ST/MT Ratio (Expanding EWM),AMZN,0.09375
2020-07-30,1.0323580614553087,1.2489606465607483,1.2098134292670668,0.3654635332090433,0.3539574988462038,0.3024669142038482,0.3777692727272727,0.3024669142038482,0.281045395426208,1.0722538368684256,2758.82,ST/MT Ratio (Expanding EWM),AMZN,0.857142857142857
2020-10-29,1.1370469990255978,1.2365181550326048,1.0874820091801392,0.3207512130449461,0.2820528298789965,0.40248703019397,0.49768252,0.40248703019397,0.2808585893475621,1.0562578294043958,3144.88,ST/MT Ratio (Expanding EWM),AMZN,0.22222222222222224
2021-02-02,0.9826083845971184,1.1648307759493557,1.1854476251258026,0.2258284691191786,0.2297104970183053,0.3411049600841498,0.3973295553349941,0.3411049600841498,0.2464548607301855,1.095579611559392,3186.63,ST/MT Ratio (Expanding EWM),AMZN,0.20000000000000004
2021-04-29,1.005130479072769,1.222415840635363,1.2161762737142736,0.1805060281225954,0.1784560602216996,0.2526860592559304,0.3088874415421753,0.2526860592559304,0.1991767067488398,1.3192846077238023,3055.29,ST/MT Ratio (Expanding EWM),AMZN,0.14893617021276598
2021-07-29,1.3858807283639545,1.380827198756078,0.996353560949042,0.3930387022291483,0.2834915781217349,0.2005813110991403,0.2769681299278474,0.2005813110991403,0.1907094979139446,1.099626134947481,3448.14,ST/MT Ratio (Expanding EWM),AMZN,0.11475409836065575
2021-10-28,1.1805277728074024,1.162345905192702,0.9845985261562612,0.2284824543681886,0.19352644739013,0.2571756032445071,0.2989270093467158,0.2571756032445071,0.1717776208287986,1.7529300734837423,3315.96,ST/MT Ratio (Expanding EWM),AMZN,0.19999999999999998
2022-02-03,1.7019325491277637,1.2298433139484504,0.7226157785035265,0.7827117503858525,0.4596418259980563,0.2413583089189072,0.2968329024898227,0.2413583089189072,0.1977917953568456,1.0730346914784523,3350.44,ST/MT Ratio (Expanding EWM),AMZN,0.368421052631579
2022-04-28,1.3950438078949523,1.2306396360658214,0.882151247940229,0.5780041074659995,0.4140964245355524,0.2636088404836234,0.3244074875164994,0.2636088404836234,0.3470471634962185,1.1323326345388585,3386.3,ST/MT Ratio (Expanding EWM),AMZN,0.13953488372093023
2022-10-27,1.410384251822573,1.072852412376393,0.7606809357024487,0.5351978266742425,0.3796280165675266,0.4899472834624968,0.525641125,0.4899472834624968,0.2493504064192772,1.2785430839626108,114.41,ST/MT Ratio (Expanding EWM),AMZN,0.40909090909090906
2023-02-02,1.410436950862748,1.155485960113301,0.8192397110742905,0.5523527953039802,0.3914442715613962,0.4497158367453531,0.5196403353998609,0.4497158367453531,0.3033335050277446,1.117317519399407,85.82,ST/MT Ratio (Expanding EWM),AMZN,0.44999999999999996
2023-04-27,1.3404691201623231,1.2636381163680417,0.9426834959204596,0.4245825607293993,0.3167510674896331,0.3475095,0.43912625,0.3475095,0.2603567019099495,1.2293119852615888,97.24,ST/MT Ratio (Expanding EWM),AMZN,0.4545454545454546
2023-08-03,1.4560072903022558,1.1771830914112806,0.8085008222499398,0.498710456023131,0.3424045873933274,0.3057872815738889,0.3599676174374023,0.3057872815738889,0.2590732228041025,1.0743636214376378,130.22,ST/MT Ratio (Expanding EWM),AMZN,0.20000000000000004
2015-02-11,1.117977968979347,1.0732857706762144,0.9600240795944002,0.3601835413704249,0.3220145116207346,0.4276016168442456,0.4589387308770714,0.4276016168442456,0.3066898253246643,1.2096327318114692,202.21,ST/MT Ratio (Expanding EWM),TSLA,
2015-05-06,0.9782464797514148,1.248765966785294,1.276535098907406,0.3257061833234773,0.3329234335701873,0.4107180260537381,0.5128906928811439,0.4107180260537381,0.3489063291541389,1.1591324617211796,203.1,ST/MT Ratio (Expanding EWM),TSLA,0.33333333333333337
2015-08-05,1.327747502729996,1.264372317472325,0.9522686466158928,0.530309461621017,0.3992363549275264,0.3079483294866617,0.3893613430147815,0.3079483294866617,0.2586484488355305,1.0898679046317616,279.72,ST/MT Ratio (Expanding EWM),TSLA,0.5
2015-11-03,1.4427833014116185,1.1791938476104653,0.8173048901084055,0.7076678094714576,0.4901996934609003,0.4150854129904091,0.4894661652311395,0.4150854129904091,0.328232130509399,1.2436734561283826,246.15,ST/MT Ratio (Expanding EWM),TSLA,0.6666666666666667
2016-02-10,1.3251007748777577,1.1892165043421845,0.89745363287701,0.6118014288089922,0.4615215410115372,0.4365004245634395,0.5190935090432129,0.4365004245634395,0.3584069029831176,1.1988192002235836,207.85,ST/MT Ratio (Expanding EWM),TSLA,2.0
2016-05-04,0.9018855823670178,1.131560103195325,1.254660375239087,0.36098147049805,0.400279626067254,0.4670141898679174,0.5284546248806217,0.4670141898679174,0.4357119949700159,1.153660172389524,246.99,ST/MT Ratio (Expanding EWM),TSLA,0.6666666666666667
2016-08-03,0.805568347280537,1.2140019579499874,1.5070129828812833,0.2713872978831618,0.3368674607742373,0.4319645518084801,0.5244058116604837,0.4319645518084801,0.4230948528612537,1.1862222885581422,213.98,ST/MT Ratio (Expanding EWM),TSLA,0.5
2016-10-26,0.8817114671103067,1.1065483287793394,1.255000496257473,0.2319691306697634,0.2630890360477265,0.3567504597250363,0.394761625,0.3567504597250363,0.2441324113197788,1.1137152217936976,208.99,ST/MT Ratio (Expanding EWM),TSLA,inf
2017-02-22,1.3280744930590938,1.1491453406295902,0.8652717499171623,0.4474793938837515,0.3370252163596248,0.3478131624160093,0.399687875,0.3478131624160093,0.2717507158432511,1.0796540945079518,248.92,ST/MT Ratio (Expanding EWM),TSLA,1.3333333333333335
2017-05-03,1.1448914910211372,1.179650155262881,1.0303597891279133,0.4318104325562319,0.3770191763884691,0.3441086593761767,0.4059278334604087,0.3441086593761767,0.3803690848398406,1.0406862526523963,298.52,ST/MT Ratio (Expanding EWM),TSLA,1.0
2017-08-02,1.178615294213106,1.1997881461699849,1.0179641754700075,0.494744796070781,0.4196722628220804,0.3939513091526341,0.4726581108894774,0.3939513091526341,0.3304636995458878,1.1137267945052711,352.62,ST/MT Ratio (Expanding EWM),TSLA,0.36363636363636365
2017-11-01,1.2742071706508031,1.118060303935573,0.8774556678758306,0.4691714284153625,0.3681494872809905,0.4026377612367769,0.4501732977043294,0.4026377612367769,0.3161074322804396,1.152084750704636,341.53,ST/MT Ratio (Expanding EWM),TSLA,0.21428571428571425
2018-02-07,1.2333644468255522,1.1143334985896585,0.9034908550005176,0.4126126307905206,0.3345215516037348,0.3283657461400918,0.3659089507132922,0.3283657461400918,0.345851503263546,1.0373918468535026,336.41,ST/MT Ratio (Expanding EWM),TSLA,0.14285714285714285
2018-05-02,0.9968550206032512,0.9568028529296038,0.9598214716826026,0.4532711955750096,0.4546740689191272,0.7265953477541878,0.6952085016565844,0.7265953477541878,0.4192596021972141,1.3358447568875416,252.48,ST/MT Ratio (Expanding EWM),TSLA,0.1904761904761905
2018-08-01,1.481232782232895,1.1179336351224474,0.7547319020560768,0.8952016790108357,0.6041743623906366,0.5329174107265626,0.5957662981935885,0.5329174107265626,0.4427652166063094,1.089926004989631,335.07,ST/MT Ratio (Expanding EWM),TSLA,0.16666666666666666
2018-10-24,1.030400158024504,1.02840386899264,0.9980626079913542,0.836796754614307,0.811996026142174,0.6097410938508321,0.6270601000000001,0.6097410938508321,0.5876058838906739,1.2227784958764951,299.68,ST/MT Ratio (Expanding EWM),TSLA,2.0
2019-01-30,0.9703128525879254,1.0703968449687125,1.1031461060356489,0.5478255559579814,0.5643369571193741,0.6137594827703946,0.6569662139270592,0.6137594827703946,0.5081833650031536,1.259531934521022,332.8,ST/MT Ratio (Expanding EWM),TSLA,0.35714285714285715
2019-04-24,0.9589124705772047,1.021399255562131,1.065164221868251,0.4261750032989894,0.4439397319689749,0.6109745984263051,0.624049,0.6109745984263051,0.457631573528111,1.2560998477888845,260.42,ST/MT Ratio (Expanding EWM),TSLA,2.5
2019-07-24,1.4562268096873237,1.0398235566521317,0.7140532983837863,0.7671069173454321,0.5266819313661751,0.6107506133489731,0.6350728750000001,0.6107506133489731,0.4478445812735203,1.1578670348301452,223.64,ST/MT Ratio (Expanding EWM),TSLA,0.75
2019-10-23,1.5329377977960588,1.120449730825175,0.730916631083187,0.9921801889149128,0.6476372536873933,0.4610927521215233,0.51663125,0.4610927521215233,0.3423297347843165,1.191150775458658,241.23,ST/MT Ratio (Expanding EWM),TSLA,1.6666666666666667
2020-01-29,1.2672899162365043,1.1741650773806953,0.9265165471115216,0.769942846919271,0.5969841563148699,0.4563076438921253,0.5357805000000001,0.4563076438921253,0.4371587420891009,1.1273358354852538,414.7,ST/MT Ratio (Expanding EWM),TSLA,0.3333333333333333
2020-04-29,0.8777727569704682,0.9645284360027432,1.098836149041242,0.8390811567356188,0.9552633881839416,1.0707148206951795,1.0327348914100791,1.0707148206951795,1.085493990209098,1.1262689748082275,502.13,ST/MT Ratio (Expanding EWM),TSLA,1.6666666666666667
2020-07-22,1.136764376700037,1.1569341121543848,1.0177431100655172,0.7869616724035516,0.6917544809444802,0.5955726477948752,0.6890383125,0.5955726477948752,0.6109930988314599,0.9802804852259838,994.32,ST/MT Ratio (Expanding EWM),TSLA,0.7777777777777779
2020-10-21,0.3612339640233961,0.915614621366886,2.534685861674912,0.5092553604115987,1.4092665684090318,1.340041401008119,1.2269615000000005,1.340041401008119,2.115674190699912,0.8371121559286483,449.39,ST/MT Ratio (Expanding EWM),TSLA,0.38888888888888895
2021-01-27,0.9012503718007396,1.178833557897635,1.3079978602863391,0.5013105378150781,0.5562255635989032,0.570674711025165,0.6727305,0.570674711025165,0.5933178318210309,1.0027552778019515,663.69,ST/MT Ratio (Expanding EWM),TSLA,0.20689655172413793
2021-04-26,0.797582881272529,1.027760845970354,1.2885944145774295,0.4761463831785333,0.5968562722413963,0.7179266071828356,0.7378568571428572,0.7179266071828356,0.7038636114467847,1.1183206604860862,618.71,ST/MT Ratio (Expanding EWM),TSLA,0.2
2021-07-26,0.85905761605281,1.0917609477511176,1.2708821007460835,0.3065614053222533,0.3562003681235622,0.5291427131461147,0.57769735,0.5291427131461147,0.4158630130949803,1.1581244477213235,671.87,ST/MT Ratio (Expanding EWM),TSLA,0.15625
2021-10-20,1.1784789371548172,1.0861578506553384,0.9216608090405348,0.3912680825156681,0.3140694585774561,0.4523133536286478,0.4912837,0.4523133536286478,0.2877993328263967,1.670454983241515,730.17,ST/MT Ratio (Expanding EWM),TSLA,0.17391304347826086
2022-01-26,1.1696429836920903,1.0511543364421312,0.8986967400292194,0.767236384855984,0.6548163133603987,0.6181992603795987,0.6498228333333333,0.6181992603795987,0.5760697723468031,0.985434878137416,1093.94,ST/MT Ratio (Expanding EWM),TSLA,0.171875
2022-04-20,0.9868450556629148,1.005051599863373,1.0184492429647205,0.50623558654537,0.512853081771114,0.5686253892044417,0.5714978571428573,0.5686253892044417,0.5308552979516502,1.1307109528948738,921.16,ST/MT Ratio (Expanding EWM),TSLA,0.13333333333333333
2022-07-20,1.0262714415051284,1.0017868765738998,0.97614221351096,0.5456110096134862,0.5314731641088554,0.7611756231104404,0.7625357500000001,0.7611756231104404,0.5773184633671391,1.18925030656995,711.11,ST/MT Ratio (Expanding EWM),TSLA,0.18571428571428572
2022-10-19,0.5143916698310369,1.0900492638594008,2.11910364764937,0.5849948371371301,1.1368484135603776,0.4999693016875918,0.5449911692568581,0.4999693016875918,1.6479214471690709,1.2265739563443363,309.07,ST/MT Ratio (Expanding EWM),TSLA,0.13461538461538464
2023-01-25,1.074068324416681,0.9213358636492528,0.8578000511742339,0.8327897623715096,0.7743157042746546,1.025628152861893,0.944948,1.025628152861893,0.5639285581856808,0.9488057152658153,109.1,ST/MT Ratio (Expanding EWM),TSLA,0.136
2023-04-19,0.9942072247902256,1.0307708858443527,1.0367767002114092,0.5472725615266354,0.5502861570605623,0.614767756837481,0.6336847053039159,0.614767756837481,0.5865152366430073,1.1643604515839177,183.25,ST/MT Ratio (Expanding EWM),TSLA,0.11627906976744187
2023-07-19,1.2246376843222286,1.026324493272747,0.8380637852417245,0.5875855113909699,0.4797212848030523,0.6291219338837399,0.64568325,0.6291219338837399,0.3644474186856662,0.8503484687255166,274.45,ST/MT Ratio (Expanding EWM),TSLA,0.10126582278481013
2015-01-28,1.0245834171365271,1.5026344426056328,1.4665808732344576,0.1948280277170459,0.1897009799113933,0.2493206748833037,0.3746378333333333,0.2493206748833037,0.217621807082796,1.182067823683222,80.02,ST/MT Ratio (Expanding EWM),META,
2015-04-22,1.1611363756455129,1.3222011455916636,1.138713051562621,0.2238036733255304,0.1927395397830765,0.2158551703934338,0.285403953576082,0.2158551703934338,0.1970077144923496,1.328766005334754,84.43,ST/MT Ratio (Expanding EWM),META,0.075
2015-07-29,1.204393755299429,1.1066543021582451,0.9188475922337506,0.2724830589116612,0.226175209080152,0.2925194042182174,0.3237178571428571,0.2925194042182174,0.18176448037733,1.0837467868213129,85.8,ST/MT Ratio (Expanding EWM),META,0.06382978723404255
2015-11-04,1.306734962098032,1.3082542136830058,1.0011626317723483,0.3105419817807877,0.2376113582365151,0.3003346121790413,0.3929140218980822,0.3003346121790413,0.2256998436974194,1.508128368004335,94.01,ST/MT Ratio (Expanding EWM),META,0.038461538461538464
2016-01-27,1.7119983074152236,1.3110425887943549,0.7657966617816159,0.8060685925044916,0.4706200631629375,0.2335848603374665,0.3062397,0.2335848603374665,0.1900142201897375,1.560445197360197,105.93,ST/MT Ratio (Expanding EWM),META,0.05970149253731343
2016-04-27,1.3571212130313508,1.419033516461901,1.045620319567667,0.4707403021154118,0.3466849653805974,0.254731650666903,0.36147275,0.254731650666903,0.3106403548630362,1.184189560792578,113.69,ST/MT Ratio (Expanding EWM),META,0.06451612903225806
2016-07-27,0.930741383353063,1.23108868017929,1.3226968330818214,0.1577287204905465,0.1694516260688353,0.2987186105443215,0.3677491,0.2987186105443215,0.183043791466518,1.488612250671948,108.97,ST/MT Ratio (Expanding EWM),META,0.06172839506172839
2016-11-02,1.577008453571168,1.554311728466566,0.9856077340275476,0.2971601648371983,0.1884011380927248,0.1860931266717046,0.2892467293728448,0.1860931266717046,0.1089960057820061,1.295963296963797,128.77,ST/MT Ratio (Expanding EWM),META,0.052083333333333336
2017-02-01,1.0546477002191814,1.3403594842038538,1.2709073218718387,0.191826526789059,0.1818603408689529,0.2308425521889793,0.3094120041843215,0.2308425521889793,0.1818531797225923,1.233233032430625,116.86,ST/MT Ratio (Expanding EWM),META,0.04615384615384615
2017-05-03,1.1820186685460998,1.579046774053477,1.3358898772687977,0.124647595937798,0.1054432375429077,0.1421052329398007,0.2243908096497103,0.1421052329398007,0.1002307247079158,1.2595254794569506,142.28,ST/MT Ratio (Expanding EWM),META,0.06306306306306306
2017-07-26,1.2045485164560137,1.2653381431809143,1.0504667316379703,0.1990253651484061,0.165015435155811,0.1833869477898309,0.2320465,0.1833869477898309,0.138448794358541,1.3444145697325127,153.59,ST/MT Ratio (Expanding EWM),META,0.06306306306306306
2017-11-01,1.210849794941894,1.2059087318835464,0.9959193426971802,0.2226493006458343,0.1837924357996499,0.2199439645987261,0.2652323474346895,0.2199439645987261,0.1793802423249322,1.2183529985718278,169.47,ST/MT Ratio (Expanding EWM),META,0.047244094488188976
2018-01-31,1.154770493132222,1.4671087910341742,1.2704765143892442,0.2639491681317145,0.2284903385995748,0.176553453303982,0.2590231234297136,0.176553453303982,0.1677582147660702,1.3551216663938883,181.42,ST/MT Ratio (Expanding EWM),META,0.051546391752577324
2018-04-25,1.3930648626344622,1.0312208513066763,0.740253292554165,0.4772876346226922,0.3424450350902062,0.3795355762095673,0.391385,0.3795355762095673,0.2590975060116279,1.3605643296325118,160.06,ST/MT Ratio (Expanding EWM),META,0.08088235294117646
2018-07-25,1.7292160571652329,1.2633328281890048,0.7305812497832298,0.994181850248814,0.5746181041711217,0.2588405388536914,0.32700175,0.2588405388536914,0.2171309039090354,1.3443777651560445,196.35,ST/MT Ratio (Expanding EWM),META,0.05263157894736842
2018-10-30,0.9011942732308816,1.3066235115589104,1.4498799541574092,0.2659538438380636,0.295006114079691,0.2715854647562754,0.3548599536482032,0.2715854647562754,0.3515535927427703,1.280259818623884,162.44,ST/MT Ratio (Expanding EWM),META,0.0945945945945946
2019-01-30,1.4185929009704277,1.1468383776789106,0.8084337493120008,0.5669417345809337,0.3994830650523861,0.4180305347904479,0.4794134603393247,0.4180305347904479,0.3332913642637112,1.3300706722053006,131.09,ST/MT Ratio (Expanding EWM),META,0.04566210045662101
2019-04-24,1.1930872125811225,1.335790207905256,1.1196081843970234,0.3393544686873599,0.284409183202021,0.2623231911165901,0.35040875,0.2623231911165901,0.3021433120134961,1.1078548268373252,166.29,ST/MT Ratio (Expanding EWM),META,0.06134969325153375
2019-07-24,0.7899917696804376,1.2661459581327694,1.6027331001751357,0.1775253952765051,0.2246938466748556,0.2647030261510515,0.3351526666666666,0.2647030261510515,0.2895378985822743,1.152179418085956,192.6,ST/MT Ratio (Expanding EWM),META,0.053475935828877004
2019-10-30,1.1242330569277392,1.2668698165331531,1.1268747247080655,0.2126789240425311,0.1890640883675476,0.2691274904333524,0.340949494429329,0.2691274904333524,0.1512314889219439,1.460436855807559,178.08,ST/MT Ratio (Expanding EWM),META,0.05759162303664922
2020-01-29,1.5522639399049256,1.3393294347881786,0.8628232611460465,0.3886185989481996,0.2503209185917476,0.2338073007777398,0.313145,0.2338073007777398,0.1767288655214807,1.404139298550006,204.41,ST/MT Ratio (Expanding EWM),META,0.05928853754940712
2020-04-29,1.2521677702270892,0.9812590869226424,0.7836482540551928,0.4456077743700128,0.3556863085520707,0.5698134689087687,0.5591346442176418,0.5698134689087687,0.3133635304807979,1.5917660171033143,165.95,ST/MT Ratio (Expanding EWM),META,0.0625
2020-07-30,1.2991783202476046,1.163222661146472,0.8953525801791232,0.4374799934126104,0.3366804708300342,0.3790566914323655,0.4409273333333333,0.3790566914323655,0.319673945731098,1.323043997087349,227.07,ST/MT Ratio (Expanding EWM),META,0.11678832116788321
2020-10-29,1.289335303892509,1.248954935899721,0.9686812515946166,0.4375408096584312,0.3392524487492355,0.3711586076290742,0.463560375,0.3711586076290742,0.3093456124536527,1.1146698690420995,261.79,ST/MT Ratio (Expanding EWM),META,0.07407407407407408
2021-01-27,1.0814074199885606,1.1724956612055548,1.084231196802735,0.3179268211364379,0.2938242187363322,0.336947515518984,0.3950695000000001,0.336947515518984,0.2775138224192294,1.1530926557871857,277.0,ST/MT Ratio (Expanding EWM),META,0.05956112852664577
2021-04-28,1.2896982409131743,1.147595121193094,0.8898167685958354,0.3784628379749657,0.2933933879771627,0.3400359741807765,0.390223625,0.3400359741807765,0.2860001608813938,1.1205699846468782,290.82,ST/MT Ratio (Expanding EWM),META,0.08438818565400844
2021-07-28,1.3294257964893728,1.2760439872794664,0.9598459655658312,0.3321778504351332,0.2497590188819802,0.2612148718927085,0.3333216666666667,0.2612148718927085,0.2260462051889735,0.8501386923868782,355.64,ST/MT Ratio (Expanding EWM),META,0.076158940397351
2021-10-25,1.254533383880491,1.2970114747917187,1.0338596736101475,0.3448796364124791,0.2747997926099957,0.2326524006904337,0.3017528333333333,0.2326524006904337,0.2353165955454719,1.29449182631575,352.96,ST/MT Ratio (Expanding EWM),META,0.06624605678233439
2022-02-02,1.739248018783229,1.1696885941476347,0.6725254716494914,1.2653123999152156,0.7272208395630319,0.2883742021973522,0.3373080151566666,0.2883742021973522,0.2374436192742428,1.1530273307242105,338.54,ST/MT Ratio (Expanding EWM),META,0.05729166666666667
2022-04-27,1.4744590317578965,1.2806578794857488,0.8685611820349517,0.9273541735750888,0.6288465099272912,0.3602033434450386,0.46129725,0.3602033434450386,0.4982595881649224,1.1292285923852825,223.59,ST/MT Ratio (Expanding EWM),META,0.10588235294117648
2022-07-27,1.1657285640467665,1.286008552588715,1.103180098911193,0.5741815287072015,0.4923834324920902,0.4971214994745517,0.6393025,0.4971214994745517,0.4685137696413273,1.148773769417451,169.49,ST/MT Ratio (Expanding EWM),META,0.07984790874524715
2022-10-26,1.6658402773009886,1.1362953879018285,0.6821154485127864,1.270484363008746,0.762377496689961,0.548271168424231,0.6229980000000002,0.548271168424231,0.3311046390064059,1.162147130698576,136.37,ST/MT Ratio (Expanding EWM),META,0.13612565445026178
2023-02-01,1.543083318510277,1.3070028877467617,0.8470073339970832,1.1282403201562807,0.7308360827789987,0.4940858450795498,0.6457716263137707,0.4940858450795498,0.5267042279300482,1.0817011328149382,124.74,ST/MT Ratio (Expanding EWM),META,0.1126126126126126
2023-04-26,1.3594831445156637,1.3381256622953908,0.9842899985141912,0.6400045969288325,0.4705213935145448,0.3981378692686589,0.5327584999999999,0.3981378692686589,0.4668744333225035,1.2098375841727278,202.84,ST/MT Ratio (Expanding EWM),META,0.1758793969849246
2023-07-26,1.285628386842185,1.407889160989849,1.0950980667500398,0.3989067614073618,0.3102655062500339,0.3296401185969114,0.4640967499999999,0.3296401185969114,0.2772779686730416,1.0536780177781595,278.47,ST/MT Ratio (Expanding EWM),META,0.09688581314878893
2015-02-11,1.4062355500851431,1.1478382117247676,0.8162488934768215,0.3501866668304021,0.2489234839374159,0.2848449712277595,0.3269559423928644,0.2848449712277595,0.1854737446971762,1.2877370784714706,19.69,ST/MT Ratio (Expanding EWM),NVDA,
2015-05-07,1.4887468729537623,1.1107369663128122,0.7460885302207514,0.4933570348112283,0.3312734038111072,0.2897906452763957,0.3218811822001361,0.2897906452763957,0.2752606300938201,1.4571744083913591,21.86,ST/MT Ratio (Expanding EWM),NVDA,0.0
2015-08-06,1.5487954641049022,1.0604686816004192,0.6847054412141487,0.6501053815700514,0.4195571819368834,0.3629383900927218,0.3848847960438073,0.3629383900927218,0.2562461926560465,1.1180128463437244,19.79,ST/MT Ratio (Expanding EWM),NVDA,nan
2015-11-05,1.6516667715609754,1.1001681194851611,0.6660956909882023,0.7727686819567042,0.4677408450856528,0.3555879291827369,0.3912065033605943,0.3555879291827369,0.2670761857575855,1.1268193924776482,25.75,ST/MT Ratio (Expanding EWM),NVDA,0.0
2016-02-17,1.378193703874956,1.0856180222875047,0.78771076898346,0.5374707987688976,0.3898207139195896,0.4242219551860334,0.460543,0.4242219551860334,0.3043379403702453,1.1486890128146885,27.33,ST/MT Ratio (Expanding EWM),NVDA,0.0
2016-05-12,1.6741103103019086,1.331833848571403,0.7955472470217452,0.8453533006816881,0.5046759447414262,0.2933916652473968,0.3907489506652132,0.2933916652473968,0.247338249671169,1.2606642727810329,35.84,ST/MT Ratio (Expanding EWM),NVDA,0.0
2016-08-11,1.0842494601800312,1.5508697801136389,1.4303625107234352,0.3070079123824811,0.2830951172750293,0.2719810879086781,0.4218072499999999,0.2719810879086781,0.3232296204739117,1.3199316828680423,52.8,ST/MT Ratio (Expanding EWM),NVDA,0.0
2016-11-10,1.8114937646673488,1.4492753618122811,0.8000443557024425,1.640858890930805,0.9055988474539572,0.3040934688642892,0.4407151721130444,0.3040934688642892,0.2036848862265548,1.2575982977091449,66.13,ST/MT Ratio (Expanding EWM),NVDA,0.0
2017-02-09,0.7777438983642032,1.2088116888779388,1.5542541592680863,0.4003876972948952,0.514353032447852,0.4375230637015301,0.5288829935560966,0.4375230637015301,0.6719422031120292,0.9916135952269224,106.47,ST/MT Ratio (Expanding EWM),NVDA,0.0
2017-05-09,1.591741849564431,1.3298893161014615,0.8354930898282131,0.94708235307264,0.5948361806723924,0.3118100656794533,0.414672875,0.3118100656794533,0.3670789682750335,1.2587495279310068,97.77,ST/MT Ratio (Expanding EWM),NVDA,0.0
2017-08-10,1.166604962817776,1.2908127194305363,1.1064694224450693,0.5067889017852162,0.4327530254207183,0.4045097662043774,0.5221463513504829,0.4045097662043774,0.4765802919229194,1.0483953144920628,155.88,ST/MT Ratio (Expanding EWM),NVDA,0.0
2017-11-09,1.199052685848527,1.3023261980328844,1.086129253037179,0.3432631342430934,0.2862409114021354,0.3476968539943328,0.4528147219304344,0.3476968539943328,0.3115099754402284,1.0390106734247784,188.93,ST/MT Ratio (Expanding EWM),NVDA,0.0
2018-02-08,1.2809194150047218,1.2856151617948053,1.0036659189759147,0.4482637303432989,0.3499154125990102,0.3098404604154813,0.3983355936476259,0.3098404604154813,0.3313172362125847,1.0664364722045785,221.94,ST/MT Ratio (Expanding EWM),NVDA,0.0
2018-05-10,0.9609796340603955,1.1890251684469102,1.237305272977494,0.3013207408515544,0.3133153650095628,0.4097975740208608,0.4872596294792891,0.4097975740208608,0.3510164108686557,1.2768918710434534,227.91,ST/MT Ratio (Expanding EWM),NVDA,0.0
2018-08-16,1.340612294053587,1.349776580299295,1.0068358960203163,0.3263318464329962,0.2434163301577023,0.2760934305531332,0.372664446535109,0.2760934305531332,0.2299598282861505,1.2687182134846904,253.69,ST/MT Ratio (Expanding EWM),NVDA,0.25
2018-11-15,1.565987351512727,1.1452521992569182,0.7313291503603889,1.167936643426754,0.7462542175377709,0.3980815911642737,0.4559038177645779,0.3980815911642737,0.3348517729042226,1.4256466386622415,245.83,ST/MT Ratio (Expanding EWM),NVDA,0.0
2019-02-14,0.7312597486985061,1.25319424401998,1.7137470594414796,0.39897427749022,0.5453301586753228,0.4053095665605385,0.5079316158599,0.4053095665605385,0.5583895349703942,1.1585016288278709,149.87,ST/MT Ratio (Expanding EWM),NVDA,0.0
2019-05-16,0.8377047474801333,1.2735314659412384,1.5202629205243234,0.2615239502638278,0.3122107943354564,0.3206189511675024,0.4083183228888917,0.3206189511675024,0.3367124907771384,1.1726382860836642,188.21,ST/MT Ratio (Expanding EWM),NVDA,0.0
2019-08-15,1.3149884493548856,1.1764677522094225,0.8946601415294413,0.4520069246781589,0.3433147655829918,0.3470407536363094,0.4082822553555728,0.3470407536363094,0.3055908180379024,1.197392418505864,167.08,ST/MT Ratio (Expanding EWM),NVDA,0.0
2019-11-14,1.0927693667888978,1.1841371133967125,1.0836111895013114,0.3159339701928608,0.2884274322237334,0.3401199570960555,0.4027486642043369,0.3401199570960555,0.3089590364519481,1.135874847430044,196.37,ST/MT Ratio (Expanding EWM),NVDA,0.0
2020-02-13,1.3490843803489745,1.225404694597037,0.9083232394107592,0.4056759842759831,0.3009473318625038,0.3007671123923153,0.3685614315059379,0.3007671123923153,0.218748089818048,1.3526775595319047,247.28,ST/MT Ratio (Expanding EWM),NVDA,0.0
2020-05-21,0.9658809350221914,1.016316164006628,1.052216817990385,0.4009268931564873,0.4132447743259253,0.6667296546073442,0.6776081250000001,0.6667296546073442,0.4968644118748875,1.1723287226177084,269.51,ST/MT Ratio (Expanding EWM),NVDA,0.0
2020-08-19,1.1584682867431944,1.116605375698359,0.9638635675021154,0.3836386140346597,0.3311070921004478,0.4358213198347437,0.4866404285714286,0.4358213198347437,0.3157930124905779,1.0643364418124477,420.43,ST/MT Ratio (Expanding EWM),NVDA,0.0
2020-11-18,1.0532456644971278,1.1495183006891727,1.0914056800205394,0.4258602290325641,0.4041839243713627,0.4641848018344768,0.5335889246105081,0.4641848018344768,0.3333925701204297,1.0849295071798677,539.91,ST/MT Ratio (Expanding EWM),NVDA,0.0
2021-02-24,1.2157552898744135,1.1507976168596232,0.946570108675817,0.4725529321938666,0.3886308472714671,0.4183282255256212,0.481411125,0.4183282255256212,0.3525942338811985,0.9983935584543094,546.13,ST/MT Ratio (Expanding EWM),NVDA,0.0
2021-05-26,0.9536901486901528,1.1888884292095248,1.2466191779818692,0.3279653546888428,0.3432874788345442,0.3367666302095359,0.40037795,0.3367666302095359,0.3946108914568106,1.0578447475540955,619.12,ST/MT Ratio (Expanding EWM),NVDA,0.0
2021-08-18,0.630119913893219,0.9864545033137024,1.5655028218658529,1.002848962647389,1.5912068908724235,0.4723286195204076,0.4659306937698505,0.4723286195204076,0.3574256342645605,1.1518748018100846,751.19,ST/MT Ratio (Expanding EWM),NVDA,0.0
2021-11-17,1.316364678342152,1.1366262965103182,0.8634585196723761,0.6150159223740608,0.4672382878946445,0.2979410123838572,0.3386475894843984,0.2979410123838572,0.2622515684851434,1.2467485334376225,222.22,ST/MT Ratio (Expanding EWM),NVDA,0.0
2022-02-16,1.2075683726484987,0.9697410395218208,0.8030526978732779,0.6147699095882172,0.5089374241994666,0.5570120125922838,0.5401574081173828,0.5570120125922838,0.4723398341227587,1.1115968000456933,259.03,ST/MT Ratio (Expanding EWM),NVDA,0.0
2022-05-25,1.0023151910561707,1.0227343842193042,1.0203720280260515,0.5234272368642517,0.5220790278791051,0.6549462014140787,0.6698360000000001,0.6549462014140787,0.489054308952542,1.1862384548870166,199.02,ST/MT Ratio (Expanding EWM),NVDA,0.0
2022-08-24,1.0344985356713965,1.0739484959868142,1.0381343800451244,0.4440797149239469,0.4284551889752108,0.5597940704294087,0.6011900000000001,0.5597940704294087,0.4248647568995696,1.2075249721286954,170.24,ST/MT Ratio (Expanding EWM),NVDA,0.0
2022-11-16,1.1301886514567832,1.0061547745173216,0.8902538290580204,0.4939451899410814,0.4369380748166987,0.6429321765960709,0.6468892791729506,0.6429321765960709,0.3979476355032882,1.1969556189491508,118.88,ST/MT Ratio (Expanding EWM),NVDA,0.0
2023-02-22,1.374898510429734,1.0374956353171918,0.7545979775575693,0.8008363359544287,0.5821847033261102,0.5208719101436192,0.5404023333333334,0.5208719101436192,0.477866754234002,1.1352851943454283,191.93,ST/MT Ratio (Expanding EWM),NVDA,0.0
2023-05-24,1.6645583520418443,1.139863153915535,0.6847841365953392,1.211954758879114,0.7276962767918285,0.3939203126775273,0.4490152500000001,0.3939203126775273,0.3541194328321203,1.22156908560582,270.42,ST/MT Ratio (Expanding EWM),NVDA,0.0
2023-08-23,1.0462326235855806,1.3071813885709267,1.2494175378426258,0.4948071078776402,0.4728778745708059,0.450538563468879,0.5889356249999999,0.450538563468879,0.500023217558096,0.9878449595985924,446.12,ST/MT Ratio (Expanding EWM),NVDA,0.04761904761904762
2015-01-20,1.474932387109499,1.5511722283743512,1.0516903974251073,0.872025404350754,0.5909796033628562,0.3396985241406089,0.5269309166666667,0.3396985241406089,0.3852078704825223,1.4221815658318089,336.68,ST/MT Ratio (Expanding EWM),NFLX,
2015-04-15,1.5496952436025884,1.568030144714145,1.0118312946930994,0.9629616837357252,0.6212027564091325,0.3106100014470297,0.4870458455186468,0.3106100014470297,0.3922399853372006,1.3179098276792192,421.97,ST/MT Ratio (Expanding EWM),NFLX,0.19999999999999998
2015-07-15,1.7461381033482173,1.7557722146924886,1.005517382230992,4.419605760352636,2.529600657275051,0.2685917634828147,0.4715859554183826,0.2685917634828147,0.3609550381424759,1.0330605739242842,654.02,ST/MT Ratio (Expanding EWM),NFLX,0.39999999999999997
2015-10-14,0.6323861629301578,1.1903847137363828,1.882369956073583,0.6467090183893643,1.022454778051034,0.6090451488481918,0.7249980351641875,0.6090451488481918,1.4427126060788027,1.166513867558947,95.69,ST/MT Ratio (Expanding EWM),NFLX,0.125
2016-01-19,1.1720836894594169,1.4328901835705188,1.2225152490871962,0.558603399135547,0.4763661629505525,0.4487247225030323,0.64297325,0.4487247225030323,0.391564372658039,1.062834511730999,116.63,ST/MT Ratio (Expanding EWM),NFLX,0.5
2016-04-18,1.4691419555732468,1.537000710513157,1.0461893792376464,0.7675524589864305,0.5223086540230856,0.3840655348837893,0.5903089999999999,0.3840655348837893,0.4202406506037477,1.1462154225720378,101.12,ST/MT Ratio (Expanding EWM),NFLX,0.5
2016-07-18,1.5147064445026155,1.4952434217505903,0.9871506305247044,0.7399217086295269,0.4883509256584279,0.3389763402294285,0.506852142857143,0.3389763402294285,0.3182341605211221,1.2728647929083592,94.45,ST/MT Ratio (Expanding EWM),NFLX,0.5
2016-10-17,1.6245175573523662,1.6547352495716845,1.018601025321368,0.9787157841748872,0.602131522291279,0.2812641869943374,0.4654177646616518,0.2812641869943374,0.3098915913151505,1.1978747445438755,99.48,ST/MT Ratio (Expanding EWM),NFLX,0.33333333333333337
2017-01-18,0.8995070013280939,1.7822705280113171,1.9813859429441356,0.2822550384406456,0.3137108157684408,0.284049848635227,0.5062536737086407,0.284049848635227,0.376239634797938,1.066582470651363,125.45,ST/MT Ratio (Expanding EWM),NFLX,0.07692307692307693
2017-04-17,1.217954598578502,2.01576207600512,1.6550387661065151,0.2141118276434102,0.1757025205829712,0.1940331821818473,0.3911247301287602,0.1940331821818473,0.1779273058902939,1.0356004558712744,145.11,ST/MT Ratio (Expanding EWM),NFLX,0.02702702702702703
2017-07-17,1.5766318354277165,1.4938015788532997,0.947463792933024,0.7092682103650457,0.4496871906888564,0.268688752998972,0.4013676834499886,0.268688752998972,0.2477947311517509,1.1902706702016157,152.38,ST/MT Ratio (Expanding EWM),NFLX,0.13333333333333333
2017-10-16,0.972200714373507,1.5591566708026965,1.6037394827542664,0.2892252270386843,0.2974529566295879,0.2532451244819461,0.3948488251842855,0.2532451244819461,0.2905819586214508,1.1398128935190135,182.35,ST/MT Ratio (Expanding EWM),NFLX,0.0625
2018-01-22,1.4363149954845886,1.667301305497798,1.1608186997555354,0.5374844318623926,0.3744303677123677,0.2212185636655984,0.3688379999999999,0.2212185636655984,0.2125490719679479,1.3464145652126285,189.94,ST/MT Ratio (Expanding EWM),NFLX,0.02380952380952381
2018-04-16,1.2394526632075198,1.4599120626891962,1.1778683494948166,0.4915115702040433,0.3963914513446669,0.3181783392225019,0.4645123955173454,0.3181783392225019,0.3457173748554016,1.0743956838337714,318.45,ST/MT Ratio (Expanding EWM),NFLX,0.09375
2018-07-16,1.1804665403654644,1.3768664492513,1.1663748206069706,0.431375481584961,0.365373337294597,0.3194496944315667,0.4398395664864039,0.3194496944315667,0.2779608631983592,0.943585154210258,391.98,ST/MT Ratio (Expanding EWM),NFLX,0.024999999999999998
2018-10-16,1.2371914133242723,1.2714540034380954,1.0276938473261477,0.5062159471882509,0.4090304835407114,0.3714951723302423,0.4723390241172118,0.3714951723302423,0.3640239741905252,1.2306431823537218,350.35,ST/MT Ratio (Expanding EWM),NFLX,0.029411764705882353
2019-01-17,1.1633373872130248,1.1579797514107797,0.9953945984534373,0.5282956100427008,0.4540629635898477,0.4973169719327145,0.5758829835310065,0.4973169719327145,0.3941040386716437,1.1832874178045003,270.94,ST/MT Ratio (Expanding EWM),NFLX,0.125
2019-04-16,1.14980815566891,1.3016860092066074,1.1320897340907632,0.3586692471403551,0.3113666418526639,0.3547279554368915,0.4617444166666666,0.3547279554368915,0.2851197289487761,1.260800026936934,363.44,ST/MT Ratio (Expanding EWM),NFLX,0.03508771929824562
2019-07-17,1.4856403495673398,1.308012824377344,0.8804370618758934,0.554475809084975,0.3730940995189204,0.330603532627891,0.432433660461735,0.330603532627891,0.2579677214688625,1.2758916001515652,350.62,ST/MT Ratio (Expanding EWM),NFLX,0.03571428571428571
2019-10-16,1.1643069107811634,1.3892222818602415,1.193175329456884,0.3798212788377419,0.3240602927109056,0.3073182858649309,0.4269334103466574,0.3073182858649309,0.2604815720452575,1.248263977342544,294.29,ST/MT Ratio (Expanding EWM),NFLX,0.028846153846153844
2020-01-21,1.3065305919635637,1.6462924900942546,1.2600489419999483,0.4126571682117155,0.3112646303498008,0.2573892564958125,0.423738,0.2573892564958125,0.2786643540391176,1.1115806292937531,333.1,ST/MT Ratio (Expanding EWM),NFLX,0.07692307692307693
2020-04-21,1.1677886341239656,1.0478694250406877,0.897310861247389,0.67591424506442,0.5785609602638639,0.6524247999443769,0.6836559999999999,0.6524247999443769,0.3203130093360171,1.292185013968755,360.27,ST/MT Ratio (Expanding EWM),NFLX,0.05521472392638037
2020-07-16,1.17711829860443,1.2493157639851613,1.0613340778631404,0.5528369679768752,0.4695408087710448,0.4160471414801181,0.5197742524120763,0.4160471414801181,0.446516255419195,1.1414006280717073,436.13,ST/MT Ratio (Expanding EWM),NFLX,0.038674033149171276
2020-10-20,1.0658152684918765,1.2287069022998298,1.1528328957404077,0.4560929690588013,0.4277199779559047,0.4756292968698504,0.5844090000000001,0.4756292968698504,0.4341153160516368,1.0319423696305834,487.35,ST/MT Ratio (Expanding EWM),NFLX,0.03773584905660377
2021-01-19,1.566752839682595,1.4000132593544656,0.8935763343745343,0.8612005320479869,0.5495306758575498,0.3431961290154418,0.4804791311807443,0.3431961290154418,0.3640643768998327,1.024658778741537,528.91,ST/MT Ratio (Expanding EWM),NFLX,0.043478260869565216
2021-04-20,1.270706246306265,1.3495124774333342,1.0620176625055129,0.4793362087131498,0.3770956013887933,0.2983432956216511,0.402618,0.2983432956216511,0.3559775113519295,1.2153233675725923,523.11,ST/MT Ratio (Expanding EWM),NFLX,0.013468013468013467
2021-07-20,1.200933426652586,1.4814701276256763,1.2335988779619886,0.280633123357542,0.2335441849949882,0.2381943067360733,0.35287775,0.2381943067360733,0.2228493190812935,1.1526164718935803,497.0,ST/MT Ratio (Expanding EWM),NFLX,0.060897435897435896
2021-10-19,1.2193886755243826,1.244342861029457,1.020464504883435,0.3058601685141632,0.2498027776887662,0.3099607930252509,0.3856975,0.3099607930252509,0.2093790791282875,1.44551882367776,575.43,ST/MT Ratio (Expanding EWM),NFLX,0.01171875
2022-01-20,1.6926422906522889,1.287197494620326,0.7604663440875521,1.0222458098032836,0.6036945391964857,0.2922528217870411,0.3761871,0.2922528217870411,0.2503773094198821,1.2826958304479974,604.92,ST/MT Ratio (Expanding EWM),NFLX,0.12195121951219513
2022-04-19,1.6960851068355682,1.1643832432799766,0.6865122738164937,1.820960381430564,1.0731451353112915,0.412940214866226,0.4808206666666666,0.412940214866226,0.525447310537185,1.29812984088177,374.59,ST/MT Ratio (Expanding EWM),NFLX,0.041379310344827586
2022-07-19,0.8325909790926219,1.2612706642410128,1.5148742851088497,0.4945079201271487,0.5937614900279895,0.5691724388373011,0.7178804999999999,0.5691724388373011,0.6966642117352395,1.1814584168134077,175.51,ST/MT Ratio (Expanding EWM),NFLX,0.0505050505050505
2022-10-18,1.461293393838724,1.2508737676977906,0.8560045319932812,0.8447278501812417,0.5780617730634178,0.5570673856112,0.6968209795010396,0.5570673856112,0.3823245262227623,1.1338738587402313,243.63,ST/MT Ratio (Expanding EWM),NFLX,0.028169014084507043
2023-01-19,1.0413886905113443,1.492820630419039,1.4334903422909575,0.4490135798585071,0.431075720408796,0.4157209452165622,0.6205968035165872,0.4157209452165622,0.468868219906317,1.0839325276348333,288.19,ST/MT Ratio (Expanding EWM),NFLX,0.32558139534883723
2023-04-18,0.9634481036109124,1.22533537500221,1.2718229143944224,0.3179024830394746,0.3299071215400631,0.4350830965586574,0.5331227092788253,0.4350830965586574,0.2927308273573489,1.2458402632621637,305.13,ST/MT Ratio (Expanding EWM),NFLX,0.031578947368421054
2023-07-19,1.3578395112041737,1.2491023438783362,0.9199189842182408,0.5148946959378181,0.3790971227566777,0.3674984431150646,0.4590431666666666,0.3674984431150646,0.3413298703346977,0.9561960154124286,434.7,ST/MT Ratio (Expanding EWM),NFLX,0.0353356890459364
2017-09-19,1.4217122692567112,1.3610533782019578,0.9573339188481036,0.2385430308893902,0.1676978147984352,0.1958641955337358,0.266581625,0.1958641955337358,0.1391399006264641,1.3776937721392568,149.26,ST/MT Ratio (Expanding EWM),ADBE,0.019801980198019802
2017-12-14,0.9325830808732092,1.4443878148221685,1.548803366097677,0.2989075470251969,0.3203783056546926,0.179999363160196,0.2599888868243375,0.179999363160196,0.3225348143005361,1.2412742462908877,181.32,ST/MT Ratio (Expanding EWM),ADBE,0.008620689655172415
2018-03-15,1.1091350776711348,1.166598767870066,1.0518094606831734,0.1917484541065872,0.1724103907246439,0.2710336867264896,0.3161875649864042,0.2710336867264896,0.1718815692802645,1.529381425960601,193.48,ST/MT Ratio (Expanding EWM),ADBE,0.007874015748031496
2018-06-14,1.1524598418490604,1.2155652233472218,1.0547571196900989,0.2212976990649929,0.1920142818273512,0.232913201510041,0.2831211878140696,0.232913201510041,0.199227587000014,1.4165351136176485,236.6,ST/MT Ratio (Expanding EWM),ADBE,0.012987012987012986
2018-09-13,1.1064512893418763,1.297612023662153,1.1727692273140915,0.2336089334160812,0.2110832966468433,0.1901086903802039,0.246687322440018,0.1901086903802039,0.1875967411442799,1.2383756299428452,256.05,ST/MT Ratio (Expanding EWM),ADBE,0.01183431952662722
2018-12-13,1.1124998126741026,1.0635572645900833,0.9560066909437256,0.4088488130987058,0.3674726456982226,0.3909004948986829,0.4157450610813529,0.3909004948986829,0.3361688542386665,1.2929237588873257,238.74,ST/MT Ratio (Expanding EWM),ADBE,0.015873015873015872
2019-03-14,1.2523328147931765,1.2294596015091357,0.9817355155004716,0.271418107657985,0.2166639104432976,0.2367325737093445,0.2910531357369229,0.2367325737093445,0.2237806216882477,1.0946583546335371,261.37,ST/MT Ratio (Expanding EWM),ADBE,0.024691358024691357
2019-06-18,1.3801258857018244,1.178738373379544,0.8540803310707629,0.3219804948501429,0.2333532045228515,0.2658241277932062,0.3133371,0.2658241277932062,0.1518830834407483,1.5535097135400222,275.45,ST/MT Ratio (Expanding EWM),ADBE,0.016853932584269662
2019-09-17,1.0400572542768964,1.1630964858263069,1.1183004407146353,0.1831185438755335,0.1760179655983903,0.2742257447140384,0.318951,0.2742257447140384,0.1665467007293724,1.4927873663075797,287.97,ST/MT Ratio (Expanding EWM),ADBE,0.015228426395939085
2019-12-12,1.1868170059715633,1.233429383292277,1.03927511746645,0.2321963679525337,0.195591225497047,0.1929171753406849,0.237949712606949,0.1929171753406849,0.2122138247819071,1.2783445222910734,291.72,ST/MT Ratio (Expanding EWM),ADBE,0.008849557522123895
2020-03-12,1.6804092907632795,1.1833831439935882,0.7042231618798472,0.5199170098184641,0.3095159689138806,0.2400524170527634,0.2840739840151592,0.2400524170527634,0.1176146579072622,1.3897647454680555,369.28,ST/MT Ratio (Expanding EWM),ADBE,0.008968609865470852
2020-06-11,0.9424605259625672,1.14458168934426,1.2144611448583054,0.2987440643966778,0.316939535325057,0.3155357037856833,0.3611563888874474,0.3155357037856833,0.3551989148721283,1.6512253717721586,365.1,ST/MT Ratio (Expanding EWM),ADBE,0.034334763948497854
2020-09-15,1.0866897898789516,1.238184163500104,1.1394090337758926,0.3766026615443907,0.3463648194710573,0.2922501774079948,0.3618595414466751,0.2922501774079948,0.2613036079250458,1.06793703187135,451.58,ST/MT Ratio (Expanding EWM),ADBE,0.012448132780082987
2020-12-10,0.8333972237432125,1.0979513476366778,1.3174406109792611,0.2350800142845875,0.2817415994897362,0.3690776820488999,0.4052293383882109,0.3690776820488999,0.3467154505860707,1.2741369168698644,452.0,ST/MT Ratio (Expanding EWM),ADBE,0.015037593984962405
2021-03-23,1.1255834557397388,1.1980671303786614,1.0643965352096314,0.25992905673939,0.2308929457464155,0.2922224860305752,0.3501021552707697,0.2922224860305752,0.1830034817066895,1.425657794933167,467.33,ST/MT Ratio (Expanding EWM),ADBE,0.007194244604316547
2021-06-17,1.219834916500135,1.1831132508872937,0.969896200611964,0.2797019013261645,0.229265053592607,0.2467014877705566,0.2918757991949551,0.2467014877705566,0.1777788734947311,1.1899702757585569,480.62,ST/MT Ratio (Expanding EWM),ADBE,0.0035587188612099642
2021-09-21,1.3744576147749077,1.3130715459100186,0.9553379688067412,0.2517859103961833,0.1831724900994729,0.2102347742283018,0.2760533,0.2102347742283018,0.1506060999750399,1.64180624526555,656.86,ST/MT Ratio (Expanding EWM),ADBE,0.009966777408637875
2021-12-16,1.3935936673682434,1.2127406043177624,0.8702253983458348,0.5786725917904684,0.4150204168548012,0.2296643203245463,0.2785232466206184,0.2296643203245463,0.207103577096237,1.1057456966110812,671.03,ST/MT Ratio (Expanding EWM),ADBE,0.009404388714733543
2022-03-22,1.302429488000337,1.068809811267817,0.8206277737989455,0.4974514618229926,0.3817640784731399,0.4210087194710891,0.44997825,0.4210087194710891,0.3079238191191918,1.2674328300612612,442.56,ST/MT Ratio (Expanding EWM),ADBE,0.008982035928143712
2022-06-16,0.9558234586573215,1.1118529241458135,1.1632408831100167,0.2695621891528161,0.2819988843838412,0.4216516671814857,0.4688146391266922,0.4216516671814857,0.295465717401749,1.342011436428462,409.65,ST/MT Ratio (Expanding EWM),ADBE,0.009063444108761328
2022-09-15,1.5798071903337931,1.2473553709622058,0.789561776015626,0.7657422353080436,0.4844471758985425,0.2909395578546691,0.3629050201153909,0.2909395578546691,0.2069687687322906,1.3795921982674624,447.56,ST/MT Ratio (Expanding EWM),ADBE,0.006006006006006006
2022-12-15,0.9473091792972064,1.2202514763087895,1.28812377519035,0.2889625171481733,0.3049435324284917,0.3653370936600776,0.4458031278890722,0.3653370936600776,0.3685492729397549,1.175969290677804,345.96,ST/MT Ratio (Expanding EWM),ADBE,0.002857142857142857
2023-03-15,1.1223431729416558,1.0914987083338052,0.9725177954911888,0.3071193360658741,0.2736209467808976,0.3500445869548048,0.3820732145204099,0.3500445869548048,0.2055916233681418,1.2643779334227054,375.0,ST/MT Ratio (Expanding EWM),ADBE,0.010869565217391304
2023-06-15,0.992518870817689,1.217011511878559,1.2261847584579637,0.3181406056331968,0.3205435203472057,0.2753837035318975,0.3351451373820714,0.2753837035318975,0.2579995943690408,1.2919245324261923,345.11,ST/MT Ratio (Expanding EWM),ADBE,0.010554089709762533
2023-09-14,,1.1630951053148706,,,,0.3146518093023893,0.365969979278077,0.3146518093023893,0.237261457702071,1.2298262432224991,518.7,ST/MT Ratio (Expanding EWM),ADBE,0.005025125628140704
2015-02-25,1.6088453381602494,1.2667492222369874,0.7873654428992805,0.6575637212622437,0.408659805729207,0.2657694546719177,0.33666325,0.2657694546719177,0.2223791729548977,1.5598773066463945,59.78,ST/MT Ratio (Expanding EWM),CRM,0.07142857142857142
2015-05-20,1.0133720284921126,1.3713186311742087,1.353223290773791,0.3958502636319254,0.3905965142634304,0.2482217423885913,0.3403911,0.2482217423885913,0.2725787870581145,1.3886755306147731,66.9,ST/MT Ratio (Expanding EWM),CRM,0.07142857142857142
2015-08-20,1.3865212043753636,0.9773428662717424,0.7048885103145908,0.3892854481514747,0.2807455375520232,0.458416145921332,0.44802975,0.458416145921332,0.2341946435894163,0.8808244577400809,73.83,ST/MT Ratio (Expanding EWM),CRM,0.05555555555555556
2015-11-18,1.297631040416655,1.1684243116921753,0.9004287623367945,0.2862833666931731,0.2204991387642074,0.3472832993455398,0.40577425,0.3472832993455398,0.2202596247639289,1.1100103379127382,77.93,ST/MT Ratio (Expanding EWM),CRM,0.05263157894736842
2016-02-24,1.3288829325620766,1.1575705099347169,0.8710853917755789,0.6781891056668597,0.5101677678077977,0.3474358551365323,0.4021815,0.3474358551365323,0.1342943057606673,1.5820279610900898,69.92,ST/MT Ratio (Expanding EWM),CRM,0.05263157894736842
2016-05-18,0.9468026560296228,1.4188242256999073,1.4985427181306052,0.2509617266242771,0.2650136294467086,0.2417171042904584,0.3429540833333334,0.2417171042904584,0.3185128847680002,1.2932662647091104,77.27,ST/MT Ratio (Expanding EWM),CRM,0.043478260869565216
2016-08-31,1.4097311515890751,1.4768263603815537,1.0475943293987988,0.2924181201770222,0.2073757586557868,0.2024093603086571,0.2989234788917926,0.2024093603086571,0.1171516520187274,0.8899087472569241,81.02,ST/MT Ratio (Expanding EWM),CRM,0.045454545454545456
2016-11-17,1.075662000726209,1.2619272592964932,1.1731633714350154,0.3399566515601422,0.3159786907359784,0.2635811708387665,0.3326202645187253,0.2635811708387665,0.375725386933934,1.2351974527080352,72.77,ST/MT Ratio (Expanding EWM),CRM,0.04761904761904762
2017-02-28,0.8019986284570376,1.260850021484754,1.5721348849567225,0.1243163800844081,0.1550083746909026,0.2819710439364818,0.3555231968053917,0.2819710439364818,0.1926405935353118,0.9459332635476236,78.71,ST/MT Ratio (Expanding EWM),CRM,0.04
2017-05-18,1.131739700116115,1.242584994788964,1.097942393168214,0.121509184227765,0.107300541026111,0.2280264374376805,0.2833422295752462,0.2280264374376805,0.1167281489883451,1.375393313964002,83.71,ST/MT Ratio (Expanding EWM),CRM,0.038461538461538464
2017-08-22,0.8613845138383013,1.3166116107370691,1.5284830288744,0.1108537175619882,0.1286739348357096,0.1954982108517322,0.2573952142857143,0.1954982108517322,0.1447512951195254,1.2785957700418715,89.67,ST/MT Ratio (Expanding EWM),CRM,0.0
2017-11-21,1.135344982758112,1.20995975631615,1.0657199130582982,0.1513937762377815,0.1332995776084813,0.1976971744318891,0.239205625,0.1976971744318891,0.1221378410027751,1.4718716100875386,98.44,ST/MT Ratio (Expanding EWM),CRM,0.02702702702702703
2018-02-28,1.2607741538316244,1.185713134799852,0.9404643418461156,0.2421143947999982,0.1920325972098599,0.2359931986032322,0.2798202353072825,0.2359931986032322,0.1390041598926182,0.9719816183246044,113.3,ST/MT Ratio (Expanding EWM),CRM,0.030303030303030304
2018-05-29,0.8620919977716636,1.1370538454290369,1.318947221837223,0.1579050614624794,0.1830929656390142,0.2546838514833873,0.2895892526978633,0.2546838514833873,0.1975280507753553,1.7353645583151232,120.99,ST/MT Ratio (Expanding EWM),CRM,0.0
2018-08-29,0.9620647081000678,1.1667230193249951,1.2127282182807604,0.1684055126298971,0.1749531357540628,0.2707787493408478,0.3159238,0.2707787493408478,0.202985689009759,1.384825271950591,138.03,ST/MT Ratio (Expanding EWM),CRM,0.021276595744680854
2018-11-27,1.3204022267669984,0.9433492634913968,0.7144408305044935,0.5430078873312358,0.4110469193522581,0.4945561713519636,0.4665392,0.4945561713519636,0.3050458306140556,1.278291944834944,130.99,ST/MT Ratio (Expanding EWM),CRM,0.02
2019-03-04,0.905098567658112,1.166152876019897,1.2884263854678804,0.2094786755226887,0.231346320902525,0.2931726289601707,0.3418841044322172,0.2931726289601707,0.2693912330404353,1.326071068645326,155.87,ST/MT Ratio (Expanding EWM),CRM,0.01818181818181818
2019-06-04,1.3605425839508123,1.230264916876402,0.904245799719033,0.3542739737008353,0.2602385381184089,0.2635070775069906,0.3241835128054814,0.2635070775069906,0.1750855972251401,1.3583454251338198,162.5,ST/MT Ratio (Expanding EWM),CRM,0.01639344262295082
2019-08-22,1.1848626314644763,1.112218479823726,0.9386898111969628,0.2927101453071866,0.2469872469395692,0.2341626260708029,0.26044,0.2341626260708029,0.2287268972421236,1.3204566185441626,156.25,ST/MT Ratio (Expanding EWM),CRM,0.021276595744680854
2019-12-03,1.2246945065665586,1.0786172055275836,0.8807234781770157,0.2462876531741219,0.2010785007857434,0.2726108283217427,0.294042729840958,0.2726108283217427,0.2101052214649767,0.9727609538884348,157.6,ST/MT Ratio (Expanding EWM),CRM,0.030769230769230767
2020-02-25,0.8733618883901398,1.1141238369940034,1.2756726069735629,0.1406475029998416,0.1609834230363205,0.2508765100602586,0.2795074999999999,0.2508765100602586,0.1816501169824866,1.7212807273048236,180.71,ST/MT Ratio (Expanding EWM),CRM,0.03571428571428571
2020-05-28,1.089644429967975,1.1080527455923943,1.0168938739263418,0.3722238741219148,0.3415217526829908,0.3840015754597671,0.425494,0.3840015754597671,0.3232393947117384,1.3350852269117284,154.46,ST/MT Ratio (Expanding EWM),CRM,0.04285714285714286
2020-08-25,1.698237429391547,1.195979471569113,0.7042475044244046,1.3078939625003747,0.7699072303996394,0.3124405634736735,0.3736725,0.3124405634736735,0.285418502874979,1.2903649785699542,190.96,ST/MT Ratio (Expanding EWM),CRM,0.014925373134328358
2020-12-01,1.155152339036143,1.0218765510424803,0.88462492479142,0.525484134502334,0.4548280822618229,0.494537327655385,0.50535609874625,0.494537327655385,0.4373362997427995,1.3322158784128093,232.45,ST/MT Ratio (Expanding EWM),CRM,0.02666666666666667
2021-02-25,1.223028427237355,1.184164748486291,0.9682234052082898,0.3546529900584496,0.289879474730654,0.3556988168567123,0.421206,0.3556988168567123,0.2708813496795261,1.037956937094762,226.26,ST/MT Ratio (Expanding EWM),CRM,0.02666666666666667
2021-05-27,1.3084989341211342,1.2161908249036986,0.9294549603286952,0.3425607377789901,0.2617377435295673,0.2367971325739971,0.2879905,0.2367971325739971,0.199635757085927,1.0788208312624623,234.21,ST/MT Ratio (Expanding EWM),CRM,0.02247191011235955
2021-08-25,1.1316917524509045,1.273701481716253,1.1254844607268704,0.2429474202360852,0.2146678352013264,0.2383001467431886,0.3035232499999999,0.2383001467431886,0.1992991754227113,1.1534208491307385,247.6,ST/MT Ratio (Expanding EWM),CRM,0.021978021978021976
2021-11-30,1.6195793627282784,1.2464158597702828,0.769592332709538,0.6058009859385092,0.3739900998566003,0.2380865554858108,0.296754858755592,0.2380865554858108,0.2017254813861067,1.1073029164089634,302.76,ST/MT Ratio (Expanding EWM),CRM,0.021739130434782608
2022-03-01,1.0278235249810534,1.0915418818625,1.061993479748988,0.3361821034821698,0.3270190012377827,0.3607202704331175,0.393741282814515,0.3607202704331175,0.3070450560646863,1.4190962183751905,232.63,ST/MT Ratio (Expanding EWM),CRM,0.08
2022-05-31,1.5037715840235026,1.0222881142240772,0.6798160871538983,0.6434896207479818,0.4280975821724165,0.5029533365471105,0.5141632179614533,0.5029533365471105,0.308982461712071,1.3404587145957618,177.57,ST/MT Ratio (Expanding EWM),CRM,0.010638297872340427
2022-08-24,0.9699646421968952,1.1232478617419968,1.1580296980701554,0.3137056384538503,0.3233858373375762,0.4036782667868103,0.45343075,0.4036782667868103,0.3709709378403554,1.314873706815516,177.29,ST/MT Ratio (Expanding EWM),CRM,0.0196078431372549
2022-11-30,1.373852394014559,1.079123233912575,0.7854724704152891,0.5483017197588397,0.3991821679781124,0.4225919758510856,0.4560288196059282,0.4225919758510856,0.236236764842582,1.1788959826850465,162.59,ST/MT Ratio (Expanding EWM),CRM,0.02459016393442623
2023-03-01,1.4376463535653266,1.1030591003247718,0.7672673447049152,0.5947620877814006,0.4136792058491343,0.3788084362272941,0.4178480928603128,0.3788084362272941,0.3385642956168458,1.1542945957119457,164.75,ST/MT Ratio (Expanding EWM),CRM,0.014598540145985401
2023-05-31,1.4112017612048504,1.3151714506086574,0.9319513954445432,0.3832921574407066,0.2715722539250202,0.2584661633133482,0.3399273189380703,0.2584661633133482,0.2378010253449042,1.1331979133291237,197.79,ST/MT Ratio (Expanding EWM),CRM,0.012422360248447204
2023-08-30,1.0355292847247264,1.3129833864304514,1.2679345778033504,0.2248213260210884,0.2171076466281226,0.2604652149710311,0.3419864999999999,0.2604652149710311,0.2428707884088221,1.1099936922803215,225.01,ST/MT Ratio (Expanding EWM),CRM,0.005263157894736843
2015-01-15,0.6930847795176193,1.2258148009386614,1.768636157025144,0.1160369445511211,0.1674217545528541,0.2331115154713067,0.2857515459339695,0.2331115154713067,0.2047822293715576,1.3938840475631482,35.56,ST/MT Ratio (Expanding EWM),INTC,
2015-04-14,1.0540123328122313,1.082500637156015,1.027028435490668,0.2921938644492363,0.2770640096039303,0.247508506194047,0.2679281156565894,0.247508506194047,0.2534982777618411,1.3732734434482112,30.83,ST/MT Ratio (Expanding EWM),INTC,0.04166666666666667
2015-07-15,0.8924490756326676,1.115990289633224,1.2504806381720832,0.1541268851448634,0.1726953234564235,0.2210873474679151,0.2467313329349598,0.2210873474679151,0.185136914288348,1.3345084031650436,31.39,ST/MT Ratio (Expanding EWM),INTC,0.038461538461538464
2015-10-13,1.189476382639427,1.1138924886603945,0.9364561624911684,0.2115540170358888,0.1777697810890429,0.2822124529594291,0.3143543315579329,0.2822124529594291,0.1716724920370391,1.4554163643692062,29.39,ST/MT Ratio (Expanding EWM),INTC,0.03389830508474576
2016-01-14,1.597915527547398,1.1970909740812092,0.74915785812445,0.3924573341301419,0.2454904842455152,0.219792,0.2631110193752571,0.219792,0.1514184677415226,1.734292858969623,35.18,ST/MT Ratio (Expanding EWM),INTC,0.015873015873015872
2016-04-19,0.8292721521841552,1.2262523709652349,1.478709212332169,0.1166936882811164,0.1407156206853931,0.1971568053399133,0.241764,0.1971568053399133,0.1778082609584771,1.4360988607129732,32.34,ST/MT Ratio (Expanding EWM),INTC,0.061224489795918366
2016-07-20,1.4764635126060996,1.1815118521256578,0.8002309857560761,0.2243347693324993,0.1518833957875132,0.1900573401747965,0.224555,0.1900573401747965,0.1177181555822528,2.410044914460662,32.17,ST/MT Ratio (Expanding EWM),INTC,0.056603773584905655
2016-10-18,1.560149816287563,1.1966309643968625,0.7669974715917297,0.340585035280566,0.2181897708056867,0.205092887700511,0.2454204999999999,0.205092887700511,0.1485544506889373,1.155921862035421,37.16,ST/MT Ratio (Expanding EWM),INTC,0.030303030303030304
2017-01-26,0.9991003654076608,1.3504624451336886,1.3516784618356756,0.1331983964609002,0.1331433112036744,0.1732426307075174,0.2339576666666666,0.1732426307075174,0.1547236141139155,0.7283746522360088,37.07,ST/MT Ratio (Expanding EWM),INTC,0.02702702702702703
2017-04-27,1.4176458984170786,1.2940935775740878,0.9128468392699846,0.2087788106584241,0.1472652986619641,0.1389106139219996,0.1797633333333333,0.1389106139219996,0.1316280168919867,1.8104559532208495,35.6,ST/MT Ratio (Expanding EWM),INTC,0.030769230769230767
2017-07-27,0.9407977598846092,1.2256862517968272,1.3028158697435248,0.1183428992310195,0.1251016671093298,0.1728956598988278,0.2119158333333333,0.1728956598988278,0.1052957281223621,1.4719009507908698,33.65,ST/MT Ratio (Expanding EWM),INTC,0.0
2017-10-26,1.5694088218164426,1.2517013248675315,0.7975623097484603,0.3378299230739826,0.215272493499505,0.1574803265101556,0.1971183333333333,0.1574803265101556,0.1114444918088544,1.2153812316715544,37.47,ST/MT Ratio (Expanding EWM),INTC,0.012499999999999999
2018-01-25,1.5026397262900577,1.2622938540356343,0.840050899727092,0.5277719657411432,0.351106766380729,0.2024377082903758,0.2555358749999999,0.2024377082903758,0.221414410085157,1.0615844518141673,46.08,ST/MT Ratio (Expanding EWM),INTC,0.011627906976744186
2018-04-26,0.9323474732202832,1.13858581927726,1.221203308831459,0.2478832880409169,0.2656233163767555,0.3281430294267692,0.373619,0.3281430294267692,0.2658121424607093,1.3168499922201342,51.19,ST/MT Ratio (Expanding EWM),INTC,0.028169014084507043
2018-07-26,1.5094957686005028,1.1289385115034196,0.7478911401984857,0.4254210615763193,0.2817403710688714,0.269978388454575,0.3047889999999999,0.269978388454575,0.2175336458602902,1.4174067028100068,49.67,ST/MT Ratio (Expanding EWM),INTC,0.03529411764705882
2018-10-25,1.279252713117509,1.2413765499656486,0.9703919618356271,0.3514654425409445,0.2747758980090627,0.2355653085343782,0.2924252499999999,0.2355653085343782,0.2101037469557506,1.2767172779305616,45.91,ST/MT Ratio (Expanding EWM),INTC,0.008695652173913044
2019-01-24,1.3923548759328928,1.0617825280779456,0.7625803927081017,0.4081732911557096,0.2929841155978331,0.4042313221763454,0.4292057551886905,0.4042313221763454,0.2429988755628976,1.251442203872613,43.59,ST/MT Ratio (Expanding EWM),INTC,0.00819672131147541
2019-04-25,1.5910287149039446,1.3076688981185107,0.8219015067854755,0.5247606230226982,0.3297622635173776,0.2181299489575757,0.28524175,0.2181299489575757,0.1794763456444191,1.142317497935294,53.44,ST/MT Ratio (Expanding EWM),INTC,0.011494252873563218
2019-07-25,0.9805558929380568,1.1438658283450256,1.1665483187476855,0.2213884200224359,0.2257571780844657,0.2727568586006329,0.31199725,0.2727568586006329,0.2451634325327763,1.2738941555129537,46.85,ST/MT Ratio (Expanding EWM),INTC,0.02247191011235955
2019-10-24,1.599150452836721,1.2051888234785093,0.7536431743121067,0.4157501252574163,0.2598882508382358,0.2614465831922964,0.3150925,0.2614465831922964,0.169142022747748,1.308569596808662,49.82,ST/MT Ratio (Expanding EWM),INTC,0.008064516129032258
2020-01-23,1.62085433630606,1.409844095562268,0.8698154201662033,0.5113659583283695,0.3154691280743674,0.1741584766520416,0.2455363,0.1741584766520416,0.16530209480708,1.240430800676074,59.41,ST/MT Ratio (Expanding EWM),INTC,0.008
2020-04-23,0.8514831440636158,0.8176168048232704,0.9602266474956606,0.4053540362373924,0.4758231798709893,0.7136899236386538,0.5835248749999999,0.7136899236386538,0.5818538575657395,1.2525675884259644,52.4,ST/MT Ratio (Expanding EWM),INTC,0.046511627906976744
2020-07-23,1.6779765314937614,1.1709243810887893,0.6978192835905839,0.8179057086058195,0.4872257361568639,0.3215848999999999,0.3765516000000001,0.3215848999999999,0.2408742065712583,1.2578021347737434,59.92,ST/MT Ratio (Expanding EWM),INTC,0.027272727272727268
2020-10-22,1.5336107028407149,1.3719069772907757,0.8945601219068082,0.5984005107942317,0.3900084403445101,0.2827967795354171,0.387970875,0.2827967795354171,0.2925057819532593,1.2045190246029729,49.95,ST/MT Ratio (Expanding EWM),INTC,0.00909090909090909
2021-01-21,1.4777665603290584,1.317212340343179,0.8913534625183775,0.7101496766713337,0.4803985317405413,0.2951741249999999,0.388807,0.2951741249999999,0.3122694708935049,1.092144462924716,46.17,ST/MT Ratio (Expanding EWM),INTC,0.027272727272727268
2021-04-22,1.078902776626614,1.070236761931199,0.9919677519762152,0.3544074220074156,0.3283161612948526,0.3638465,0.3894019,0.3638465,0.3318385756819313,1.202655932691045,63.48,ST/MT Ratio (Expanding EWM),INTC,0.018018018018018018
2021-07-22,1.5231890936240544,1.435750479098012,0.9425950363667562,0.3697343123058249,0.24274727390598,0.2242297702050934,0.321938,0.2242297702050934,0.169358610163348,1.186247378233512,55.87,ST/MT Ratio (Expanding EWM),INTC,0.018867924528301886
2021-10-21,1.6995760580652124,1.3084852122274884,0.769889176785098,0.6159046599022274,0.3622546388589137,0.2466619393050407,0.3227535,0.2466619393050407,0.1618271077728828,1.1311997659985755,52.87,ST/MT Ratio (Expanding EWM),INTC,0.018018018018018018
2022-01-26,1.3796911931631286,1.4027329924159766,1.0167006931457043,0.4144665780451137,0.3004494256268422,0.2529882749736899,0.354875,0.2529882749736899,0.2270878057471563,1.1512747986771854,51.94,ST/MT Ratio (Expanding EWM),INTC,0.011111111111111112
2022-04-28,1.0235566804076237,1.3442771391613242,1.3133392267304398,0.2663691356674014,0.2601324275783256,0.2625580244712047,0.35295075,0.2625580244712047,0.2914654379645407,1.2605992399406305,52.25,ST/MT Ratio (Expanding EWM),INTC,0.024999999999999998
2022-07-28,1.6021697099176364,1.1914228348200169,0.7436308572337602,0.5610352472310174,0.3501437845735181,0.3283624323509795,0.3912185,0.3283624323509795,0.1716030297075639,1.2145123558435993,37.78,ST/MT Ratio (Expanding EWM),INTC,0.056338028169014086
2022-10-27,1.5082398120303588,1.0867194105074156,0.7205216317983929,0.5018001740379278,0.3325786440515001,0.4502993093419681,0.489349,0.4502993093419681,0.2308601758085157,1.2995646421102052,26.89,ST/MT Ratio (Expanding EWM),INTC,0.028571428571428574
2023-01-26,1.3722569715146231,1.1437883288287432,0.8335088489776745,0.3943275425130965,0.2872200321223415,0.3594179007063053,0.4110980000000001,0.3594179007063053,0.2248102120258853,1.192368405162871,25.94,ST/MT Ratio (Expanding EWM),INTC,0.09999999999999999
2023-04-27,0.9350661997829844,1.1588752859862936,1.2393510601230715,0.29016249548747,0.3102679395465835,0.3803722499999999,0.440804,0.3803722499999999,0.343803074090257,1.1427938287890191,29.29,ST/MT Ratio (Expanding EWM),INTC,0.13333333333333333
2023-07-27,1.0478447201348595,1.2195723894038888,1.163886562549962,0.4034145645359714,0.3849143015345202,0.3394099469588075,0.413935,0.3394099469588075,0.4319372716799953,1.0713330813020157,34.1,ST/MT Ratio (Expanding EWM),INTC,0.25
2016-01-19,1.3911170065520346,1.1161708438225868,0.802355832446533,1.0211163389229196,0.7248001481484548,0.6875555872537928,0.7674295000000001,0.6875555872537928,0.4124441637154638,0.7313074600536011,2.53,ST/MT Ratio (Expanding EWM),AMD,0.09999999999999999
2016-07-21,1.0506161366020967,1.125086904286127,1.070882946767678,0.9372103303082384,0.8891927983437738,0.6254067995275985,0.703637,0.6254067995275985,1.019926689936688,0.9284880999974076,5.45,ST/MT Ratio (Expanding EWM),AMD,0.25
2017-01-31,1.3817248742700237,1.0555384829790264,0.7639281181332687,0.9174180996935574,0.6636606688271316,0.7330305928934799,0.773742,0.7330305928934799,0.5654999647618898,0.9986188630095676,11.34,ST/MT Ratio (Expanding EWM),AMD,0.5
2017-05-01,1.5618426870413726,1.3506248437233648,0.8647636890254794,1.311437310181664,0.8392640485051225,0.5051987627585471,0.682334,0.5051987627585471,0.5560615344301206,0.9826654108422064,14.55,ST/MT Ratio (Expanding EWM),AMD,0.25
2017-07-25,0.7851948319566951,1.1420646479719323,1.454498427003044,0.4805658915984438,0.6119614122631961,0.593071505367747,0.6773260000000001,0.593071505367747,0.7448400475719527,0.9884370028866996,14.08,ST/MT Ratio (Expanding EWM),AMD,nan
2017-10-24,1.4492360485758045,1.2297346514282392,0.8485399273891413,0.7294911889337206,0.5031836546219496,0.4837852615676389,0.5949275,0.4837852615676389,0.3802622057103297,1.0230288523939317,12.61,ST/MT Ratio (Expanding EWM),AMD,0.14285714285714285
2018-04-25,1.4890267964132322,1.2628753554687848,0.8481213088379598,0.7434020489581071,0.4990259868565452,0.4997967513315697,0.631181,0.4997967513315697,0.3716761523808186,1.0385008349966922,10.44,ST/MT Ratio (Expanding EWM),AMD,0.125
2018-07-25,1.5074766680852278,1.278554903624875,0.8481424161933294,0.8304139090481474,0.5507241341368175,0.4905870668687619,0.6272424999999999,0.4905870668687619,0.4235230003702633,1.066197998032749,15.11,ST/MT Ratio (Expanding EWM),AMD,0.08333333333333334
2018-10-24,1.3007943466408054,1.3014947126307443,1.000538414078865,1.1075431930903925,0.8513286995782826,0.6684828028034981,0.8700268333333334,0.6684828028034981,0.6363301175218076,0.9275818648738046,32.61,ST/MT Ratio (Expanding EWM),AMD,0.08333333333333334
2019-01-29,1.355988904569052,1.137160416370706,0.8386207383696168,1.159186948276964,0.8545277858458841,0.7570717267381113,0.8609120000000001,0.7570717267381113,0.6986526067787797,1.0511299676264858,18.46,ST/MT Ratio (Expanding EWM),AMD,0.25
2019-04-30,0.7989417828277405,1.2132333135500128,1.5185503369919475,0.3957639722386585,0.4943154942712298,0.4956002406416394,0.6012787221498399,0.4956002406416394,0.6001496121371755,1.122614233026694,26.36,ST/MT Ratio (Expanding EWM),AMD,0.39999999999999997
2019-07-30,1.174526199671451,1.2582507847221371,1.071283710039083,0.5232313239161815,0.4452298383453905,0.4860921168656429,0.6116257874934401,0.4860921168656429,0.4667923734267591,1.121199035836275,31.2,ST/MT Ratio (Expanding EWM),AMD,0.125
2019-10-29,0.8355769326797039,1.2200793112984505,1.460163946108042,0.2696056174784456,0.3226383881521346,0.4800263127718424,0.585670173091804,0.4800263127718424,0.3956761586479437,1.1611617661227458,28.99,ST/MT Ratio (Expanding EWM),AMD,0.05555555555555556
2020-01-28,1.1896908789668537,1.2916100184540271,1.0856685894538267,0.4036923587492669,0.3393281438947964,0.4103800624235141,0.530051,0.4103800624235141,0.3167956431119429,1.104599662505495,45.52,ST/MT Ratio (Expanding EWM),AMD,0.06451612903225806
2020-04-28,1.0152165762618972,0.9978650118592576,0.982908509564994,0.4948287308093418,0.4872330935512654,0.7297715279157428,0.7282134743581913,0.7297715279157428,0.4777749190282792,1.321478930358502,47.86,ST/MT Ratio (Expanding EWM),AMD,0.05555555555555556
2020-07-28,1.3902936824962344,1.1062937823573384,0.7957266844304566,0.9779000303854803,0.7031665696296816,0.5310738967980813,0.5875237500000001,0.5310738967980813,0.3876055393974296,1.0721978570014157,50.28,ST/MT Ratio (Expanding EWM),AMD,0.125
2020-10-27,0.7826264466426344,1.213967807268628,1.5511459042515008,0.3402021125496383,0.4346388486699591,0.5348642658497785,0.6493080000000001,0.5348642658497785,0.5409295240180884,1.1812422056753624,79.48,ST/MT Ratio (Expanding EWM),AMD,0.05714285714285715
2021-01-26,1.021672969311916,1.176046728680193,1.1510989954762587,0.3648780382954221,0.357063666185933,0.4546569219357,0.5346977857142858,0.4546569219357,0.3507086452129435,1.0067499453103328,91.6,ST/MT Ratio (Expanding EWM),AMD,0.021276595744680854
2021-04-27,1.0074755434822509,1.1855915714841692,1.176794393823473,0.3542904380120134,0.3516003358102715,0.3701300632426037,0.4388230833333335,0.3701300632426037,0.3428573598837604,1.0611422239825925,77.14,ST/MT Ratio (Expanding EWM),AMD,0.045454545454545456
2021-07-27,1.2747086579045404,1.2490742263754813,0.9798899682918928,0.4752691619478519,0.3730416941757502,0.3181528878876868,0.3973965723074377,0.3181528878876868,0.3025530580805078,0.9330793461713232,87.08,ST/MT Ratio (Expanding EWM),AMD,0.037037037037037035
2021-10-26,0.816622340534435,1.1609715541575378,1.4216749855235955,0.2407606451311489,0.294787808162591,0.3624347198630009,0.4207764,0.3624347198630009,0.3136544050656111,1.001900398494413,108.16,ST/MT Ratio (Expanding EWM),AMD,0.029850746268656716
2022-02-01,1.132797116609032,1.0584170501982957,0.9343394635101216,0.5622733435158244,0.4961771694907341,0.5073942745539085,0.537034751360852,0.5073942745539085,0.4714534639149679,0.913173961774422,150.24,ST/MT Ratio (Expanding EWM),AMD,0.02631578947368421
2022-05-03,1.04103074971781,1.0648346703905225,1.0228657229185256,0.4894724276127388,0.4701247655872174,0.5051477663556789,0.537898855285858,0.5051477663556789,0.5137302010241094,1.03495882036623,110.53,ST/MT Ratio (Expanding EWM),AMD,0.04395604395604395
2022-08-02,1.0199643598756547,1.066742590133559,1.0458626125559989,0.4214685354534582,0.4124460107574435,0.5811990295229684,0.6199897581364422,0.5811990295229684,0.4446648292779218,1.1961580391714597,73.67,ST/MT Ratio (Expanding EWM),AMD,0.029126213592233007
2022-11-01,0.9412430402548716,1.0480215654886753,1.113444159124821,0.3714635327875211,0.3945146781241891,0.5832347496596807,0.6112425953857342,0.5832347496596807,0.3542157964445471,1.2349634667660063,66.11,ST/MT Ratio (Expanding EWM),AMD,0.009523809523809523
2023-01-31,1.3764951279590427,1.0323011978643284,0.7499490386100693,0.7006029828336788,0.5088559817798427,0.5560867762347231,0.5740490452236174,0.5560867762347231,0.3706619564599275,1.095426625694379,64.77,ST/MT Ratio (Expanding EWM),AMD,0.04477611940298507
2023-05-02,1.342595802305576,1.1568834542817084,0.8616766507798158,0.6105149592732023,0.4538951559466755,0.4322055562711329,0.5000114568986955,0.4322055562711329,0.4191785261726692,1.1556961875303684,96.56,ST/MT Ratio (Expanding EWM),AMD,0.017857142857142856
2023-08-01,1.0777692537368817,1.1805099740029938,1.0953271954176518,0.4657908954461787,0.4321254183525229,0.4047993189878753,0.4778696335348064,0.4047993189878753,0.4921476922276133,0.9542724907319992,115.82,ST/MT Ratio (Expanding EWM),AMD,0.03508771929824562
2015-01-28,1.665234185815634,1.4026812001070876,0.8423326953380149,0.6136504025607624,0.3684930789850622,0.173212844074228,0.2429624,0.173212844074228,0.2014014832229947,1.5253805091513677,74.985,ST/MT Ratio (Expanding EWM),QCOM,
2015-04-22,0.7225029787889053,1.5600239812487104,2.159193840091426,0.1526269480387192,0.2111182558423407,0.1487441877747684,0.2320445,0.1487441877747684,0.2635689917920254,1.5214819235450976,70.065,ST/MT Ratio (Expanding EWM),QCOM,0.03007518796992481
2015-07-22,1.4928957765494102,1.5282985579610415,1.0237141681072066,0.2355414983270204,0.1577941126542424,0.1462661852525927,0.2235384,0.1462661852525927,0.1120629770531831,1.1777670515724203,67.365,ST/MT Ratio (Expanding EWM),QCOM,0.031578947368421054
2015-11-04,1.7803026811579603,1.259023422446303,0.7071962738534988,0.840814039288205,0.4723009355320804,0.2329029347446522,0.29323025,0.2329029347446522,0.1426892337808285,1.245054121646388,56.23,ST/MT Ratio (Expanding EWM),QCOM,0.058139534883720936
2016-01-27,1.239706209699479,1.415320391868178,1.1416579031343803,0.516401929699204,0.4164893678717246,0.2380453054557413,0.336910375,0.2380453054557413,0.4339262144466048,1.1249317414455688,49.58,ST/MT Ratio (Expanding EWM),QCOM,0.033707865168539325
2016-04-20,0.6994221236861368,1.4711543293302505,2.1033854656711224,0.1400241008427882,0.2000654677268339,0.2054154815542547,0.302197875,0.2054154815542547,0.2645966948446602,1.2991691439896331,52.21,ST/MT Ratio (Expanding EWM),QCOM,0.04166666666666667
2016-07-20,1.5604414144264498,1.2760751574505125,0.8177655025386147,0.4097489711899376,0.2625033709305731,0.2027945795269788,0.258781125,0.2027945795269788,0.1384033775351407,2.0297751456497664,53.89,ST/MT Ratio (Expanding EWM),QCOM,0.020618556701030927
2016-11-02,0.9172248027313122,1.372515690484836,1.4963787355049258,0.2023700526550054,0.2205118389514831,0.2110617532681879,0.289685568021827,0.2110617532681879,0.2603156023638052,1.2060866487274444,67.11,ST/MT Ratio (Expanding EWM),QCOM,0.03571428571428571
2017-01-25,1.448423317937192,1.437632797333017,0.9925501609435958,0.6159602877508646,0.4250740840812764,0.1939200565335702,0.2787858333333333,0.1939200565335702,0.2347190130915619,1.5592375234970606,67.25,ST/MT Ratio (Expanding EWM),QCOM,0.01694915254237288
2017-04-19,0.6923885126349644,1.3676083841236126,1.97520374640391,0.1396283583765235,0.2015674960981051,0.1643638468508267,0.224785375,0.1643638468508267,0.2635825611069948,1.1697929549722872,57.81,ST/MT Ratio (Expanding EWM),QCOM,0.016666666666666666
2017-07-19,1.416929320388314,1.392108844744498,0.9824829119655638,0.2680491562897292,0.1890902629779446,0.1688612956522224,0.2350733032124745,0.1688612956522224,0.1603643712659866,1.1720492744885571,57.61,ST/MT Ratio (Expanding EWM),QCOM,0.08536585365853659
2017-11-01,1.67888552879438,1.3723793568624918,0.8174347406806273,0.674272455458962,0.4003913688223779,0.1806829462612884,0.2479655455860871,0.1806829462612884,0.1336984223750274,1.0863299303658362,51.88,ST/MT Ratio (Expanding EWM),QCOM,0.037037037037037035
2018-01-31,0.8927616465067584,1.3127236530436042,1.4704077602124752,0.2291589201216113,0.2565873399554595,0.1986354294819732,0.2607534266134611,0.1986354294819732,0.2960165254849718,1.058916929699398,65.2,ST/MT Ratio (Expanding EWM),QCOM,0.03296703296703297
2018-04-25,0.956634672964342,1.0561261251855942,1.1040015117923296,0.2238316616418364,0.2339703934077709,0.370393971582946,0.3911827499999999,0.370393971582946,0.2680574901977987,1.2136807803493224,56.13,ST/MT Ratio (Expanding EWM),QCOM,0.028571428571428574
2018-07-25,1.539173850794132,1.119007343953636,0.7270181619680502,0.4055041473751098,0.2633735854489925,0.3118323910682822,0.34894273568803,0.3118323910682822,0.1731264865749728,1.3104549661542928,57.05,ST/MT Ratio (Expanding EWM),QCOM,0.056338028169014086
2018-11-07,1.4040642368452187,1.1949150797040409,0.8510401791793275,0.4149171351638041,0.2953999453008264,0.2537419607644068,0.3032000952710607,0.2537419607644068,0.20700713238892,1.2170858080734035,70.93,ST/MT Ratio (Expanding EWM),QCOM,0.036585365853658534
2019-01-30,0.949877695159204,1.0957330242398031,1.1535516938906047,0.2298764848414039,0.241940086477445,0.3470454566570681,0.3802691677715327,0.3470454566570681,0.2182327145509982,1.2437706705597158,56.91,ST/MT Ratio (Expanding EWM),QCOM,0.027522935779816512
2019-05-01,1.05449653955172,1.2649622663902418,1.1995888264630945,0.695111239502701,0.6588783640364664,0.2498857377090497,0.316096029111037,0.2498857377090497,0.1638021271639022,1.139961790324405,57.81,ST/MT Ratio (Expanding EWM),QCOM,0.014285714285714287
2019-07-31,0.58017354714793,1.194765635033286,2.059324560567478,0.2093645357479686,0.3607398472852069,0.2816350684021773,0.3364879013471703,0.2816350684021773,0.4846467224488152,1.1071983754859829,77.52,ST/MT Ratio (Expanding EWM),QCOM,0.039473684210526314
2019-11-06,1.3877181057656764,1.1597877130190644,0.8357516618111349,0.4054242763145887,0.2921436747985262,0.3188918449213519,0.3698468435217649,0.3188918449213519,0.2017571816902506,1.6039456890895063,76.34,ST/MT Ratio (Expanding EWM),QCOM,0.028169014084507043
2020-02-05,0.998574498786397,1.2300445064166114,1.231800439437947,0.2329162848023676,0.2329045169481879,0.2623318482082804,0.3226798487467117,0.2623318482082804,0.2155600456143676,1.0914838315364723,86.51,ST/MT Ratio (Expanding EWM),QCOM,0.023529411764705882
2020-04-29,0.7834326280602877,0.9021591675989644,1.1515465852279263,0.2850052749422281,0.3636532100882958,0.7229608072422151,0.6522257200683121,0.7229608072422151,0.4283544924665609,1.2026212778447272,69.03,ST/MT Ratio (Expanding EWM),QCOM,0.07142857142857142
2020-07-29,1.6552139175733005,1.1195017566460148,0.6763486850613907,0.851216544130018,0.514183113081458,0.385420565388566,0.4314789999999999,0.385420565388566,0.2880435101889974,1.0238567587858554,89.01,ST/MT Ratio (Expanding EWM),QCOM,0.028571428571428574
2020-11-04,1.4909575063773726,1.251936312683858,0.8396861126684475,0.5939968703199519,0.3983727073421602,0.3745285646923461,0.4688859102757136,0.3745285646923461,0.3384864543156168,1.149466100405614,120.52,ST/MT Ratio (Expanding EWM),QCOM,0.04310344827586207
2021-02-03,1.3999515949130192,1.1291507349955792,0.8065641262873341,0.5722741001703042,0.4086043889698221,0.3746176833814859,0.4229998325325459,0.3746176833814859,0.3273158924198544,1.1872947071719386,148.5,ST/MT Ratio (Expanding EWM),QCOM,0.02403846153846154
2021-04-28,1.0350723365018937,1.178889741555625,1.1389443036800435,0.300650249815345,0.2904538405704488,0.3208867518864152,0.3782901,0.3208867518864152,0.3274809205062122,0.9040118973931554,131.27,ST/MT Ratio (Expanding EWM),QCOM,0.018072289156626505
2021-07-28,1.399520160364766,1.3279662670379295,0.9488725526410516,0.3291019034056082,0.2350597844485666,0.2260004068748642,0.3001209166666667,0.2260004068748642,0.1844088917931576,1.0968146764381854,139.72,ST/MT Ratio (Expanding EWM),QCOM,0.017964071856287425
2021-11-03,1.619967539450249,1.1864840848696274,0.7324122588729597,0.6420037460982905,0.3963707892825189,0.2805548989500143,0.3328739225363984,0.2805548989500143,0.1710862301682739,1.5796510367747991,126.68,ST/MT Ratio (Expanding EWM),QCOM,0.008849557522123895
2022-02-02,1.165373509468566,1.3413958519545008,1.1510437135010942,0.4148984903018657,0.3559562453888081,0.2955933398478099,0.3965076799372292,0.2955933398478099,0.3326675504159099,1.1921632623347629,186.21,ST/MT Ratio (Expanding EWM),QCOM,0.01
2022-04-27,1.1681633812743666,1.128244660812045,0.965827793353038,0.4603824862768337,0.3941358302375692,0.3648570334945964,0.411648,0.3648570334945964,0.3349884558093053,1.2108382635296526,158.45,ST/MT Ratio (Expanding EWM),QCOM,0.010309278350515464
2022-07-27,1.137806807334364,1.1534960420286482,1.0137890146140367,0.422867721739134,0.3716473889098377,0.4160100967109188,0.479866,0.4160100967109188,0.3048264718319746,1.2475327400053091,127.18,ST/MT Ratio (Expanding EWM),QCOM,0.010416666666666666
2022-11-02,1.3300629346059003,1.113992806030864,0.8375489437730567,0.4040492858677495,0.3037760835947249,0.4416244549688947,0.4919664658026501,0.4416244549688947,0.2289856200339577,1.352803273528486,117.22,ST/MT Ratio (Expanding EWM),QCOM,0.006349206349206349
2023-02-02,1.05643714461409,1.1027960362541227,1.0438822999327302,0.3272365900831998,0.3096823909881736,0.4233487967419728,0.4668673749999999,0.4233487967419728,0.2616129141288085,1.1820440159839236,107.2,ST/MT Ratio (Expanding EWM),QCOM,0.01694915254237288
2023-05-03,1.2439452616620883,1.213943034284803,0.975881392612728,0.3016422241518195,0.2423837666627223,0.3138405762115261,0.380984581367911,0.3138405762115261,0.2320349147911346,1.2725537023733244,124.74,ST/MT Ratio (Expanding EWM),QCOM,0.009302325581395349
2023-08-02,1.4325719420182594,1.2857743463080002,0.8975286396413394,0.5107693393505063,0.3565877038218073,0.2614704721982252,0.3361920254695172,0.2614704721982252,0.2877594314776426,1.1031085753803596,120.09,ST/MT Ratio (Expanding EWM),QCOM,0.011049723756906077
2015-01-26,0.6557100086449569,1.1902065921899996,1.8151417188973444,0.0823073844377803,0.125506484099465,0.1826348899647998,0.21737325,0.1826348899647998,0.1634841462216235,1.5621669668112608,54.745,ST/MT Ratio (Expanding EWM),TXN,
2015-04-22,1.6013435560554132,1.1437031386997352,0.7142147194928096,0.404037940405596,0.2522837870595153,0.1705259812626981,0.1950311,0.1705259812626981,0.1196060402347369,2.0456784410038353,58.66,ST/MT Ratio (Expanding EWM),TXN,0.016129032258064516
2015-07-22,1.282484685173546,1.148532756253026,0.8955528042797694,0.2498732134484619,0.1948239005458851,0.1849466624643692,0.2124173,0.1849466624643692,0.1706397931117563,0.8197981892703324,55.5,ST/MT Ratio (Expanding EWM),TXN,0.015384615384615384
2015-10-21,1.60356250850758,1.093713167796541,0.6820520946292572,0.5624484971319369,0.3505713144081375,0.2674883219970731,0.2925555,0.2674883219970731,0.1735322481098179,1.2872706648532426,47.45,ST/MT Ratio (Expanding EWM),TXN,0.014705882352941176
2016-01-27,0.8939169405592464,1.2120898280217856,1.3559311531376572,0.1778798931702097,0.1989340597346868,0.2207234099444908,0.2675366,0.2207234099444908,0.2117776492862372,1.1391572388916216,56.42,ST/MT Ratio (Expanding EWM),TXN,0.014492753623188408
2016-04-27,1.1255008517988814,1.2249935358488544,1.088398586185834,0.1529925903303885,0.1351968849685645,0.1947831502920197,0.2386081,0.1947831502920197,0.1345210512180015,1.300120305746726,56.52,ST/MT Ratio (Expanding EWM),TXN,0.016129032258064516
2016-07-25,1.6843024714394597,1.057484135221615,0.6278469296063283,0.4138273626349507,0.2456792244126381,0.2541512359839576,0.2687609,0.2541512359839576,0.1037469336092604,1.84459301011772,60.54,ST/MT Ratio (Expanding EWM),TXN,0.013698630136986302
2016-10-26,0.9874914022025428,1.3022886687866002,1.318784817652002,0.1355454982196253,0.1371868635905283,0.1790268206950085,0.2331446,0.1790268206950085,0.147791938616123,1.1055562821978728,68.42,ST/MT Ratio (Expanding EWM),TXN,0.011627906976744186
2017-01-24,0.9573043277904046,1.3022913990541396,1.3603734583129008,0.1324603825383615,0.1380760507978821,0.1762991883640029,0.2295929166666666,0.1762991883640029,0.1516329612787073,1.9362676768812248,74.38,ST/MT Ratio (Expanding EWM),TXN,0.012345679012345678
2017-04-25,1.218896451802213,1.3176035536223445,1.0809807114248196,0.1461280577815563,0.11976275047151,0.1537943296034869,0.2026399552125205,0.1537943296034869,0.1161834083394616,1.9901679272653463,80.53,ST/MT Ratio (Expanding EWM),TXN,0.024096385542168676
2017-07-25,1.0050499725106097,1.1896180408275054,1.183640687891216,0.160525824663291,0.1595738469329421,0.1843513288636031,0.2193076666666666,0.1843513288636031,0.1742494630718942,1.6934136220718805,78.31,ST/MT Ratio (Expanding EWM),TXN,0.010416666666666668
2017-10-24,0.9477419675424048,1.2503949006354136,1.3193410690441618,0.1073854999955112,0.113251183735857,0.1712182086564857,0.214090375,0.1712182086564857,0.1353446973657051,1.2261514721584343,87.5,ST/MT Ratio (Expanding EWM),TXN,0.017857142857142856
2018-01-23,1.6742773830617974,1.3022407154540754,0.7777926935097408,0.5179385066455137,0.3092809176051347,0.1499193833237853,0.1952311249999999,0.1499193833237853,0.1319973376179911,1.109916128985328,104.13,ST/MT Ratio (Expanding EWM),TXN,0.018348623853211007
2018-04-24,1.3243853854039065,1.1503314723734182,0.8685775945969035,0.3336442123112841,0.2518482381893902,0.2583949775682661,0.2972398749999999,0.2583949775682661,0.207838918497266,1.6168611738873164,106.6,ST/MT Ratio (Expanding EWM),TXN,0.01818181818181818
2018-07-24,0.9323816692357996,1.219549505067553,1.307993867004188,0.1561519035328553,0.1674136822728765,0.2406933041916494,0.2935374,0.2406933041916494,0.1683053593563332,1.114255027366837,110.19,ST/MT Ratio (Expanding EWM),TXN,0.015384615384615384
2018-10-23,1.417544593983928,1.2256414902122197,0.8646228805879216,0.3308656921694506,0.2334009669110194,0.2111958326045083,0.258850375,0.2111958326045083,0.1836064391858079,1.2468610405581877,109.8,ST/MT Ratio (Expanding EWM),TXN,0.0196078431372549
2019-01-23,1.3628844551019843,1.023825199932363,0.7512193686703621,0.4075951739828973,0.2989756770173495,0.3978860356503353,0.40736575,0.3978860356503353,0.2614594765114507,1.1661232447630832,87.8,ST/MT Ratio (Expanding EWM),TXN,0.016129032258064516
2019-04-23,0.8973885789741206,1.097131934119637,1.2225829031319515,0.1684162398138308,0.1876622798395195,0.2388618832887087,0.262063,0.2388618832887087,0.2039319403932621,1.521441206591565,107.11,ST/MT Ratio (Expanding EWM),TXN,0.01769911504424779
2019-07-23,1.4414731619049337,1.1068814192785994,0.7678820865563915,0.3769143812979368,0.2614053376662955,0.2522035062996539,0.279159375,0.2522035062996539,0.2011260179032948,1.321344063832714,112.73,ST/MT Ratio (Expanding EWM),TXN,0.02459016393442623
2019-10-22,1.5556532100207072,1.2841511626604154,0.8254739259293671,0.418201015090474,0.2687683583213571,0.2177576192982408,0.2796337,0.2177576192982408,0.1715952961649688,1.736026308348083,127.77,ST/MT Ratio (Expanding EWM),TXN,0.02112676056338028
2020-01-22,1.045932829894274,1.3891333356146662,1.3281286292113843,0.1775270076752847,0.1694107814860789,0.1642602099332445,0.2281793333333333,0.1642602099332445,0.1829050598868525,1.2428267582038564,128.55,ST/MT Ratio (Expanding EWM),TXN,0.019801980198019802
2020-04-21,0.9316454734406544,0.9656482944617316,1.0364975969834338,0.3105801185217446,0.3333374776117843,0.6640989923508606,0.6412860593173632,0.6640989923508606,0.2755551417727643,1.4179696646460442,98.44,ST/MT Ratio (Expanding EWM),TXN,0.05769230769230769
2020-07-21,1.0100063115099285,1.1227189980236054,1.1115960219547292,0.213235504292034,0.2111241507687008,0.3412987583487418,0.3831826,0.3412987583487418,0.2433531500927382,1.2474510515620956,125.23,ST/MT Ratio (Expanding EWM),TXN,0.08139534883720931
2020-10-20,1.2926274728311682,1.1017893068665576,0.8523641420473382,0.1879027253283157,0.1453577702277603,0.3277108406750316,0.3610683,0.3277108406750316,0.1332936835580939,1.4050898684069757,136.98,ST/MT Ratio (Expanding EWM),TXN,0.031746031746031744
2021-01-26,1.3141856977988002,1.188717310410404,0.9045276572416288,0.2358263883125005,0.1789545542974421,0.2591396182273547,0.30804375,0.2591396182273547,0.1547767365332579,1.2138348413270343,161.47,ST/MT Ratio (Expanding EWM),TXN,0.03007518796992481
2021-04-27,1.1370818920970505,1.063019292375487,0.9348660811184196,0.2845412653147395,0.2502409369393109,0.2879179479888722,0.3060623333333333,0.2879179479888722,0.2718579479793446,1.210590371069639,186.18,ST/MT Ratio (Expanding EWM),TXN,0.025477707006369425
2021-07-21,1.5304445870528562,1.0944737872666812,0.715134540986084,0.3491768709266208,0.2280655041287706,0.2184745486356756,0.2391146666666666,0.2184745486356756,0.1716555659220067,1.1053020628401156,186.11,ST/MT Ratio (Expanding EWM),TXN,0.021978021978021976
2021-10-26,1.3452732296001306,1.2089742172110565,0.8986830263250033,0.2593551737684749,0.1926827077203744,0.2049005648536129,0.2477195,0.2049005648536129,0.1512242728279265,0.7527514906998131,200.33,ST/MT Ratio (Expanding EWM),TXN,0.029411764705882353
2022-01-25,1.3127009038532276,1.1646604621701342,0.8872245450212277,0.2739206318340438,0.2086615675519937,0.2203936325971916,0.25668375,0.2203936325971916,0.1486714787326157,1.0468318147790767,191.84,ST/MT Ratio (Expanding EWM),TXN,0.020618556701030927
2022-04-26,0.7197882698074217,1.1085659891178972,1.540127889850848,0.1177531229233597,0.1635700170930328,0.2539411300395407,0.2815105,0.2539411300395407,0.1907723882127686,1.1408565128244808,185.68,ST/MT Ratio (Expanding EWM),TXN,0.02304147465437788
2022-07-26,1.1824436857494758,1.1620144677173267,0.9827228828921352,0.2510368110380412,0.2122197578543645,0.3040839936305822,0.35335,0.3040839936305822,0.1640975912756471,1.423427233917479,155.62,ST/MT Ratio (Expanding EWM),TXN,0.038277511961722493
2022-10-25,1.081187698512698,1.0333796753589166,0.9557819394175988,0.191665726825413,0.1772004329717866,0.379645070785565,0.3923175,0.379645070785565,0.1725199898609249,1.394678498699195,160.46,ST/MT Ratio (Expanding EWM),TXN,0.025104602510460247
2023-01-24,1.0643362468073931,1.134974031525385,1.06636792172575,0.186889291428577,0.1755811708365806,0.2734476660958376,0.310356,0.2734476660958376,0.1523674198993411,1.216026448239968,164.38,ST/MT Ratio (Expanding EWM),TXN,0.020202020202020204
2023-04-25,1.0384240982106352,1.1134802832696242,1.072278932267002,0.1796296503961628,0.1729856764641874,0.2687977546590518,0.299301,0.2687977546590518,0.1661429656744646,1.3021039866715125,177.05,ST/MT Ratio (Expanding EWM),TXN,0.016853932584269662
2023-07-25,1.396740552872723,1.2469862882141818,0.8927830481111638,0.3545182225876198,0.2537748867621082,0.2020956464251953,0.2520105,0.2020956464251953,0.1804108344627486,1.2092683692916293,168.745,ST/MT Ratio (Expanding EWM),TXN,0.011363636363636364
2015-12-02,1.258169595403559,1.1960560449042994,0.9506318140843828,0.5914359679221848,0.4698564445740014,0.4493132027030153,0.5374037721482523,0.4493132027030153,0.3860388030102693,1.2477967237709704,123.8,ST/MT Ratio (Expanding EWM),AVGO,
2016-03-03,1.1020681660691956,1.0969876792658446,0.9953900430483608,0.3893306461342131,0.3532712563172854,0.4212862171955484,0.4621457897080311,0.4212862171955484,0.3452130952456366,1.345036127358865,133.24,ST/MT Ratio (Expanding EWM),AVGO,
2016-06-02,1.2324454653284034,1.141657189337686,0.9263348533101012,0.2858550333347032,0.2318600296402798,0.3508625237378294,0.4005647226944575,0.3508625237378294,0.2200161212030582,1.314963241946401,143.2,ST/MT Ratio (Expanding EWM),AVGO,
2016-09-01,1.029552351982993,1.3110109133858523,1.2733795526383382,0.1844842386485741,0.179212756978846,0.2741807466765457,0.3594539511332332,0.2741807466765457,0.1979228869558048,1.2558271010080109,162.89,ST/MT Ratio (Expanding EWM),AVGO,
2016-12-08,1.252909255180801,1.2297296917937657,0.9814994076456954,0.3279161708209631,0.2615862562797263,0.2711648694080573,0.3334594912824671,0.2711648694080573,0.1728771206348194,1.1034691209477752,177.0,ST/MT Ratio (Expanding EWM),AVGO,
2017-03-01,0.8272058253060907,1.2856630504126758,1.554223883683293,0.1570602756046104,0.1897571729241795,0.2433485754579819,0.3128642718368882,0.2433485754579819,0.2270656223870918,1.214082722483106,203.22,ST/MT Ratio (Expanding EWM),AVGO,
2017-06-01,1.6206226726628117,1.3589342038116516,0.8385259732167112,0.4838419647534245,0.2984269821579641,0.1986193782668791,0.2699106666666667,0.1986193782668791,0.1484066604051285,1.1674322375564758,225.45,ST/MT Ratio (Expanding EWM),AVGO,
2017-08-24,1.112531639935407,1.2316881568376996,1.1071039354073655,0.2609353894425942,0.2344514402074628,0.2256176804634307,0.277890625,0.2256176804634307,0.237604001097395,1.283298252389688,254.3,ST/MT Ratio (Expanding EWM),AVGO,
2017-12-06,1.0164491792692938,1.1012359365236082,1.0834146546463503,0.2618897985131942,0.2576160771346434,0.2870988199666202,0.3161635378807637,0.2870988199666202,0.2539759884065906,1.1117344035921328,277.52,ST/MT Ratio (Expanding EWM),AVGO,
2018-03-15,1.323610161659493,1.0370938061628123,0.7835341826497788,0.3978372711146178,0.3005576888945409,0.3386829880299845,0.3512460291386109,0.3386829880299845,0.2730123540612112,1.194355035429768,245.86,ST/MT Ratio (Expanding EWM),AVGO,
2018-06-07,1.012697903241824,1.0843260627017774,1.0707300363026913,0.2228254633268573,0.2199446363915873,0.2763335380389512,0.2996356572942278,0.2763335380389512,0.2444760776161812,1.2948305217603715,238.85,ST/MT Ratio (Expanding EWM),AVGO,0.020833333333333336
2018-09-06,1.2329149649245077,1.2034563681493782,0.9761065461826612,0.483178065168091,0.391762008903983,0.2394587624455579,0.2881781725742758,0.2394587624455579,0.4071821215058569,1.1274104657392594,220.31,ST/MT Ratio (Expanding EWM),AVGO,0.020833333333333336
2018-12-06,1.129530680345457,1.1130499270296743,0.985409202598426,0.3337615552420428,0.294690141153925,0.3372657648942293,0.3753936350051293,0.3372657648942293,0.2719729351433258,1.4164711600194406,228.25,ST/MT Ratio (Expanding EWM),AVGO,0.017857142857142856
2019-03-14,1.3945996885688896,1.2060366735233308,0.8647905799842401,0.4380988430028713,0.3140179237033676,0.2553553585361946,0.3079679271753496,0.2553553585361946,0.275550207476781,1.121572103138546,279.39,ST/MT Ratio (Expanding EWM),AVGO,0.03773584905660377
2019-06-13,1.2956915485577716,1.216699924716274,0.9390351631687164,0.3761256945209623,0.2901313416238579,0.2658729975904591,0.3234876561524017,0.2658729975904591,0.1994548692979662,1.4020974111768327,302.0,ST/MT Ratio (Expanding EWM),AVGO,0.038461538461538464
2019-09-12,1.0015028063369749,1.093483870425728,1.0918430417835536,0.2463152492676777,0.245799401800538,0.3240629366854317,0.3543575942683134,0.3240629366854317,0.2685335177622757,1.4155178317775974,283.7,ST/MT Ratio (Expanding EWM),AVGO,0.0392156862745098
2019-12-12,1.2621924591949925,1.3142379616870463,1.041234204905049,0.2644499236860973,0.2094871224337082,0.225621892102723,0.2965208555890574,0.225621892102723,0.1994262887845658,1.0695081424898123,315.53,ST/MT Ratio (Expanding EWM),AVGO,0.037037037037037035
2020-03-12,1.2864399685924437,1.165031542027451,0.905624491208998,0.3471373016023847,0.2608740535789906,0.263935406206731,0.3074930732886695,0.263935406206731,0.2187844500221291,1.385543846079474,320.16,ST/MT Ratio (Expanding EWM),AVGO,0.056603773584905655
2020-06-04,0.6254842796465265,1.0787501398011443,1.7246638723050998,0.2058350885980377,0.3290504249889861,0.437839191684729,0.4723190892403214,0.437839191684729,0.4481682802676544,1.1828446151038736,264.87,ST/MT Ratio (Expanding EWM),AVGO,0.0196078431372549
2020-09-03,1.3478067943135763,1.1976385494533466,0.8885832557798399,0.3038059087161752,0.2253322431984414,0.3164114593386175,0.3789465611927183,0.3164114593386175,0.1978393191118336,1.30800312566598,328.39,ST/MT Ratio (Expanding EWM),AVGO,0.038461538461538464
2020-12-10,1.0746550390335192,1.1393926918529955,1.060240403169465,0.2118308270254831,0.1970803893202091,0.3145958405447996,0.3584482016040949,0.3145958405447996,0.2015617820606833,1.4542977580777317,363.13,ST/MT Ratio (Expanding EWM),AVGO,0.016129032258064516
2021-03-04,1.3638091977280329,1.1259235324669774,0.8255726199402756,0.3904489506273492,0.2837470658947087,0.3012250609682725,0.3391563847129781,0.3012250609682725,0.1914781094043241,1.7676911766689598,476.88,ST/MT Ratio (Expanding EWM),AVGO,0.015151515151515152
2021-06-03,0.9123489350377312,1.1333378108400805,1.2422196895458757,0.2092550435719842,0.2292102796014749,0.2764536905774354,0.3133154204776916,0.2764536905774354,0.2549880236435152,1.2420084509407034,444.54,ST/MT Ratio (Expanding EWM),AVGO,0.015625
2021-09-02,0.8909700030018848,1.1545966815424111,1.2958872662966283,0.1188291489919262,0.1333105477253355,0.2313078200615509,0.2670672414578758,0.2313078200615509,0.1597283602410793,1.4067736711495669,486.79,ST/MT Ratio (Expanding EWM),AVGO,0.029411764705882353
2021-12-09,1.591269658360157,1.1933649887587088,0.7499451664204425,0.4121180279527484,0.2589233949247522,0.2413619358956866,0.2880328839169362,0.2413619358956866,0.125566486322813,1.1678090457814367,557.8,ST/MT Ratio (Expanding EWM),AVGO,0.012987012987012986
2022-03-03,1.0508299056132,1.1199001319316009,1.0657292164502072,0.2662345924453139,0.2533526568347192,0.319744579162571,0.3580819963885774,0.319744579162571,0.2877978000352025,1.5959175694267704,592.72,ST/MT Ratio (Expanding EWM),AVGO,0.024691358024691357
2022-05-26,1.261143694139215,0.9491943766115278,0.7526456985216059,0.3564742939897303,0.2824997723898807,0.4301442465952356,0.4082905,0.4301442465952356,0.2157828226640585,1.4318440023435313,560.07,ST/MT Ratio (Expanding EWM),AVGO,0.011494252873563218
2022-09-01,1.1553525625821437,1.1255362990492253,0.9741929308000316,0.2476610000627613,0.2142392508746599,0.2982198464936273,0.3356572623254653,0.2982198464936273,0.1807743719330494,1.1734679466860825,531.21,ST/MT Ratio (Expanding EWM),AVGO,0.020833333333333336
2022-12-08,1.1134450080301963,1.084348376322173,0.9738679220813083,0.2358556202810448,0.2117906838326386,0.3638169956346759,0.394504368494872,0.3638169956346759,0.2114672630411095,1.2409077100166392,482.11,ST/MT Ratio (Expanding EWM),AVGO,0.009708737864077669
2023-03-02,1.1940076498524703,1.018835747105988,0.8532908036492678,0.2281465967574417,0.1909919429843455,0.2988613486623577,0.3044906254455164,0.2988613486623577,0.1860494609857923,1.246798614579991,585.01,ST/MT Ratio (Expanding EWM),AVGO,0.00980392156862745
2023-06-01,1.4248431367647274,1.0941687266429263,0.7679222353748808,0.5299316143775198,0.3718902004183922,0.2714214991362457,0.2969809160934201,0.2714214991362457,0.1739055842195892,1.3803932238340038,612.34,ST/MT Ratio (Expanding EWM),AVGO,0.0297029702970297
2023-08-31,,1.1843598638585655,,,,0.2866278267153768,0.3394704938267002,0.2866278267153768,0.3008482360236759,1.022780159584383,920.0,ST/MT Ratio (Expanding EWM),AVGO,0.019230769230769232
2015-01-14,1.2574094170054189,1.0544929538701484,0.8386233947424016,0.1895057552215707,0.1506736965968806,0.2140492914584283,0.2257134696238104,0.2140492914584283,0.1245936509754196,1.8400415122869795,59.16,ST/MT Ratio (Expanding EWM),JPM,
2015-04-14,0.9934952720634244,1.1065061509830656,1.1137507969060838,0.1228077617423098,0.1236213077459962,0.1818789549263132,0.2012501823603373,0.1818789549263132,0.1368692993099575,1.2112263218877497,61.85,ST/MT Ratio (Expanding EWM),JPM,0.051094890510948905
2015-07-14,1.0261499055193484,1.1271483375696472,1.098424637089629,0.0991702405041284,0.0966384649829022,0.160505032539085,0.1809129805979918,0.160505032539085,0.0951971577069595,1.3005490110529376,67.99,ST/MT Ratio (Expanding EWM),JPM,0.034482758620689655
2015-10-13,1.2475010308416423,0.9995107778364246,0.8012103822969124,0.1760472732561934,0.1409486990310847,0.2785393041439721,0.278403036542958,0.2785393041439721,0.0975091526294965,1.3552609294463136,62.38,ST/MT Ratio (Expanding EWM),JPM,0.03546099290780142
2016-01-14,0.8496636164347224,0.9700382481661004,1.1416732803465006,0.1064437620020292,0.1252188004784418,0.2480193,0.2405882072833825,0.2480193,0.132057452925821,1.50208743742206,66.1,ST/MT Ratio (Expanding EWM),JPM,0.03787878787878788
2016-04-13,1.0305945226342934,1.018774469512944,0.9885308403433618,0.2114582678771257,0.2051541143725576,0.2326363548940334,0.2370039790465938,0.2326363548940334,0.2225421857769466,1.6838821810202111,59.12,ST/MT Ratio (Expanding EWM),JPM,0.052980132450331126
2016-07-14,0.9108127557671256,0.9667016658411124,1.0613615803249423,0.1508057033885861,0.1655129785611117,0.2701274734187867,0.2611326785433919,0.2701274734187867,0.1527103315056777,1.7903468245012668,62.08,ST/MT Ratio (Expanding EWM),JPM,0.04929577464788733
2016-10-14,0.8362483622306295,0.9748965234321232,1.1657978268939864,0.0837126008863495,0.1000920421725503,0.2196176,0.2141044347245066,0.2196176,0.1115685577806631,1.5015665002489655,66.4,ST/MT Ratio (Expanding EWM),JPM,0.0437956204379562
2017-01-13,1.112622763764672,1.0931632149679351,0.9825102007342604,0.1965841708977898,0.176606009416793,0.2165220833333333,0.2366939767282219,0.2165220833333333,0.1860138665218648,1.2756729426081292,84.73,ST/MT Ratio (Expanding EWM),JPM,0.04225352112676056
2017-04-13,0.8146488850867976,1.0796616847450895,1.325309227704959,0.0896940678714334,0.1100901868468572,0.1757754013292115,0.1897779659358407,0.1757754013292115,0.1281567837253038,0.8164653710285523,91.51,ST/MT Ratio (Expanding EWM),JPM,0.045454545454545456
2017-07-14,0.9912010434033296,1.0234567419445892,1.0325420344903071,0.1471552270815471,0.1483922046038802,0.1730202142857143,0.1770787048034118,0.1730202142857143,0.1465431675488791,1.613120177009568,87.09,ST/MT Ratio (Expanding EWM),JPM,0.037037037037037035
2017-10-12,1.0506319031144622,1.1344017310357717,1.079732804298998,0.1232603188494033,0.1166981594911175,0.1538849159987012,0.1745673150892209,0.1538849159987012,0.1207622244938412,1.0384754755556571,90.89,ST/MT Ratio (Expanding EWM),JPM,0.03592814371257485
2018-01-12,0.8284708944267982,1.1454041157573582,1.3825520286380604,0.1061526335636074,0.1280903548133531,0.154825,0.1773371922221329,0.154825,0.1581529799381719,1.272669342364241,105.51,ST/MT Ratio (Expanding EWM),JPM,0.01764705882352941
2018-04-13,1.3540278506077963,1.057307645856476,0.7808610771055201,0.1751631250674512,0.1293858359988747,0.2079994,0.2199193559535595,0.2079994,0.0993875244855228,1.575427257824424,114.95,ST/MT Ratio (Expanding EWM),JPM,0.044247787610619475
2018-07-13,1.3646427975418876,1.0986401873949263,0.8050752837107937,0.2570647184808443,0.1883027000325964,0.1678608,0.1844186207682622,0.1678608,0.147676383009064,1.4480819633071242,109.97,ST/MT Ratio (Expanding EWM),JPM,0.02252252252252252
2018-10-12,1.1293222411236032,1.0893941970383458,0.9646442418015856,0.1679055770731744,0.148656818730342,0.1720278999999999,0.1874061959886928,0.1720278999999999,0.1321884312818852,1.3458805184898506,113.08,ST/MT Ratio (Expanding EWM),JPM,0.030567685589519653
2019-01-15,0.903780552037281,1.035042625651022,1.1452366653806094,0.1230680760550801,0.1361147358453718,0.2989394167252711,0.3094150387979097,0.2989394167252711,0.1582766258216769,1.528862553610646,99.01,ST/MT Ratio (Expanding EWM),JPM,0.030837004405286347
2019-04-12,1.3552669180449162,1.0718080248403663,0.7908464455005938,0.2479031130920939,0.1829524689427395,0.158478,0.1698579921606516,0.158478,0.1060192580216348,1.2251529975439868,104.39,ST/MT Ratio (Expanding EWM),JPM,0.033613445378151266
2019-07-16,0.9845448184382356,1.0626068207368529,1.0792874035155104,0.1404592727822086,0.1426005595192692,0.2023070630434345,0.214972865073194,0.2023070630434345,0.1465887410889959,1.4572275200689615,109.22,ST/MT Ratio (Expanding EWM),JPM,0.023622047244094488
2019-10-15,0.9818542287506076,1.044507660717023,1.063811337907197,0.13392788877263,0.1363334518977072,0.191339447077248,0.1998555182695449,0.191339447077248,0.1495857828679601,1.4048977980487762,119.16,ST/MT Ratio (Expanding EWM),JPM,0.020491803278688527
2020-01-14,1.1836178591820763,1.2024302331310488,1.015893959188798,0.1418127315943178,0.1197707414835898,0.1385407346364641,0.1665855678470703,0.1385407346364641,0.1131208011170491,1.7375080483669938,137.34,ST/MT Ratio (Expanding EWM),JPM,0.04782608695652174
2020-04-14,1.3160221662707323,0.8092657759348799,0.6149332410016547,0.6176914343826209,0.4686948008428741,1.1556879534136573,0.9352587083578968,1.1556879534136573,0.3789862515071824,1.3661496502351371,88.36,ST/MT Ratio (Expanding EWM),JPM,0.03308823529411764
2020-07-14,0.8961210653913723,0.8767550122795377,0.9783890214617634,0.3027522763256315,0.3378108726747591,0.575253436265356,0.5043563335766784,0.575253436265356,0.4046491490391316,1.2028090388598291,101.25,ST/MT Ratio (Expanding EWM),JPM,0.7010309278350516
2020-10-13,0.7472655008316726,1.1310145217903764,1.5135377192331354,0.1724779004105215,0.2307866766217264,0.306111122651145,0.346216125,0.306111122651145,0.2807279235381961,1.135099391590672,102.47,ST/MT Ratio (Expanding EWM),JPM,0.15263157894736842
2021-01-15,0.9014775032366672,1.112986448349618,1.2346247625188076,0.2661386190927643,0.2949744770588982,0.257607,0.2867131,0.257607,0.3227764423519943,1.097291259055576,120.67,ST/MT Ratio (Expanding EWM),JPM,0.07172995780590717
2021-04-14,0.7689502203103453,1.0480438743353824,1.362954124536691,0.1696004797953286,0.2204981993923092,0.2730039613924624,0.2861201294066635,0.2730039613924624,0.2299415596597262,1.109014906190542,155.37,ST/MT Ratio (Expanding EWM),JPM,0.07942238267148015
2021-07-13,1.0232958486799848,1.104822520427196,1.079670675740919,0.1765376339961962,0.1725041496276379,0.2048333424915977,0.226304489719094,0.2048333424915977,0.1623877364986944,1.1704063785471628,157.57,ST/MT Ratio (Expanding EWM),JPM,0.07894736842105263
2021-10-13,1.1469271353388344,1.041899922911054,0.9084273017947628,0.2035530670017897,0.1774510151667191,0.2238788542409489,0.2332593609750597,0.2238788542409489,0.1525032710256781,1.5768711976221832,159.86,ST/MT Ratio (Expanding EWM),JPM,0.06620209059233449
2022-01-14,1.406535043672994,1.041240038170892,0.7402873059257885,0.3745145522514728,0.2661266740097326,0.232638,0.242232,0.232638,0.1834628095315337,1.350774434153498,157.94,ST/MT Ratio (Expanding EWM),JPM,0.04745762711864407
2022-04-13,1.1636925865409025,0.943384246732932,0.8106816676878204,0.2796411379352821,0.240275179759443,0.4003072232194941,0.3776435282386741,0.4003072232194941,0.2563860295702714,1.436325180411542,130.17,ST/MT Ratio (Expanding EWM),JPM,0.07168458781362007
2022-07-14,1.1867817533596463,0.9640316168513604,0.8123074138292864,0.2515695718665264,0.2118493280730611,0.3738029103373291,0.3603578240362394,0.3738029103373291,0.2124453213106744,1.4146494803759306,114.06,ST/MT Ratio (Expanding EWM),JPM,0.06181818181818182
2022-10-14,1.312843335094273,1.046754220743288,0.7973184558751044,0.2920593834065567,0.2224511336923409,0.3062733,0.3205928694759753,0.3062733,0.1552977301170891,1.415400740889642,116.12,ST/MT Ratio (Expanding EWM),JPM,0.07534246575342465
2023-01-13,1.0387115544521597,1.2149338004675982,1.1696546507643135,0.1739800560113121,0.1674754208141258,0.21619925,0.2626677764607444,0.21619925,0.1847868477886445,1.133738683443302,133.41,ST/MT Ratio (Expanding EWM),JPM,0.0732484076433121
2023-04-14,1.344552500579984,0.8941427419736918,0.6650114008846778,0.4094759900406545,0.3043911338447042,0.4172048,0.3730406438365857,0.4172048,0.2515686446501441,1.5641711908623,128.26,ST/MT Ratio (Expanding EWM),JPM,0.07492795389048991
2023-07-14,0.937467404277462,1.146827040865,1.2233247104190237,0.1613477509289009,0.1720652168864463,0.174885,0.2005628470416755,0.174885,0.17319152067986,1.3760555660647331,141.49,ST/MT Ratio (Expanding EWM),JPM,0.11557788944723618
2023-10-13,,1.126055886045107,,,,0.1757231339294248,0.1978740692755214,0.1757231339294248,0.1396139018697757,1.351646481110859,160.0,ST/MT Ratio (Expanding EWM),JPM,0.03664921465968587
2015-01-15,1.241847148233526,1.0427555793488943,0.8396810999100568,0.222414477875982,0.1790724362672856,0.237651027869788,0.2478119352492211,0.237651027869788,0.1299623466890448,1.2562628236839757,16.72,ST/MT Ratio (Expanding EWM),BAC,
2015-04-15,0.8254882304022955,1.072596201379162,1.2993476610277537,0.1406235423680032,0.1703141263773127,0.212136710242893,0.227537029579599,0.212136710242893,0.2133505473348274,1.265906552939285,16.13,ST/MT Ratio (Expanding EWM),BAC,0.1
2015-07-15,1.2191948183017003,0.9876467736593106,0.8100811772109328,0.1997728156536293,0.1637773716590608,0.1857966885469713,0.1835014999999999,0.1857966885469713,0.1359488273864853,1.5548224684961924,17.47,ST/MT Ratio (Expanding EWM),BAC,0.05555555555555556
2015-10-14,1.1216965924332356,1.0167405014969615,0.906430944299654,0.1872389167699345,0.1668787249694288,0.29829394781393,0.3032875380938437,0.29829394781393,0.1387362984185358,1.2777848147875397,15.96,ST/MT Ratio (Expanding EWM),BAC,0.05555555555555556
2016-01-19,0.9645027639493,1.0909798672275264,1.1311319241433246,0.167832635098672,0.1738231292462507,0.2451305546816533,0.2674325,0.2451305546816533,0.1788853217700368,1.2366027610069557,16.97,ST/MT Ratio (Expanding EWM),BAC,0.058823529411764705
2016-04-14,0.9248280217917202,1.0452726316766152,1.1302346025929784,0.2407220237085504,0.260230764365384,0.32333,0.337968,0.32333,0.2975801070976908,1.2629774447089084,13.57,ST/MT Ratio (Expanding EWM),BAC,0.1
2016-07-18,0.9471167425126524,0.9642378868865518,1.0180771214417323,0.2430739771901829,0.2565498058677181,0.346484,0.334093,0.346484,0.2181482737347528,1.334462415103027,13.4,ST/MT Ratio (Expanding EWM),BAC,0.05405405405405406
2017-01-13,1.1160826693215855,1.0170300517002964,0.9112497484783106,0.2751649515414598,0.2464758731973592,0.3203095,0.3257643873450961,0.3203095,0.2595829675590808,1.0410547377609496,22.67,ST/MT Ratio (Expanding EWM),BAC,0.05263157894736842
2017-04-18,0.795319437685858,1.1090165427464405,1.3944290686184502,0.1383614171448903,0.1739729704149512,0.1893019552982442,0.209939,0.1893019552982442,0.166476890903039,1.35400824964132,24.44,ST/MT Ratio (Expanding EWM),BAC,0.05714285714285715
2017-07-18,0.8893462848329602,1.061069320597847,1.1930890573148798,0.1744070316726643,0.1960078633602573,0.214415538724475,0.22750975,0.214415538724475,0.1965608421725431,1.2290687659600186,23.91,ST/MT Ratio (Expanding EWM),BAC,0.06666666666666667
2017-10-13,0.9999495091324456,1.037122031685444,1.037174399520681,0.1614602264806397,0.161432485962061,0.21290675,0.2208102811195448,0.21290675,0.1817198324443674,1.4214560641278065,24.33,ST/MT Ratio (Expanding EWM),BAC,0.043478260869565216
2018-01-17,0.8378516434426255,1.113717612068126,1.3292539565739854,0.1277865990782377,0.1524385897123799,0.1932903197369615,0.2152708333333333,0.1932903197369615,0.189921992780138,1.175146255271129,29.48,ST/MT Ratio (Expanding EWM),BAC,0.043478260869565216
2018-04-16,1.296861509024038,1.1698785348218768,0.9020843988979802,0.2083487003023247,0.1597985850944479,0.1703701815104238,0.1993124183227518,0.1703701815104238,0.1021491066801769,1.4727651537861983,32.17,ST/MT Ratio (Expanding EWM),BAC,0.03389830508474576
2018-07-16,1.3066673248839689,1.0276028125851522,0.7864303277625792,0.2691150596880882,0.2059008383465929,0.2200145687686886,0.2260875896764138,0.2200145687686886,0.1711623874140505,1.0324774606638338,29.28,ST/MT Ratio (Expanding EWM),BAC,0.06451612903225806
2018-10-15,1.028154299995009,1.162297331902057,1.1304697474957788,0.1645430864547718,0.1600059942075107,0.1656086725476848,0.1924865182420155,0.1656086725476848,0.14783352774966,1.029697881409051,30.37,ST/MT Ratio (Expanding EWM),BAC,0.03125
2019-01-16,1.3602614351705784,1.0321609699153411,0.7587960249611185,0.3514001252261536,0.2582213824760357,0.3382565494452775,0.3491352081556542,0.3382565494452775,0.203279921347523,1.36410393589728,24.47,ST/MT Ratio (Expanding EWM),BAC,0.015384615384615384
2019-04-16,0.9389945415443072,1.115963356646663,1.1884662873665972,0.1835162534187643,0.1953376139809124,0.178492195835663,0.19919075,0.178492195835663,0.1749515348990104,1.66983764799311,29.82,ST/MT Ratio (Expanding EWM),BAC,0.044117647058823525
2019-07-17,0.8704785377584198,1.0394516745852695,1.1941152245545017,0.1434498978533058,0.164704833576687,0.2508659659617647,0.2607630484154075,0.2508659659617647,0.1772662600893265,1.3554862233582678,27.93,ST/MT Ratio (Expanding EWM),BAC,0.02777777777777778
2019-10-16,0.8392359696007374,1.0614529108182735,1.2647848153163106,0.1375160024364023,0.1638425518168934,0.2347301033170593,0.2491549514225667,0.2347301033170593,0.1942994789133252,1.6391489806677615,30.13,ST/MT Ratio (Expanding EWM),BAC,0.05797101449275363
2020-01-15,1.0526499976804715,1.2531414583290752,1.1904635549236584,0.1323527829973034,0.1257198022816275,0.1562972196792972,0.1958625258016943,0.1562972196792972,0.1274258574289766,1.3075567982092855,34.7,ST/MT Ratio (Expanding EWM),BAC,0.028571428571428574
2020-07-16,0.915385391295374,0.8959481414654499,0.9787660475961734,0.3611062173034862,0.3943719311192999,0.6173340763636138,0.5530993183812699,0.6173340763636138,0.4597458257793625,1.1245121790753654,25.8,ST/MT Ratio (Expanding EWM),BAC,0.5
2020-10-14,1.1451968962596224,1.0617972260697857,0.9271743833202551,0.3109311737562739,0.2713686833110585,0.3437125619026679,0.3649530447935923,0.3437125619026679,0.2838965014181998,1.2105544108383957,25.75,ST/MT Ratio (Expanding EWM),BAC,0.17500000000000002
2021-01-19,0.9594333124601612,1.086484861619587,1.1324235332559411,0.325187010706443,0.3388441782041081,0.3119546456402183,0.3389339999999999,0.3119546456402183,0.346245587844289,1.0231805617863707,29.74,ST/MT Ratio (Expanding EWM),BAC,0.0784313725490196
2021-04-15,1.038860867589515,1.0796796370378654,1.039291853915975,0.2867745529919196,0.276023132342294,0.2903810599424145,0.3135185174012967,0.2903810599424145,0.2745135582913851,1.0991150492695396,37.64,ST/MT Ratio (Expanding EWM),BAC,0.08333333333333334
2021-07-14,1.066042195477468,1.0305746314136592,0.9667296808566536,0.2368382068466629,0.2221151114662628,0.2460027222545072,0.2535241648141956,0.2460027222545072,0.1820118012515283,1.1447720834406383,41.36,ST/MT Ratio (Expanding EWM),BAC,0.07894736842105263
2021-10-14,1.061436056357346,1.0489775531079852,0.988262596531612,0.2256419728365028,0.2125357968728067,0.277220440464551,0.2907980193100226,0.277220440464551,0.2014958956311666,1.3235121840615218,39.84,ST/MT Ratio (Expanding EWM),BAC,0.07142857142857144
2022-01-19,0.9906911816558008,0.9970307669741704,1.0063991538793895,0.2341168065354879,0.2362491053543122,0.2965132946428156,0.2956328775757646,0.2965132946428156,0.2304730788139496,1.3155591872877794,43.16,ST/MT Ratio (Expanding EWM),BAC,0.03846153846153846
2022-04-18,1.0306355679397672,1.0437082190966231,1.0126840675438633,0.2643905945618736,0.2563914092360431,0.3061104570744236,0.31949,0.3061104570744236,0.2812249745210486,1.4036993590152969,42.9,ST/MT Ratio (Expanding EWM),BAC,0.06493506493506494
2022-07-18,1.20229025230541,1.0415737717583613,0.8663247246337793,0.296062661713285,0.2461283507961818,0.3678956886108091,0.3831905,0.3678956886108091,0.2115652187583896,1.3055657922655142,31.92,ST/MT Ratio (Expanding EWM),BAC,0.04878048780487805
2022-10-17,1.2811556065361145,1.045811496843948,0.8163032589550375,0.3081543437677331,0.2404369564043574,0.3342366201317045,0.3495485,0.3342366201317045,0.1994585086168659,1.432863210452939,34.12,ST/MT Ratio (Expanding EWM),BAC,0.06329113924050633
2023-01-13,0.9809532932028012,1.2139942345972938,1.2375657872900518,0.1923820136666706,0.1960532182592122,0.2560358123143041,0.310826,0.2560358123143041,0.2078452065162742,1.2029603106561095,32.28,ST/MT Ratio (Expanding EWM),BAC,0.07228915662650602
2023-04-18,1.0329480802181157,0.992968368257956,0.9612955261490804,0.286959875258562,0.2776475368284019,0.453216481133013,0.4500296297382606,0.453216481133013,0.2461045659856157,1.442800960972694,27.75,ST/MT Ratio (Expanding EWM),BAC,0.07142857142857142
2023-07-18,1.1098208805443222,1.104369222396778,0.9950878035878452,0.2550550621627296,0.2297232292767636,0.2271323710521506,0.250838,0.2271323710521506,0.2111902677116342,1.3732986499891435,29.19,ST/MT Ratio (Expanding EWM),BAC,0.046511627906976744
2015-01-14,0.9372158967630734,1.0741686408900446,1.146127209963013,0.0850570619313157,0.0907499514872142,0.1750955599284175,0.1880821596341895,0.1750955599284175,0.0791935297329761,1.8839563328200248,53.19,ST/MT Ratio (Expanding EWM),WFC,
2015-04-14,0.9419966536311508,1.072925960831825,1.1389912657289976,0.0993566701429495,0.1054200078275933,0.1564906226620437,0.1679028516808438,0.1564906226620437,0.122195431453108,1.0600051193047737,55.73,ST/MT Ratio (Expanding EWM),WFC,0.04081632653061225
2015-07-14,0.9741966470613964,1.0768014273222344,1.1053224526796912,0.0802157033808832,0.0823332847354514,0.1582600345933017,0.1704146311381335,0.1582600345933017,0.0932160298191557,1.2925243207972474,56.98,ST/MT Ratio (Expanding EWM),WFC,0.038834951456310676
2015-10-14,0.9126667350925736,0.9628109659389922,1.0549425424619343,0.109201891700212,0.1196139171296218,0.2602488161423854,0.2505704140545293,0.2602488161423854,0.1011327628987119,1.299913574745883,52.77,ST/MT Ratio (Expanding EWM),WFC,0.02857142857142857
2016-01-15,1.1884832883531324,1.0789672579267229,0.9078522756696352,0.145131986251854,0.1220779217538097,0.1700182499999999,0.1834441249999999,0.1700182499999999,0.1127247223770191,1.1029270466350105,55.85,ST/MT Ratio (Expanding EWM),WFC,0.029126213592233007
2016-04-14,0.9764101200270074,1.0994345419646978,1.1259966682179487,0.1552275628444316,0.1588082023076481,0.19969725,0.2195540545853597,0.19969725,0.1689387909615879,1.2924003870517855,49.98,ST/MT Ratio (Expanding EWM),WFC,0.03
2016-07-15,1.1713961936222848,0.9340571103171816,0.7973878653547744,0.1584784278040526,0.1352251358229037,0.2660464999999999,0.248502625,0.2660464999999999,0.141991847058103,1.7270510794418883,46.78,ST/MT Ratio (Expanding EWM),WFC,0.0297029702970297
2016-10-14,0.8659659720373659,0.9743197065227016,1.1251247023372188,0.1337552783468463,0.1544110586854271,0.2427445,0.2365107499999999,0.2427445,0.1446472558177076,2.0848306877220364,46.52,ST/MT Ratio (Expanding EWM),WFC,0.029411764705882353
2017-01-13,0.8765117879912427,1.0237999920808565,1.1680390453471976,0.1903146026648737,0.2171180535826889,0.258146375,0.2642902566807018,0.258146375,0.2729982279198334,1.2169305982029015,54.7,ST/MT Ratio (Expanding EWM),WFC,0.03
2017-07-14,0.9615532318780804,1.012603134170025,1.0530910828433653,0.152185665515762,0.1581834675345632,0.1807346,0.1830124224129658,0.1807346,0.148654042051761,1.344900174324902,54.53,ST/MT Ratio (Expanding EWM),WFC,0.029411764705882353
2018-01-12,0.9693277917867889,1.1066570649926997,1.1416747506566052,0.1560070010508442,0.1609221261224658,0.1791904999999999,0.1983024328045743,0.1791904999999999,0.1827740688805501,1.2644732442942863,59.4,ST/MT Ratio (Expanding EWM),WFC,0.038834951456310676
2018-04-13,1.0645545085547978,1.067953995943929,1.0031933427192434,0.1774544734501584,0.1666624112222501,0.1943042,0.2075079468186883,0.1943042,0.1741464942532568,1.5212324393358876,56.63,ST/MT Ratio (Expanding EWM),WFC,0.04672897196261682
2018-07-13,1.21115966807648,1.0864764723167757,0.8970546996848715,0.2367471461468011,0.1954259950540673,0.18103,0.1966848357835058,0.18103,0.1717239817978812,1.2275529522877036,55.16,ST/MT Ratio (Expanding EWM),WFC,0.026548672566371685
2018-10-12,1.1641437640566994,1.0548833610968755,0.9061452663036366,0.2060151334504566,0.1769682757359659,0.1932155,0.2038198160560134,0.1932155,0.1547228628592403,1.3010226930001738,55.94,ST/MT Ratio (Expanding EWM),WFC,0.03418803418803419
2019-01-15,1.1814115184689864,1.0768993639281708,0.9115361980927232,0.2422260979956825,0.2049128902697386,0.3177265732296813,0.3421595446141212,0.3177265732296813,0.1869162680380344,1.5663240813094166,46.61,ST/MT Ratio (Expanding EWM),WFC,0.025423728813559324
2019-04-12,1.2035258162863407,1.0999835210878244,0.913967532895961,0.2231497498445005,0.1853136552803978,0.1688617499999999,0.1857451423420519,0.1688617499999999,0.1533178603002035,1.5172611078690512,49.92,ST/MT Ratio (Expanding EWM),WFC,0.05405405405405405
2019-07-16,1.143024729305017,1.058727819019142,0.9262510179135588,0.1965498325944374,0.1719511843818647,0.2211167928838618,0.2341024998784384,0.2211167928838618,0.1548779943099261,1.1108887983469629,45.27,ST/MT Ratio (Expanding EWM),WFC,0.03448275862068966
2019-10-15,0.8403212748017483,1.0905895014801077,1.2978244561729126,0.1405417390123265,0.1672316846597281,0.2075382164350758,0.226339,0.2075382164350758,0.1717045893218533,1.7169742708411166,48.98,ST/MT Ratio (Expanding EWM),WFC,0.03418803418803419
2020-01-14,1.3946225675569828,1.213376044419482,0.870039014602354,0.2694639148008682,0.1931889288879178,0.1420117908908675,0.1723137050920874,0.1420117908908675,0.1359616006605041,1.5864441264203322,54.22,ST/MT Ratio (Expanding EWM),WFC,0.054545454545454536
2020-04-14,1.3548381798797084,0.781883248094289,0.5771045278364607,0.6866709464140118,0.5068973883112334,1.3303825550280788,1.0402038333333334,1.3303825550280788,0.3496906715050369,1.716102918619586,26.5,ST/MT Ratio (Expanding EWM),WFC,0.06818181818181818
2020-07-14,0.9992279818693456,0.8742977316797464,0.8749732268747309,0.5091996289848649,0.5094205274796342,0.7346207438580716,0.64227725,0.7346207438580716,0.5997260789702039,1.0947201796097523,28.21,ST/MT Ratio (Expanding EWM),WFC,1.2272727272727273
2020-10-14,0.9974435131073516,1.1076734921171891,1.1105125027746543,0.3297435496315353,0.3304388073073344,0.3649579659644423,0.4042542646358201,0.3649579659644423,0.3520784570118298,1.1235837627970249,24.81,ST/MT Ratio (Expanding EWM),WFC,0.4000000000000001
2021-01-15,1.2006405617703697,1.1179737382817967,0.931147733867429,0.4959707705708805,0.4130040969997955,0.35540325,0.3973315,0.35540325,0.3718245065343038,0.9571095750066582,29.65,ST/MT Ratio (Expanding EWM),WFC,0.16666666666666669
2021-04-14,1.104686351399086,1.113357080481121,1.0078490415592205,0.4029141273354868,0.364686619440911,0.3659546983404209,0.4074382545326404,0.3659546983404209,0.3656493632399752,1.06606459392859,39.7,ST/MT Ratio (Expanding EWM),WFC,0.18333333333333335
2021-07-14,1.097413245565,1.08341476200347,0.9872441091647998,0.3233503207509813,0.2945550401070669,0.2772734729744066,0.3004021737324423,0.2772734729744066,0.2308655548433872,1.1019188269115936,45.15,ST/MT Ratio (Expanding EWM),WFC,0.14285714285714285
2021-10-14,1.297581494290857,1.0689915379017438,0.8238338344105006,0.4118615325151556,0.3173170372056766,0.3106586799104524,0.3320915,0.3106586799104524,0.3297835068393953,1.4774094755407272,46.05,ST/MT Ratio (Expanding EWM),WFC,0.14285714285714288
2022-04-14,1.0049291703613183,0.9616381469286652,0.9569213187262858,0.3099778023041654,0.3083948170805399,0.4467678423242399,0.4296290000000001,0.4467678423242399,0.3312212916476014,1.303692943792916,50.11,ST/MT Ratio (Expanding EWM),WFC,0.10714285714285714
2022-07-15,1.036696565164699,0.9970658071832156,0.961772075539589,0.2764643809619108,0.2666446743298101,0.4258299672310207,0.4245804999999999,0.4258299672310207,0.2457920892576638,1.328479222531987,38.17,ST/MT Ratio (Expanding EWM),WFC,0.10752688172043011
2022-10-14,1.276548019081997,1.0508170535418688,0.8231707995579687,0.2850360029141485,0.2232548742690686,0.351703817708063,0.3695763694434134,0.351703817708063,0.1845801829642346,1.35848544898129,43.28,ST/MT Ratio (Expanding EWM),WFC,0.03636363636363636
2023-01-13,0.9587211935817256,1.2284468665318908,1.2813390115456678,0.1963969672569212,0.2047433681745286,0.2546507616395916,0.3128249301961158,0.2546507616395916,0.2120128130341115,1.2812801593972791,42.18,ST/MT Ratio (Expanding EWM),WFC,0.088
2023-07-14,0.8345894209408818,1.056211005389617,1.265545643028746,0.1936737371912479,0.2320168974533585,0.2775463411232524,0.2931475,0.2775463411232524,0.2698276484131967,1.2923533324183654,42.08,ST/MT Ratio (Expanding EWM),WFC,0.07377049180327869
2023-10-13,,1.0720590600662638,,,,0.2260139007500421,0.24230025,0.2260139007500421,0.1798934488488621,1.3381189369543511,160.0,ST/MT Ratio (Expanding EWM),WFC,0.12295081967213115
2015-01-16,1.1659118604936989,1.0981419475898828,0.941873896989847,0.150203141280996,0.1287234741257087,0.2151124999999999,0.2362240597009286,0.2151124999999999,0.1156566117729478,1.415970093009712,185.03,ST/MT Ratio (Expanding EWM),GS,
2015-04-16,0.9587369696142192,1.045270804746652,1.0902581603453263,0.1187506026771652,0.1238570041785459,0.181028115571175,0.189223404044852,0.181028115571175,0.1249020627676225,1.59773714855778,190.57,ST/MT Ratio (Expanding EWM),GS,0.08188585607940446
2015-07-16,1.0965981526243804,1.0911303549658804,0.9950138547603656,0.1049638388595289,0.0956617599953667,0.1691759151150842,0.1845929763111995,0.1691759151150842,0.0915883543018401,1.2137720374245378,213.56,ST/MT Ratio (Expanding EWM),GS,0.11282051282051282
2015-10-15,1.102770464562367,0.9690599079732456,0.8787503284809279,0.1431356945890628,0.1297274259614655,0.2679777468916772,0.2596864907417264,0.2679777468916772,0.1035457818543463,1.3190774567557852,187.45,ST/MT Ratio (Expanding EWM),GS,0.1085972850678733
2016-01-20,1.1165330273710712,0.997832961648473,0.893688710667088,0.1794064039280455,0.1603961113737297,0.2621801544497017,0.2616119999999999,0.2621801544497017,0.1651645124611306,1.2270348072168196,177.75,ST/MT Ratio (Expanding EWM),GS,0.12691466083150982
2016-04-19,1.0923296837226155,1.0803712956055591,0.9890524003007016,0.2273587722825133,0.2080773829474587,0.2228259404699064,0.24073475,0.2228259404699064,0.2092011798997513,1.4927352919049053,156.29,ST/MT Ratio (Expanding EWM),GS,0.19656019656019655
2016-07-19,0.964983107760698,0.9698049704980444,1.0049968364197956,0.1844245702049406,0.1910658255482523,0.2873341463595801,0.2786580833333333,0.2873341463595801,0.174752800175343,1.8394595782073817,147.75,ST/MT Ratio (Expanding EWM),GS,0.11180124223602483
2016-10-18,1.0435426366733822,1.0627593248164666,1.0184148567272189,0.1531121014996298,0.1466500527457327,0.2062738899400936,0.2192195,0.2062738899400936,0.1245699216197737,1.8830468818332895,166.21,ST/MT Ratio (Expanding EWM),GS,0.12266666666666667
2017-01-18,0.8777991697020272,1.1007584526298773,1.2539980563020292,0.1815890769446158,0.2068035662969269,0.2268232639081559,0.249677625,0.2268232639081559,0.2349084401234971,1.2830411765917564,239.07,ST/MT Ratio (Expanding EWM),GS,0.11652542372881357
2017-04-18,1.3144227588218096,1.05691980310114,0.8040942657205024,0.2340216777093442,0.1780158915695056,0.1953753959327032,0.206496125,0.1953753959327032,0.1461522881947105,1.4111990457183492,242.14,ST/MT Ratio (Expanding EWM),GS,0.1254980079681275
2017-07-18,0.9948196827482424,1.1330975644103147,1.138997935063038,0.1878235371605908,0.1887210018320579,0.1743336198086366,0.197537,0.1743336198086366,0.1946400771466784,1.5829977077222646,226.13,ST/MT Ratio (Expanding EWM),GS,0.08638743455497383
2017-10-17,1.3364518159361702,1.1287407024894138,0.8445801704408946,0.2381375597093793,0.1781897641145563,0.180046370453778,0.2032256666666666,0.180046370453778,0.15931127496753,1.5116241012161071,227.53,ST/MT Ratio (Expanding EWM),GS,0.07692307692307693
2018-01-17,1.197990813320558,1.1055177772809437,0.9228098955255756,0.2064693846799647,0.1722496219834056,0.1859434594580566,0.2055638,0.1859434594580566,0.1524660817819956,1.1225776957869098,260.02,ST/MT Ratio (Expanding EWM),GS,0.04642166344294004
2018-04-17,1.1455229179339257,1.0404852808823315,0.9083059488316124,0.1807298788854758,0.1577196591174952,0.238434992362046,0.2480881,0.238434992362046,0.1568511457657421,1.3309522056116063,262.53,ST/MT Ratio (Expanding EWM),GS,0.05730129390018484
2018-07-17,1.1591392300422971,1.0781985577345292,0.9301717427812236,0.1563086560711732,0.1348367705455948,0.1941028148282207,0.209281375,0.1941028148282207,0.118157056786825,1.0387985666957662,231.39,ST/MT Ratio (Expanding EWM),GS,0.0525164113785558
2018-10-16,1.19418949200657,1.0956778777104004,0.9175075522305568,0.1971111690958366,0.1650011623798204,0.1858893719408827,0.2036748725371056,0.1858893719408827,0.135733437474219,1.1686343278666929,227.89,ST/MT Ratio (Expanding EWM),GS,0.08828828828828829
2019-01-16,1.4297528833308728,1.0223236275283656,0.7150351920582767,0.4755583743928635,0.3324958405512298,0.3596689694465436,0.3676980855539793,0.3596689694465436,0.1977990270670201,1.346813764980563,168.01,ST/MT Ratio (Expanding EWM),GS,0.09250398724082935
2019-04-15,1.2579357274991618,1.1258632996837232,0.8950086042329006,0.280849424472027,0.2230045420428074,0.2014185274556152,0.2267697279386155,0.2014185274556152,0.204075661364023,1.292621114533744,198.26,ST/MT Ratio (Expanding EWM),GS,0.07495741056218058
2019-07-16,1.085040598472138,1.06801515847711,0.9843089373623424,0.1889805450521761,0.1740664522057551,0.2417150439329116,0.2581553309523102,0.2417150439329116,0.169962385128765,1.4080024913098734,190.83,ST/MT Ratio (Expanding EWM),GS,0.06617647058823528
2019-10-15,0.9307325253972965,1.0841973193684302,1.1648860330798316,0.1374160957106575,0.1476190683642562,0.2260145176528728,0.2450443341775934,0.2260145176528728,0.158091408771433,1.757619028191424,217.22,ST/MT Ratio (Expanding EWM),GS,0.07092198581560284
2020-01-15,0.8865940321564206,1.2186371182092857,1.3745153633002158,0.1113963018364102,0.125462403091621,0.166874963415792,0.2033600245183008,0.166874963415792,0.1452451992747842,1.5513014813567454,228.04,ST/MT Ratio (Expanding EWM),GS,0.10535714285714286
2020-04-15,1.0277726716647455,0.8122008078538601,0.7902533607342267,0.4110560297492744,0.3997318247007801,1.126751812343496,0.9151487322361884,1.126751812343496,0.3154489763781793,1.3439677251890263,154.66,ST/MT Ratio (Expanding EWM),GS,0.05196850393700788
2020-07-15,0.9072784942117132,0.9081607082168472,1.0009723739852343,0.3260094828049748,0.3592693107933943,0.5231614531069289,0.4751146757653434,0.5231614531069289,0.3836878243380583,1.177708594376331,206.31,ST/MT Ratio (Expanding EWM),GS,0.3222591362126246
2020-10-14,0.8809866507848415,1.0665883993177183,1.2106748704620334,0.2139268502141374,0.2428258251192615,0.3096594520884574,0.3302791793366295,0.3096594520884574,0.2382775170617127,1.2153535451551667,201.34,ST/MT Ratio (Expanding EWM),GS,0.13738738738738737
2021-01-19,1.1336874434731978,1.0637233307032967,0.9382862417920436,0.3459642539408325,0.3049997964549155,0.3089358299424781,0.32862225,0.3089358299424781,0.2199899682805869,0.9718359857274488,256.98,ST/MT Ratio (Expanding EWM),GS,0.15981012658227847
2021-04-14,0.9231471501302768,1.0250763871845665,1.1104149398499523,0.2411824560243164,0.2611617125554477,0.3105086130523154,0.3182950472573579,0.3105086130523154,0.2776769328724108,1.1057986356151497,346.05,ST/MT Ratio (Expanding EWM),GS,0.13324538258575197
2021-07-13,1.0393749195310693,1.0231367465826773,0.984376982123334,0.220256952659378,0.2118771584604439,0.2499308734556567,0.2557134607379874,0.2499308734556567,0.203621330831398,1.287092949323802,372.92,ST/MT Ratio (Expanding EWM),GS,0.1848184818481848
2021-10-15,1.166960499458833,1.0816082891692749,0.9268593835617062,0.2212897814434899,0.1896181513089339,0.2457493185487235,0.2658044999999999,0.2457493185487235,0.168540428046316,1.4916626611488215,401.95,ST/MT Ratio (Expanding EWM),GS,0.1313340227507756
2022-01-18,1.2761626737993594,1.0201012865868109,0.799350511913807,0.3533908505004568,0.276887228293235,0.308399885367252,0.3145991198463587,0.308399885367252,0.237150230379921,1.3528608616952125,371.61,ST/MT Ratio (Expanding EWM),GS,0.10656436487638533
2022-04-14,1.075809815041543,0.969776912081516,0.901438989050372,0.2124781056854741,0.1974849066154366,0.3869051345647293,0.3752116666666666,0.3869051345647293,0.1981213937172942,1.4183670944881672,329.16,ST/MT Ratio (Expanding EWM),GS,0.090310442144873
2022-07-18,1.2508141617823954,1.0331513281853997,0.8259830754659597,0.2887873473411171,0.2307454631361855,0.3651036620122733,0.3772073333333333,0.3651036620122733,0.1948514634147194,1.37066268614026,279.79,ST/MT Ratio (Expanding EWM),GS,0.1420256111757858
2022-10-18,0.9795975057809436,1.0614308130000465,1.083537684340942,0.1634405161224955,0.1666828797987598,0.3052938404463406,0.3240482892688657,0.3052938404463406,0.1511532684108446,1.5754717319880072,328.66,ST/MT Ratio (Expanding EWM),GS,0.10638297872340426
2023-01-17,1.5537397062934526,1.2549947769786554,0.8077252398810914,0.3797305193006385,0.2443672861318474,0.2337844612764413,0.2933982778407025,0.2337844612764413,0.1650892803400463,1.4262970164323283,344.61,ST/MT Ratio (Expanding EWM),GS,0.1145975443383356
2023-04-18,0.8617131841017692,1.0072444455809046,1.1688859636409463,0.1747275653568171,0.2027413304107282,0.3695115587416969,0.3721884651205164,0.3695115587416969,0.2421563088380376,1.575737797615467,309.53,ST/MT Ratio (Expanding EWM),GS,0.13749999999999998
2023-07-19,1.145268667706152,1.104853642918447,0.9647113154080676,0.2450719861730604,0.2139391626535578,0.2182571132495838,0.2411421666666667,0.2182571132495838,0.1754987392350857,1.6263356518078715,330.72,ST/MT Ratio (Expanding EWM),GS,0.13175230566534915
2015-01-20,0.8528206301276208,1.1459519369566065,1.3437197652982666,0.1160796494796564,0.1361106098750262,0.1941067446430111,0.222437,0.1941067446430111,0.1393443650808546,1.0229152245142832,38.57,ST/MT Ratio (Expanding EWM),MS,
2015-04-20,0.7961108013937807,1.073083875479894,1.347907695262024,0.125830028662289,0.1580112191664968,0.2022338032395487,0.2170138333333333,0.2022338032395487,0.195392679855039,1.7274116345331554,36.5,ST/MT Ratio (Expanding EWM),MS,0.07792207792207792
2015-07-20,0.9752516943865688,1.1756362188135414,1.2054695475848562,0.1094959607721844,0.1120203265496778,0.15814897813739,0.1859256666666666,0.15814897813739,0.1128548705529318,1.8505537451924976,39.37,ST/MT Ratio (Expanding EWM),MS,0.0410958904109589
2015-10-19,1.4581221785323033,1.0385335080102631,0.7122403892488735,0.2816115919128016,0.1931629115679151,0.2904719308588281,0.3016648333333333,0.2904719308588281,0.1391717376313546,1.699227262219224,33.03,ST/MT Ratio (Expanding EWM),MS,0.041666666666666664
2016-01-19,1.0845439704333195,1.0559500670695938,0.9736350907448212,0.2296851477183406,0.2116911285542236,0.2770590287587134,0.2925605,0.2770590287587134,0.2124959013292168,1.1799406325227972,31.68,ST/MT Ratio (Expanding EWM),MS,0.11538461538461538
2016-04-18,1.0593927671462957,1.059576119295578,1.0001730728724685,0.3093690947987227,0.2919345904755888,0.2877499732654389,0.304893,0.2877499732654389,0.3062229313228139,1.2587506918689242,26.28,ST/MT Ratio (Expanding EWM),MS,0.17567567567567569
2016-07-20,0.8343017940380809,0.986705081949257,1.182671653111919,0.2222037610470554,0.2662402176766194,0.3215699967544277,0.3172947499999999,0.3215699967544277,0.2161302433482213,1.5437902251396087,25.9,ST/MT Ratio (Expanding EWM),MS,0.0967741935483871
2016-10-19,0.9292440995341122,1.0483204226590894,1.1281432114389294,0.1514081595967346,0.1629121966560037,0.2575805966987367,0.2700270000000001,0.2575805966987367,0.1745302738163651,2.458281855215707,31.6,ST/MT Ratio (Expanding EWM),MS,0.11290322580645162
2017-01-17,1.1101091869693007,1.1291684298910494,1.017168800281513,0.240395685019377,0.2164432622122026,0.2422156365338602,0.27350225,0.2422156365338602,0.2243851357756244,1.07570013860824,42.83,ST/MT Ratio (Expanding EWM),MS,0.10937500000000001
2017-04-19,1.015758811275994,1.0822412641748986,1.0654510225861489,0.2008100248887901,0.19671548285399,0.2091188051053886,0.226317,0.2091188051053886,0.199090289543783,1.3636470012091373,44.59,ST/MT Ratio (Expanding EWM),MS,0.05617977528089888
2017-07-19,1.0542664753775923,1.078101057832825,1.0226077400845892,0.2009181079071942,0.1904643090595517,0.2169695719158379,0.233915125,0.2169695719158379,0.1798428457313283,0.7336531050341748,45.72,ST/MT Ratio (Expanding EWM),MS,0.03571428571428571
2017-10-17,1.058613865145388,1.0854765105160271,1.0253753009053497,0.160666737743337,0.1517701468375075,0.197049634817355,0.21389275,0.197049634817355,0.1688691182801581,1.4624348533431704,47.32,ST/MT Ratio (Expanding EWM),MS,0.04819277108433735
2018-01-18,1.2013937113354174,1.137655440861025,0.9469463924498628,0.1762470546736287,0.1466767984803949,0.1923541541139892,0.21883275,0.1923541541139892,0.1408196297648414,1.2550353783066657,52.93,ST/MT Ratio (Expanding EWM),MS,0.20512820512820512
2018-04-18,1.2971800481858182,1.0462409555075418,0.8065502988353627,0.2416197794885848,0.1862450976939837,0.2290963651711799,0.23969,0.2290963651711799,0.1400178011800439,1.1796061544099845,56.95,ST/MT Ratio (Expanding EWM),MS,0.05691056910569106
2018-07-18,1.043968551415761,1.0046355048248583,0.962323533081948,0.2034937412457356,0.1948790713146865,0.2264169576288481,0.2274665145283664,0.2264169576288481,0.1913707157130784,1.103043957049504,50.77,ST/MT Ratio (Expanding EWM),MS,0.04385964912280702
2018-10-16,1.3209487897023275,1.0901035750068009,0.8252428735352055,0.271274791229419,0.2053280022446023,0.210130117680268,0.2290635924998599,0.210130117680268,0.1505552483643721,1.273441093764375,47.68,ST/MT Ratio (Expanding EWM),MS,0.054545454545454536
2019-01-17,1.4499090244072352,1.0222663357443948,0.7050555024735616,0.3600119439366159,0.2482516989250527,0.3730937997711747,0.3814012315810317,0.3730937997711747,0.185106890309931,1.3191517854702677,39.89,ST/MT Ratio (Expanding EWM),MS,0.05769230769230769
2019-04-17,1.2545699399534551,1.0961192722279816,0.8737012081356322,0.2656078155037083,0.2116754284612703,0.2085179102228774,0.2285605,0.2085179102228774,0.174160783171095,1.1856272618967338,44.03,ST/MT Ratio (Expanding EWM),MS,0.0909090909090909
2019-07-18,0.929270525092294,0.9982702723773808,1.0742515181768344,0.1449086722538214,0.1558776629648281,0.2579810642256953,0.2575348272527914,0.2579810642256953,0.1755585350712526,1.347247576990675,43.34,ST/MT Ratio (Expanding EWM),MS,0.05511811023622048
2019-10-17,0.9509358261172336,1.0645434397926192,1.1194692749554478,0.1497686531472174,0.1572062475602797,0.248309044932171,0.2643357648237134,0.248309044932171,0.1626376503345838,1.3299681827481356,44.21,ST/MT Ratio (Expanding EWM),MS,0.049586776859504134
2020-01-16,1.5427312695947153,1.2643126739128163,0.8195287791404907,0.3185455887326938,0.2063647256493139,0.1651796839165236,0.2088387678485738,0.1651796839165236,0.1363313805435135,1.5685833881849598,50.9,ST/MT Ratio (Expanding EWM),MS,0.0818181818181818
2020-04-16,0.8567374166934383,0.8473386279590587,0.989029557305138,0.3786784063829524,0.4417417976884648,1.1099393059224625,0.9404944485981692,1.1099393059224625,0.4295595873764935,1.026242835689774,33.79,ST/MT Ratio (Expanding EWM),MS,0.04794520547945206
2020-07-16,0.8765281454803868,0.9330427078718248,1.0644754679959134,0.2969092202559705,0.3386966525205302,0.5403072805862218,0.5041297681610302,0.5403072805862218,0.4118628814488775,1.4352174196218663,48.56,ST/MT Ratio (Expanding EWM),MS,0.1744186046511628
2020-10-15,0.8760758675823879,1.0657346211626195,1.2164866772367702,0.1968226819862113,0.2245507907280749,0.3170171825595159,0.3378561869571067,0.3170171825595159,0.2235194123013831,1.1363257648587393,50.39,ST/MT Ratio (Expanding EWM),MS,0.11818181818181818
2021-01-20,0.8895812129984368,1.0267165651870724,1.1541572036198977,0.2527279684869991,0.2839686946517561,0.3269274546789592,0.3356618333333333,0.3269274546789592,0.3125855373422633,1.0739389790474,67.83,ST/MT Ratio (Expanding EWM),MS,0.09649122807017545
2021-04-16,1.1297304746226935,1.0742609015854856,0.9509001710733404,0.3056384309326747,0.270503214016085,0.2960081666666666,0.31799,0.2960081666666666,0.2536414916925472,1.1732594169863766,83.86,ST/MT Ratio (Expanding EWM),MS,0.10526315789473684
2021-07-15,0.9853627871466027,1.037639280948062,1.053053042476711,0.2183797132847561,0.2215981360132434,0.2559684764020616,0.2656029457992062,0.2559684764020616,0.1861691796059375,1.228888888888889,90.7,ST/MT Ratio (Expanding EWM),MS,0.07975460122699388
2021-10-14,0.9724607074259244,1.0421590811118018,1.071672174673635,0.1767554598024654,0.1817292073811291,0.2920753765621944,0.30438900605344,0.2920753765621944,0.1705397891120761,1.4755054339481002,101.91,ST/MT Ratio (Expanding EWM),MS,0.049999999999999996
2022-01-19,1.3918078528241449,1.0081661747556698,0.7243572973884147,0.4388810318385798,0.315211582859719,0.3215900891324529,0.32421625,0.3215900891324529,0.2389214577063889,1.2420882219300011,95.37,ST/MT Ratio (Expanding EWM),MS,0.058823529411764705
2022-04-14,0.9098511165620544,0.960192390569358,1.0553291336252046,0.2248125848074853,0.2470897718238181,0.4086471407749165,0.392379875,0.4086471407749165,0.2629193402069765,1.2812283266290374,86.33,ST/MT Ratio (Expanding EWM),MS,0.05641025641025641
2022-07-14,1.1032330911944517,0.9660008568674162,0.8756090300206129,0.2097578999612406,0.1901271460012989,0.4255022421603511,0.411035530525906,0.4255022421603511,0.1680291998960539,1.3438456031529378,74.96,ST/MT Ratio (Expanding EWM),MS,0.06321839080459771
2022-10-14,1.2074822946878845,1.027750555702042,0.8511516568180405,0.2015928092539454,0.1667741897947099,0.3224741666666666,0.3314230039912195,0.3224741666666666,0.1303925983743838,1.4864017501628584,87.18,ST/MT Ratio (Expanding EWM),MS,0.09090909090909091
2023-01-17,1.450335984813219,1.1070010930962144,0.7632721691303683,0.3216927537687533,0.2217719169888055,0.2691466402862026,0.297945625,0.2691466402862026,0.1597851269865363,1.354163245509851,85.55,ST/MT Ratio (Expanding EWM),MS,0.14383561643835616
2023-04-19,0.9071393497866346,1.0167226008558985,1.120800901311401,0.1906401758772875,0.2101420298622961,0.3712612955414172,0.37746975,0.3712612955414172,0.2116450467358821,1.5749727430475575,85.64,ST/MT Ratio (Expanding EWM),MS,0.09944751381215469
2023-07-18,1.3194205992383452,1.1668077939799943,0.8843334677763491,0.3035281676297159,0.2299618233032626,0.2042815736432829,0.2383573322934807,0.2042815736432829,0.1725129539617814,1.5332694628430352,88.09,ST/MT Ratio (Expanding EWM),MS,0.06172839506172839
2015-01-15,1.063837583354204,0.9779463906429396,0.9192628705215926,0.1630336033004745,0.1532404634273441,0.253356423594045,0.247769,0.253356423594045,0.1379193286725733,1.5373776649111912,51.17,ST/MT Ratio (Expanding EWM),C,
2015-04-16,0.9045168986440006,1.06507990373691,1.1775124437515938,0.1302503802343987,0.1439718286089109,0.2104852642636815,0.224183625,0.2104852642636815,0.1659923860495153,1.2496264663183885,53.84,ST/MT Ratio (Expanding EWM),C,0.05714285714285715
2015-07-16,1.2656983926170733,1.0926843965355246,0.8633055101509538,0.1799835746431213,0.1421437247005405,0.1850310191499085,0.2021805075001709,0.1850310191499085,0.1061028778349442,1.1804878212170744,57.07,ST/MT Ratio (Expanding EWM),C,0.044117647058823525
2015-10-15,1.184252920851412,0.989288644991692,0.8353693941328414,0.1898416417934937,0.1602138845363273,0.2726917839387485,0.2697708854331317,0.2726917839387485,0.1286647562651578,1.3279447119196686,52.0,ST/MT Ratio (Expanding EWM),C,0.044117647058823525
2016-01-15,1.163848662703897,1.0983076626088788,0.9436859772277,0.2301792713047054,0.1978137838919987,0.21368375,0.2346905,0.21368375,0.158935085754724,1.1530251578871031,53.9,ST/MT Ratio (Expanding EWM),C,0.08547008547008549
2016-04-15,0.9702087356620852,1.081627910792532,1.1148404163300103,0.259376697189976,0.2673192679711353,0.281876625,0.304885625,0.281876625,0.2967436972911896,1.2993873660309456,42.23,ST/MT Ratio (Expanding EWM),C,0.11570247933884299
2016-07-15,0.8730852060202041,0.9297820382999435,1.0649384869756084,0.2330863145875516,0.2668329556979847,0.357494,0.3323915,0.357494,0.2299877242104748,1.3909183123186355,42.01,ST/MT Ratio (Expanding EWM),C,0.05932203389830509
2016-10-14,0.7910785448705585,0.9741344939094864,1.2314004724636802,0.1214263012573288,0.1534377130834727,0.2842155,0.2768641222537316,0.2842155,0.1662438080804696,1.4067460470571893,46.75,ST/MT Ratio (Expanding EWM),C,0.05128205128205128
2017-01-18,0.8400687781567715,1.151780239027402,1.371054690967767,0.1488805767344412,0.1771940412401452,0.2208691305685335,0.2543926999999999,0.2208691305685335,0.1871178631824139,1.2117732552303944,59.66,ST/MT Ratio (Expanding EWM),C,0.02678571428571428
2017-04-13,0.7821430041371352,1.0773741667208736,1.3774644291671945,0.10411694348029,0.1331169406472297,0.2034674815348379,0.2192106083733907,0.2034674815348379,0.1473131804827589,0.8620384867922624,61.44,ST/MT Ratio (Expanding EWM),C,0.046511627906976744
2017-07-14,0.9330702222312102,1.0128938374725067,1.0855494188319694,0.1453234761882794,0.1557080224095552,0.1911497499999999,0.1936144038094102,0.1911497499999999,0.1492535894833078,1.3701144887485197,64.72,ST/MT Ratio (Expanding EWM),C,0.03225806451612903
2017-10-12,1.2018391374277342,1.1236982068591082,0.9349822050762392,0.1937537393728154,0.1611683721241698,0.1735793067069564,0.1950507556944541,0.1735793067069564,0.1448391676533805,1.609849593587463,68.79,ST/MT Ratio (Expanding EWM),C,0.03875968992248062
2018-01-16,0.9135278162019098,1.1439856145590808,1.2522723383676746,0.124843510668742,0.136627973083185,0.1792894777023796,0.2051045833333333,0.1792894777023796,0.1523576247946384,1.4966123040395056,75.67,ST/MT Ratio (Expanding EWM),C,0.047619047619047616
2018-04-13,1.321790278169287,1.1277484237568671,0.853197698895794,0.2200221783278014,0.1664786615569716,0.2031937999999999,0.229151487667168,0.2031937999999999,0.1093092678930548,1.0631520767364124,73.47,ST/MT Ratio (Expanding EWM),C,0.049689440993788817
2018-07-13,1.3237592980085608,1.0622434122603412,0.8024445334271576,0.2689080997018646,0.2030487078124538,0.1885899166666667,0.2003283965978934,0.1885899166666667,0.178770702609849,1.1734500850111451,67.29,ST/MT Ratio (Expanding EWM),C,0.018987341772151896
2018-10-12,0.8756609457603016,1.1204972354848175,1.2796017007609426,0.1299041683138081,0.1482694674277784,0.1844219,0.2066442291128574,0.1844219,0.1485489485035345,1.349812508500262,70.51,ST/MT Ratio (Expanding EWM),C,0.024096385542168676
2019-01-14,1.196506701742435,1.0544019141677337,0.8812336049871191,0.2794408265530702,0.233477425879412,0.3293744792339327,0.3472930813822591,0.3293744792339327,0.1833218760690757,1.3030234773207023,55.02,ST/MT Ratio (Expanding EWM),C,0.024390243902439025
2019-04-15,1.090741580019294,1.120151041717068,1.0269628134074191,0.2027882903697387,0.1859040640243336,0.1946432654296723,0.2180298565342592,0.1946432654296723,0.1510490264082643,1.1531450150441815,65.19,ST/MT Ratio (Expanding EWM),C,0.03804347826086957
2019-07-15,0.7105982880673555,1.0508523918689208,1.4788276435719665,0.1149767754410644,0.1617908241419983,0.2491387498603479,0.2618080511979793,0.2491387498603479,0.1961771249761858,1.685517171689334,67.48,ST/MT Ratio (Expanding EWM),C,0.026595744680851068
2019-10-15,0.9880019600054264,1.017670904758765,1.0300292367367123,0.1726098791335959,0.1746302664016467,0.2478653111237952,0.2522453154296655,0.2478653111237952,0.2036142409851766,1.6505492493592089,69.83,ST/MT Ratio (Expanding EWM),C,0.02538071065989848
2020-01-14,1.1682807527878143,1.2067010803657312,1.0328862112007209,0.1494817885519139,0.1279364625498598,0.1704107268889783,0.2056348082428397,0.1704107268889783,0.130206241599871,1.029613272984401,76.91,ST/MT Ratio (Expanding EWM),C,0.03743315508021391
2020-04-15,1.2325849752087987,0.7187759665790134,0.5831451632430076,0.7740025604429185,0.6261176464336206,1.4330508362744063,1.0300425,1.4330508362744063,0.4890093295510311,1.1875381514948309,41.19,ST/MT Ratio (Expanding EWM),C,0.028169014084507043
2020-07-14,0.8898116034492204,0.9141235850551068,1.027322616958067,0.4693161894185667,0.52728547033194,0.7223816623711092,0.660346114984746,0.7223816623711092,0.6708632429530408,1.4546488469959145,52.98,ST/MT Ratio (Expanding EWM),C,0.9814814814814815
2020-10-13,0.8735916008441124,1.0426210356423289,1.1934879349056138,0.287490141780993,0.3290498611409309,0.386831201317899,0.4033183477368341,0.386831201317899,0.2895752718403254,1.1548167632458517,48.15,ST/MT Ratio (Expanding EWM),C,0.3902439024390244
2021-01-15,1.180927353041512,1.077474503822589,0.9123969404616828,0.4552942119319177,0.3855346806269159,0.3351936623267579,0.3611626249999999,0.3351936623267579,0.351358864754867,1.081118970065311,59.75,ST/MT Ratio (Expanding EWM),C,0.096
2021-04-15,0.7475615102475626,1.052311591371238,1.4076588708034932,0.1969792414924918,0.2633790468119655,0.3329789714819181,0.3503976313732952,0.3329789714819181,0.3252428227701487,1.069348798832154,73.33,ST/MT Ratio (Expanding EWM),C,0.0913978494623656
2021-07-14,0.9775693615249345,0.997678303558006,1.0205703480740265,0.2053571709533922,0.2100431567393984,0.2574722483591455,0.2568744759562179,0.2574722483591455,0.1820505162773422,1.2976183845119398,75.16,ST/MT Ratio (Expanding EWM),C,0.13
2021-10-14,0.9247272598489314,1.0322380541142555,1.1162621660822325,0.1673691894296157,0.1809713410088594,0.2803546080332118,0.2893926950581674,0.2803546080332118,0.1864006794782734,1.3796268550790922,68.78,ST/MT Ratio (Expanding EWM),C,0.0893854748603352
2022-01-14,0.9924083408991736,1.0049701921727237,1.012657946085145,0.2261317807548703,0.227839388311113,0.2602076660431646,0.261500948148215,0.2602076660431646,0.2061059177305924,1.2009786185627402,60.24,ST/MT Ratio (Expanding EWM),C,0.1043956043956044
2022-04-14,1.12272067151815,0.9636552015742392,0.8583214204751202,0.2713030975991985,0.2415268599552419,0.4110598887993272,0.39612,0.4110598887993272,0.2510738235854524,1.3335732675602374,55.11,ST/MT Ratio (Expanding EWM),C,0.09803921568627451
2022-07-15,1.5112411328810886,1.0203311128711654,0.6751610253791641,0.5942378579190842,0.3930023810813405,0.3793175520355511,0.3870295,0.3793175520355511,0.2587463763355859,1.2696435619309443,47.58,ST/MT Ratio (Expanding EWM),C,0.0783132530120482
2022-10-14,1.184081952272132,0.959249542812446,0.8101209050368045,0.2658563559553838,0.2244563246294656,0.347729140960478,0.3335590194889031,0.347729140960478,0.2323823291060555,1.2963550069410572,48.43,ST/MT Ratio (Expanding EWM),C,0.1464968152866242
2023-04-14,1.0186983813560195,0.8655794323557957,0.8496915752468335,0.2981222987019569,0.2924853808979846,0.5319728601578847,0.4604647663241509,0.5319728601578847,0.3290510725261779,1.3899490674732358,44.82,ST/MT Ratio (Expanding EWM),C,0.1242603550295858
2023-07-14,1.1969117385518566,0.9462982809454624,0.7906165930750988,0.2564544777614649,0.2142325897488668,0.2594433012756887,0.2455107499999999,0.2594433012756887,0.2065293623455397,1.3430074683920925,48.24,ST/MT Ratio (Expanding EWM),C,0.11249999999999999
2023-10-13,,1.1432137493141463,,,,0.2109239551108334,0.2411311655424245,0.2109239551108334,0.1614060951969219,1.397669290764633,160.0,ST/MT Ratio (Expanding EWM),C,0.1774193548387097
2015-01-21,1.372153063941716,1.2332102925828443,0.8987410551999659,0.1569693616377685,0.114338836175086,0.1128029427232946,0.13910975,0.1128029427232946,0.0871873599772277,1.2642432191877078,45.64,ST/MT Ratio (Expanding EWM),USB,
2015-04-15,1.0962260443574847,1.0348848005198552,0.9440432526180468,0.1235196522048656,0.1126162289293524,0.1526562541714632,0.157981637146343,0.1526562541714632,0.1011641123211028,1.1025509346018931,44.97,ST/MT Ratio (Expanding EWM),USB,0.013157894736842105
2015-07-15,1.4240476416584211,1.050671969910389,0.7378067553180977,0.2044762265373484,0.1435149881883505,0.1544984374402462,0.1623271776134205,0.1544984374402462,0.1140546007532574,1.2581232523356385,44.4,ST/MT Ratio (Expanding EWM),USB,0.024691358024691357
2015-10-15,1.0194256304459532,0.9956550826038644,0.9766824110242448,0.1380356977793592,0.1352372015212036,0.2319129331240975,0.2309052905865778,0.2319129331240975,0.1193423887180316,1.213549881053481,42.0,ST/MT Ratio (Expanding EWM),USB,0.024390243902439025
2016-01-15,1.046696708814781,1.065705839541916,1.0181610685951807,0.1186554838131173,0.1132205455855864,0.180512875,0.1923736249999999,0.180512875,0.1125553820902463,1.0042616352659426,44.36,ST/MT Ratio (Expanding EWM),USB,0.012499999999999999
2016-04-20,0.9773754354423368,1.1001837519854458,1.1256511183827012,0.1532719288441462,0.1567939065946766,0.1642778608638498,0.1807358333333333,0.1642778608638498,0.1657820086778618,1.3790687035599425,41.38,ST/MT Ratio (Expanding EWM),USB,0.025974025974025972
2016-07-15,1.0464662751391691,0.961001454454248,0.9183300764531996,0.1310620164438503,0.1252028357563259,0.2312436666666666,0.2222255,0.2312436666666666,0.1155591906408422,1.5205925808008198,41.02,ST/MT Ratio (Expanding EWM),USB,0.024691358024691357
2016-10-19,1.0036814832195065,1.078005293512636,1.0740511920721316,0.0977579099759308,0.0973714559891995,0.1592422607134329,0.171664,0.1592422607134329,0.1017878560508852,1.686202676562315,42.86,ST/MT Ratio (Expanding EWM),USB,0.024096385542168676
2017-01-18,1.1040100463367797,1.1479953181474076,1.0398413691583477,0.1466791526580811,0.1328155025394744,0.1520390564672915,0.174540125,0.1520390564672915,0.1304402161477507,0.9170417275531744,51.87,ST/MT Ratio (Expanding EWM),USB,0.024691358024691357
2017-04-19,1.1301531742547306,1.084583504938594,0.9596783247136504,0.1194424110978203,0.10566642390532,0.1409258709025394,0.152845875,0.1409258709025394,0.0899701833311038,1.4425028123327617,54.24,ST/MT Ratio (Expanding EWM),USB,0.024999999999999998
2017-07-19,0.983257310213764,1.1056031519219538,1.1244291198624206,0.1118036677215115,0.1135091796984885,0.1481129292753201,0.1637541214471873,0.1481129292753201,0.114644854563073,0.67056936039558,52.57,ST/MT Ratio (Expanding EWM),USB,0.023529411764705882
2017-10-18,0.9653658129514524,1.1069788421893862,1.146693644355371,0.1045094416023491,0.1082474633242251,0.1398715113041826,0.1548348036387837,0.1398715113041826,0.1152932638391619,1.131577043646009,52.38,ST/MT Ratio (Expanding EWM),USB,0.02247191011235955
2018-01-17,1.097181593046667,1.1061893315255251,1.0082098884413886,0.1410622073013288,0.1285344381363617,0.1491573325630041,0.16499625,0.1491573325630041,0.1449289377221361,1.903858159570483,54.78,ST/MT Ratio (Expanding EWM),USB,0.011494252873563218
2018-04-18,1.344692685737397,1.0810173779060808,0.8039140759609894,0.1881166266393939,0.139833728621241,0.1629415295258124,0.176142625,0.1629415295258124,0.1160337531995666,0.9922540286938194,52.8,ST/MT Ratio (Expanding EWM),USB,0.021276595744680854
2018-07-18,1.2007022921594837,1.057020515910524,0.8803352194901324,0.1617685772907568,0.1347071588254532,0.1581918207670383,0.167212,0.1581918207670383,0.1211623866849188,1.7714268911426785,51.28,ST/MT Ratio (Expanding EWM),USB,0.01
2018-10-17,1.4646091048971013,1.1005245791329072,0.7514118104640805,0.2798908031996273,0.1910984432027469,0.1333371483793632,0.1467408091029807,0.1333371483793632,0.1015653307218576,1.5728099502273634,54.13,ST/MT Ratio (Expanding EWM),USB,0.009615384615384616
2019-01-16,0.9575808091354648,1.0186588280263305,1.0637836705875598,0.1645508271137836,0.1718261019419539,0.2578110329791382,0.2626214847067865,0.2578110329791382,0.190132626946171,1.226860811313733,47.94,ST/MT Ratio (Expanding EWM),USB,0.018867924528301886
2019-04-17,0.8922584486100263,1.125635459332306,1.261557636227304,0.1093132523625365,0.1224536955246896,0.1386054860892051,0.15601925,0.1386054860892051,0.0986864137119085,1.4106149160951549,52.45,ST/MT Ratio (Expanding EWM),USB,0.019801980198019802
2019-07-17,1.286022813984551,1.0025757053913489,0.7795940277956785,0.1735098424843845,0.1348419705366924,0.1975158331511804,0.1980245757475047,0.1975158331511804,0.1234568000809851,1.3395160800265946,51.51,ST/MT Ratio (Expanding EWM),USB,0.009345794392523364
2019-10-16,1.0323637439544242,1.036561723452733,1.0040663763357558,0.1298733794040598,0.1257563327713164,0.1926989880969267,0.1997443952093479,0.1926989880969267,0.1423972320360492,1.19106827206807,55.86,ST/MT Ratio (Expanding EWM),USB,0.027027027027027025
2020-01-15,1.1662861761800334,1.1851031555618423,1.0161341013604748,0.1446093278451845,0.1239957005575571,0.1303344984508508,0.1544598253926733,0.1303344984508508,0.1008510039036809,5.3429631682472305,60.66,ST/MT Ratio (Expanding EWM),USB,0.027522935779816512
2020-04-15,1.2983857838849426,0.7379090235546059,0.5683280213887464,0.6882784604680582,0.5288686842191234,1.132654338226305,0.835795856745461,1.132654338226305,0.3667627980488634,1.1226402551903154,32.57,ST/MT Ratio (Expanding EWM),USB,0.0196078431372549
2020-07-15,0.96320053491082,0.9201743568803884,0.9553299894767862,0.4383018258459236,0.4549172632406601,0.5948604514356027,0.5473753333333333,0.5948604514356027,0.5389492697333202,1.143736246583384,38.78,ST/MT Ratio (Expanding EWM),USB,1.0975609756097562
2020-10-14,0.9174367854781716,1.0857533462068802,1.183463932766748,0.2638132802609452,0.2874380558787377,0.3632746540602183,0.3944266712380289,0.3632746540602183,0.3243055539764218,1.2575318826442174,37.87,ST/MT Ratio (Expanding EWM),USB,0.5571428571428572
2021-01-20,1.1050579888830243,1.110788632962891,1.005185831094402,0.37960807191746,0.3433695067076561,0.3034763905540089,0.337098125,0.3034763905540089,0.3382815110205923,0.9795296653794712,45.33,ST/MT Ratio (Expanding EWM),USB,0.04301075268817204
2021-04-15,1.0424939247065028,1.0056367559737387,0.9646451956608374,0.2944123253173735,0.282365130020928,0.2999338461012623,0.3016244999999999,0.2999338461012623,0.2908679915524689,1.3049994257305528,53.84,ST/MT Ratio (Expanding EWM),USB,0.05434782608695652
2021-07-15,1.2706690734756962,1.0689962419736496,0.8412861100409051,0.3089673177840051,0.2430503029913058,0.2289446966599126,0.2447410203492437,0.2289446966599126,0.1917870149850135,1.0604065356581236,58.51,ST/MT Ratio (Expanding EWM),USB,0.07476635514018691
2021-10-14,1.0995398200729716,1.0680622769250594,0.9713720753234538,0.2304621379147575,0.209512456421699,0.2449867257937324,0.261661080167669,0.2449867257937324,0.1996103279795487,1.2059196641552767,55.91,ST/MT Ratio (Expanding EWM),USB,0.061403508771929835
2022-01-19,1.415479042666297,1.0067469566606626,0.7112411602818804,0.4118507479650908,0.2909714717926343,0.2833542213489429,0.285266,0.2833542213489429,0.2220673094717323,1.5836623326807626,54.87,ST/MT Ratio (Expanding EWM),USB,0.05405405405405405
2022-04-14,1.2086260127981368,0.967331698018104,0.800356510430052,0.3347806123564923,0.2768998069386774,0.3562663672720359,0.34462775,0.3562663672720359,0.2753715810846314,1.0571332484770568,54.4,ST/MT Ratio (Expanding EWM),USB,0.030927835051546393
2022-07-15,1.16170491588777,1.010280483285391,0.869653273794868,0.249277409922421,0.2145711025604733,0.3116584999999999,0.3148625,0.3116584999999999,0.2139247854808858,1.4516165098967049,46.36,ST/MT Ratio (Expanding EWM),USB,0.06481481481481481
2022-10-14,1.5202459283523115,1.0447246950626448,0.687207691583788,0.406428540231166,0.2673567665755679,0.28029325,0.2928292801343676,0.28029325,0.1681126903565707,1.3631110049647546,45.1,ST/MT Ratio (Expanding EWM),USB,0.03389830508474576
2023-01-25,1.3645476252534,1.1447965591998392,0.838956836693221,0.3399971632833338,0.249050797319462,0.2396513142839629,0.274352,0.2396513142839629,0.1954400307609199,1.3128194072367163,43.65,ST/MT Ratio (Expanding EWM),USB,0.06722689075630253
2023-04-19,0.8413080554352437,0.9370043231416432,1.1137470003860737,0.3443750459887684,0.4092952543446671,0.5715571281510969,0.5355515000000001,0.5715571281510969,0.4628646592861395,1.263084155316288,34.45,ST/MT Ratio (Expanding EWM),USB,0.04347826086956522
2023-07-19,1.0783337869833565,1.1004883898685087,1.0205452181435677,0.371593535843244,0.3445774265497261,0.3558145216296071,0.39156975,0.3558145216296071,0.3609215812121626,1.5741877638073452,33.58,ST/MT Ratio (Expanding EWM),USB,0.052173913043478265
2018-04-12,0.9442478030379884,1.022994032962175,1.0833957247989685,0.1474359148237665,0.1560999260959673,0.2131284977723677,0.2180291814753243,0.2131284977723677,0.1586305800920399,1.4171529912326934,564.06,ST/MT Ratio (Expanding EWM),BLK,
2018-07-16,0.8756975451883849,1.0740772923934805,1.226539115354513,0.114418186475021,0.1306244014824659,0.1851051410894039,0.1988172287494201,0.1851051410894039,0.1545217347025297,1.588331984004318,524.52,ST/MT Ratio (Expanding EWM),BLK,
2018-10-16,1.4900552016751485,1.0992236985079045,0.7377066952097723,0.3744961911524232,0.2512517905505103,0.1912126866817408,0.2101855166559363,0.1912126866817408,0.1411649423963321,1.3445211961401269,470.9,ST/MT Ratio (Expanding EWM),BLK,
2019-01-16,0.9711279518810922,0.974589123990868,1.0035640742325165,0.171592664510445,0.1765930597195458,0.3430359891278961,0.3343191441414972,0.3430359891278961,0.1999347238731725,1.3018571021244776,378.25,ST/MT Ratio (Expanding EWM),BLK,
2019-04-16,1.238918658979855,1.1568097774943171,0.9337253653495318,0.1816397022876965,0.1466008443758683,0.1642704328353382,0.1900296428571428,0.1642704328353382,0.1157077411912446,1.4776859250271657,440.48,ST/MT Ratio (Expanding EWM),BLK,
2019-07-19,0.7312383648070871,1.1136554095584683,1.522971801202292,0.0818496536302511,0.1119138498891996,0.1816355,0.2022793571428571,0.1816355,0.1350333106723765,1.3791791591360567,454.95,ST/MT Ratio (Expanding EWM),BLK,
2019-10-15,1.0391813113531614,1.084454161249822,1.043565881528132,0.1489629010919514,0.1433375556090191,0.2247948088656915,0.2437796659017575,0.2247948088656915,0.1466685119537636,1.4224460530957166,435.71,ST/MT Ratio (Expanding EWM),BLK,
2020-01-15,1.2687327554276115,1.2085917045363923,0.9525975422058452,0.140996828751263,0.111126291875715,0.1549896194538252,0.1873191683611454,0.1549896194538252,0.1013054468682153,1.254554273124856,502.05,ST/MT Ratio (Expanding EWM),BLK,
2020-04-16,0.9746753581813364,0.8657524461843377,0.8882469828720816,0.3987753179185507,0.4090599766855269,0.954734640202927,0.8265638502126075,0.954734640202927,0.2420230693672701,1.2968465598315484,386.76,ST/MT Ratio (Expanding EWM),BLK,
2020-07-17,0.8774851609972614,0.9613237000872216,1.0955441103923371,0.2300752564288624,0.2620467756192015,0.3814429,0.3666901,0.3814429,0.3389399813926596,0.9935245930847167,555.23,ST/MT Ratio (Expanding EWM),BLK,
2020-10-13,1.1869190581401214,1.052285106057803,0.8865685480749739,0.2425624043782573,0.2043427435422874,0.2735545961156404,0.2878574271861461,0.2735545961156404,0.1426591166998593,1.392871328363907,547.38,ST/MT Ratio (Expanding EWM),BLK,
2021-01-14,1.3309786391089418,1.0743464906719464,0.8071853740576901,0.2741430177924341,0.2058518301184811,0.2413761188003731,0.2593215861651957,0.2413761188003731,0.1794954216272621,1.1823779240088914,698.18,ST/MT Ratio (Expanding EWM),BLK,
2021-04-15,0.8747077612950312,1.1039050094670144,1.2620272259075989,0.1328390639098905,0.1517952523058086,0.2455512913656767,0.2710653006196649,0.2455512913656767,0.1692323928340808,1.341816273345881,723.07,ST/MT Ratio (Expanding EWM),BLK,
2021-07-14,1.3350293832553315,1.1016037350826184,0.8251531755776574,0.2181250279754286,0.1633953403514095,0.1852170527583709,0.2040357971196158,0.1852170527583709,0.1268848316267964,1.744012198179483,876.78,ST/MT Ratio (Expanding EWM),BLK,
2021-10-13,1.2726216991218966,1.1484122217037829,0.9023987430798815,0.20757227187007,0.1630701740320582,0.202892113102263,0.233003782373945,0.202892113102263,0.1312382687715143,1.6102088826949563,916.26,ST/MT Ratio (Expanding EWM),BLK,
2022-01-14,1.0751064035248514,1.088320690244902,1.0122911431619477,0.1598552683490504,0.1486438743442076,0.256546625,0.279205,0.256546625,0.1466768881617803,1.29956630286944,914.91,ST/MT Ratio (Expanding EWM),BLK,
2022-04-13,0.9984519459721104,0.943533016189524,0.9449959209312608,0.2029427302409516,0.2031743931550868,0.4064071531690509,0.3834585670305925,0.4064071531690509,0.2315152115609442,1.4113427160881655,697.53,ST/MT Ratio (Expanding EWM),BLK,
2022-07-15,0.9120450144557888,0.9965350972940152,1.092638062265645,0.1737330000165615,0.1899928580473173,0.3643949262995156,0.3631323333333333,0.3643949262995156,0.2021867900379997,1.3985620261701603,599.9,ST/MT Ratio (Expanding EWM),BLK,
2022-10-13,1.284829387908448,0.9964639667685636,0.7755613127675188,0.2530574443319824,0.1969091201483641,0.3407145605706827,0.3395097825620705,0.3407145605706827,0.1879063376090195,1.6524174014782775,644.91,ST/MT Ratio (Expanding EWM),BLK,
2023-01-13,0.8823068195583952,1.1263109642467526,1.2765524863680464,0.1999202060737126,0.2265746550307253,0.2929803673008606,0.329987,0.2929803673008606,0.2688774134277413,1.238922562866225,711.52,ST/MT Ratio (Expanding EWM),BLK,
2023-04-14,1.2326883559149924,0.9460242328911996,0.7674480158360792,0.193710870426498,0.1571017262168742,0.39389882455177,0.3726378333333334,0.39389882455177,0.131105279060036,1.4052834448551776,631.74,ST/MT Ratio (Expanding EWM),BLK,
2023-07-14,1.054073435742921,1.1395248584474582,1.081067807808201,0.162459825624648,0.1541011717909829,0.2044197031828717,0.2329413333333333,0.2044197031828717,0.1481109912817085,1.2867881504956618,692.45,ST/MT Ratio (Expanding EWM),BLK,
2023-10-13,,1.1011856578135966,,,,0.1818363673123424,0.2002355997532766,0.1818363673123424,0.1317149619057919,1.1558520933075278,160.0,ST/MT Ratio (Expanding EWM),BLK,
2016-10-17,0.8354962916310714,0.9890717905603166,1.1838135015888966,0.155970828238644,0.1866725272796171,0.28668329209345,0.2835503570345948,0.28668329209345,0.2256418791971665,1.071040254252318,30.53,ST/MT Ratio (Expanding EWM),SCHW,0.0
2017-01-18,0.964563829924376,1.0492349125283358,1.0877817309514894,0.1841283645176381,0.1908319284847609,0.2511746862911243,0.26354125,0.2511746862911243,0.2048887915164285,1.727457063711911,38.75,ST/MT Ratio (Expanding EWM),SCHW,0.028571428571428574
2017-04-18,0.813222142942157,1.078804525941883,1.3265803634402715,0.1692567663759885,0.2080432465193897,0.2262732674270874,0.244104625,0.2262732674270874,0.2375742744717062,1.8377782758105483,42.25,ST/MT Ratio (Expanding EWM),SCHW,0.05405405405405406
2017-07-18,0.8259428634747964,1.057715414880747,1.2806157201127306,0.154699440186361,0.1872080537203757,0.2366408422769245,0.2502986666666666,0.2366408422769245,0.225231846093121,1.3408691141066895,42.46,ST/MT Ratio (Expanding EWM),SCHW,0.02564102564102564
2017-10-16,1.0725819234352598,1.0862618811771234,1.0127542311155586,0.1752883460017316,0.1633496021190956,0.2022036915624745,0.2196461623776124,0.2022036915624745,0.1517331700574892,1.2011253630203291,40.21,ST/MT Ratio (Expanding EWM),SCHW,0.024390243902439025
2018-01-17,0.8516979256912193,1.1289963096649358,1.325583021408285,0.1449802670621705,0.1702042545684431,0.2122847948645014,0.23966875,0.2122847948645014,0.2114809219237088,1.1116516009064203,51.74,ST/MT Ratio (Expanding EWM),SCHW,0.02380952380952381
2018-04-16,1.3402422351942411,1.0899068000268586,0.8132162764359523,0.268378183491297,0.1992084050767185,0.2336298514412658,0.2546347637751004,0.2336298514412658,0.1556318615051327,1.3480962529605554,55.71,ST/MT Ratio (Expanding EWM),SCHW,0.056603773584905655
2018-07-17,1.2881545791360465,1.038221417970554,0.805975800409668,0.2782586929837028,0.215983626425455,0.2432645827069262,0.2525625,0.2432645827069262,0.1837896729898214,1.5186670120855486,55.48,ST/MT Ratio (Expanding EWM),SCHW,0.03448275862068966
2018-10-15,1.033390726336609,1.162374475822193,1.1248160508879677,0.2045568887462095,0.1978963928556735,0.2058250202291925,0.2392457499999999,0.2058250202291925,0.1804871549850031,1.277419878296146,51.16,ST/MT Ratio (Expanding EWM),SCHW,0.015625
2019-01-16,1.2679301704444288,0.992164576555644,0.782507270260692,0.2632464995143097,0.2075118017100971,0.3713695581275684,0.3684597203852955,0.3713695581275684,0.1906213353076988,1.3405104154785177,40.7,ST/MT Ratio (Expanding EWM),SCHW,0.046875
2019-04-15,0.9272493324875378,1.1202421686773112,1.2081347803961533,0.181309340119527,0.1955267544625646,0.2067060896751668,0.2315608781765156,0.2067060896751668,0.1898896021795713,1.5358293477570355,45.45,ST/MT Ratio (Expanding EWM),SCHW,0.029850746268656716
2019-07-16,1.123482872685642,0.9891735870839562,0.8804527520026854,0.2846319350549229,0.2530899521379634,0.3027571525066058,0.2994793785602836,0.3027571525066058,0.2299122893104459,1.3916868320225853,40.61,ST/MT Ratio (Expanding EWM),SCHW,0.014925373134328358
2019-10-15,1.1492173207727363,1.0531775072888645,0.916430241915172,0.3868057476857292,0.3364653853130166,0.2753301551121629,0.2899715264424842,0.2753301551121629,0.2355322576638246,1.6636896223708648,43.6,ST/MT Ratio (Expanding EWM),SCHW,0.029850746268656716
2020-01-16,0.9536551972565652,1.2366797818656698,1.29677873661602,0.2263260960421426,0.2372590856454556,0.1978100549683543,0.2446276956291006,0.1978100549683543,0.281503202030102,1.357563210458719,49.49,ST/MT Ratio (Expanding EWM),SCHW,0.031746031746031744
2020-04-15,0.8453112067679572,0.7968534031668816,0.9426745993509849,0.4240578180616683,0.5015669172635345,1.2324154548610715,0.9820544493215052,1.2324154548610715,0.517488293347974,1.176738190783342,30.56,ST/MT Ratio (Expanding EWM),SCHW,0.03225806451612903
2020-07-16,0.9785648539152736,1.1314396801181743,1.156223499741732,0.3641588717179786,0.3717760179260236,0.5031953363274546,0.5693351703712923,0.5031953363274546,0.4330858426860933,1.3025660782256667,36.92,ST/MT Ratio (Expanding EWM),SCHW,0.11764705882352941
2020-10-15,1.078352137365335,1.10812867415961,1.027612999281502,0.3372215332032897,0.3125369981070351,0.3327304802200074,0.3687081858986872,0.3327304802200074,0.3052257276047949,1.438068419971813,34.75,ST/MT Ratio (Expanding EWM),SCHW,0.09803921568627451
2021-01-19,1.0093089039155896,1.119676081999546,1.10934925636323,0.338581214851855,0.3352638294948933,0.3302292117731867,0.36974975,0.3302292117731867,0.318361970553598,1.4754629425579742,51.75,ST/MT Ratio (Expanding EWM),SCHW,0.044117647058823525
2021-04-15,1.0699639745258895,1.064143876210837,0.9945604726386872,0.3028098794363589,0.2828858255723523,0.3205600950570412,0.3411220621125143,0.3205600950570412,0.2975443675708147,0.9995254627353016,65.47,ST/MT Ratio (Expanding EWM),SCHW,0.0410958904109589
2021-07-16,0.9960259024480989,1.0714152285297238,1.0756901260261686,0.2493090447116089,0.2502882287489109,0.2685573333333333,0.2877364166666666,0.2685573333333333,0.2525828460791966,0.809162797218601,73.75,ST/MT Ratio (Expanding EWM),SCHW,0.02631578947368421
2021-10-15,0.9528483465520492,1.0764901516962475,1.1297602137754714,0.2301983266343061,0.2414751313529329,0.2795828333333333,0.3009681666666667,0.2795828333333333,0.2338074047200312,1.358035059410298,71.15,ST/MT Ratio (Expanding EWM),SCHW,0.024999999999999998
2022-01-18,0.9597418132352918,1.0200643336883548,1.0628528627399445,0.2224161745852871,0.2316873260045843,0.3267901729243702,0.3333469999999999,0.3267901729243702,0.2365620170846774,1.1908652071775463,80.68,ST/MT Ratio (Expanding EWM),SCHW,0.02380952380952381
2022-04-18,1.3374544093738667,1.042312932180465,0.7793259530008405,0.5453302498655078,0.4076017086980695,0.3244989959900443,0.3382295,0.3244989959900443,0.3422746816276709,1.342948156854899,90.0,ST/MT Ratio (Expanding EWM),SCHW,0.04761904761904762
2022-07-18,0.61995168294452,1.0423557380224568,1.681349961131952,0.1340788166980741,0.2162437144102691,0.4158623435242806,0.4334765,0.4158623435242806,0.281226433051874,1.273798191032138,59.99,ST/MT Ratio (Expanding EWM),SCHW,0.043478260869565216
2022-10-17,1.3272369822348908,1.0961207028459132,0.8258666067307675,0.3410219258714615,0.2568446434728231,0.337139645849903,0.369545745566218,0.337139645849903,0.2060245037966366,1.2803274707739272,71.87,ST/MT Ratio (Expanding EWM),SCHW,0.03773584905660377
2023-01-18,1.17779636120623,1.1571672669490225,0.9824850076493016,0.333224080879528,0.2827731612394528,0.2650866268471284,0.3067495674934269,0.2650866268471284,0.2674407517171014,1.276245009455768,78.26,ST/MT Ratio (Expanding EWM),SCHW,0.03636363636363636
2023-04-17,0.8328951601011907,0.9517109262607736,1.142653927950725,0.4655968774519545,0.5589983971691913,0.7739323491789968,0.7365598729003194,0.7739323491789968,0.6611813694750645,1.2367682398425732,56.41,ST/MT Ratio (Expanding EWM),SCHW,0.04255319148936171
2023-07-18,1.4473962905939917,1.2087105113632626,0.8350930005957279,0.6274185707051064,0.4335060753971793,0.2920204784365313,0.3529682218195643,0.2920204784365313,0.3110714681004622,1.1389857334691753,54.4,ST/MT Ratio (Expanding EWM),SCHW,0.05333333333333334
2015-01-21,1.5190437322615804,1.0640565915363938,0.7004779184021296,0.2919395019209175,0.1921307436541051,0.1762695250345478,0.18756075,0.1762695250345478,0.1252039345419945,1.184879517414366,93.62,ST/MT Ratio (Expanding EWM),AXP,
2015-04-16,1.0639116269095177,0.9481912257008968,0.8912311903717333,0.2172219572932571,0.2041014507393478,0.2315005099762109,0.2195067523047261,0.2315005099762109,0.2341384199487775,1.196988449518485,81.06,ST/MT Ratio (Expanding EWM),AXP,0.051094890510948905
2015-07-22,1.0919427800159236,1.1546756963966749,1.0574507359990386,0.1110945402837002,0.1017130183462059,0.1423278419324607,0.1643425,0.1423278419324607,0.1143346561233038,2.3755872864935608,81.25,ST/MT Ratio (Expanding EWM),AXP,0.030303030303030304
2015-10-21,1.5991073552507948,1.145647691750166,0.7164295054915116,0.3776011651644409,0.2361062627694826,0.1937858688426072,0.2220103333333333,0.1937858688426072,0.1514630104450302,1.7527791650481843,76.74,ST/MT Ratio (Expanding EWM),AXP,0.030534351145038167
2016-01-21,1.757139844257014,1.1458284896143005,0.6520986325358756,0.7621331757927611,0.4335833550907865,0.1813631666666667,0.2078110833333333,0.1813631666666667,0.1338872764248428,1.2371112370280262,68.85,ST/MT Ratio (Expanding EWM),AXP,0.026548672566371685
2016-04-20,0.7025861712516122,1.28575423305741,1.830030657687044,0.1545679679661832,0.2199294321520349,0.1837209584278713,0.23622,0.1837209584278713,0.2781614286211699,1.1126189177830492,61.21,ST/MT Ratio (Expanding EWM),AXP,0.08955223880597014
2016-07-20,0.8734595044443161,1.047930153106822,1.1997466943513335,0.1314654837043573,0.150489294985559,0.2259087586115751,0.2367366,0.2259087586115751,0.1577016787390682,1.6548664408029683,62.3,ST/MT Ratio (Expanding EWM),AXP,0.08290155440414508
2016-10-19,1.6842202849332275,1.2565702013470996,0.7460842341041614,0.5026033480600226,0.2983039961614997,0.1771997296778917,0.2226639,0.1771997296778917,0.1033603596831381,1.5604648953035372,64.06,ST/MT Ratio (Expanding EWM),AXP,0.052083333333333336
2017-01-19,0.7495804006880764,1.271841213868281,1.696737551703321,0.1191862980102948,0.1589900944495217,0.1851705208417554,0.2355075,0.1851705208417554,0.2011505573079127,1.2851085240980695,75.06,ST/MT Ratio (Expanding EWM),AXP,0.030927835051546393
2017-04-19,1.6400082457059122,1.3114095156362715,0.7996359280936413,0.2863248902728844,0.1744967312729669,0.1395765379292611,0.183042,0.1395765379292611,0.1053750265116269,1.0575569622456498,78.85,ST/MT Ratio (Expanding EWM),AXP,0.054263565891472874
2017-07-19,0.7609464959230879,1.3449416140080972,1.767458843971122,0.0715621892893456,0.0940416702373867,0.1361480237877749,0.1831111428571428,0.1361480237877749,0.1105363194304829,1.1328763807976212,81.88,ST/MT Ratio (Expanding EWM),AXP,0.04195804195804196
2017-10-18,1.0650452114278612,1.323706547739847,1.2428641841084,0.0958295642790199,0.0899704261532023,0.1337824030254376,0.1770886428571428,0.1337824030254376,0.0875173143540376,1.076449125567468,87.87,ST/MT Ratio (Expanding EWM),AXP,0.02040816326530612
2018-01-18,1.1305269297859442,1.5009909352669366,1.3276914469884735,0.133793442980825,0.1182875981233168,0.1266332002734465,0.1900752857142857,0.1266332002734465,0.1027919085202477,1.3147268242414634,99.15,ST/MT Ratio (Expanding EWM),AXP,0.01948051948051948
2018-04-18,1.646110175494723,1.08970117919495,0.6619855678052963,0.4416475965593928,0.2682009021531211,0.2198855104268298,0.2396094999999999,0.2198855104268298,0.149586631994401,1.402556086190024,94.84,ST/MT Ratio (Expanding EWM),AXP,0.047058823529411764
2018-07-18,1.0744397528248075,1.1093685724841065,1.0325088675911955,0.1810134635757811,0.1684269120844012,0.1943783334359814,0.2156372142857143,0.1943783334359814,0.1722594035462653,1.2221010111926938,98.47,ST/MT Ratio (Expanding EWM),AXP,0.03296703296703297
2018-10-18,1.485757633217024,1.3192990187638018,0.8879638167546889,0.2259551704099691,0.1520565555157135,0.1397345751640878,0.1843516879013577,0.1397345751640878,0.1204216485705199,1.2586374038522663,109.64,ST/MT Ratio (Expanding EWM),AXP,0.017045454545454544
2019-01-17,0.924987474190906,1.046435964110165,1.131297442730769,0.1336817226207043,0.1445016920218474,0.2874804569607101,0.3008298891425115,0.2874804569607101,0.1535267775662284,1.562489747302203,101.02,ST/MT Ratio (Expanding EWM),AXP,0.0111731843575419
2019-07-19,1.3492536602005394,1.3088178514544877,0.970030980875722,0.1409701062094278,0.1044859957516346,0.1634287,0.2138984,0.1634287,0.0921275202925544,1.3480184349719977,124.68,ST/MT Ratio (Expanding EWM),AXP,0.024630541871921187
2019-10-18,1.182499622823148,1.2106114291305297,1.0237732053057798,0.1514298964347223,0.1277217006800327,0.1819246,0.22024,0.1819246,0.1236586812323471,1.402688349370695,118.74,ST/MT Ratio (Expanding EWM),AXP,0.03448275862068966
2020-01-24,1.445856429946151,1.338460405384154,0.9257215154024686,0.225255420945789,0.1557300614588105,0.1363497188754124,0.1824987,0.1363497188754124,0.1236129264428602,1.5949131699709067,124.74,ST/MT Ratio (Expanding EWM),AXP,0.01485148514851485
2021-01-26,0.9928684487372564,1.0441492133776935,1.051649102865195,0.3686232845305463,0.3711495288571418,0.3101872757747739,0.3238818,0.3101872757747739,0.4294188974491563,1.2294055171941234,118.36,ST/MT Ratio (Expanding EWM),AXP,0.14728682170542634
2022-01-25,1.4319383897901812,1.1555576360503297,0.8069883762384854,0.5313478414075313,0.3709526949524788,0.2542041096314524,0.2937475,0.2542041096314524,0.2671121967685673,1.2662981237314148,164.39,ST/MT Ratio (Expanding EWM),AXP,0.12849162011173185
2023-04-20,0.6920457651434138,1.0702589719743176,1.546514733389816,0.1627173552117037,0.2350440404322692,0.2874134591610924,0.3076068333333333,0.2874134591610924,0.2969495208789551,1.506806183244439,164.56,ST/MT Ratio (Expanding EWM),AXP,0.08582089552238806
2015-04-23,0.9880677411144372,1.21572752131323,1.230409081002904,0.1351686336292142,0.136756309474557,0.1532303333333333,0.1862863333333333,0.1532303333333333,0.1548087945282509,1.960814783704326,80.14,ST/MT Ratio (Expanding EWM),COF,0.0641711229946524
2015-07-23,1.7604936504287731,1.1693778414634344,0.6642329219299536,0.6378977226923394,0.3621586525862175,0.1321470714285714,0.1545298571428571,0.1321470714285714,0.1028991610399771,2.410543372286228,89.38,ST/MT Ratio (Expanding EWM),COF,0.03571428571428572
2015-10-22,1.4841964412243858,1.149475370621837,0.774476571088918,0.4053675232233387,0.2730631709499273,0.2475415515103523,0.2845429166666667,0.2475415515103523,0.222827497897473,1.0537625984985806,73.68,ST/MT Ratio (Expanding EWM),COF,0.0663265306122449
2016-01-26,1.5368358309867791,1.2343129583680932,0.8031521217042158,0.3908803393156091,0.2543213446936264,0.2225755076707254,0.2747278333333334,0.2225755076707254,0.1729640566269542,1.0300846998156603,73.15,ST/MT Ratio (Expanding EWM),COF,0.05421686746987952
2016-04-26,1.1238639744146968,1.210008283010075,1.076650120082585,0.2373829689864954,0.2111527765947402,0.2288336263653725,0.2768905833333334,0.2288336263653725,0.1968093434915723,1.3388269337961187,69.2,ST/MT Ratio (Expanding EWM),COF,0.04591836734693878
2016-07-21,0.8751717774991583,1.0336280803311333,1.181057372856299,0.2194112406646914,0.2506145042428412,0.2942022110789081,0.3040956666666667,0.2942022110789081,0.2455344875724407,0.8216306702996785,64.25,ST/MT Ratio (Expanding EWM),COF,0.031746031746031744
2016-10-25,0.8871214764008292,1.136461346336024,1.2810662085950169,0.1180394999454048,0.1330427240761421,0.2269349070529183,0.25790275,0.2269349070529183,0.1432655694647648,2.029894011749751,70.81,ST/MT Ratio (Expanding EWM),COF,0.05102040816326531
2017-01-24,0.9473050150228532,1.25096801246887,1.3205546182384469,0.1907256124574082,0.2013179788169689,0.221523135988062,0.2771183571428571,0.221523135988062,0.2142541311472686,1.4596804962676684,89.68,ST/MT Ratio (Expanding EWM),COF,0.0736196319018405
2017-04-25,1.187840091689072,1.0648542568973558,0.8964626336051393,0.2257028072199965,0.1900076554294834,0.251221645819112,0.2675144389752412,0.251221645819112,0.1657772108191594,1.6809594738084004,82.13,ST/MT Ratio (Expanding EWM),COF,0.04040404040404041
2017-07-20,1.6507631940993066,1.0876447549957926,0.6588738826281113,0.4756083096713237,0.2880005594613161,0.2050429753302395,0.2230139166666667,0.2050429753302395,0.1548612505391795,1.253421732188266,81.22,ST/MT Ratio (Expanding EWM),COF,0.04166666666666667
2017-10-24,1.0175708264489016,1.2861058113159942,1.263898077546327,0.1780863605145556,0.1750155221223565,0.1902376799494701,0.2446657857142857,0.1902376799494701,0.1859771418454205,1.3376494581110423,82.48,ST/MT Ratio (Expanding EWM),COF,0.041474654377880185
2018-01-23,0.7641110580169918,1.2265052989201584,1.605140098486684,0.1162840647344951,0.152171706975611,0.1932673400395129,0.2370434166666666,0.1932673400395129,0.1787601524229142,0.7707023486434686,100.5,ST/MT Ratio (Expanding EWM),COF,0.058823529411764705
2018-04-24,1.577963108871521,1.0545848671123077,0.6683203562765755,0.3035113666144113,0.1924027825206788,0.275949815965839,0.2910125,0.275949815965839,0.1240737372669907,1.2939436602697347,95.07,ST/MT Ratio (Expanding EWM),COF,0.08928571428571429
2018-07-19,1.1761257443275612,1.1414436758124444,0.970511598200798,0.2167755779390766,0.1843018069424652,0.2116067508351485,0.2415371875,0.2116067508351485,0.163953875923915,2.150170102061237,96.34,ST/MT Ratio (Expanding EWM),COF,0.051383399209486175
2018-10-23,1.3161187111702723,1.1470157215883718,0.8715138777781399,0.2177990703050408,0.1654858829459049,0.1831213457206456,0.2100430625,0.1831213457206456,0.1424492804839529,0.9558304519609908,97.63,ST/MT Ratio (Expanding EWM),COF,0.04912280701754386
2019-01-22,1.5671228728718425,0.9638173236398976,0.6150234549723897,0.3994193459271672,0.2549057639079243,0.4276288824561428,0.412156125,0.4276288824561428,0.1622153331726225,1.2657946710336732,70.78,ST/MT Ratio (Expanding EWM),COF,0.0743801652892562
2019-04-25,1.4652158836287368,1.1543436097802604,0.787831760956226,0.3369819933013824,0.2299542421568942,0.2264227604780701,0.2613696666666667,0.2264227604780701,0.1777905137851304,1.2347817752698609,80.66,ST/MT Ratio (Expanding EWM),COF,0.06642066420664207
2019-07-18,1.156258586590037,1.1339999531994052,0.980749432999866,0.2292708629752055,0.1982767795634968,0.2247693144506488,0.2548883920676982,0.2247693144506488,0.1792574289672126,1.5101218054102523,91.29,ST/MT Ratio (Expanding EWM),COF,0.04895104895104896
2019-10-24,0.8736044563463521,1.1050495670751803,1.2649312386715537,0.1391400906582252,0.1592459101157896,0.246645104795376,0.2725550662753427,0.246645104795376,0.1870547971533868,1.648556086253845,91.35,ST/MT Ratio (Expanding EWM),COF,0.05263157894736842
2020-01-21,1.5323889749195665,1.342200153883753,0.8758873731483247,0.2741237167539231,0.1788507375860011,0.1625132059244956,0.21812525,0.1625132059244956,0.1342461758055493,1.12268268885123,102.93,ST/MT Ratio (Expanding EWM),COF,0.08296943231441048
2020-04-23,0.999641858029829,0.7951026021255837,0.7953874637589037,0.7361170008648025,0.7361601678185355,0.9227425467337592,0.7336750000000001,0.9227425467337592,0.6824614690029766,1.237124084252258,50.91,ST/MT Ratio (Expanding EWM),COF,0.08540925266903913
2020-07-21,0.8155305118637841,0.9239459947682866,1.1329385980381457,0.439018986482909,0.5382386936873044,0.6279528585991481,0.5801945286059791,0.6279528585991481,0.6452950461385663,1.1146409860141306,68.3,ST/MT Ratio (Expanding EWM),COF,5.203389830508475
2020-10-22,0.9341092943804356,1.052857975019763,1.1271250391723056,0.3497628571313355,0.3743707336047351,0.4679682461357159,0.4927041,0.4679682461357159,0.4627632240838653,1.0949514695610985,69.96,ST/MT Ratio (Expanding EWM),COF,0.726027397260274
2021-01-26,1.1928222406105784,1.098299730949558,0.920757254146572,0.4677099719802142,0.3920471967145775,0.365203756494794,0.4011031875,0.365203756494794,0.3664181298613956,1.1651072455798432,97.55,ST/MT Ratio (Expanding EWM),COF,0.23387096774193547
2021-04-27,0.9946220764843084,1.1238558748284846,1.1299325657449502,0.2752557731603597,0.2767159741657799,0.3351366117630351,0.37664525,0.3351366117630351,0.3028809687202664,0.9267662049380572,126.49,ST/MT Ratio (Expanding EWM),COF,0.14400000000000002
2021-07-22,1.0406304611574817,1.0977882046717424,1.0549260718840432,0.2773298148475093,0.2664184967033982,0.2846499279219089,0.3124853333333333,0.2846499279219089,0.2645089632978489,1.362934778596651,154.89,ST/MT Ratio (Expanding EWM),COF,0.14874141876430205
2021-10-26,1.2991085761332557,1.1458004488956717,0.8819897504688182,0.4350790171021952,0.3347217968929679,0.2786811615475936,0.319313,0.2786811615475936,0.2703702709401915,1.422909624773806,169.76,ST/MT Ratio (Expanding EWM),COF,0.12549019607843137
2022-01-25,1.2965745853705295,1.1007435487802324,0.8489627678963539,0.3862316933782699,0.2978654629714024,0.2852453692305833,0.313982,0.2852453692305833,0.2632410571832952,1.149898389738068,145.89,ST/MT Ratio (Expanding EWM),COF,0.07196969696969696
2022-04-26,1.2472705908611923,1.1335369527840402,0.908813982378416,0.3914225835454687,0.3137317108357519,0.3267748784812402,0.3704114,0.3267748784812402,0.3103568092210215,1.15532854505753,133.25,ST/MT Ratio (Expanding EWM),COF,0.04891304347826088
2022-07-21,1.114748345985036,1.0289124523308766,0.9229997568838628,0.3327217495623876,0.2984318231487157,0.4658574195638744,0.4793265000000001,0.4658574195638744,0.3167238730588691,1.3693792273492085,106.46,ST/MT Ratio (Expanding EWM),COF,0.06225680933852141
2022-10-27,0.9949787381202468,0.9673846001787708,0.9722666054215312,0.2345858962594474,0.235692729812586,0.5019077985221942,0.485537875,0.5019077985221942,0.2437539576635818,1.2838175442135278,91.39,ST/MT Ratio (Expanding EWM),COF,0.0642023346303502
2023-01-24,1.3715948351396727,1.1848250530950957,0.8638302089949487,0.5282360421335165,0.3850052832771127,0.3442336266730383,0.407856625,0.3442336266730383,0.3155418087313726,1.3586146369146406,90.69,ST/MT Ratio (Expanding EWM),COF,0.11735941320293398
2023-04-27,0.914771294783014,1.0978370160244422,1.2001218471605537,0.2472663465650526,0.2681884861987768,0.411746,0.45203,0.411746,0.3051231168969168,1.29290624975669,91.12,ST/MT Ratio (Expanding EWM),COF,0.18159806295399517
2023-07-20,0.9474137423502406,1.2668175680796732,1.337132354589971,0.2265990739580552,0.2389140800392032,0.2779944870308677,0.3521683,0.2779944870308677,0.2790949562478009,1.455355822267436,109.12,ST/MT Ratio (Expanding EWM),COF,0.08771929824561403
2018-07-13,0.9319448842715397,1.0330279839991192,1.108464675790985,0.1548754319249407,0.1661028533528467,0.19584425,0.2023125907553195,0.19584425,0.1749536362656615,1.5766894153618642,145.6,ST/MT Ratio (Expanding EWM),PNC,0.011583011583011582
2018-10-12,1.6186799219936396,1.1078413848419844,0.6844104073877166,0.412573809466264,0.2549930546101684,0.174271,0.1930646259777974,0.174271,0.1161862474320408,1.7234323720696567,141.31,ST/MT Ratio (Expanding EWM),PNC,0.010989010989010988
2019-01-16,0.8022256123737246,0.9996889427258312,1.2461443854526504,0.151453870216722,0.188764026666987,0.3140518691326078,0.3139541810142478,0.3140518691326078,0.2261865575880896,1.5942494771739988,118.32,ST/MT Ratio (Expanding EWM),PNC,0.014336917562724014
2019-04-12,1.0580178510640543,1.0115311512576235,0.9560624617442148,0.2020971522172427,0.1910018068754826,0.1888738,0.1910517323564022,0.1888738,0.1536669673785437,1.328965519967429,128.93,ST/MT Ratio (Expanding EWM),PNC,0.015325670498084292
2019-07-17,0.9683357955052666,1.0489171629489826,1.0832163468682572,0.1425171098643244,0.1471282954896966,0.2240760734781589,0.2350372392774583,0.2240760734781589,0.1663566043493836,1.604964211598117,132.54,ST/MT Ratio (Expanding EWM),PNC,0.0176678445229682
2019-10-16,0.7032771665024709,1.0331197525951987,1.469007955615987,0.1039885696667441,0.1478631530207868,0.2185884440354741,0.2258280392220985,0.2185884440354741,0.1918662818634114,0.985008226532733,140.5,ST/MT Ratio (Expanding EWM),PNC,0.0176678445229682
2020-01-15,1.3912010514567026,1.1310901095412853,0.8130313791503683,0.2074683873144586,0.1490772836748984,0.1589238172818131,0.1797571578980052,0.1589238172818131,0.1046880337348308,1.105885960078918,159.0,ST/MT Ratio (Expanding EWM),PNC,0.023890784982935155
2020-04-15,1.3079469901471172,0.8493117681909489,0.6493472400555154,0.704548412583843,0.5358693172198646,1.1740192147867328,0.9971083352006694,1.1740192147867328,0.3412750208445472,1.2305078064529515,89.97,ST/MT Ratio (Expanding EWM),PNC,0.021818181818181816
2020-07-15,0.8236797177974563,0.8917009197847723,1.082582101413407,0.2932493108107026,0.3559760061293134,0.5853490488643921,0.52195628526752,0.5853490488643921,0.4476428888535761,1.317486197255063,112.97,ST/MT Ratio (Expanding EWM),PNC,1.1894736842105262
2020-10-14,0.9216091027217692,1.0276685300124624,1.1150807071864524,0.2497340676686245,0.2709512469984831,0.341210777885731,0.350651578534238,0.341210777885731,0.2725802265094478,1.1692582828164095,114.18,ST/MT Ratio (Expanding EWM),PNC,0.30379746835443033
2021-01-15,0.978215630997086,1.0980006320774447,1.1224525526731393,0.3069290801405962,0.3137357259159044,0.2927440634150702,0.3214331666666667,0.2927440634150702,0.3472494472099671,0.9714236610644956,145.25,ST/MT Ratio (Expanding EWM),PNC,0.03529411764705882
2021-04-16,1.0260921685863638,1.0970546248658983,1.0691579747434372,0.2949207265071124,0.2873973651864417,0.2706276666666666,0.2968933333333333,0.2706276666666666,0.2787744623161866,1.1359365653202946,178.43,ST/MT Ratio (Expanding EWM),PNC,0.1
2021-07-14,1.002017506565255,1.0276041068251225,1.025535083062145,0.2229468834553327,0.2223760778722254,0.2388855161657682,0.2454797374729825,0.2388855161657682,0.2064682599598025,1.0209134762166454,187.11,ST/MT Ratio (Expanding EWM),PNC,0.11764705882352941
2021-10-15,1.1991422701266663,1.070646857929839,0.8928438973440121,0.2256894683681629,0.187813940778737,0.2492026180470838,0.266808,0.2492026180470838,0.1738267595407308,1.2053933831976107,190.18,ST/MT Ratio (Expanding EWM),PNC,0.13897280966767372
2022-01-18,1.1650832333097387,1.0090490415721451,0.8660746397539894,0.2950658149613813,0.2531559962529437,0.2967502218089276,0.2994355269026199,0.2967502218089276,0.2175141753048156,1.408023322018711,192.55,ST/MT Ratio (Expanding EWM),PNC,0.14596273291925463
2022-04-14,0.8963703479676767,0.9386190132745696,1.047133046516635,0.2029755948725982,0.2263902806654715,0.3719150103108805,0.3490865,0.3719150103108805,0.2587471327260353,1.415917751689008,185.24,ST/MT Ratio (Expanding EWM),PNC,0.075
2022-07-15,1.0008111794169976,0.9646290878132128,0.9638472347752328,0.1811777308942449,0.1809955242047422,0.3569377124844398,0.3443124999999999,0.3569377124844398,0.1935230991293847,1.416195779117366,156.51,ST/MT Ratio (Expanding EWM),PNC,0.05714285714285714
2022-10-14,1.1826902022444712,0.999875370823297,0.845424582807709,0.1925390100485569,0.162573517089127,0.2999126278638935,0.29987525,0.2999126278638935,0.1265756695758624,1.64006707104354,162.41,ST/MT Ratio (Expanding EWM),PNC,0.03234501347708895
2023-01-18,1.262480611372934,1.1346420012564007,0.8987401398762789,0.3413945240835798,0.2702288722430693,0.2611701529397516,0.296334625,0.2611701529397516,0.2485474736275175,1.438652379939856,150.16,ST/MT Ratio (Expanding EWM),PNC,0.0327455919395466
2023-04-14,0.9114306610783828,0.9106918705344612,0.9991894166221628,0.2515142200330244,0.2757044406044119,0.566421,0.515835,0.566421,0.2765139883794702,1.333647890097506,125.05,ST/MT Ratio (Expanding EWM),PNC,0.05675675675675675
2023-07-18,0.9117576264890794,1.0796268360277084,1.1841160464816134,0.2277808342595076,0.249788782527798,0.2727863367752692,0.2945074496842728,0.2727863367752692,0.2851528909899068,1.633106963840452,128.47,ST/MT Ratio (Expanding EWM),PNC,0.0513595166163142
2023-10-13,,1.121563426631415,,,,0.2467095005647601,0.2767003528359374,0.2467095005647601,0.1907740044065508,1.4335445503414963,160.0,ST/MT Ratio (Expanding EWM),PNC,0.07419354838709677
2023-04-20,0.9778541174940012,1.0632715874773553,1.0873519561407154,0.4772321533266026,0.4879400616282337,0.5903029018383482,0.6276523035301499,0.5903029018383482,0.607125392071126,1.435604906292854,33.7,ST/MT Ratio (Expanding EWM),TFC,0.05128205128205128
2023-07-20,1.140685672927929,1.0381261475982442,0.9100895822891912,0.4318134594893927,0.3785179444371885,0.3889739228071852,0.403804,0.3889739228071852,0.391892629803915,1.379820072362202,31.35,ST/MT Ratio (Expanding EWM),TFC,0.07407407407407407
2017-04-20,1.0822042602105082,1.0399185363387953,0.9609263006749876,0.2464274822392383,0.2276305836411378,0.2708981426485708,0.281712,0.2708981426485708,0.2325949239572238,1.5995740265813256,16.9,ST/MT Ratio (Expanding EWM),KEY,0.07142857142857142
2017-07-20,1.1754501621006728,1.0803348429562547,0.9190817933323218,0.2471750752079788,0.2102478743844585,0.2169179319985045,0.2343439999999999,0.2169179319985045,0.1892667990513568,1.5517982433786928,18.57,ST/MT Ratio (Expanding EWM),KEY,0.06060606060606061
2017-10-19,1.0616261762809371,1.1546831472642387,1.087655121042038,0.1845365752353636,0.1737238555736641,0.2181455584562692,0.251889,0.2181455584562692,0.1960372157108513,1.3636594212088162,18.12,ST/MT Ratio (Expanding EWM),KEY,0.028571428571428574
2018-01-18,1.0161939284184844,1.153196694159908,1.134819508275003,0.1747122581581146,0.1718709822048515,0.2000146645998068,0.23065625,0.2000146645998068,0.1900068021492926,1.4754676413674477,20.12,ST/MT Ratio (Expanding EWM),KEY,0.05714285714285715
2018-04-19,1.3629729596411628,1.0961320909506989,0.8042214507610506,0.3286708135073995,0.241147675850668,0.231598,0.253862,0.231598,0.1699373101708731,0.6636158362845136,20.93,ST/MT Ratio (Expanding EWM),KEY,0.02564102564102564
2018-07-19,1.0108675349211198,1.1244608191345906,1.1123720767452827,0.1959982119698108,0.1938557674486821,0.2191196845699152,0.2463914999999999,0.2191196845699152,0.1959272501835984,1.6688403346185936,20.57,ST/MT Ratio (Expanding EWM),KEY,0.02380952380952381
2018-10-18,1.1412713331177706,1.1472095900765416,1.0052031947061604,0.2637280962117556,0.2310455360733075,0.1972378767985182,0.2262731837895955,0.1972378767985182,0.1899699012400786,1.3680507175700152,19.74,ST/MT Ratio (Expanding EWM),KEY,0.022222222222222223
2019-01-17,1.1431761240906104,1.007199264096244,0.881053446508485,0.2868627048672738,0.2508888492345611,0.3776381624468027,0.3803568793110775,0.3776381624468027,0.2345727137611726,1.21440493230223,14.78,ST/MT Ratio (Expanding EWM),KEY,0.021276595744680854
2019-07-23,1.150643990834417,1.0109948197012848,0.878633902192578,0.2340232977716267,0.2033848763168026,0.2799722555290955,0.2830505,0.2799722555290955,0.2041642396654738,0.8901210396386986,17.1,ST/MT Ratio (Expanding EWM),KEY,0.045454545454545456
2019-10-17,0.8818130363457378,1.0253296430180912,1.1627517407398409,0.1822587741237117,0.2066441874619358,0.2781787366435223,0.2852249047379263,0.2781787366435223,0.261038286942528,1.0408158894442496,18.13,ST/MT Ratio (Expanding EWM),KEY,0.06521739130434782
2020-01-23,1.0242635910131574,1.1809294729884523,1.152954652835339,0.1542947177430473,0.1505997207474028,0.1863718410236952,0.220092,0.1863718410236952,0.1584788413992738,1.018475803714718,20.35,ST/MT Ratio (Expanding EWM),KEY,0.020833333333333336
2020-07-22,0.989271767595342,0.9731227725918108,0.9836758760003984,0.5598254263821887,0.5656984163855908,0.6052961831642136,0.5890275,0.6052961831642136,0.6004357229444159,1.180918015259756,13.39,ST/MT Ratio (Expanding EWM),KEY,2.3636363636363638
2020-10-21,1.1819948614920155,1.0377970271024295,0.8780046859022997,0.4475185047565097,0.3785817039199874,0.4370647517332228,0.4535845,0.4370647517332228,0.3737908917499533,1.055370882992236,12.05,ST/MT Ratio (Expanding EWM),KEY,0.33333333333333337
2021-01-21,0.7851950085297754,1.0728834042518698,1.3663910144573783,0.352720601058132,0.4491891114743115,0.37008425,0.39705725,0.37008425,0.5045613147222798,1.2118039668035694,15.74,ST/MT Ratio (Expanding EWM),KEY,0.07142857142857142
2021-04-20,0.9045424947407316,1.0666380734212548,1.179201728634081,0.2846397752385759,0.3145997343841642,0.3447143967218835,0.3676855,0.3447143967218835,0.3460689391680124,1.1560209523854896,19.92,ST/MT Ratio (Expanding EWM),KEY,0.10869565217391304
2021-07-20,1.0713387264441796,1.073292325371095,1.0018235119096268,0.3029078876560583,0.2826845239857449,0.2843423853743498,0.3051825,0.2843423853743498,0.2852185500277209,3.293966142807987,20.59,ST/MT Ratio (Expanding EWM),KEY,0.07547169811320754
2021-10-21,0.8119595312532955,1.0300631914881508,1.2686139540701034,0.1706911247375903,0.210210770369345,0.3041852214399841,0.31333,0.3041852214399841,0.2370385895224119,1.048685242577288,19.93,ST/MT Ratio (Expanding EWM),KEY,0.05555555555555555
2023-04-20,0.7104544721412068,1.011669975626838,1.423975800416614,0.4691222784698687,0.6603474051982369,0.6765462220779214,0.6844415,0.6765462220779214,0.8689027374145174,1.255218258299361,12.76,ST/MT Ratio (Expanding EWM),KEY,0.10416666666666667
2023-07-20,1.060404320339848,1.1383132909214375,1.073471004490646,0.5529524838346315,0.5214578673078276,0.4632042023977302,0.5272715,0.4632042023977302,0.5653607855853389,1.2422993175602115,9.85,ST/MT Ratio (Expanding EWM),KEY,0.16216216216216217
2015-01-20,1.1963213821533416,1.175746664248108,0.9828016800400242,0.1658610217706278,0.1386181192829065,0.1227836781423658,0.1443625,0.1227836781423658,0.1149760028336369,1.3293765888943827,106.74,ST/MT Ratio (Expanding EWM),JNJ,
2015-04-14,0.9078059654140684,1.0301935576527093,1.134816906807632,0.1050899734780796,0.1157258198903937,0.1458479520688545,0.150251620618175,0.1458479520688545,0.1345113379804124,1.3776454183103053,101.06,ST/MT Ratio (Expanding EWM),JNJ,0.0392156862745098
2015-07-14,1.1629013690139376,1.0799863768258828,0.9286998928736656,0.0848307132635158,0.0727986434683519,0.1383199934799842,0.1493837086010279,0.1383199934799842,0.0731579039748125,1.7426121024006107,97.49,ST/MT Ratio (Expanding EWM),JNJ,0.05325443786982249
2015-10-13,1.0557855327473744,0.9750139307522948,0.9234962030736534,0.1487347187357185,0.1408536411369633,0.2141326148308368,0.2087822824884813,0.2141326148308368,0.0984034025739804,2.512857142857143,93.32,ST/MT Ratio (Expanding EWM),JNJ,0.027586206896551727
2016-01-26,1.476541040657955,1.092788802628845,0.740100527203695,0.2195894104577468,0.1486985216823033,0.1344466100371459,0.14692175,0.1344466100371459,0.0907693001249766,1.626371684022919,103.22,ST/MT Ratio (Expanding EWM),JNJ,0.007042253521126761
2016-04-19,0.8159133891833799,1.171210004235331,1.43545873834422,0.1038850729826824,0.1272881341389908,0.1252254074586359,0.14666525,0.1252254074586359,0.1507165469686286,1.967871139084716,107.28,ST/MT Ratio (Expanding EWM),JNJ,0.03614457831325301
2016-07-19,1.0897369374814243,1.0568551983758705,0.9698259846256568,0.1385169163432505,0.1270766897951001,0.135196264558831,0.142882875,0.135196264558831,0.0920957837611845,2.8032355639114845,116.54,ST/MT Ratio (Expanding EWM),JNJ,0.02958579881656805
2016-10-18,1.4567319571655215,1.1637703069227308,0.7988911763748018,0.1886743732768049,0.1295276367006331,0.1110227673205092,0.129205,0.1110227673205092,0.0941120906309886,2.122457524405562,117.66,ST/MT Ratio (Expanding EWM),JNJ,0.024242424242424246
2017-01-24,1.1024116866113831,1.2045396194010916,1.0926404663793354,0.1532134719465296,0.1388442615862979,0.1239740873565031,0.1493317,0.1239740873565031,0.1464787612845318,1.4818832367321826,115.96,ST/MT Ratio (Expanding EWM),JNJ,0.012738853503184712
2017-04-18,1.320413361383474,1.1271872852426992,0.8536624349678494,0.1585503657822629,0.1200209943920983,0.1097245343513344,0.1236801,0.1097245343513344,0.0962907586048289,1.2608258403082844,128.07,ST/MT Ratio (Expanding EWM),JNJ,0.02840909090909091
2017-07-18,1.1184561034033174,1.1499110548997171,1.0281235458420643,0.1223765576229408,0.1093832446633554,0.1058765366949338,0.1217486,0.1058765366949338,0.1006887951360269,1.2086192871043278,134.07,ST/MT Ratio (Expanding EWM),JNJ,0.0223463687150838
2017-10-17,1.2847963538020657,1.1977628254941657,0.9322588921969276,0.1888744036557295,0.1469732085431397,0.1075928783704164,0.12887075,0.1075928783704164,0.1201308280593506,1.094935767292075,135.38,ST/MT Ratio (Expanding EWM),JNJ,0.01675977653631285
2018-01-23,1.511169278410568,1.3048756854162529,0.8634874358938183,0.2491898636912831,0.1648932480899049,0.1009444818936767,0.13172,0.1009444818936767,0.1096101441914409,1.754146150949186,140.12,ST/MT Ratio (Expanding EWM),JNJ,0.011627906976744186
2018-04-17,1.0863785323866983,1.0821179873545044,0.996078213159428,0.1772423386998427,0.1631048706024065,0.1768786788841129,0.1914036,0.1768786788841129,0.1692259520003047,1.2094675664241574,130.24,ST/MT Ratio (Expanding EWM),JNJ,0.05
2018-07-17,1.403506506462408,1.0948641651588342,0.7800919768576502,0.2142809896322219,0.152642221831544,0.1520792307380382,0.1665061,0.1520792307380382,0.1049530957515365,1.1586330625933192,121.32,ST/MT Ratio (Expanding EWM),JNJ,0.029126213592233007
2018-10-16,1.175803255557891,1.1691061438927888,0.9943042242539764,0.1808880523306544,0.1538412065817645,0.1317393413190511,0.1540172733284918,0.1317393413190511,0.1461101924778662,1.3758509719319132,139.96,ST/MT Ratio (Expanding EWM),JNJ,0.01477832512315271
2019-01-22,0.6260753595204203,1.002487179529577,1.6012244600993275,0.1485727761838519,0.2373051811412988,0.3210583701938544,0.3218569,0.3210583701938544,0.3126677941793435,1.4566446811654556,122.84,ST/MT Ratio (Expanding EWM),JNJ,0.005128205128205128
2019-04-16,0.9705702813653072,1.0902465450632997,1.1233050980395187,0.1100172420391902,0.1133399352685984,0.1278823589318552,0.1394232999999999,0.1278823589318552,0.1149082807816352,1.642416862891878,137.17,ST/MT Ratio (Expanding EWM),JNJ,0.06572769953051644
2019-07-16,1.1908951441707896,1.0730104619759169,0.9010117030270074,0.2216912365016393,0.1860552298990291,0.1610322607848379,0.1727893005377652,0.1610322607848379,0.1494446673426803,1.928769855049458,139.44,ST/MT Ratio (Expanding EWM),JNJ,0.053497942386831275
2019-10-15,1.2357429204739283,1.1239870673649444,0.9095638330129996,0.2716335772428188,0.2151438375779699,0.1695514489591594,0.1905736358830826,0.1695514489591594,0.1740375668453901,1.2746661515254891,129.54,ST/MT Ratio (Expanding EWM),JNJ,0.015
2020-01-22,0.7200497225591226,1.1833852293940386,1.643477099315002,0.0920636703095917,0.1270189711353873,0.1251267659834563,0.1480731666666666,0.1251267659834563,0.1619581400111202,1.1729170813075167,146.44,ST/MT Ratio (Expanding EWM),JNJ,0.0213903743315508
2020-04-14,0.9950307384973568,0.94667338777801,0.9514011488807136,0.3656477948150738,0.3673404078447477,0.6363071113891018,0.6023750088059606,0.6363071113891018,0.2552070226794571,1.213838621671228,127.13,ST/MT Ratio (Expanding EWM),JNJ,0.032407407407407406
2020-07-16,0.8236207543288402,1.0257282009191764,1.2453889675898604,0.1664777550768162,0.2020563404586758,0.2607069128319654,0.2674144326663245,0.2607069128319654,0.2492476393345064,1.2614683021819817,144.46,ST/MT Ratio (Expanding EWM),JNJ,0.061224489795918366
2020-10-13,0.9469843008697232,1.0685557182899377,1.1283774369950603,0.1439643013821486,0.1519938859431226,0.2021705561618833,0.2160305038566373,0.2021705561618833,0.1341564806103961,1.4392802899712078,148.35,ST/MT Ratio (Expanding EWM),JNJ,0.04591836734693878
2021-01-26,1.1480398238087084,1.1815480369428175,1.0291873264665534,0.2037024311812033,0.1773574351907803,0.2193689904226416,0.2591949999999999,0.2193689904226416,0.1667280416302463,1.0119780316862006,153.19,ST/MT Ratio (Expanding EWM),JNJ,0.016393442622950817
2021-04-20,1.16994041553012,1.144997778542366,0.978680421108068,0.2112460596217126,0.1804999400194921,0.1550575060730834,0.1775405,0.1550575060730834,0.1701326105992575,0.9966792996461225,160.5,ST/MT Ratio (Expanding EWM),JNJ,0.030172413793103453
2021-07-21,0.7339516174646677,1.1515062976449304,1.568913086699974,0.086536410463579,0.1178422265184502,0.1331180301084781,0.15328625,0.1331180301084781,0.149660560855716,1.396779886311568,163.84,ST/MT Ratio (Expanding EWM),JNJ,0.030973451327433635
2021-10-19,1.0953484390797117,1.0035382466317315,0.9161817471296012,0.1428977869900673,0.1304133495334282,0.1929901532403399,0.1936729999999999,0.1929901532403399,0.1119107272473141,1.6762905676715028,163.81,ST/MT Ratio (Expanding EWM),JNJ,0.03389830508474576
2022-01-25,1.1818250185982528,1.0624642064160597,0.8990029739565292,0.2673961068354536,0.2262242852483434,0.1456500831420958,0.154748,0.1456500831420958,0.2148924738358411,1.5884817258149948,169.67,ST/MT Ratio (Expanding EWM),JNJ,0.004694835680751174
2022-04-19,0.8199462752815175,1.1386776988332676,1.3887223262796309,0.1935584895982011,0.2360516121469666,0.1642427002756155,0.1870195,0.1642427002756155,0.2795221136838161,1.417744990795336,175.83,ST/MT Ratio (Expanding EWM),JNJ,0.0648854961832061
2022-07-19,1.0258227355106848,1.0543795867047725,1.027837997936233,0.2429449892910707,0.2368094970749996,0.2013364092750024,0.212285,0.2013364092750024,0.2556915297065838,2.2505149147727272,169.46,ST/MT Ratio (Expanding EWM),JNJ,0.031128404669260704
2022-10-18,0.979516310508298,1.0214565345933753,1.0428172799525035,0.2127839504376452,0.217166912410056,0.1909281953488318,0.1950248527771847,0.1909281953488318,0.2172425235699911,1.27485090298194,166.28,ST/MT Ratio (Expanding EWM),JNJ,0.05158730158730159
2023-01-24,0.9160260814010556,1.1886122733584987,1.29757470610501,0.1670889722544688,0.1823741777725017,0.1478068197155587,0.175685,0.1478068197155587,0.1876677650689346,1.2976414894767274,177.48,ST/MT Ratio (Expanding EWM),JNJ,0.008968609865470852
2023-04-18,1.181209459349503,1.0537632279125644,0.8921053074641615,0.234223406785322,0.1982640707304878,0.1797705645498291,0.189435610383692,0.1797705645498291,0.1625175575586749,1.3436927910811431,153.89,ST/MT Ratio (Expanding EWM),JNJ,0.02788844621513945
2023-07-20,1.492368109935846,1.1976229358429926,0.8024983433172369,0.3577478881614941,0.2395803197362983,0.1056079473886939,0.1264785,0.1056079473886939,0.1615982609026237,1.9534620440230068,164.13,ST/MT Ratio (Expanding EWM),JNJ,0.019083969465648856
2015-01-27,1.0816412324250269,1.0829152023036974,1.001177811866338,0.1504685000814087,0.1390944566246969,0.1643014149413539,0.1779245,0.1643014149413539,0.1264023586835754,2.0424822401725464,31.39,ST/MT Ratio (Expanding EWM),PFE,
2015-04-28,0.9122856334869826,1.0333308948620696,1.1326835115362082,0.1058207271925648,0.1159587486211017,0.1526509523109465,0.1577389451530175,0.1526509523109465,0.1322193478094112,1.564731597442812,35.0,ST/MT Ratio (Expanding EWM),PFE,0.04166666666666667
2015-07-28,1.1382541755629294,1.0172184404250786,0.893665459142294,0.1069500027929459,0.0939575136904007,0.163161119976004,0.1659705,0.163161119976004,0.0773423035367762,2.0276595479111803,33.59,ST/MT Ratio (Expanding EWM),PFE,0.0392156862745098
2015-10-27,1.2638659690188998,0.9147257551715336,0.7237521838503232,0.2332298936756659,0.1843696461737891,0.3723121362600487,0.3405635,0.3723121362600487,0.1459790467378699,1.4992428152046091,30.82,ST/MT Ratio (Expanding EWM),PFE,0.04
2016-02-02,1.2311556891179338,1.0375759253878465,0.8427658130964912,0.2304592006298207,0.1869079160834983,0.1951601683559486,0.2024934922807713,0.1951601683559486,0.1699600500306941,1.2814944433068376,31.95,ST/MT Ratio (Expanding EWM),PFE,0.019230769230769232
2016-05-03,1.022496416553034,1.0108077326920155,0.9885684842784852,0.2080218470452007,0.2033523308758432,0.1659253951605678,0.1677186724782803,0.1659253951605678,0.1712373942607887,1.0945348289052743,30.72,ST/MT Ratio (Expanding EWM),PFE,0.037037037037037035
2016-08-02,1.344919834203922,1.2026176854020785,0.8941928394668412,0.2123923795767202,0.1578374792705379,0.1277051584443137,0.1535804820622062,0.1277051584443137,0.1361134235044237,1.6073958202293896,35.57,ST/MT Ratio (Expanding EWM),PFE,0.04838709677419355
2016-11-01,1.1955807096405622,1.1577402882168226,0.9683497557976526,0.1313035497820442,0.1095944566100412,0.1501035380884884,0.1737809134489313,0.1501035380884884,0.1046333154221353,0.7709200889280112,33.68,ST/MT Ratio (Expanding EWM),PFE,0.04838709677419355
2017-01-31,0.767179741696912,1.0955571079040365,1.4280318527191451,0.1254769269056819,0.1634868763206742,0.1709332364984689,0.1872671222229393,0.1709332364984689,0.1988297218957431,0.6658941737009353,32.48,ST/MT Ratio (Expanding EWM),PFE,0.04
2017-05-02,0.7678903075844108,1.1857816321919044,1.544207057284099,0.059874070564925,0.0779329386167458,0.1158215484135161,0.1373390647207728,0.1158215484135161,0.094900809098791,1.7749036357342751,34.24,ST/MT Ratio (Expanding EWM),PFE,0.04477611940298507
2017-08-01,0.985048949649483,1.11690332252788,1.1338556555238353,0.1099307767976083,0.1106908948842033,0.1189283427709937,0.1328314611836574,0.1189283427709937,0.1320781936050292,1.1498922645544298,33.82,ST/MT Ratio (Expanding EWM),PFE,0.030303030303030304
2017-10-31,0.9586307209655784,1.1105651627743158,1.1584911045367938,0.1126108396087484,0.1174522687878951,0.1294431150728477,0.1437550141608917,0.1294431150728477,0.1279206742080636,1.1480242729283787,36.07,ST/MT Ratio (Expanding EWM),PFE,0.03125
2018-01-30,1.52164165111609,1.2659548140648458,0.8319664575008816,0.2424609693361506,0.1593486232602839,0.1058941350987533,0.1340571901094999,0.1058941350987533,0.0916908632216969,2.353529564990883,36.22,ST/MT Ratio (Expanding EWM),PFE,0.017857142857142856
2018-05-01,1.258698189145935,0.900864566561069,0.7157113391672812,0.2157993799074198,0.1713879171338913,0.2294380620477213,0.2066926203192321,0.2294380620477213,0.1403985191556705,1.82192137949014,35.05,ST/MT Ratio (Expanding EWM),PFE,0.04054054054054054
2018-07-31,1.3967874659110298,1.1487200433586462,0.8224014543325058,0.1975810899392988,0.1409088416098169,0.1273820635169748,0.1463263295263331,0.1273820635169748,0.110260655296357,2.6141002896071015,36.33,ST/MT Ratio (Expanding EWM),PFE,0.02702702702702703
2018-10-30,1.246629741100281,1.1226213748480611,0.9005251020701869,0.1902243889111685,0.1525760143585122,0.1367080831226766,0.1534714162280223,0.1367080831226766,0.1261959694428592,2.0585579937304077,44.27,ST/MT Ratio (Expanding EWM),PFE,0.04054054054054054
2019-01-29,1.2651669553388425,1.031642467306513,0.8154200225931557,0.2753570435667711,0.2176270086950734,0.2556055020425315,0.2636934907842772,0.2556055020425315,0.1761676696331154,1.4963054340131887,43.65,ST/MT Ratio (Expanding EWM),PFE,0.03125
2019-04-30,1.1722518344822948,1.077477862745171,0.9191522086387018,0.2091324129130558,0.178340415375512,0.1551525215447546,0.1671734073135662,0.1551525215447546,0.1510729057146168,2.085066338576131,42.84,ST/MT Ratio (Expanding EWM),PFE,0.05333333333333334
2019-07-29,1.4946154664631253,1.112644235093335,0.7444351139536303,0.3667948335703998,0.2453670868380029,0.1678361441008193,0.1867419181740709,0.1678361441008193,0.1475846548978892,1.6267826820416635,43.32,ST/MT Ratio (Expanding EWM),PFE,0.05333333333333334
2019-10-29,0.9742167483553706,1.1487440693089606,1.179146294957687,0.1573919831753789,0.1615472121411613,0.1940753530030825,0.222942910761334,0.1940753530030825,0.1892868669486507,1.4098024815430403,35.93,ST/MT Ratio (Expanding EWM),PFE,0.03225806451612903
2020-01-28,1.5439488382283078,1.1448865909524475,0.7415314307086841,0.364967871692252,0.236405942260386,0.1581050339516568,0.1810123333333333,0.1581050339516568,0.1214145075096669,1.7708027396294683,38.91,ST/MT Ratio (Expanding EWM),PFE,0.03508771929824562
2020-04-28,0.7480713063791754,1.0034486573748802,1.3413810272068656,0.2394424232559109,0.320034759550927,0.491174230606424,0.492868122239156,0.491174230606424,0.3886037753030604,1.274779009079548,32.67,ST/MT Ratio (Expanding EWM),PFE,0.0410958904109589
2020-07-28,1.102620485363321,0.965941635327372,0.8760418005557802,0.34443496400701,0.3123494775362342,0.3441148214101774,0.3323948333333333,0.3441148214101774,0.2788021588454448,1.1416336432263023,32.64,ST/MT Ratio (Expanding EWM),PFE,0.08955223880597014
2020-10-27,1.1200206599542115,1.1777516012860507,1.0515445325215689,0.2368757164846685,0.2114600527835199,0.2798984378143657,0.3296508333333333,0.2798984378143657,0.2037337722364231,0.8918988190919792,36.39,ST/MT Ratio (Expanding EWM),PFE,0.08333333333333333
2021-02-02,0.9365736131726088,1.0576182038045832,1.1292419399068274,0.2536815149077409,0.2707128743561516,0.2867948752618644,0.3033194808348125,0.2867948752618644,0.3130449356508959,1.061722825396911,36.81,ST/MT Ratio (Expanding EWM),PFE,0.09803921568627451
2021-05-04,1.141618694846551,1.5768644610931837,1.3812531874358762,0.2240565530608063,0.1957153814374124,0.1528670204026148,0.2410505717460899,0.1528670204026148,0.1937523786466787,1.493023659688041,36.28,ST/MT Ratio (Expanding EWM),PFE,0.11392405063291139
2021-07-28,1.2913536093794808,1.1901412778012366,0.9216230698988184,0.2321306324067437,0.1797022745213649,0.1545754862032359,0.1839666666666666,0.1545754862032359,0.170161690784772,1.1601942737679425,39.12,ST/MT Ratio (Expanding EWM),PFE,0.13131313131313133
2021-11-02,1.3853939981104757,1.0118129408457628,0.7303430953402166,0.4033425727735412,0.2794257282753794,0.2669749928670927,0.2701287526651296,0.2669749928670927,0.2369904469630918,1.2877447576492531,42.42,ST/MT Ratio (Expanding EWM),PFE,0.12037037037037036
2022-02-08,0.8185212201431266,1.0150794849252578,1.2401382639142344,0.3285096298699703,0.4013349158959812,0.351559907671936,0.35686125,0.351559907671936,0.5013395187142358,0.9626077903047772,56.24,ST/MT Ratio (Expanding EWM),PFE,0.10112359550561797
2022-05-03,0.9702143704962192,1.0919261040940558,1.1254482898821492,0.2973884682691601,0.3064896445002008,0.2592671101471558,0.2831005255027082,0.2592671101471558,0.2824012892263794,1.330489417521727,50.94,ST/MT Ratio (Expanding EWM),PFE,0.1901840490797546
2022-07-28,1.0883808732599392,1.0671658059704685,0.9805076808948994,0.2887134686764582,0.2651845656873996,0.289761205119195,0.30922325,0.289761205119195,0.2479449106048915,1.3071901818086964,50.66,ST/MT Ratio (Expanding EWM),PFE,0.2021276595744681
2022-11-01,1.06731976639046,1.0675547463074813,1.0002201588731146,0.2357436037086107,0.2207619417094358,0.2976914076246672,0.3178018751446686,0.2976914076246672,0.2101602236151828,1.4121401796449538,44.14,ST/MT Ratio (Expanding EWM),PFE,0.16
2023-01-31,0.8257833298665633,1.0766727838839512,1.3038199548759704,0.2062369318433595,0.249680909098534,0.2502807761406597,0.2694705,0.2502807761406597,0.2318133897771112,1.198191282808801,51.24,ST/MT Ratio (Expanding EWM),PFE,0.05714285714285714
2023-05-02,0.9097057999209472,1.189878097910149,1.3079812154803772,0.1386714982604076,0.1524182595202128,0.1724703987412134,0.20521875,0.1724703987412134,0.1690457217108771,1.3812732028349646,41.35,ST/MT Ratio (Expanding EWM),PFE,0.16161616161616163
2023-08-01,0.8295930795602598,1.2396725201420775,1.4943139602842246,0.1670465126157363,0.2013167919293264,0.1662309978254436,0.2060719999999999,0.1662309978254436,0.2454964224743949,1.3277318997855792,36.65,ST/MT Ratio (Expanding EWM),PFE,0.1774193548387097
2015-01-21,1.2807828120340785,1.2116484348589651,0.9460217793949646,0.2263267240330325,0.176683943145195,0.1732379574479725,0.2099035,0.1732379574479725,0.1413654303266549,1.0236251460918926,103.04,ST/MT Ratio (Expanding EWM),UNH,
2015-04-16,1.3253260266883384,1.1140591563554272,0.840592528873205,0.2616114592383103,0.1973542243542453,0.2030290525504536,0.226186375,0.2030290525504536,0.1663621178657456,1.098633669623166,117.6,ST/MT Ratio (Expanding EWM),UNH,0.03731343283582089
2015-07-16,1.0258310680301963,0.9922989343250193,0.9673122263984794,0.187133362481923,0.1824134191900947,0.2566346329008234,0.2546582727383795,0.2566346329008234,0.1590395094017155,1.7047840346704388,121.55,ST/MT Ratio (Expanding EWM),UNH,0.03184713375796178
2015-10-15,1.2420462395424938,1.0385788661961748,0.8361837370714427,0.279309020594514,0.2247676631265297,0.2552274713027491,0.2650738577677259,0.2552274713027491,0.145873095974914,1.3955861084047902,120.03,ST/MT Ratio (Expanding EWM),UNH,0.018404907975460124
2016-01-19,1.1279056641603538,1.1513403012254138,1.0207771250820925,0.2494804711444801,0.2211225963514996,0.2200135787224614,0.2533105,0.2200135787224614,0.2440665309517155,2.221650096836669,117.41,ST/MT Ratio (Expanding EWM),UNH,0.007246376811594204
2016-04-19,1.1726483116303952,1.17848829597792,1.0049801669346243,0.1789017091037251,0.1525158272476513,0.1784223913955099,0.2102687,0.1784223913955099,0.1490133076882475,1.710083646948848,126.74,ST/MT Ratio (Expanding EWM),UNH,0.005813953488372093
2016-07-19,1.0506991660601337,1.1823474377196088,1.1252958752723907,0.1429594845605321,0.1359867339140621,0.1787228468203542,0.2113125,0.1787228468203542,0.1134370367455937,1.858752282803955,138.52,ST/MT Ratio (Expanding EWM),UNH,0.021164021164021166
2016-10-18,1.5317347576436176,1.1887811959506007,0.7761012081356644,0.3181957946341562,0.2076194853611916,0.1476407802640131,0.1755125833333333,0.1476407802640131,0.127215831083823,2.1589421570821217,137.68,ST/MT Ratio (Expanding EWM),UNH,0.009615384615384616
2017-01-17,0.7975338542219989,1.2464706822791507,1.56290629630399,0.1340907664550008,0.1681337257200838,0.1738432384175977,0.2166905,0.1738432384175977,0.2120816138919689,1.9378619602218303,161.54,ST/MT Ratio (Expanding EWM),UNH,0.009661835748792272
2017-04-18,0.7634612589238445,1.1975998759405502,1.5686452481277915,0.0855741776377598,0.1120489686423788,0.1367464236512074,0.1637674999999999,0.1367464236512074,0.1264962721238183,2.3911049454273643,168.0,ST/MT Ratio (Expanding EWM),UNH,0.02304147465437788
2017-07-18,0.8851257945077952,1.257437963250417,1.4206319271823489,0.0960891357781783,0.1084767686241199,0.1421317301979224,0.1787218333333333,0.1421317301979224,0.128727643202458,1.1119830536320383,183.02,ST/MT Ratio (Expanding EWM),UNH,0.008403361344537816
2017-10-17,1.5509542371552425,1.286330863889083,0.8293802828434633,0.3013932926252053,0.1943421938519246,0.1317532977642578,0.1694783333333333,0.1317532977642578,0.0944057875590602,1.4304410116626094,198.19,ST/MT Ratio (Expanding EWM),UNH,0.011764705882352941
2018-01-16,1.1139024354833813,1.2387615232253917,1.1120915833960154,0.1834788168188381,0.1646765637480851,0.1635379338167738,0.2025845,0.1635379338167738,0.1702341581240631,1.3573002524301634,222.67,ST/MT Ratio (Expanding EWM),UNH,0.007968127490039842
2018-04-17,1.057250080031405,1.0963771934957438,1.0370083807070287,0.2271886218020085,0.2147620500095446,0.1968030114210607,0.2157703333333333,0.1968030114210607,0.1808112069802005,1.2776564641054011,225.05,ST/MT Ratio (Expanding EWM),UNH,0.027491408934707903
2018-07-17,1.2866526749873504,1.1905002061407135,0.9252692892838528,0.2042427795298977,0.1586648815271743,0.158735062812466,0.188974125,0.158735062812466,0.1479669683113472,1.2484203395130085,254.87,ST/MT Ratio (Expanding EWM),UNH,0.019867549668874173
2018-10-16,1.3289386450983791,1.248214182602973,0.9392564413766216,0.1935874475296263,0.1456732910029613,0.1468171546736617,0.1832592547130789,0.1468171546736617,0.1367718310246632,1.817201271783314,263.87,ST/MT Ratio (Expanding EWM),UNH,0.0121580547112462
2019-01-15,1.1862022099490772,1.043859238920421,0.8800010910156989,0.2079684986817122,0.1753046867212111,0.2681814225771394,0.2799436556639686,0.2681814225771394,0.1458697424509933,1.498809225369767,258.07,ST/MT Ratio (Expanding EWM),UNH,0.012461059190031152
2019-04-16,1.3647921645983907,1.126021320866769,0.8250496669565193,0.4281306342368589,0.3136623947302086,0.1862479831541431,0.2097192,0.1862479831541431,0.2433949494251442,1.251811609240245,255.0,ST/MT Ratio (Expanding EWM),UNH,0.008356545961002786
2019-07-18,1.104801463469387,1.151935714771957,1.0426630963671568,0.2750854783689542,0.2489023935301046,0.2013936037341269,0.2319924848679719,0.2013936037341269,0.2263500643686645,1.324467753984064,245.7,ST/MT Ratio (Expanding EWM),UNH,0.011594202898550725
2019-10-15,1.3625994674349948,1.1809759227983758,0.8667080466584113,0.3996806813010833,0.2933235263633758,0.2159239872366659,0.2550010300811262,0.2159239872366659,0.2250767724494675,1.324046025595867,234.43,ST/MT Ratio (Expanding EWM),UNH,0.008
2020-01-15,1.1928354164320254,1.255305209270708,1.052370840082482,0.25681555465045,0.2152694253831172,0.1723885437607243,0.2164002370014286,0.1723885437607243,0.2107244953419222,1.2812883379415156,292.03,ST/MT Ratio (Expanding EWM),UNH,0.005333333333333333
2020-04-15,1.2429925008078158,0.8339382865426367,0.6709117601278074,0.5779974162846343,0.4645480112871848,1.009156808819777,0.8415745000000001,1.009156808819777,0.3838008531905371,1.1635782180654926,225.04,ST/MT Ratio (Expanding EWM),UNH,0.025069637883008356
2020-07-15,1.0425099357816645,0.9828306678681696,0.9427542454367616,0.2689856190799823,0.257984081909322,0.4066861567702258,0.3997036270712202,0.4066861567702258,0.2994707165306438,1.6347858381511342,286.28,ST/MT Ratio (Expanding EWM),UNH,0.11924686192468617
2020-10-14,1.0423800176521112,1.0613979902361104,1.018244759360253,0.2026149686325096,0.1943519156852061,0.2906294962614441,0.3084735632352299,0.2906294962614441,0.1815219491655303,1.6616928201302168,308.57,ST/MT Ratio (Expanding EWM),UNH,0.10749185667752444
2021-01-20,0.9597355096521684,1.0782722083186942,1.1235097560467326,0.2012242059359362,0.2096349819080137,0.2737516844597095,0.2951788333333333,0.2737516844597095,0.2160477176044756,1.086564393541382,336.08,ST/MT Ratio (Expanding EWM),UNH,0.03734439834024896
2021-04-15,1.016805362913992,1.1037717712416326,1.0855290614109367,0.2216007505135333,0.2178783173138331,0.2300855352561933,0.2539619187868076,0.2300855352561933,0.2002045634706593,1.4223155507734313,354.6,ST/MT Ratio (Expanding EWM),UNH,0.0391705069124424
2021-07-15,0.979354113598501,1.196967386731825,1.2222008057266782,0.1372728638197998,0.1401604438139897,0.1747481082695683,0.2091677864917552,0.1747481082695683,0.1597477685159592,1.7006223771772182,400.28,ST/MT Ratio (Expanding EWM),UNH,0.024719101123595506
2021-10-14,1.06849036070612,1.1208291670857784,1.0489838825921367,0.1809422546053905,0.1693361863419043,0.2108990423275442,0.2363817979511697,0.2108990423275442,0.1754031143117011,1.1207928031440546,412.54,ST/MT Ratio (Expanding EWM),UNH,0.02040816326530612
2022-01-19,1.0436691609307625,1.1131680381878053,1.0665909081715728,0.1998982094839171,0.1915049518627491,0.2065888561158116,0.2299681116739008,0.2065888561158116,0.1590317122876657,1.445343193898775,483.73,ST/MT Ratio (Expanding EWM),UNH,0.011600928074245941
2022-04-14,0.953309268274915,1.0533391287396623,1.1049290757927477,0.212191266514262,0.2225840000488303,0.2922941592119429,0.307884875,0.2922941592119429,0.2147409079460419,1.6182101369329611,497.91,ST/MT Ratio (Expanding EWM),UNH,0.037243947858473
2022-07-15,1.141506979405171,1.060481350527063,0.9290187179404455,0.3024219797315676,0.2647137352278161,0.2826353333333333,0.2997295,0.2826353333333333,0.1951784628406931,1.3096803847977387,464.33,ST/MT Ratio (Expanding EWM),UNH,0.02115384615384615
2022-10-14,1.0405604046253654,1.0781181591289206,1.036093776331108,0.2024273242840542,0.1945000850801644,0.258791865250949,0.2790082093618928,0.258791865250949,0.1957148211977459,1.2572276011261152,509.77,ST/MT Ratio (Expanding EWM),UNH,0.016605166051660517
2023-01-13,0.8738826483628821,1.146548355308981,1.3120163873912665,0.2002865858839212,0.2286713147174315,0.206648496964861,0.2369324943221344,0.206648496964861,0.2548321540270867,1.287935618847574,538.36,ST/MT Ratio (Expanding EWM),UNH,0.01160541586073501
2023-04-14,1.1166237352431574,0.9965990639821154,0.8925110872420196,0.2813178498028684,0.2516208497347325,0.2618753042909637,0.2609846831364061,0.2618753042909637,0.223114648586592,1.4495398216684403,465.43,ST/MT Ratio (Expanding EWM),UNH,0.052202283849918436
2023-07-14,1.3814274338083852,1.00340779276638,0.7263557738969593,0.4480324019640793,0.3243003200439172,0.2397336666666666,0.240550629321791,0.2397336666666666,0.2685265510614624,1.3639131526001145,459.86,ST/MT Ratio (Expanding EWM),UNH,0.023102310231023104
2023-10-13,,1.0997220162624544,,,,0.1918536465632117,0.2109856790257995,0.1918536465632117,0.2206444206809395,1.3517043209992663,160.0,ST/MT Ratio (Expanding EWM),UNH,0.018987341772151896
2015-01-30,1.1542268626170655,1.055255812363899,0.9142533816716396,0.3068819386904829,0.2602022047124916,0.2691933999999999,0.2840679,0.2691933999999999,0.2267315292400255,1.1019651307920328,65.44,ST/MT Ratio (Expanding EWM),ABBV,
2015-04-23,0.8338965550365494,1.1278872884021276,1.352550603057345,0.2015178696357537,0.2416519930834784,0.2171630999999999,0.2449355,0.2171630999999999,0.28964712020427,1.11384609283604,59.63,ST/MT Ratio (Expanding EWM),ABBV,0.03529411764705882
2016-04-28,0.6904212373754831,1.1498179356969285,1.6653861055429906,0.1604288710946527,0.2323351706429025,0.2446029856279195,0.2812488999999999,0.2446029856279195,0.2909713093631752,0.7208235209428122,57.05,ST/MT Ratio (Expanding EWM),ABBV,0.026315789473684213
2017-04-27,0.9110381680247636,1.3562873690579194,1.4887272747293427,0.0997205269184533,0.1094262563769319,0.1413856711894299,0.1917596,0.1413856711894299,0.1252926457173135,1.1030906304977015,65.98,ST/MT Ratio (Expanding EWM),ABBV,0.023809523809523808
2018-11-02,1.327464366095967,1.2615296046258146,0.9503302965004894,0.3733698989191542,0.2812258978447878,0.2060415714285714,0.2599275421407672,0.2060415714285714,0.2127743953405816,1.1424158135041218,96.01,ST/MT Ratio (Expanding EWM),ABBV,0.01492537313432836
2019-04-25,0.8694338596177952,1.1400833337674694,1.311293919779766,0.1564625057655508,0.1799598337889819,0.2289306336384296,0.261,0.2289306336384296,0.1968978431881658,1.701235493818542,80.76,ST/MT Ratio (Expanding EWM),ABBV,0.009756097560975611
2019-11-01,0.9814633780103784,1.0777657050181395,1.098121161894991,0.176283493031648,0.1795638567204728,0.2623752693545974,0.282779067155282,0.2623752693545974,0.1897185878830813,1.0673677281746348,72.13,ST/MT Ratio (Expanding EWM),ABBV,0.026200873362445413
2020-02-07,1.3787870150663637,1.2210840969574497,0.885621987743101,0.3473751792614787,0.2518322497561627,0.18424,0.2249725340234405,0.18424,0.1315766340931816,1.7016602466758028,89.52,ST/MT Ratio (Expanding EWM),ABBV,0.013636363636363634
2020-05-01,0.9949318491300528,0.8353332490582691,0.8395884097877324,0.3139822183695327,0.3154115294145974,0.5503476940529444,0.4597237273849722,0.5503476940529444,0.3654192967041724,1.1065503718775944,73.42,ST/MT Ratio (Expanding EWM),ABBV,0.022123893805309738
2021-02-03,1.09595101740522,1.0137220417490385,0.9249702091149408,0.2525092289476924,0.2303301098645175,0.2811872538540945,0.2850457170907779,0.2811872538540945,0.2318401084256963,1.0930997547706969,105.41,ST/MT Ratio (Expanding EWM),ABBV,0.01048951048951049
2022-02-02,1.2761202493851844,1.2173610562791328,0.9539548148896148,0.2869514622809746,0.2248327856426847,0.2027011294484744,0.2467604610543681,0.2027011294484744,0.1930974544763309,1.2677230688280412,135.42,ST/MT Ratio (Expanding EWM),ABBV,0.0121580547112462
2023-02-09,1.1447971750103798,1.1422502642361456,0.9977752296827505,0.2822224604534131,0.2464173609705435,0.2236901377632195,0.2555101189670573,0.2236901377632195,0.2208798332570455,0.9870111146962512,159.64,ST/MT Ratio (Expanding EWM),ABBV,0.008152173913043478
2023-04-27,1.5786549528499068,1.238376293996609,0.7844502636633793,0.5321688071878665,0.3370073408411387,0.17264825,0.2138035,0.17264825,0.2058628455015922,1.32784962563485,158.25,ST/MT Ratio (Expanding EWM),ABBV,0.06640625
2023-07-27,1.1969514873402836,1.2800792273125343,1.069449548165872,0.3398018537946885,0.283814937631635,0.1608162179400317,0.2058574999999999,0.1608162179400317,0.2546937207467181,1.2845648047423797,132.6,ST/MT Ratio (Expanding EWM),ABBV,0.020618556701030927
2015-02-04,0.8871498549887202,1.045861480252567,1.1789005818705394,0.1828829221048125,0.2060324382483918,0.2022554394554314,0.2115311732979909,0.2022554394554314,0.204829373839002,1.3948637852052224,58.04,ST/MT Ratio (Expanding EWM),MRK,
2015-04-28,1.420686194476515,1.1478720720439313,0.8079701742064802,0.2546364840741499,0.1791809770012571,0.1582646799275895,0.1816676060798518,0.1582646799275895,0.1354432998204566,1.5681110882110472,58.34,ST/MT Ratio (Expanding EWM),MRK,0.06666666666666667
2015-07-28,0.8006526903969705,0.9784162744167736,1.2220233393978437,0.0868496084030105,0.1084401072423411,0.1913087812358562,0.187179625,0.1913087812358562,0.1378912124600263,1.5258437801350049,57.29,ST/MT Ratio (Expanding EWM),MRK,0.049999999999999996
2015-10-27,0.9478395545276068,0.891926558896667,0.9410100629754724,0.1717908738282842,0.1811825874847724,0.3750743227265615,0.33453875,0.3750743227265615,0.1907177118524892,1.465623453524684,48.42,ST/MT Ratio (Expanding EWM),MRK,0.03260869565217391
2016-02-03,1.4980369959246216,1.0369703208165943,0.6922194335905258,0.2778525748915599,0.1847970358778124,0.2071740863126689,0.2148333787485331,0.2071740863126689,0.1164587059794408,1.596481865638404,52.48,ST/MT Ratio (Expanding EWM),MRK,0.022222222222222223
2016-05-05,0.9238925184648336,1.1272578518750225,1.2201179567381997,0.1207572845841327,0.1306926837474644,0.1667318445383749,0.1879497809134886,0.1667318445383749,0.1545337602014919,2.0470619942632364,54.24,ST/MT Ratio (Expanding EWM),MRK,0.03529411764705882
2016-10-25,1.1755049085676184,1.0292726197314597,0.8756004438855587,0.2275486173588839,0.1925376744969083,0.2114912957237646,0.2176822,0.2114912957237646,0.1982573516046022,1.0828107145106578,62.15,ST/MT Ratio (Expanding EWM),MRK,0.030303030303030304
2017-02-02,1.0867017293903694,1.1044064127182769,1.016292127682395,0.231790955353066,0.2132890010800994,0.1981165139920662,0.2188011485182281,0.1981165139920662,0.1841236841400638,0.8565339335528767,60.15,ST/MT Ratio (Expanding EWM),MRK,0.03409090909090909
2017-05-02,0.982765244054063,1.400652651502324,1.4252158997039912,0.1184277695782279,0.1204831017954405,0.1318589334539557,0.1846885647665515,0.1318589334539557,0.1362588836842838,1.4343989923049272,63.47,ST/MT Ratio (Expanding EWM),MRK,0.05952380952380953
2018-05-01,0.9258901222886732,0.9741272401891352,1.0520981018581623,0.1943294908611733,0.2098380373189916,0.2831681266459263,0.2758417857191236,0.2831681266459263,0.2062298252917457,1.1356944847220534,53.27,ST/MT Ratio (Expanding EWM),MRK,0.04040404040404041
2018-10-25,1.3956432797987226,1.2174903596423223,0.8723506767559593,0.225422201119523,0.161541828379938,0.1419238479370216,0.1727909166666666,0.1419238479370216,0.1357032326093867,2.164800198625304,70.65,ST/MT Ratio (Expanding EWM),MRK,0.03571428571428571
2019-02-01,1.141505327827729,1.1145556540487715,0.9763911099475616,0.2129720618104663,0.1864765265301281,0.2139955,0.2385098944659938,0.2139955,0.1544217983850083,1.543535759627592,75.59,ST/MT Ratio (Expanding EWM),MRK,0.019047619047619046
2019-04-30,1.2080221597637404,1.1828034614785223,0.9791239770881768,0.2289363015694047,0.189484501413826,0.141397947039984,0.1672459812048499,0.141397947039984,0.1148065948084948,2.177472515318424,83.3,ST/MT Ratio (Expanding EWM),MRK,0.03773584905660377
2019-07-30,0.9885760156775396,1.1655563426176774,1.1790255115777222,0.1980896581690939,0.2003758753222844,0.1555228096472484,0.1812705972060721,0.1555228096472484,0.1637140083400617,1.5223377215849847,84.75,ST/MT Ratio (Expanding EWM),MRK,0.026086956521739132
2019-10-29,1.296994901243026,1.074993690834756,0.8288341687422931,0.2788968672817834,0.2148387566747712,0.2011521730610665,0.2162373169383475,0.2011521730610665,0.1865823456732528,1.5903954043969617,84.18,ST/MT Ratio (Expanding EWM),MRK,0.032520325203252036
2020-02-05,1.2772169018880617,1.2143357011030214,0.950767014833514,0.2432711985525924,0.1903650875763594,0.1500992466001444,0.1822708738552216,0.1500992466001444,0.1313674997204815,1.3229060592010329,91.64,ST/MT Ratio (Expanding EWM),MRK,0.03448275862068966
2020-04-28,0.8884030835258038,0.9123266240067944,1.0269287004115804,0.294489592986384,0.3313668632569253,0.4585395907170722,0.4183378767723636,0.4585395907170722,0.392512306489879,1.3245698888338142,76.95,ST/MT Ratio (Expanding EWM),MRK,0.05185185185185185
2020-10-27,0.9383482324315344,1.123906301493831,1.1977496867889454,0.1625981544167815,0.1732486625712812,0.238659797212172,0.26823125,0.238659797212172,0.1882846233690743,0.9593567884613574,82.76,ST/MT Ratio (Expanding EWM),MRK,0.06993006993006994
2021-02-04,0.9424392150372772,0.997499168944334,1.058422817120231,0.1816231900255437,0.192711398046947,0.2570273166412259,0.2563845347456151,0.2570273166412259,0.1571568478663037,1.3372088011550978,81.1,ST/MT Ratio (Expanding EWM),MRK,0.05072463768115943
2021-04-29,1.3666978623005808,1.3688064649170948,1.0015428447462151,0.3098260737576803,0.2266913373306388,0.1834004707270321,0.25103975,0.1834004707270321,0.1995556410377037,1.2937787882017218,76.96,ST/MT Ratio (Expanding EWM),MRK,0.036585365853658534
2021-07-29,0.9628671505569838,1.2957628168507964,1.3457337454094729,0.172392381043866,0.1789658444516237,0.1475953630141519,0.1912485833333333,0.1475953630141519,0.2060271689902042,0.7532770426813571,77.21,ST/MT Ratio (Expanding EWM),MRK,0.12666666666666668
2021-10-28,1.109350512229348,1.063536692012362,0.9587021237093778,0.3172394937399669,0.2858513654655536,0.2261276003039908,0.240495,0.2261276003039908,0.150206583385966,1.4529033827036526,73.32,ST/MT Ratio (Expanding EWM),MRK,0.058064516129032254
2022-02-03,0.7672665354759016,1.176382944288889,1.5332128926478334,0.2141845086827543,0.2791150566570187,0.1881646192577832,0.2213536488134687,0.1881646192577832,0.3054671294673929,1.4195296680109584,77.01,ST/MT Ratio (Expanding EWM),MRK,0.1337579617834395
2022-04-28,1.1313738896256778,1.22721012138398,1.0847078341095622,0.2736918324920869,0.2418055134722319,0.1719423359726167,0.211009375,0.1719423359726167,0.2343586913684774,1.168080286409698,81.57,ST/MT Ratio (Expanding EWM),MRK,0.11049723756906078
2022-07-28,0.9784314438393747,1.1045659023643617,1.1289149682578004,0.2702192558611908,0.276024581187523,0.2312065154163075,0.2553828333333333,0.2312065154163075,0.2768173693744217,1.563673246399656,91.89,ST/MT Ratio (Expanding EWM),MRK,0.047058823529411764
2022-10-27,0.9492578914854652,1.05712956385786,1.1136378989734703,0.2198103430984193,0.2315405449725122,0.2722572298672042,0.2878111666666667,0.2722572298672042,0.2356339579490359,1.122843148903587,85.84,ST/MT Ratio (Expanding EWM),MRK,0.06857142857142857
2023-02-02,1.1518766611927826,1.069064010109297,0.928106320864482,0.3104487495772101,0.2694887760910746,0.2191272697522678,0.234261077725661,0.2191272697522678,0.2277392978878644,1.2211575762277913,111.14,ST/MT Ratio (Expanding EWM),MRK,0.04575163398692811
2023-04-27,0.8988617616709059,1.1460294048586024,1.2749784824845962,0.2027302439562462,0.2253866253347797,0.2156021249999999,0.247086375,0.2156021249999999,0.2580141921015046,1.3175196747797988,105.53,ST/MT Ratio (Expanding EWM),MRK,0.11851851851851851
2023-08-01,0.9894033941993158,1.152296823514566,1.164638033657721,0.2073173035601966,0.2094243034811251,0.1622291685322417,0.1869361555811113,0.1622291685322417,0.1965717769254297,1.542146574059962,114.33,ST/MT Ratio (Expanding EWM),MRK,0.02702702702702703
2022-10-26,1.0953716352179983,1.0697799196777724,0.9766364996888636,0.2080074377184401,0.1890381714842283,0.3371413066985181,0.360667,0.3371413066985181,0.1731159118286525,1.4089088888820491,514.31,ST/MT Ratio (Expanding EWM),TMO,0.031120331950207466
2023-02-01,1.0140561628672684,1.0807802033089002,1.0657991567774392,0.2490980402454733,0.2456309602997487,0.2894102752526878,0.3127888961272847,0.2894102752526878,0.1628592550434033,1.2955944153438623,553.18,ST/MT Ratio (Expanding EWM),TMO,0.011538461538461537
2023-04-26,1.1660357655429223,1.1304952767739669,0.9695202413003108,0.2177992062220226,0.1867642936893225,0.2468860381234519,0.2791035,0.2468860381234519,0.1662484753000123,1.497475208149386,561.69,ST/MT Ratio (Expanding EWM),TMO,0.04356435643564357
2023-07-26,1.2535157511178496,1.1025533085882555,0.8795687709588252,0.2658836169359662,0.2120324212398791,0.1931119777533702,0.21291625,0.1931119777533702,0.1590871035914388,1.4678583988344531,522.03,ST/MT Ratio (Expanding EWM),TMO,0.011029411764705881
2016-07-20,0.9140003773855524,1.061371140898087,1.161237092630181,0.1513863553569965,0.1655804523230634,0.1923839287991404,0.2041907499999999,0.1923839287991404,0.1552769637383929,2.362462154788355,37.75,ST/MT Ratio (Expanding EWM),ABT,0.018867924528301886
2016-10-19,1.3373390182246123,1.151013289459746,0.8606742746411277,0.2517707784068262,0.1881759737612144,0.2021795945303418,0.2327114001620064,0.2021795945303418,0.1329938462381585,2.04225162043968,41.68,ST/MT Ratio (Expanding EWM),ABT,0.01724137931034483
2017-01-25,0.875571868647372,1.2015530527067229,1.372306598386884,0.1395480113422499,0.1593147399523354,0.1931239458332145,0.2320486666666667,0.1931239458332145,0.1806806050553811,2.029212384661377,38.6,ST/MT Ratio (Expanding EWM),ABT,0.015384615384615384
2017-04-19,0.925737767434899,1.1996289025675049,1.2958625485179494,0.0921086022586116,0.0994904317816935,0.1415842012779801,0.1698485,0.1415842012779801,0.1144163209040466,2.5150570560659125,44.98,ST/MT Ratio (Expanding EWM),ABT,0.0
2017-07-20,1.2504732261357694,1.100017399122292,0.8796808889076192,0.1691492836865797,0.135212878488818,0.1404807765786396,0.1545312984787149,0.1404807765786396,0.1051592768954262,1.089538043975258,48.77,ST/MT Ratio (Expanding EWM),ABT,0.016666666666666666
2017-10-18,0.937460601818752,1.3226104826003973,1.4108438050990328,0.1351536732661226,0.1440938261975063,0.1288075823468776,0.1703622586503942,0.1288075823468776,0.116591936496063,1.0989876221138954,52.08,ST/MT Ratio (Expanding EWM),ABT,0.015384615384615384
2018-01-24,1.434105102813503,1.4247514295762227,0.993477693358088,0.2576063012615087,0.179585908434233,0.1476809654644463,0.2104086666666667,0.1476809654644463,0.1315915457753158,1.0774278790642475,57.0,ST/MT Ratio (Expanding EWM),ABT,0.013698630136986302
2018-04-18,0.9114089919221156,1.1733204613394492,1.2873698545204997,0.1071870463430497,0.1175788470429469,0.1753109037539477,0.2056958704704177,0.1753109037539477,0.1317593730088058,1.4222241142342824,62.26,ST/MT Ratio (Expanding EWM),ABT,0.01724137931034483
2018-07-18,1.477930206332866,1.1734728065918556,0.7939974442389608,0.2004922146854884,0.1356156378957815,0.1576635362998404,0.1850138724389706,0.1576635362998404,0.1004753076462398,1.175093802405685,62.82,ST/MT Ratio (Expanding EWM),ABT,0.014084507042253521
2018-10-17,1.1016700075502734,1.1835191123077244,1.074295482491581,0.1733333174512415,0.1572311749371188,0.1426298879959731,0.1688051984295443,0.1426298879959731,0.1167145777304765,2.0828845608778392,67.67,ST/MT Ratio (Expanding EWM),ABT,0.013333333333333334
2019-01-23,1.1762216422484717,0.9811312406047764,0.8341380615385044,0.2358195389206848,0.2004628641957609,0.3425891064204726,0.336124875,0.3425891064204726,0.1227115473631996,1.3704970812738435,65.56,ST/MT Ratio (Expanding EWM),ABT,0.012345679012345678
2019-04-17,1.3782362784453668,1.123613332119049,0.8152545029408678,0.2548880866272489,0.1849367118401396,0.1706469309197831,0.1917411666666666,0.1706469309197831,0.1455985291004142,1.1201061897443063,78.83,ST/MT Ratio (Expanding EWM),ABT,0.01639344262295082
2019-07-17,1.4049468260982607,1.1643604178540488,0.8287576413746882,0.2445659497648388,0.1739717133556016,0.1771283090717375,0.2062411919645494,0.1771283090717375,0.1376127356298885,1.452636866343059,82.05,ST/MT Ratio (Expanding EWM),ABT,0.012499999999999999
2019-10-16,1.1285911503476571,1.0852118577989636,0.961563323852636,0.1665762698427068,0.1473223060943448,0.2032268915204142,0.2205442325015771,0.2032268915204142,0.1433468293877834,1.5037338737022266,83.36,ST/MT Ratio (Expanding EWM),ABT,0.011904761904761906
2020-01-22,1.2722391822642998,1.2011317594532551,0.9441084476863152,0.1763267757115348,0.13854420644604,0.1475082610616395,0.1771768571428571,0.1475082610616395,0.1223341185873883,1.912596282988762,87.35,ST/MT Ratio (Expanding EWM),ABT,0.0
2020-04-16,1.1612293260657416,0.8715675945964105,0.7505559625757056,0.4313177704829312,0.3714413958077635,0.6370716215311145,0.5552509807635083,0.6370716215311145,0.2359052203529414,1.4640599104887668,79.49,ST/MT Ratio (Expanding EWM),ABT,0.014084507042253521
2020-07-16,0.8258121137438365,0.998945343900724,1.2096520834163893,0.2131835346137153,0.2581826306918793,0.3507839229690339,0.3504139665651467,0.3507839229690339,0.317730292323419,1.2708909582069003,89.74,ST/MT Ratio (Expanding EWM),ABT,0.17073170731707318
2020-10-21,1.1163208722671192,1.0030446755063285,0.898527207028979,0.2682823827509984,0.2400346521784705,0.3048108498713336,0.3057389,0.3048108498713336,0.2522272167472282,1.1271701977682906,105.95,ST/MT Ratio (Expanding EWM),ABT,0.033707865168539325
2021-01-27,1.3094095828793968,1.0548507233840303,0.8055926405123824,0.3305822692137891,0.2517036447708994,0.2532936595453492,0.2671869999999999,0.2532936595453492,0.192202504402049,1.419575585333324,107.79,ST/MT Ratio (Expanding EWM),ABT,0.014814814814814814
2021-04-20,1.079791090238254,0.937329808372064,0.8680658850085933,0.2183090193321235,0.202163997261812,0.2259986272792404,0.2118352499999999,0.2259986272792404,0.2248236419513445,1.509956457578021,121.47,ST/MT Ratio (Expanding EWM),ABT,0.0703125
2021-07-22,0.8905600567968848,1.110842416593124,1.2473526160476345,0.203018706085093,0.2279495224109271,0.1811550378290133,0.2012347,0.1811550378290133,0.2706857969679312,1.219596500108468,110.96,ST/MT Ratio (Expanding EWM),ABT,0.029411764705882353
2021-10-20,1.2107732767478483,1.0163254457959678,0.8394019469324845,0.2121970038289418,0.1752608406905096,0.2302432758797392,0.2340021,0.2302432758797392,0.142755021693845,1.6495610230306796,124.87,ST/MT Ratio (Expanding EWM),ABT,0.02150537634408602
2022-01-26,1.1307531427987347,1.0753684907054075,0.9510196788343704,0.2427131660677758,0.2146171558558068,0.206918296927879,0.2225134166666666,0.206918296927879,0.204644727518707,1.3544327069656277,141.46,ST/MT Ratio (Expanding EWM),ABT,0.04237288135593221
2022-04-20,1.071472641038443,1.0181553046479124,0.950239199445301,0.2108451797977332,0.1967149783040954,0.2240775046385432,0.2281457,0.2240775046385432,0.1799439803218582,1.2967485546587374,121.76,ST/MT Ratio (Expanding EWM),ABT,0.033783783783783786
2022-07-20,1.0482587812779915,1.0700751424484989,1.020811999441502,0.1704308903689515,0.1625262624244062,0.2603414133726668,0.278584875,0.2603414133726668,0.1729199510260688,1.509401079833241,104.41,ST/MT Ratio (Expanding EWM),ABT,0.08108108108108107
2022-10-19,1.4637417567206068,1.032698222708399,0.7055194114445943,0.351510436564027,0.2401750770634203,0.260598637706759,0.26911975,0.260598637706759,0.1482911260021399,1.4639855130144073,104.09,ST/MT Ratio (Expanding EWM),ABT,0.07526881720430108
2023-01-25,0.9778435653650778,1.104630282434405,1.1296595095167308,0.1597138772669845,0.1633009401749477,0.2253060403626758,0.248879875,0.2253060403626758,0.1615752258944059,1.152232713478745,108.57,ST/MT Ratio (Expanding EWM),ABT,0.04395604395604395
2023-04-19,1.5564669759726506,1.0547848745187964,0.6776789297824013,0.4094951029726267,0.2630290474772163,0.2534478891934812,0.267333,0.2534478891934812,0.1442154931418607,1.122179172881201,97.87,ST/MT Ratio (Expanding EWM),ABT,0.020202020202020204
2023-07-20,1.31349878801869,1.2266188730944418,0.9338561133693166,0.2961272553190748,0.2254223132413772,0.1519771170075964,0.186418,0.1519771170075964,0.1999185311671129,1.6311392114239258,106.7,ST/MT Ratio (Expanding EWM),ABT,0.019047619047619046
2022-01-27,0.904510330357322,1.0716260932111417,1.1847582689163996,0.2328452021711558,0.2572747821923717,0.2615308191686407,0.28026325,0.2615308191686407,0.2531188276266173,1.2142586680868486,323.44,ST/MT Ratio (Expanding EWM),DHR,0.024193548387096774
2022-04-21,1.1622958153697704,1.1172191701972525,0.9612175794006644,0.2791224498448162,0.2401315286825292,0.2549828696098223,0.28487175,0.2549828696098223,0.2108193336895228,1.4549673126313332,293.9,ST/MT Ratio (Expanding EWM),DHR,0.03759398496240601
2022-07-21,1.4417098224736546,1.054741476327376,0.7315906848145582,0.4640104755284571,0.3217689400083748,0.2938855226205107,0.30997325,0.2938855226205107,0.213171791207569,1.4433922687195448,243.87,ST/MT Ratio (Expanding EWM),DHR,0.03375527426160337
2022-10-20,1.2677079420000663,1.0230840670875787,0.8070345173301164,0.3049803546727329,0.2405579242197834,0.3307357859870695,0.3383705130590581,0.3307357859870695,0.2083404447847146,1.3639800854821285,274.37,ST/MT Ratio (Expanding EWM),DHR,0.03964757709251101
2023-01-24,1.094669448064969,1.198580414423752,1.0949245149231714,0.2544262473947266,0.2322947006779003,0.2555840194896558,0.306338,0.2555840194896558,0.1867512671931123,1.2088659754297872,259.86,ST/MT Ratio (Expanding EWM),DHR,0.024489795918367346
2023-04-25,1.5704880532520749,1.1587320231999052,0.7378165155732771,0.3995286775103377,0.254456068169915,0.2656313054592251,0.3077955,0.2656313054592251,0.1486227765899435,1.3974950365706946,247.97,ST/MT Ratio (Expanding EWM),DHR,0.013333333333333332
2023-07-25,1.3200569796800308,1.2517344004397226,0.9482427044498724,0.3327601528620221,0.2518759749104236,0.1997837959172094,0.25007625,0.1997837959172094,0.2090617726684836,1.3861934151046085,237.88,ST/MT Ratio (Expanding EWM),DHR,0.024752475247524754
2015-01-27,0.8741923475700252,1.0642995016332777,1.2174660469079712,0.1657854739096753,0.1896169417809735,0.2511195388044926,0.2672664,0.2511195388044926,0.2075182751307372,1.1527742917743498,59.81,ST/MT Ratio (Expanding EWM),BMY,
2015-04-28,0.9058491299460182,1.0653885886132075,1.1761214460477507,0.1775626575085237,0.1959248991826566,0.2052679657212071,0.2186901482872212,0.2052679657212071,0.2085037207365244,1.1600295543002086,65.76,ST/MT Ratio (Expanding EWM),BMY,0.12
2015-07-23,1.0160208397588073,1.147173541313449,1.12908465695032,0.1774915652561536,0.1746758387531425,0.1607739166666666,0.1844355833333333,0.1607739166666666,0.1977002281662791,1.8781681780292503,67.33,ST/MT Ratio (Expanding EWM),BMY,0.1142857142857143
2015-10-27,1.0913427874636994,0.8980742567117742,0.8229075841504531,0.2712160518380595,0.2484862074951676,0.444988927155338,0.3996331000000001,0.444988927155338,0.2240506495350535,0.908461740085772,57.46,ST/MT Ratio (Expanding EWM),BMY,0.1142857142857143
2016-01-28,1.0125862244944412,1.0970044421301484,1.083368917721407,0.1725870486375712,0.1704273301381656,0.1954632012096819,0.214424,0.1954632012096819,0.1489841670073674,1.1665451540062282,69.74,ST/MT Ratio (Expanding EWM),BMY,0.07407407407407407
2016-04-28,1.1280827618072349,1.2167551355919437,1.0786044932046053,0.2187895414975699,0.1939320156356428,0.1925475333095863,0.2342832,0.1925475333095863,0.2024372314826406,1.0059660330592937,64.19,ST/MT Ratio (Expanding EWM),BMY,0.09523809523809523
2016-07-28,1.3015293408765631,1.1382407755355302,0.8745410032546326,0.1974346609954936,0.1515887404987984,0.2122776702374934,0.2416231,0.2122776702374934,0.1495503371592025,1.3069434296240647,72.01,ST/MT Ratio (Expanding EWM),BMY,0.030303030303030304
2016-10-27,1.0477802187151537,1.0278050911183731,0.9809357656882708,0.4025081619917826,0.3839327469278183,0.2707542776395432,0.278282625,0.2707542776395432,0.3246025585047989,0.8641476866183591,55.74,ST/MT Ratio (Expanding EWM),BMY,0.078125
2017-01-26,1.3473771626708342,1.1851627823620616,0.879607295712788,0.5797229968273244,0.4302255561053112,0.2202441756395435,0.2610252,0.2202441756395435,0.2518209915969971,1.1607087574195174,59.33,ST/MT Ratio (Expanding EWM),BMY,0.07575757575757576
2017-04-27,0.9072405720936833,1.2381729577987288,1.3647680625011476,0.1960281511265069,0.2160144864824622,0.21057346904388,0.2607263749999999,0.21057346904388,0.2649442407756404,1.3706681775202991,56.2,ST/MT Ratio (Expanding EWM),BMY,0.05333333333333334
2017-07-27,1.3012631468288856,1.1760701648761476,0.9037911876181024,0.2539686300595981,0.1947574185398427,0.2319045309926061,0.272736,0.2319045309926061,0.1948803895582883,0.9632377299831814,55.9,ST/MT Ratio (Expanding EWM),BMY,0.027397260273972605
2017-10-26,1.3600086050460094,1.216465685571236,0.8944544034926035,0.3183031151229404,0.234024600968983,0.1949120605255647,0.2371038333333333,0.1949120605255647,0.1719737458719019,1.06716774983517,62.93,ST/MT Ratio (Expanding EWM),BMY,0.039473684210526314
2018-02-05,1.3342058105553205,1.0843641781045208,0.8127413098682196,0.2939944244249102,0.2197259393353563,0.2777711544631245,0.3012050896105499,0.2777711544631245,0.1401954666329096,1.030210242139308,61.89,ST/MT Ratio (Expanding EWM),BMY,0.04477611940298507
2018-04-26,1.1022424049517063,1.1502605616688149,1.0435640622256883,0.3256878313707809,0.2953953267104447,0.2584364446684301,0.29726925,0.2584364446684301,0.1975460165720315,1.1339642433935757,62.41,ST/MT Ratio (Expanding EWM),BMY,0.07142857142857142
2018-07-26,1.270016413296352,1.2187829704757431,0.959659227798772,0.2867887832734331,0.2248949844295185,0.2111871757059934,0.2573913333333333,0.2111871757059934,0.2207045506961819,1.340426325893431,54.91,ST/MT Ratio (Expanding EWM),BMY,0.06976744186046512
2018-10-25,1.4135026491643494,1.2196350320141325,0.8628459470770502,0.4020593271249213,0.284286638845372,0.1772362176601493,0.2161635,0.1772362176601493,0.1582603218854023,1.071829776707435,61.82,ST/MT Ratio (Expanding EWM),BMY,0.0449438202247191
2019-01-24,0.8470349724512422,1.0346276511908403,1.2214698151089582,0.2934174195292267,0.3462086277997683,0.356498542809548,0.3688432499999999,0.356498542809548,0.2475318978745097,1.165260089395608,48.76,ST/MT Ratio (Expanding EWM),BMY,0.047058823529411764
2019-04-25,0.9191264517812406,1.026115909921911,1.1164034153661098,0.190388801203878,0.2070867927323988,0.3118139450974396,0.31995725,0.3118139450974396,0.2435749892530334,0.8620816426567904,48.34,ST/MT Ratio (Expanding EWM),BMY,0.06542056074766356
2019-07-25,1.2090304329014046,1.2218194682435355,1.0105779267370798,0.3355532477545024,0.2774590154501294,0.2086007848331307,0.2548725,0.2086007848331307,0.2875132200767247,1.2321743647083547,45.77,ST/MT Ratio (Expanding EWM),BMY,0.018867924528301886
2019-10-31,1.099726816752802,1.1628703703961871,1.0574174901270763,0.1798949915650512,0.1635493609735834,0.218629340719006,0.2542375824213848,0.218629340719006,0.1652625684728868,1.0491369658676175,50.65,ST/MT Ratio (Expanding EWM),BMY,0.028301886792452827
2020-02-06,0.993323379309797,1.1234678547533052,1.1310192412202542,0.1702525041503651,0.1712974067312239,0.2026543562837177,0.2276756549104803,0.2026543562837177,0.1715707506041563,1.2956733442419812,63.93,ST/MT Ratio (Expanding EWM),BMY,0.1276595744680851
2020-05-07,0.8961763756838202,1.085527352060828,1.2112876231897152,0.2785091431529202,0.3103502913992239,0.2974706212645901,0.3229124958172399,0.2974706212645901,0.3723173015979232,1.5265018975587437,56.9,ST/MT Ratio (Expanding EWM),BMY,0.04054054054054054
2020-08-06,0.9684828868397126,1.122378354074028,1.1589036516034852,0.2293718054193291,0.2365856030206187,0.2998542110954326,0.3365498759114577,0.2998542110954326,0.2275328823393816,1.4497450591794032,60.29,ST/MT Ratio (Expanding EWM),BMY,0.04666666666666667
2020-11-05,1.3812958527877404,1.2848525129493886,0.9301790853540108,0.3610870865304401,0.2613014174179186,0.2459908865612391,0.316062008760856,0.2459908865612391,0.1878276183414548,1.0461524582769508,57.74,ST/MT Ratio (Expanding EWM),BMY,0.040268456375838924
2021-02-04,0.8584402353949079,1.0480724438752198,1.2209032156945387,0.1883787031778654,0.2194080643194668,0.279023799678511,0.2924371556284068,0.279023799678511,0.1869393098032813,1.338572615713863,61.55,ST/MT Ratio (Expanding EWM),BMY,0.05714285714285715
2021-04-29,1.3935732812439854,1.169881826734022,0.8394835366603158,0.3071762417989996,0.2204330866523912,0.194138411940334,0.227119,0.194138411940334,0.1729617137360088,1.0347054232562836,63.31,ST/MT Ratio (Expanding EWM),BMY,0.054945054945054944
2021-07-28,0.9557940862512776,1.30431512407089,1.364640295261239,0.150163171108284,0.1570324594416437,0.1525091569736246,0.1989199999999999,0.1525091569736246,0.1942050677691126,1.0024661507246202,66.4,ST/MT Ratio (Expanding EWM),BMY,0.031413612565445025
2021-10-27,1.2021041726485668,1.1390963542487234,0.9475853924863934,0.2012058327624456,0.1671550135565616,0.2175392500752044,0.2477981666666666,0.2175392500752044,0.1226916122315309,1.2212561129394397,59.84,ST/MT Ratio (Expanding EWM),BMY,0.030927835051546393
2022-02-04,0.9443792205420896,1.0931259139734315,1.1575073764816202,0.2413041014613001,0.2554735878161843,0.2106203840049395,0.2302345997668346,0.2106203840049395,0.2701098325608234,1.2290152765501434,62.16,ST/MT Ratio (Expanding EWM),BMY,0.021978021978021976
2022-07-27,0.9869870645506312,1.1222807467058264,1.1370774623239803,0.2355127679024889,0.2385590309319074,0.1972339220672332,0.2213518333333333,0.1972339220672332,0.2415075256221364,1.4123353410933492,79.98,ST/MT Ratio (Expanding EWM),BMY,0.04255319148936171
2022-10-25,0.9431322811888676,0.9096299614188332,0.9644776025184898,0.25129852779372,0.2663177328845771,0.258174763322102,0.2348435,0.258174763322102,0.3024921176442284,1.5047551438044324,70.15,ST/MT Ratio (Expanding EWM),BMY,0.03260869565217391
2023-02-02,1.1724181639799005,1.0631767731073176,0.9068238669198444,0.292632189956377,0.2495368495960699,0.2180123816035502,0.2317857003707036,0.2180123816035502,0.2359444407393829,1.6185596620125446,72.26,ST/MT Ratio (Expanding EWM),BMY,0.04624277456647399
2023-04-27,1.2883553449519425,1.122931997326993,0.8716011477166494,0.2575891240462551,0.1996539364230488,0.1849316496110096,0.2076656666666667,0.1849316496110096,0.1873539868658788,1.413250865861207,68.2,ST/MT Ratio (Expanding EWM),BMY,0.035
2023-07-27,1.242700876556775,1.1858433714461083,0.95424682947983,0.2543123799205518,0.2046166109699281,0.153635663629978,0.1821878333333333,0.153635663629978,0.1827324656637567,1.8991845637386608,64.75,ST/MT Ratio (Expanding EWM),BMY,0.04455445544554455
2015-01-27,0.854869139791045,1.041403837109283,1.2182026331700693,0.192665262394214,0.2253330056031058,0.3117408973331819,0.3246481666666667,0.3117408973331819,0.2585461011419609,1.2712356531244309,162.85,ST/MT Ratio (Expanding EWM),AMGN,
2015-04-21,0.8613435571434587,1.0514600529609104,1.2207208659549855,0.1563168702300692,0.1814710424931771,0.2313713671907269,0.24327775,0.2313713671907269,0.1956562963560487,1.4887780747278658,166.54,ST/MT Ratio (Expanding EWM),AMGN,0.05687203791469195
2015-07-30,1.3494815405749323,1.0549522743244424,0.781746354140562,0.3079737087519397,0.228139826822466,0.2554016011506667,0.2694364999999999,0.2554016011506667,0.1495835925265445,1.566385552363415,153.52,ST/MT Ratio (Expanding EWM),AMGN,0.03734439834024896
2015-10-28,0.9828472555290478,0.9050533864148866,0.9208484648285596,0.2499657108138351,0.2543064180365382,0.4938040613249021,0.446919037927527,0.4938040613249021,0.2464968819434735,1.2937975768718304,132.24,ST/MT Ratio (Expanding EWM),AMGN,0.03375527426160337
2016-01-28,1.0646712771533382,1.1618204570864097,1.0912480518802232,0.2290612089987445,0.2150234134039732,0.219525456890537,0.2550491666666666,0.219525456890537,0.1855663910616729,1.6537027699123816,164.44,ST/MT Ratio (Expanding EWM),AMGN,0.048458149779735685
2016-04-28,0.7966445770418747,1.0883342457642875,1.3661478118705384,0.1370283084112342,0.1719609497049338,0.2409112834778753,0.262192,0.2409112834778753,0.1948119555695407,1.4137483672036752,149.49,ST/MT Ratio (Expanding EWM),AMGN,0.054054054054054064
2016-07-27,0.9373720564322224,1.0155565185158435,1.0834081425268884,0.1131225462703764,0.1206696281365449,0.2871023017020481,0.2915686139744173,0.2871023017020481,0.1164590335469625,1.794819347877707,144.58,ST/MT Ratio (Expanding EWM),AMGN,0.040145985401459854
2016-10-27,1.670093904029119,1.2363168980237942,0.7402678945424367,0.5042511801272754,0.3019179052894552,0.1770535804236176,0.2188943333333333,0.1770535804236176,0.1228850497943093,0.7470819277490061,171.63,ST/MT Ratio (Expanding EWM),AMGN,0.03571428571428572
2017-02-02,1.1260162210387126,1.056958877816547,0.9386710937801036,0.2774011242677783,0.2462652308978277,0.2408740678635585,0.2545939844641736,0.2408740678635585,0.2477952300215098,1.2529642268428816,150.73,ST/MT Ratio (Expanding EWM),AMGN,0.053571428571428575
2017-04-26,0.656379813489286,1.2467575433504707,1.8994452872076657,0.1080130379359166,0.1645584975531603,0.1808230487173614,0.2254425,0.1808230487173614,0.2283482497072909,1.6064175557646094,164.91,ST/MT Ratio (Expanding EWM),AMGN,0.03666666666666667
2017-07-25,1.2559201818198802,1.2231397595965952,0.9738992790323786,0.2015469130702604,0.1603384892780751,0.1716281793253418,0.20992525,0.1716281793253418,0.1637531167258536,0.8223088856330258,173.67,ST/MT Ratio (Expanding EWM),AMGN,0.022653721682847898
2017-10-25,0.9489596344401392,1.2190687685823698,1.2846371166267654,0.1332623018737354,0.1404236259598544,0.1724336685652665,0.2102084999999999,0.1724336685652665,0.139913361607901,1.2176740496882756,186.29,ST/MT Ratio (Expanding EWM),AMGN,0.022580645161290325
2018-02-01,1.483502629103987,1.0813103898220109,0.7288901068379674,0.2869540147344361,0.1934459416033176,0.1890934639868387,0.2044687272564029,0.1890934639868387,0.1233736491098641,0.9749049852854044,177.0,ST/MT Ratio (Expanding EWM),AMGN,0.026578073089701
2018-04-24,1.0094118198573625,1.1054664740047604,1.0951590344572857,0.1609688761894651,0.1594676711310763,0.24043696145493,0.265795,0.24043696145493,0.1643810379161625,1.4208149694579757,175.19,ST/MT Ratio (Expanding EWM),AMGN,0.043478260869565216
2018-07-26,0.9082688965215292,1.174918313615845,1.2935798177340705,0.1166831864663853,0.1262669522475413,0.1917060934277384,0.225239,0.1917060934277384,0.1470623214830455,1.1899369034136873,184.59,ST/MT Ratio (Expanding EWM),AMGN,0.03672316384180791
2018-10-30,1.214034668251884,1.240051202828173,1.0214298118963527,0.2014484808743476,0.165803642165539,0.1656468502346207,0.2054105758781397,0.1656468502346207,0.1426487569010038,1.307405755443222,206.91,ST/MT Ratio (Expanding EWM),AMGN,0.043731778425655975
2019-01-29,1.29907310935189,1.0358029106939282,0.797339967425461,0.3037465097675735,0.2337471838771656,0.3231146824097705,0.3346831285279845,0.3231146824097705,0.193443694547772,1.5891015743472383,194.67,ST/MT Ratio (Expanding EWM),AMGN,0.030487804878048783
2019-04-30,1.0085303379633963,1.0835475731021007,1.0743827253528064,0.1632480584604742,0.1618229012319783,0.2249405557332183,0.2437337932569665,0.2249405557332183,0.1506507863370784,1.438479550836859,191.77,ST/MT Ratio (Expanding EWM),AMGN,0.05730659025787965
2019-07-30,1.5013943854431089,1.1178176082105036,0.7445196405743854,0.3800871758166817,0.2530506637917248,0.2048319688904533,0.2289647815501748,0.2048319688904533,0.1558786025182158,0.9922089806066204,186.35,ST/MT Ratio (Expanding EWM),AMGN,0.033426183844011144
2019-10-29,0.7613524968145747,1.158362359012308,1.521453418566018,0.147046683832835,0.1931365584823008,0.2202397162971629,0.2551173973181831,0.2202397162971629,0.2503905275163096,1.186574897476225,193.51,ST/MT Ratio (Expanding EWM),AMGN,0.04022988505747127
2020-01-30,1.2486329213945764,1.150034953173562,0.9210352646229348,0.201591144767084,0.1614239756144662,0.183153346268956,0.2106327499999999,0.183153346268956,0.1121295271977161,1.548441214271903,241.07,ST/MT Ratio (Expanding EWM),AMGN,0.037142857142857144
2020-04-30,0.9455378310310416,1.0237221274211623,1.0826876448770606,0.3180557579006702,0.3362681428429943,0.4218495,0.4318566675915537,0.4218495,0.3611117284575604,1.290234021895611,202.73,ST/MT Ratio (Expanding EWM),AMGN,0.05026455026455027
2020-07-28,0.929153205636157,1.084070963729048,1.1667300474810551,0.2888413166132232,0.3107413008138723,0.3051762855652761,0.33083275,0.3051762855652761,0.3007773568432845,1.5502224269734095,231.56,ST/MT Ratio (Expanding EWM),AMGN,0.06806282722513089
2020-10-28,0.7696198524083382,1.236003979040175,1.60599284851138,0.1913730267047185,0.2486068915077106,0.3086189498323624,0.38145425,0.3086189498323624,0.205585477471365,1.0588114021247503,247.03,ST/MT Ratio (Expanding EWM),AMGN,0.044736842105263165
2021-02-02,0.9751417369978026,1.0329528813859028,1.05928486310727,0.191285326465309,0.1960862350222751,0.296883837551171,0.3066670154353863,0.296883837551171,0.1941224501069654,1.0961328280756508,226.66,ST/MT Ratio (Expanding EWM),AMGN,0.05865102639296188
2021-04-27,1.542982054531798,1.1307090445422512,0.7328076442764289,0.4017473718851841,0.2603245584022638,0.2214592703655012,0.250406,0.2214592703655012,0.1712986222604991,1.1132035844301318,254.96,ST/MT Ratio (Expanding EWM),AMGN,0.04691358024691358
2021-08-03,1.4674778677170444,1.1942353143284397,0.8138012440257868,0.3513244339062757,0.2394228552924485,0.1592575781231116,0.1901910238690402,0.1592575781231116,0.1797655459542105,0.8359776700455414,248.7,ST/MT Ratio (Expanding EWM),AMGN,0.03950617283950617
2021-11-02,1.074246216183755,1.0675107571433045,0.9937300602608794,0.1900884432570122,0.1768618392871827,0.2529938721105612,0.2700736799693615,0.2529938721105612,0.177459108219836,1.591730110683055,211.44,ST/MT Ratio (Expanding EWM),AMGN,0.05152224824355973
2022-02-07,1.596651472279481,1.1111047639843186,0.6958968712176333,0.4392577781983242,0.2751612875947907,0.2000152797383542,0.2222379301869415,0.2000152797383542,0.1689178073170701,1.190703984841928,227.29,ST/MT Ratio (Expanding EWM),AMGN,0.07055961070559609
2022-04-27,1.4188132000807088,1.2298332042720286,0.8668041742225614,0.4135634393047998,0.2914520766213976,0.1673844870059847,0.2058549999999999,0.1673844870059847,0.2501469942774697,1.4040540385079974,240.47,ST/MT Ratio (Expanding EWM),AMGN,0.06746987951807229
2022-08-04,0.81064593659629,1.1704784542923037,1.4438836999626063,0.1772089872799997,0.2185992086686659,0.2115919784833738,0.2476638519158697,0.2115919784833738,0.2562456442759366,1.6645845969537487,246.73,ST/MT Ratio (Expanding EWM),AMGN,0.043181818181818175
2022-11-03,0.981965122853236,1.1157814360495757,1.1362739980087255,0.2624711947681409,0.2657529023623485,0.2426438641400615,0.2707375191788159,0.2426438641400615,0.2089494725842951,0.7892553658703649,233.02,ST/MT Ratio (Expanding EWM),AMGN,0.05417607223476298
2023-01-31,0.8796510626024538,1.0674649035191357,1.2135094799533728,0.1953779084304057,0.2221069759539453,0.2298555517153956,0.2453627343352124,0.2298555517153956,0.2440219438778131,1.1157687722087153,262.64,ST/MT Ratio (Expanding EWM),AMGN,0.029411764705882353
2023-04-27,0.8669164266492646,1.192238841110828,1.3752638714195016,0.1723173317533658,0.1986593539683605,0.19537675,0.23293575,0.19537675,0.2304593268813892,1.1473329111647943,238.48,ST/MT Ratio (Expanding EWM),AMGN,0.07
2023-08-03,1.3868304436640269,1.1359189911049132,0.8190756096353049,0.3515805589547279,0.2538750957473616,0.1767736818209341,0.2008005823079365,0.1767736818209341,0.1907949299935147,1.0670887057627294,225.01,ST/MT Ratio (Expanding EWM),AMGN,0.04241071428571428
2015-02-03,1.0851125836169768,1.070752785037856,0.9867665357531328,0.4773179989545497,0.4397172488451746,0.3701207749755603,0.3963078506054508,0.3701207749755603,0.4946327739795797,1.0411475912856705,96.785,ST/MT Ratio (Expanding EWM),GILD,
2015-04-30,1.1553384693654627,1.1723405469468084,1.0147161009800736,0.2776182490362816,0.2402366866857094,0.273088293542283,0.3201524794161307,0.273088293542283,0.2239913256095781,1.100481852418307,98.13,ST/MT Ratio (Expanding EWM),GILD,0.12831858407079647
2015-07-28,1.2321833418015693,1.087369512119763,0.8824737969025984,0.2206884027452108,0.1790785325857864,0.2721546095430768,0.295932625,0.2721546095430768,0.1502235467105293,1.3863091634094171,115.455,ST/MT Ratio (Expanding EWM),GILD,0.07575757575757576
2015-10-27,1.2483067422615024,0.9108349831837652,0.7296563836013938,0.3317199613127279,0.2656297594185806,0.5265019218295846,0.4795563691158696,0.5265019218295846,0.240730290981506,1.2567842978367436,94.8,ST/MT Ratio (Expanding EWM),GILD,0.05300353356890459
2016-02-02,1.4488730003815202,1.0395197278279211,0.7174678025984285,0.4551404391289548,0.3139536837313791,0.3041657025008366,0.3161862482782581,0.3041657025008366,0.159794252758427,1.4506550163360634,98.01,ST/MT Ratio (Expanding EWM),GILD,0.0576271186440678
2016-04-28,1.4268286298416617,1.191341064366975,0.8349573588940256,0.4747724927111954,0.3325859745889147,0.2433808177795551,0.2899495625,0.2433808177795551,0.2724968293386386,1.3441653596945646,92.2,ST/MT Ratio (Expanding EWM),GILD,0.06472491909385114
2016-07-25,1.561700291434445,1.0589265549010094,0.6780600354043408,0.5008747439445048,0.3205967295452102,0.2849569676040545,0.3017485,0.2849569676040545,0.2013827775416369,1.4262268901945347,80.47,ST/MT Ratio (Expanding EWM),GILD,0.043478260869565216
2016-11-01,0.9945185908551814,1.3412545899750286,1.3486470763927003,0.1867738140052158,0.187779221223461,0.2138930346989,0.2868850145535876,0.2138930346989,0.21650960872327,1.1494693233507465,78.03,ST/MT Ratio (Expanding EWM),GILD,0.045138888888888895
2017-02-07,1.588524587189011,1.2808910374694815,0.8063400766972671,0.480603892796646,0.3025205022950306,0.2307300671842947,0.2955400751310945,0.2307300671842947,0.1918733519604845,1.1736530162766128,75.84,ST/MT Ratio (Expanding EWM),GILD,0.04961832061068702
2017-05-02,0.9448311411578552,1.3946413252236831,1.4760746809367462,0.161555573896726,0.1709790695873914,0.1638531160897113,0.2285163269653849,0.1638531160897113,0.2082424669744875,1.1342647290181478,67.1,ST/MT Ratio (Expanding EWM),GILD,0.04867256637168142
2017-07-26,0.842876601526668,1.1008439571015445,1.306055898464414,0.1336269852548551,0.1585159510926619,0.2115583696318577,0.2328927527834854,0.2115583696318577,0.199272343373365,0.930108319446225,71.24,ST/MT Ratio (Expanding EWM),GILD,0.04265402843601896
2017-10-26,0.8867310810327256,1.1261618331848706,1.2700150668828407,0.1947310067246608,0.2195544393434522,0.2085195422898432,0.23482675,0.2085195422898432,0.2155366835948417,1.076743093679359,83.76,ST/MT Ratio (Expanding EWM),GILD,0.05213270142180095
2018-02-06,1.2075246437996494,1.2014327565364025,0.9949550617500624,0.3399161831914878,0.2814522419778765,0.2243086930047219,0.2694918113517407,0.2243086930047219,0.187509745628389,1.0903207340149792,74.4,ST/MT Ratio (Expanding EWM),GILD,0.11242603550295859
2018-05-01,1.4348132082966734,1.04358319034554,0.7273303481673558,0.3723253864400626,0.259451543488429,0.3045342537175325,0.3178068280640408,0.3045342537175325,0.2121506551302173,1.2046174648920265,73.14,ST/MT Ratio (Expanding EWM),GILD,0.06707317073170732
2018-07-25,0.7024505132359943,1.266797967279926,1.8033981660062284,0.1218248788284378,0.1734133109507421,0.2211916768925075,0.2802051666666666,0.2211916768925075,0.2087994878172302,1.0842035050652798,71.14,ST/MT Ratio (Expanding EWM),GILD,0.04516129032258065
2018-10-25,1.323287737854484,1.2777457577781857,0.9655842196874446,0.2721486290848839,0.2056531383561499,0.1948732094400679,0.2489984166666667,0.1948732094400679,0.1725418872348842,1.3729101689371288,74.99,ST/MT Ratio (Expanding EWM),GILD,0.05590062111801242
2019-02-04,1.1308375938221182,1.0534027007147917,0.931524302401723,0.2728945181793969,0.241297148300415,0.3260930066906201,0.3435072539321059,0.3260930066906201,0.2632480491184067,1.172778157075242,68.25,ST/MT Ratio (Expanding EWM),GILD,0.08823529411764706
2019-05-02,0.9612224729573798,1.2541828257154042,1.304778925795063,0.1825803690485195,0.1899230743039346,0.2002594744932228,0.2511619935961921,0.2002594744932228,0.1812291580108048,1.037397440564532,66.24,ST/MT Ratio (Expanding EWM),GILD,0.06790123456790123
2019-07-30,0.9911192313734728,1.3404088558943617,1.3524193794896409,0.1865326306263812,0.1881462659068387,0.1878154430049511,0.2517494830775592,0.1878154430049511,0.1841110604518766,1.441111102506718,67.83,ST/MT Ratio (Expanding EWM),GILD,0.05882352941176471
2019-10-24,1.405446338156392,1.0140745277488723,0.7215320145763051,0.2640615055202593,0.1877812569501663,0.2394133698821427,0.242783,0.2394133698821427,0.1615179614315145,1.4150129920123184,64.56,ST/MT Ratio (Expanding EWM),GILD,0.05202312138728324
2020-02-04,1.4289327900890736,1.1620054625411709,0.8131981228233528,0.3395453260508614,0.2376879323705731,0.2196115869631149,0.2551898636884749,0.2196115869631149,0.1696455706442777,0.8275688798708835,65.65,ST/MT Ratio (Expanding EWM),GILD,0.05952380952380953
2020-04-30,0.7450394173917019,0.9888784348970304,1.3272833783197422,0.4312360938023019,0.578639169349163,0.7054008333333334,0.6975556720417277,0.7054008333333334,0.6791879948128136,0.8935291657955258,74.76,ST/MT Ratio (Expanding EWM),GILD,0.04487179487179487
2020-07-30,0.9749753743591976,1.167460928060639,1.1974260671229289,0.3086558890224671,0.3164407011316857,0.3091156982867829,0.3608805,0.3091156982867829,0.3846600534073084,1.137137999976056,76.94,ST/MT Ratio (Expanding EWM),GILD,0.10666666666666667
2020-10-28,0.8170082679762789,1.1901373201948875,1.4567016844797,0.1475584773542136,0.1805670081851502,0.2668581974624514,0.3175979,0.2668581974624514,0.2357441750262018,1.127428781393187,62.85,ST/MT Ratio (Expanding EWM),GILD,0.14285714285714288
2021-02-04,1.1990919460480047,1.0459489098692003,0.8722841591226289,0.3407059384364497,0.2840895872565919,0.3164594922590998,0.3310004609461662,0.3164594922590998,0.2186592987860535,0.8389673590774117,60.0,ST/MT Ratio (Expanding EWM),GILD,0.09941520467836258
2021-04-29,0.9963906990820748,1.3223338064187444,1.3271237955522317,0.2161476996463406,0.2152497170291737,0.2421795453201842,0.3202422,0.2421795453201842,0.2404969084709227,2.41269637338244,65.5,ST/MT Ratio (Expanding EWM),GILD,0.11822660098522168
2021-07-29,1.0846632916086587,1.274847734782664,1.1753396142796937,0.1691934557506197,0.1559646352928367,0.1924037618828387,0.2452855,0.1924037618828387,0.1636004406599249,1.9119225867926668,67.93,ST/MT Ratio (Expanding EWM),GILD,0.06896551724137931
2021-10-28,1.2294621166908788,1.102751513281032,0.8969381799653242,0.2331429298899344,0.1896073868308227,0.2356955882956278,0.2599136666666666,0.2356955882956278,0.1560818078810492,1.702380624200059,69.97,ST/MT Ratio (Expanding EWM),GILD,0.06547619047619048
2022-02-01,1.3437410631187214,1.2121964784368724,0.90210570451978,0.3286667826814702,0.2446049664939652,0.2031108537087057,0.2462102615979998,0.2031108537087057,0.1977198933037777,0.8275133243021429,72.58,ST/MT Ratio (Expanding EWM),GILD,0.13245033112582782
2022-04-28,0.9340370081250532,1.079869012883896,1.156130863649161,0.1967008742340054,0.2105456176444498,0.2164077283557777,0.233692,0.2164077283557777,0.2286670774466448,1.141130745582244,60.53,ST/MT Ratio (Expanding EWM),GILD,0.0893854748603352
2022-08-02,1.093773975200772,1.0997520972742465,1.0054655918032582,0.2611855551377826,0.23870301903657,0.2264796614532168,0.2490714826731364,0.2264796614532168,0.2516003445116718,0.9000188781849894,62.36,ST/MT Ratio (Expanding EWM),GILD,0.06622516556291391
2022-10-27,1.586870314904721,1.0494826470867258,0.6613537585456307,0.5581082500217842,0.3515484654906394,0.2810082194485578,0.29491325,0.2810082194485578,0.202389027263335,1.478721316578358,62.63,ST/MT Ratio (Expanding EWM),GILD,0.1032258064516129
2023-02-02,1.37542428156263,1.1649284473589698,0.8469593440908908,0.4140980691139515,0.3010940947112797,0.2321667430168125,0.2704576434709644,0.2321667430168125,0.2456759728487711,1.0626259643424016,85.39,ST/MT Ratio (Expanding EWM),GILD,0.08053691275167785
2023-04-27,1.0522179284859852,1.2159649201343132,1.155620796049294,0.2185179800949918,0.207579623543599,0.203839625,0.2478618333333333,0.203839625,0.2298871625607865,1.5004208412769235,80.97,ST/MT Ratio (Expanding EWM),GILD,0.12179487179487179
2023-08-03,1.3204419046063656,1.2660801001124358,0.9588305973142108,0.3065141178974506,0.2320930194531386,0.1699198771765705,0.2151321751068052,0.1699198771765705,0.1667870988935007,1.5054561402746958,76.715,ST/MT Ratio (Expanding EWM),GILD,0.06432748538011696
2015-02-10,0.9493026855358024,1.078459250468469,1.1360541446901822,0.1143206323966406,0.1204226001274745,0.1724396560279918,0.1859691421909886,0.1724396560279918,0.1387344290651228,1.3247874060791411,97.2,ST/MT Ratio (Expanding EWM),CVS,
2015-08-04,1.4231659264935672,1.0479618770936965,0.7363595892684782,0.1760378464988874,0.1236482205758632,0.1743558457219844,0.1827182793650697,0.1743558457219844,0.0863401783146568,1.2740256134383785,104.81,ST/MT Ratio (Expanding EWM),CVS,0.008333333333333333
2016-02-09,1.224241913536107,1.0934007119168858,0.8931247164693956,0.2369038242249782,0.1935026392425085,0.2143947259546761,0.2344193459900685,0.2143947259546761,0.1883653331405908,1.4756460493031098,94.92,ST/MT Ratio (Expanding EWM),CVS,0.006535947712418301
2016-05-03,1.2356574147869026,1.183841723198151,0.9580662965570538,0.1862553823991953,0.1507388158371761,0.1441576870877721,0.1706598846942479,0.1441576870877721,0.1355574876430401,1.180067325202803,104.48,ST/MT Ratio (Expanding EWM),CVS,0.008620689655172415
2016-08-02,1.4328840304717296,1.191789274485611,0.8317416128179288,0.3164413222326483,0.2207361860840825,0.1481134136856046,0.1765199778379538,0.1481134136856046,0.1745048309263359,1.9372238169947176,95.0,ST/MT Ratio (Expanding EWM),CVS,0.007692307692307692
2016-11-08,1.6496992948170908,1.2713000592149026,0.7706253274211753,0.6625364176876358,0.4015014665440346,0.1626296403669261,0.2067510714285714,0.1626296403669261,0.1510090579057418,1.4883305502698925,86.83,ST/MT Ratio (Expanding EWM),CVS,0.006369426751592356
2017-02-09,0.8861103516366212,1.3382043020952423,1.5102005067694064,0.2264681226612717,0.2554320118220711,0.1612279353226223,0.2157559166666666,0.1612279353226223,0.2701924988757653,1.0511822955210204,82.67,ST/MT Ratio (Expanding EWM),CVS,0.005988023952095809
2017-05-02,1.407748978529136,1.3766231273840153,0.9778896297423408,0.241147333708616,0.1713023774217508,0.1268336031520596,0.1746020714285714,0.1268336031520596,0.1391049060838591,1.112820053952662,78.05,ST/MT Ratio (Expanding EWM),CVS,0.00909090909090909
2017-08-08,0.9094570424392048,1.2141202849068755,1.334994648730797,0.1520887202894721,0.1671967554126783,0.1635223070300879,0.19853575,0.1635223070300879,0.1955751883891322,1.158029201636091,78.14,ST/MT Ratio (Expanding EWM),CVS,0.007633587786259542
2017-11-06,1.255942342089023,0.9855808589366734,0.7847341600867964,0.3730865056449277,0.2969053722259105,0.2592763759728743,0.2555378333333333,0.2592763759728743,0.2260043750788671,1.7601100132423348,76.92,ST/MT Ratio (Expanding EWM),CVS,0.006711409395973154
2018-02-08,0.9418970434888436,1.171616389640401,1.2438900809165545,0.2343137311270297,0.248648930494344,0.2117081416365028,0.248040728561638,0.2117081416365028,0.279451565177008,1.1486063073636688,77.69,ST/MT Ratio (Expanding EWM),CVS,0.005263157894736843
2018-05-02,1.3556142496567685,1.069071323116702,0.788625026173473,0.3766751387059044,0.2778414631016712,0.2931053456268635,0.3133505196618892,0.2931053456268635,0.2206074641614149,1.2063034388800151,61.04,ST/MT Ratio (Expanding EWM),CVS,0.0425531914893617
2018-08-08,0.9999418100397696,1.203192087699526,1.2032621054735904,0.2988966632622452,0.2988133549691663,0.2383495921619359,0.2867803433956503,0.2383495921619359,0.335917156641788,0.9937542425782596,67.64,ST/MT Ratio (Expanding EWM),CVS,0.012422360248447204
2018-11-06,1.2099547937937931,1.144121978817909,0.9455906821365888,0.3103921853361452,0.2564654942151505,0.2369409849438709,0.2710893885570459,0.2369409849438709,0.1849661213903563,1.3019215052462991,79.8,ST/MT Ratio (Expanding EWM),CVS,0.011695906432748539
2019-02-20,1.403885784212216,1.0972927486466535,0.7816111260521058,0.4451722428475642,0.3169327793222465,0.2673171770812965,0.2933252,0.2673171770812965,0.2579853143511837,1.2324892304565036,64.92,ST/MT Ratio (Expanding EWM),CVS,0.029761904761904764
2019-05-01,1.164071112712147,1.1100761259942775,0.9536153881595192,0.3443065908086467,0.2956758864421115,0.2751660789653474,0.3054552949428883,0.2751660789653474,0.273252943071422,1.255721238666662,54.19,ST/MT Ratio (Expanding EWM),CVS,0.03289473684210526
2019-08-07,1.3780244703384443,1.3356493665901077,0.9692493822421532,0.3952516149550342,0.2866700863593049,0.2024762236445517,0.2704372398604025,0.2024762236445517,0.2082316310290755,1.0186585812814446,55.31,ST/MT Ratio (Expanding EWM),CVS,0.00591715976331361
2019-11-06,1.278561111428378,1.2568450581215054,0.9830152402472088,0.2878670972476976,0.2250903208773134,0.227902633175427,0.2864382982394137,0.227902633175427,0.1899419155500965,1.1268467520397984,61.99,ST/MT Ratio (Expanding EWM),CVS,0.005649717514124294
2020-02-12,1.1893633023574628,1.3275019840138358,1.1161450680230047,0.2331867956803525,0.196049111160986,0.1828499918561925,0.2427337269660093,0.1828499918561925,0.1505606907194412,0.9937599955303827,72.76,ST/MT Ratio (Expanding EWM),CVS,0.011904761904761906
2020-05-06,0.6737503859600594,1.0606147650987054,1.5741954100514306,0.2382084773290663,0.3534944114867848,0.4709460884730518,0.499492375,0.4709460884730518,0.4787655914394206,1.332864255424456,56.22,ST/MT Ratio (Expanding EWM),CVS,0.024691358024691357
2020-08-05,1.0608888491601045,1.1285839078102686,1.0638097560397186,0.2206325160801307,0.2079631312447077,0.2884333274847079,0.3255212118754106,0.2884333274847079,0.1846512558340544,1.144753996769398,64.93,ST/MT Ratio (Expanding EWM),CVS,0.06989247311827956
2020-11-06,1.2962341979316103,1.266240733111053,0.976861075823784,0.3752797077834939,0.2894924216521802,0.2631222,0.3331760474257931,0.2631222,0.2272520648794167,1.2247836661918468,59.42,ST/MT Ratio (Expanding EWM),CVS,0.030303030303030304
2021-02-16,1.1768625515718911,1.1266408604632254,0.9573257802777506,0.3417047713638534,0.2902646781728709,0.2697969379363403,0.3039642543069418,0.2697969379363403,0.2900620199399097,0.8754180931019557,76.26,ST/MT Ratio (Expanding EWM),CVS,0.060109289617486336
2021-05-04,1.1499760421573602,1.1356398767305664,0.9875335094808592,0.2758252871268,0.239750175127186,0.2139986344610482,0.2430253828598543,0.2139986344610482,0.2431985333060308,1.2366494137530368,75.04,ST/MT Ratio (Expanding EWM),CVS,0.046511627906976744
2021-08-04,1.182750590271486,1.1976836910264606,1.0126257394228373,0.2101826092775784,0.1776864751689093,0.1974877336228997,0.2365278377379249,0.1974877336228997,0.1929896807879827,1.19016045034997,81.18,ST/MT Ratio (Expanding EWM),CVS,0.03431372549019608
2021-11-03,1.4326571297155024,1.031370448233218,0.7199004052267747,0.3105634617913035,0.2167190456050133,0.2566504211929343,0.2647016599450008,0.2566504211929343,0.1727470520181182,1.414490461740109,83.81,ST/MT Ratio (Expanding EWM),CVS,0.04519774011299435
2022-02-09,1.3995469183620326,1.1595526748422509,0.8285200443293032,0.4406802163726989,0.3147297520798276,0.2214244074856805,0.2567532639753814,0.2214244074856805,0.2384468600682518,1.212877502918695,105.06,ST/MT Ratio (Expanding EWM),CVS,0.024844720496894408
2022-05-04,1.0006651835045417,1.199901127427951,1.199103503557147,0.2666461246101546,0.2659716619899651,0.2091590274476679,0.2509701528461905,0.2091590274476679,0.2681123443241087,1.2868455581385398,100.0,ST/MT Ratio (Expanding EWM),CVS,0.04651162790697675
2022-08-03,1.2233022342071334,1.0957663970248868,0.8957446217165562,0.303892791738945,0.2482825570444638,0.2697730380990242,0.2956082299722252,0.2697730380990242,0.2048529445061051,1.4026087955468758,92.53,ST/MT Ratio (Expanding EWM),CVS,0.032407407407407406
2022-11-02,1.145942977583602,1.1155122179842023,0.9734447872235602,0.3274719645489255,0.2856016175009471,0.2699238524379114,0.3011033553198551,0.2699238524379114,0.1711812352222061,1.3879560725381113,97.76,ST/MT Ratio (Expanding EWM),CVS,0.020100502512562814
2023-02-08,1.275748140519555,1.1956617623523962,0.9372239898899298,0.3116584456858227,0.2442131997435867,0.2089240950966535,0.2498025517411443,0.2089240950966535,0.2106418836336759,1.3366688976313683,91.49,ST/MT Ratio (Expanding EWM),CVS,0.010471204188481676
2023-05-03,0.9994080042852872,1.2472551732919908,1.2479939803803632,0.1991072670478952,0.1992222089057931,0.2025699170425671,0.2526563769846712,0.2025699170425671,0.2093515922368312,1.2174802559028075,76.09,ST/MT Ratio (Expanding EWM),CVS,0.03809523809523809
2023-08-02,1.1814996364087456,1.3322366608389,1.1275811009881735,0.329024710402038,0.2783975954258839,0.185296876282135,0.2468592917219903,0.185296876282135,0.2884069121965859,1.1078040314231774,69.77,ST/MT Ratio (Expanding EWM),CVS,0.06572769953051644
2015-01-28,1.2389053637318026,1.0422018303024256,0.8412279588193314,0.4057151538964805,0.3273895770879387,0.4789303621306818,0.4991421000000001,0.4789303621306818,0.2915345550979384,1.2645867027720932,119.79,ST/MT Ratio (Expanding EWM),VRTX,
2015-04-29,0.9852145959181836,1.104164984434488,1.1207355118459716,0.3226596970186901,0.3273512522767379,0.4436838118510901,0.4899001292063931,0.4436838118510901,0.3513031249887152,0.7280516581533515,121.25,ST/MT Ratio (Expanding EWM),VRTX,0.17808219178082194
2015-07-29,1.439980600932632,0.9468574179050012,0.6575487317619073,0.5160534289380518,0.3582158895635006,0.4618729195443419,0.4373278,0.4618729195443419,0.2273099866832107,0.8050749460335642,122.03,ST/MT Ratio (Expanding EWM),VRTX,0.13333333333333333
2015-10-28,1.0762309254628086,0.9353724923347024,0.8691187645741241,0.5011519751255914,0.4654263858873606,0.6443926741628074,0.602747181673889,0.6443926741628074,0.4305051403543785,0.703630706680054,98.5,ST/MT Ratio (Expanding EWM),VRTX,0.5185185185185185
2016-01-27,1.0246215204210165,0.9976709727366592,0.9736970704331068,0.3888539538661684,0.3792686103390857,0.4764018529037188,0.4752923,0.4764018529037188,0.3279136933362642,0.8633112985047003,123.95,ST/MT Ratio (Expanding EWM),VRTX,0.7647058823529411
2016-04-27,0.927562816855129,1.0705416300131751,1.154144614855101,0.421749436295961,0.4546801476963768,0.496365953241937,0.5313804166666667,0.496365953241937,0.4495884900724933,1.036825303841011,78.7,ST/MT Ratio (Expanding EWM),VRTX,0.375
2016-07-27,0.8508327001679081,0.9911429930787844,1.1649093798148409,0.2632845248890038,0.3093055937433681,0.4920054456372852,0.48764775,0.4920054456372852,0.3376783073365962,1.0501746956678977,79.84,ST/MT Ratio (Expanding EWM),VRTX,0.3913043478260869
2016-10-25,1.092801264445084,1.0488743515779295,0.959803383930508,0.3229844530910237,0.2952248389991663,0.4126340634254029,0.4328012857142857,0.4126340634254029,0.2748964512398409,0.8231811046617749,88.29,ST/MT Ratio (Expanding EWM),VRTX,0.25
2017-01-25,0.7732084670841882,1.063067140410478,1.374877779623085,0.2709088606376897,0.350122499622884,0.4800160127261237,0.51028925,0.4800160127261237,0.4254788566219344,1.113332237061688,75.19,ST/MT Ratio (Expanding EWM),VRTX,0.2962962962962963
2017-04-27,0.6833607872504602,0.8942306023097745,1.3085775757016445,0.3171622358483894,0.4641258523545685,0.5966754293503744,0.5335654285714286,0.5966754293503744,0.2149919747681865,1.1779819593728158,89.67,ST/MT Ratio (Expanding EWM),VRTX,0.6842105263157895
2017-07-26,1.3042946402950797,1.142612295487221,0.8760384810204542,0.8151389487503146,0.6247076774500911,0.3629451433099612,0.4147055833333333,0.3629451433099612,0.3671003432998463,1.0808172886804952,133.41,ST/MT Ratio (Expanding EWM),VRTX,0.2702702702702703
2017-10-25,0.8865074979472839,1.0742162661982433,1.211739628469698,0.2521577824794829,0.2831575895726169,0.3061647224575771,0.3288871249999999,0.3061647224575771,0.3671569168615824,1.2517584661637076,149.1,ST/MT Ratio (Expanding EWM),VRTX,0.6333333333333334
2018-01-31,1.1815579243792318,1.039401049691295,0.8796869186395384,0.2634651997060815,0.2225874097634899,0.3542961087414959,0.3682557473274521,0.3542961087414959,0.2280101781927291,1.1609744435902725,152.91,ST/MT Ratio (Expanding EWM),VRTX,0.2830188679245283
2018-04-26,0.9729627344137824,0.9939222520723184,1.0215419531675736,0.2104304113151274,0.2161994381238301,0.3514661224976604,0.34933,0.3514661224976604,0.2009878139903763,1.1218831861841465,160.34,ST/MT Ratio (Expanding EWM),VRTX,0.14516129032258063
2018-07-25,0.7671745361841436,1.0052303524428154,1.3103020304124533,0.2913898093540563,0.3798306810600875,0.3489218490876063,0.3507468333333333,0.3489218490876063,0.2295223962715722,0.9524367215458248,154.76,ST/MT Ratio (Expanding EWM),VRTX,0.0945945945945946
2018-10-24,1.2397747283607077,1.2348940858892208,0.996063282820791,0.3184964434824271,0.2559861698970491,0.2245516463060263,0.2772975,0.2245516463060263,0.2254692281475265,0.883725305738476,182.17,ST/MT Ratio (Expanding EWM),VRTX,0.06930693069306931
2019-02-05,0.9191605898007555,1.0409026977132316,1.1324492251553844,0.2165554326138149,0.2355325923689087,0.3853589451548191,0.4011211655995765,0.3853589451548191,0.2535187714166816,1.2342865521268072,175.85,ST/MT Ratio (Expanding EWM),VRTX,0.12264150943396226
2019-04-30,1.1970308813509505,0.9773286940712448,0.8164607190152411,0.3512512666039012,0.2934101224187044,0.3177990151314974,0.3105940964355941,0.3177990151314974,0.214424648273179,1.4063659173471408,186.05,ST/MT Ratio (Expanding EWM),VRTX,0.13402061855670103
2019-07-31,1.4831699585577196,1.1686008130662795,0.7879075532265116,0.4974143009342311,0.3352056677860757,0.2625673047427412,0.306836365806989,0.2625673047427412,0.2544101370021318,1.9100830383388372,181.84,ST/MT Ratio (Expanding EWM),VRTX,0.07476635514018691
2019-10-30,1.0673708388947214,1.1575483998751837,1.0844856892229158,0.2594231405628855,0.2430492179676443,0.2881997102068028,0.3336051133943762,0.2881997102068028,0.2391119608084923,1.3795721455311638,169.42,ST/MT Ratio (Expanding EWM),VRTX,0.125
2020-01-30,0.9313095918059652,1.1616220795121823,1.2472995980419386,0.1646019067871729,0.1763755802573915,0.2438608304681671,0.283274125,0.2438608304681671,0.1701452423153356,1.6559904624536328,218.95,ST/MT Ratio (Expanding EWM),VRTX,0.07563025210084033
2020-04-29,1.1671696323803653,1.0156959891428083,0.8702213979568364,0.4534025904312124,0.388039111893802,0.4718399902869114,0.4792459856515975,0.4718399902869114,0.3344605261278012,1.4183539210606122,231.92,ST/MT Ratio (Expanding EWM),VRTX,0.0955056179775281
2020-07-30,0.8690855856602765,1.1025438727397847,1.268625197485172,0.3015060257124177,0.3469175490480456,0.3511057560349465,0.3871095,0.3511057560349465,0.3999923898997986,1.407661942221232,290.31,ST/MT Ratio (Expanding EWM),VRTX,0.12682926829268293
2020-10-29,1.0715567418606793,1.124480483302141,1.0493895837466929,0.5943913712078123,0.5544083062122187,0.3367314111918292,0.3786479,0.3367314111918292,0.2333469575658015,1.1755843333744616,270.31,ST/MT Ratio (Expanding EWM),VRTX,0.09210526315789475
2021-02-01,1.2724867941992015,0.9904019829240004,0.7783200481442148,0.4508261448399502,0.3542485978063776,0.3701176472084547,0.3665652517104191,0.3701176472084547,0.3415356473150781,0.9529249978824222,236.34,ST/MT Ratio (Expanding EWM),VRTX,0.10077519379844961
2021-04-29,1.115840752290367,1.1476549038587,1.028511372705318,0.2480434532004541,0.2221924467459295,0.3917321590503874,0.4495733333333334,0.3917321590503874,0.2445495579080663,0.8167863049170984,212.99,ST/MT Ratio (Expanding EWM),VRTX,0.08148148148148147
2021-07-29,0.8325652092253638,1.2349011249091468,1.483248532638212,0.224003094377623,0.2689964547455264,0.2190514105760774,0.2705068333333333,0.2190514105760774,0.3318996187478443,0.9440640464052384,196.78,ST/MT Ratio (Expanding EWM),VRTX,0.5263157894736842
2021-11-02,1.33845330175613,1.0135307090660703,0.7572402471840131,0.2919136708314512,0.2181291473281005,0.2777719734031127,0.2815304251619385,0.2777719734031127,0.1862680274874389,0.7977952357379589,177.4,ST/MT Ratio (Expanding EWM),VRTX,0.049019607843137254
2022-01-26,0.8460550351666457,1.0414258693648455,1.2309197700829453,0.2180951015046742,0.2557806125442909,0.3478845788812221,0.362296,0.3478845788812221,0.3233620704603987,1.194076986651306,222.34,ST/MT Ratio (Expanding EWM),VRTX,0.05151515151515152
2022-05-05,1.359111195166178,1.4460540722107065,1.0639703928227138,0.4489258255074457,0.330354379632076,0.2501070319885689,0.3616682920956035,0.2501070319885689,0.223277072988589,1.057949378306603,269.96,ST/MT Ratio (Expanding EWM),VRTX,0.07183908045977011
2022-08-04,1.2281471743187629,1.1462752849636797,0.933337069801511,0.3837199383761828,0.3124458842534699,0.3077705740109573,0.3527898024278453,0.3077705740109573,0.2939023784671073,1.2411269293354303,288.98,ST/MT Ratio (Expanding EWM),VRTX,0.056657223796034
2022-10-27,1.5073166207273525,1.106863359347413,0.7343270445815816,0.5454263778068226,0.3616545880121638,0.3141798522192444,0.3477541666666667,0.3141798522192444,0.2779528808175417,0.956272388079562,284.74,ST/MT Ratio (Expanding EWM),VRTX,0.051912568306010924
2023-02-07,1.137069336511795,0.8530055186744896,0.7501789831843216,0.3589022821472463,0.3155994762512022,0.3435814311500745,0.2930768568850928,0.3435814311500745,0.3001046005581115,1.0353671378881195,283.23,ST/MT Ratio (Expanding EWM),VRTX,0.0898876404494382
2023-05-01,0.9624870028452724,1.2763110894207506,1.3260554019407655,0.2091473571796959,0.2171815321596475,0.2280298574827889,0.2910370358243168,0.2280298574827889,0.2349592304317795,1.7435458857872652,315.07,ST/MT Ratio (Expanding EWM),VRTX,0.08064516129032258
2023-08-01,1.4125504653135257,1.2445915715457438,0.8810952968462602,0.313579429616423,0.2219669236303973,0.197091376337999,0.2452982658146238,0.197091376337999,0.1745231329351074,1.204044942292791,347.57,ST/MT Ratio (Expanding EWM),VRTX,0.06735751295336788
2015-02-10,0.761842511759531,1.0695926816293793,1.4039551024254038,0.2112607567199231,0.2771393717038251,0.3781768260714253,0.4044951655278231,0.3781768260714253,0.3387872442811659,0.9709557500899388,413.33,ST/MT Ratio (Expanding EWM),REGN,
2015-05-07,0.8265929082844915,1.1692913355096863,1.4145915405159115,0.1882975708979347,0.2277007464951519,0.3281316685303291,0.3836815169188503,0.3281316685303291,0.2707164905094034,1.2149034177578422,441.65,ST/MT Ratio (Expanding EWM),REGN,0.16044776119402984
2015-08-04,1.2469630011671446,1.103996439228364,0.8853481925245853,0.2849161727374299,0.2284630437094421,0.3157760017185315,0.3486155814910284,0.3157760017185315,0.2228170557511924,1.2749494442083027,512.24,ST/MT Ratio (Expanding EWM),REGN,0.10791366906474821
2015-11-04,0.8414219317185178,1.0105705874988269,1.201027153445882,0.289428936449724,0.3437848989500321,0.4384888015283181,0.4431238857721288,0.4384888015283181,0.3634197896272084,1.33126549698781,473.14,ST/MT Ratio (Expanding EWM),REGN,0.09584664536741214
2016-02-09,1.167393313769928,1.01276714301603,0.8675457800468679,0.420614447461645,0.3602885035853715,0.4295189281249787,0.4350026577084424,0.4295189281249787,0.2466953404934358,1.4906884437213062,480.82,ST/MT Ratio (Expanding EWM),REGN,0.09649122807017545
2016-05-05,1.006447122676829,1.0602406224718088,1.0534489081273404,0.4413591311811666,0.4384331204995742,0.3684999418217759,0.390698607697945,0.3684999418217759,0.4777532868370517,1.308286986759689,403.65,ST/MT Ratio (Expanding EWM),REGN,0.16479400749063672
2016-08-04,1.1143834947094031,1.1074776170115983,0.9938029612511394,0.3302417514723483,0.2961982686221877,0.3527979905231918,0.3907158778311048,0.3527979905231918,0.2763629983254898,1.3810690859831742,359.61,ST/MT Ratio (Expanding EWM),REGN,0.12406015037593984
2016-11-04,1.400062207878207,1.2017908610315344,0.8583839019930746,0.4942550341982301,0.3429204452468963,0.3186692857142857,0.3829738352628755,0.3186692857142857,0.2554729761879752,1.2077285254564325,392.6,ST/MT Ratio (Expanding EWM),REGN,0.12454212454212456
2017-02-09,0.868785650727166,1.1452247264972573,1.3181901951749713,0.3037606077068223,0.3492404035113481,0.3534674691792092,0.4047996857164375,0.3534674691792092,0.4230528986449881,1.199784345248212,373.0,ST/MT Ratio (Expanding EWM),REGN,0.1129032258064516
2017-05-04,1.281112774249322,1.1016500388337247,0.8599165202136441,0.4376691547466584,0.3415403403746554,0.290756,0.3203113586911384,0.290756,0.2848588554463674,1.0265336008412305,382.92,ST/MT Ratio (Expanding EWM),REGN,0.09415584415584415
2017-08-03,0.9306118385632766,1.1001680433252543,1.182198632916326,0.2801191207927702,0.300869792169988,0.3296209259403833,0.36263840913089,0.3296209259403833,0.3414381278905986,1.1002212752007867,487.73,ST/MT Ratio (Expanding EWM),REGN,0.06389776357827477
2017-11-08,1.0074995923467065,1.0747055919425494,1.0667057337852657,0.2516884406205141,0.2497396322488757,0.2968950105778022,0.3190747280878064,0.2968950105778022,0.2819107265409054,1.2265972985480418,469.56,ST/MT Ratio (Expanding EWM),REGN,0.10443864229765014
2018-02-08,1.2272445559584135,1.1901340527074646,0.969761118050373,0.4064056141485005,0.3304041015072466,0.2682775961850311,0.3192863027983077,0.2682775961850311,0.2480366706645054,1.132920259881829,368.65,ST/MT Ratio (Expanding EWM),REGN,0.11555555555555556
2018-05-03,0.8200452792206665,1.0467444496829854,1.2764471379894575,0.1953820128403351,0.2381448031847677,0.3886177690734526,0.4067834928258206,0.3886177690734526,0.272884656412107,1.2908398023243126,332.2,ST/MT Ratio (Expanding EWM),REGN,0.15116279069767444
2018-08-02,1.3294654561487058,1.123841580474149,0.8453334197413273,0.3665187212135396,0.2756396660676508,0.297968856486981,0.3348697906064036,0.297968856486981,0.2603139237109015,1.5279501771716957,353.86,ST/MT Ratio (Expanding EWM),REGN,0.08061002178649238
2018-11-06,1.0134697328463391,1.1092589709366956,1.094516131055371,0.2939367994316098,0.2898869290560843,0.3308760954463999,0.3670272771424254,0.3308760954463999,0.2419590568845347,1.0479009295027188,394.15,ST/MT Ratio (Expanding EWM),REGN,0.08627450980392158
2019-02-06,1.015313736617122,1.032205032791388,1.0166365287546937,0.2435025230523614,0.2397090414210747,0.3751071867990916,0.3871875260502416,0.3751071867990916,0.2491140694583936,1.125011215120974,396.63,ST/MT Ratio (Expanding EWM),REGN,0.07942238267148015
2019-05-07,1.2081963337461772,1.1701107305260374,0.9684773060831512,0.3927424178809673,0.3250250789155282,0.256515794398264,0.3001518835748196,0.256515794398264,0.2041817637705619,1.487128413703717,401.26,ST/MT Ratio (Expanding EWM),REGN,0.0929368029739777
2019-08-06,0.8656903485380537,1.129714154913826,1.3049864271002285,0.2308154638007868,0.266554978539516,0.300959103360183,0.339997759116172,0.300959103360183,0.2734802845719943,0.7537542224810715,302.84,ST/MT Ratio (Expanding EWM),REGN,0.07386363636363637
2019-11-05,1.4231833769625073,1.1803508300587993,0.8293736767625939,0.4192526043621833,0.2946127648059569,0.3316983125627538,0.3915203785625494,0.3316983125627538,0.2378257770079648,1.0637065879861252,283.81,ST/MT Ratio (Expanding EWM),REGN,0.0919175911251981
2020-02-06,1.2192585418363553,1.0809707158749493,0.8865803919215302,0.3668638875861508,0.300852756925844,0.2794391815992761,0.3020655721768795,0.2794391815992761,0.2104301184503709,1.662931500559164,373.13,ST/MT Ratio (Expanding EWM),REGN,0.10610465116279069
2020-05-05,0.9427431071673116,1.116986280714773,1.1848257199896322,0.5153511556411344,0.546377211747957,0.4921371619011442,0.5497104580734832,0.4921371619011442,0.6241966403450263,0.970145337798184,504.27,ST/MT Ratio (Expanding EWM),REGN,0.1293759512937595
2020-08-05,0.8182019603295805,1.0599444673248566,1.2954557905213275,0.3166718944180842,0.386925958410526,0.3755745530962661,0.3980881696223928,0.3755745530962661,0.4570842212446959,1.1051985400412152,627.25,ST/MT Ratio (Expanding EWM),REGN,0.10912052117263844
2020-11-05,1.0017512905290966,1.1874297948062376,1.185353895754974,0.3004509139803972,0.2998828135523326,0.4008108488672338,0.4759347440265333,0.4008108488672338,0.3358242267393714,1.0034626053777576,581.64,ST/MT Ratio (Expanding EWM),REGN,0.16292134831460672
2021-02-05,0.8746014048428199,0.980846215175796,1.1214779781334447,0.232808962170359,0.2660657559979374,0.3870727142857142,0.3796588068049651,0.3870727142857142,0.2759299226712948,1.1301662866917628,470.09,ST/MT Ratio (Expanding EWM),REGN,0.15058823529411766
2021-05-06,1.0669628061017356,1.0800670169543942,1.0122817878727528,0.2363494215612836,0.2214784237248086,0.3032214171575033,0.3274994515059886,0.3032214171575033,0.2177460024936013,1.0406791538315547,478.68,ST/MT Ratio (Expanding EWM),REGN,0.32969215491559084
2021-08-05,0.9954973528697956,1.0662087000431393,1.0710311754918271,0.2083273575993154,0.2091557475353567,0.2959975290059504,0.3155951406174158,0.2959975290059504,0.2244518063577048,0.7934605445294304,582.25,ST/MT Ratio (Expanding EWM),REGN,0.33555926544240405
2021-11-04,1.3270635093037768,1.0348549077162967,0.779808125580378,0.427688073464393,0.3221957940946787,0.3106304074367962,0.3214574016218814,0.3106304074367962,0.2905561743561283,1.156986287698324,550.9,ST/MT Ratio (Expanding EWM),REGN,0.1982851018220793
2022-11-03,0.5636847396792719,1.0689022186546162,1.8962766656816104,0.2029323512835238,0.3598389887026053,0.3519033357676571,0.376150256354009,0.3519033357676571,0.4926987784161211,1.536748445170788,739.54,ST/MT Ratio (Expanding EWM),REGN,0.1907756813417191
2023-02-03,1.2116541083746573,1.04783589850937,0.8647978752904678,0.3652081347888287,0.3013873129094893,0.2991358569585403,0.3134452894525224,0.2991358569585403,0.2209157651581247,1.1662697787620186,726.49,ST/MT Ratio (Expanding EWM),REGN,0.2092365692742696
2023-05-04,1.1180156605449263,1.2040037570227284,1.076911352418705,0.2964610238352239,0.2651128686051056,0.2211876359039818,0.2663107446353695,0.2211876359039818,0.2965151527218512,1.5217213935234326,822.09,ST/MT Ratio (Expanding EWM),REGN,0.11247443762781188
2023-08-03,1.076319914519873,1.322477688972127,1.2287031682044651,0.3170378246554646,0.2944138858191943,0.1925352784415969,0.2546236100790481,0.1925352784415969,0.3280792398668894,1.2316494815100574,718.09,ST/MT Ratio (Expanding EWM),REGN,0.10598626104023554
2015-01-30,1.105762699069263,0.9637663748390392,0.8715851743328434,0.1934030553851316,0.1744714624458166,0.2085135,0.2009583,0.2085135,0.1730632398337364,1.4939869788529074,68.99,ST/MT Ratio (Expanding EWM),LLY,
2015-04-23,0.7831880980935192,1.0789782522736715,1.377674475518948,0.1052865131756145,0.1343918128416101,0.1813185833333333,0.195638808149738,0.1813185833333333,0.1570721009962869,1.5034856301422057,75.56,ST/MT Ratio (Expanding EWM),LLY,0.10666666666666667
2015-07-23,0.9035504269594028,1.2333239291047238,1.3649752048206802,0.1978232914621414,0.2188384042297,0.2159194166666667,0.2662985833333333,0.2159194166666667,0.2399836300203723,1.3232403964261077,82.67,ST/MT Ratio (Expanding EWM),LLY,0.0410958904109589
2015-10-22,1.032852476079049,1.0232009742881762,0.9906554885480722,0.3460286422874545,0.3349973481498042,0.2669842062944142,0.2731785,0.2669842062944142,0.2750560978063344,1.581649892423433,87.8,ST/MT Ratio (Expanding EWM),LLY,0.04
2016-01-28,1.3453380153739032,1.01285992701598,0.7528665030211614,0.368708884607392,0.2739210233423667,0.239111625283515,0.2421865833333333,0.239111625283515,0.2159759375103034,1.953294612126026,86.25,ST/MT Ratio (Expanding EWM),LLY,0.02564102564102564
2016-04-26,0.7988297827939624,1.038354342900849,1.2998443038379628,0.169034841006104,0.2115749577193342,0.2479837463583352,0.257495,0.2479837463583352,0.2776358430580312,1.4272018910873752,70.62,ST/MT Ratio (Expanding EWM),LLY,0.04761904761904762
2016-07-26,0.8582465763858006,1.0685991701200863,1.2450957563036378,0.1458151132976767,0.1698915042749617,0.2593311796248085,0.2771210833333334,0.2593311796248085,0.1851793064790069,1.882475594730357,74.89,ST/MT Ratio (Expanding EWM),LLY,0.047058823529411764
2016-10-25,0.9836314696545052,1.155356339318695,1.1745825290893823,0.1250393421773538,0.1270102609274298,0.1717537516012613,0.1984367857142857,0.1717537516012613,0.119010928042671,2.2651569910785896,79.52,ST/MT Ratio (Expanding EWM),LLY,0.031578947368421054
2017-01-31,0.8760699785748868,1.04529741645183,1.19316657574801,0.2258713623905544,0.2577613794593209,0.2189852853452475,0.228904753012354,0.2189852853452475,0.309067409492401,1.5665806287817885,73.55,ST/MT Ratio (Expanding EWM),LLY,0.030927835051546393
2017-04-25,1.2545934557255611,1.0891028412243977,0.8680922383693955,0.2491335880694508,0.1985497751559023,0.1855204354312239,0.2020508333333333,0.1855204354312239,0.1385769393029866,1.376702579909321,84.24,ST/MT Ratio (Expanding EWM),LLY,0.04166666666666667
2017-07-25,1.237414262645356,1.0908876347011638,0.8815864400730712,0.1930621625543644,0.155974358964273,0.1530941360846482,0.1670085,0.1530941360846482,0.163280000751726,1.1326454170492473,84.28,ST/MT Ratio (Expanding EWM),LLY,0.03809523809523809
2017-10-24,1.0735741261476537,1.1374742766446042,1.059520948708261,0.152162440015832,0.1417452881219635,0.1506576612802448,0.1713692142857143,0.1506576612802448,0.1588264074592356,1.933667328354917,84.64,ST/MT Ratio (Expanding EWM),LLY,0.038834951456310676
2018-01-31,1.5749100747668667,1.099069229595313,0.6978615777526268,0.3075236948656965,0.1951858431186611,0.1459274081676902,0.1603843240717041,0.1459274081676902,0.1137113474588524,0.7432938878415518,84.68,ST/MT Ratio (Expanding EWM),LLY,0.02803738317757009
2018-04-24,0.8560237736826063,1.1520268741123625,1.345788410941385,0.1246334599544241,0.1455343352710537,0.2189868619118637,0.25227875,0.2189868619118637,0.1587365997099456,1.080581675427047,76.18,ST/MT Ratio (Expanding EWM),LLY,0.04385964912280702
2018-07-24,1.4535288407017708,1.1536352039118547,0.7936789223630912,0.2679878547938267,0.1844193197076529,0.1649150003006812,0.19025175,0.1649150003006812,0.13428190224586,1.2107172782635538,85.77,ST/MT Ratio (Expanding EWM),LLY,0.03875968992248062
2018-11-06,1.3214596329753372,1.1192919567735982,0.8470118411815973,0.326841134118511,0.2472929854491633,0.1906210805405553,0.2133606422405358,0.1906210805405553,0.1975726694252219,1.146908691032566,115.46,ST/MT Ratio (Expanding EWM),LLY,0.05147058823529412
2019-02-06,0.9040674770050098,0.9782749398874052,1.0820817746129188,0.206029643753994,0.2278651386933204,0.2613724451186584,0.2556941130366796,0.2613724451186584,0.2341493261144938,1.136964410753769,115.28,ST/MT Ratio (Expanding EWM),LLY,0.014705882352941176
2019-04-30,1.1054765718410469,1.1158662847158372,1.009398401684341,0.235712927791293,0.213185959200166,0.1870046264867171,0.2086721577824059,0.1870046264867171,0.1855354280421563,1.5157158304298404,129.05,ST/MT Ratio (Expanding EWM),LLY,0.0656934306569343
2019-07-30,0.8819507083725601,1.175614363351927,1.3329705982336093,0.1918364015112606,0.2169239675618793,0.1927131736924679,0.226556375,0.1927131736924679,0.2286045986873028,1.1465771415152597,112.74,ST/MT Ratio (Expanding EWM),LLY,0.034722222222222224
2019-10-23,1.18368220813921,1.102881119793392,0.9317375155339708,0.2271892370358167,0.191842231681328,0.2177939178476443,0.2402008,0.2177939178476443,0.1880220213402198,1.6300275506264696,114.18,ST/MT Ratio (Expanding EWM),LLY,0.049645390070921995
2020-01-30,0.9163103497246328,1.1858470490883042,1.2941543762379983,0.1340766017451436,0.1462338518606698,0.1665124802436723,0.1974583333333333,0.1665124802436723,0.1619608489312279,1.4770552121330498,131.43,ST/MT Ratio (Expanding EWM),LLY,0.033112582781456956
2020-04-23,0.8151088095448471,0.9061971588731518,1.1117499262204855,0.3125597973531712,0.3833964055751062,0.5731486740102468,0.5193857,0.5731486740102468,0.4547281127831601,1.778476196976967,122.89,ST/MT Ratio (Expanding EWM),LLY,0.0763888888888889
2020-07-30,0.8724895223275886,1.0652685131038226,1.220952786071226,0.3211887723586568,0.3681370566042908,0.3044000137159751,0.32426775,0.3044000137159751,0.4725343703047703,1.6888217017448215,164.18,ST/MT Ratio (Expanding EWM),LLY,0.1019108280254777
2020-10-27,1.355354130605132,1.2144229343457216,0.8960189126390988,0.4111518208897456,0.3031713419754157,0.2726974191889912,0.3311700000000001,0.2726974191889912,0.2307212858009294,1.0760200891506484,148.1,ST/MT Ratio (Expanding EWM),LLY,0.058479532163742694
2021-04-27,0.6859852875686228,1.136617934533281,1.6569129908920663,0.1904025175507563,0.2775695293568367,0.2416518559036435,0.2746658333333333,0.2416518559036435,0.3760163500909113,1.0120665967153817,186.34,ST/MT Ratio (Expanding EWM),LLY,0.08675799086757992
2021-08-03,0.8408595124497301,1.2178950403218218,1.448393010116101,0.2382505000512847,0.283291989370893,0.1951383174980543,0.2376579890576253,0.1951383174980543,0.354317766967461,1.4739421451551338,233.96,ST/MT Ratio (Expanding EWM),LLY,0.04210526315789474
2021-10-26,0.7450896616769548,1.1556372738765068,1.5510043063482355,0.1601163259460687,0.2147689703648804,0.2493258538066071,0.28813025,0.2493258538066071,0.2312204465486367,1.053938519854695,226.4,ST/MT Ratio (Expanding EWM),LLY,0.03553299492385787
2022-02-03,0.7752800563047888,1.0908063074821446,1.4069835778844175,0.2029618611730456,0.2617227389524941,0.2638804516005881,0.2878424610271583,0.2638804516005881,0.3200434198837921,1.2571491324401494,266.81,ST/MT Ratio (Expanding EWM),LLY,0.05416666666666667
2022-04-28,1.0119003527698305,1.233539761329503,1.2190328404896678,0.2556255899846421,0.2526106839635738,0.2211479180095363,0.27279475,0.2211479180095363,0.2207742044726387,1.594277759460747,288.39,ST/MT Ratio (Expanding EWM),LLY,0.07075471698113207
2022-08-04,0.9261769836838948,1.0627196131468766,1.1474260663657174,0.2468515050672146,0.2665689708195354,0.3332092574259119,0.3541080131486231,0.3332092574259119,0.2551578462296881,1.6279339523783567,327.18,ST/MT Ratio (Expanding EWM),LLY,0.10404624277456648
2022-11-01,1.1005100373701764,1.0388246740712488,0.9439483864714824,0.3163709021218968,0.2872552779393327,0.3184596710683364,0.3308237640024016,0.3184596710683364,0.3099208763931967,1.0343187663932034,321.55,ST/MT Ratio (Expanding EWM),LLY,0.09326424870466321
2023-02-02,1.283968742384797,1.1349351871063629,0.8839274272350084,0.3678256149001773,0.286320443756459,0.2703455977815515,0.3068247316015867,0.2703455977815515,0.241588229397064,1.7607336852574402,364.99,ST/MT Ratio (Expanding EWM),LLY,0.026041666666666668
2023-04-27,0.9612815478983316,1.2409766766600214,1.2909606757491523,0.2279865211924113,0.2371321622136827,0.2277847,0.2826755,0.2277847,0.2492157588412497,1.3024472137922127,337.65,ST/MT Ratio (Expanding EWM),LLY,0.09392265193370167
2023-08-08,1.5749064529322137,1.063311636048583,0.6751586000989924,0.7608977025575311,0.4829334842457577,0.2519039058594423,0.2678523542664319,0.2519039058594423,0.2112749366692079,1.2166680969135275,453.16,ST/MT Ratio (Expanding EWM),LLY,0.045
