earnings_date,revr,ievr,ratio,vol_st,vol_mt,avg_pre,avg_post,normative_implied_vol,normative_realized_vol,skew_ratio,underlying_price,methodology,ticker
2015-01-27,1.4717261464817484,1.2746676870619917,0.8661038537021055,0.40043879433005014,0.27208784411918185,0.23226853791391458,0.29606520000000003,0.23226853791391458,0.15023498684402226,1.1454505069214638,113.91,ST/MT Ratio (Expanding EWM),AAPL
2015-04-27,1.0534004204554526,1.1930114874814832,1.1325337111273108,0.2006638863083888,0.19049155706775675,0.2742186136313791,0.32714595614348174,0.2742186136313791,0.22097097826448114,1.2527915311072786,123.25,ST/MT Ratio (Expanding EWM),AAPL
2015-07-21,1.4355584900801706,1.3775306181257492,0.9595781904008797,0.2503290574178769,0.17437746991688022,0.15666693513762558,0.21581350000000002,0.15666693513762558,0.10953659705468898,1.4365034219180517,127.61,ST/MT Ratio (Expanding EWM),AAPL
2015-10-27,1.103164177365196,1.0999096425100356,0.9970498182211343,0.25723681004920895,0.23318089485428625,0.3572541187140422,0.39294725,0.3572541187140422,0.21454330559869805,1.7898572596152218,112.44,ST/MT Ratio (Expanding EWM),AAPL
2016-01-26,1.361157400863322,1.2514753029605852,0.9194199746236766,0.34018827523549816,0.24992574335615542,0.23727086287483212,0.296938625,0.23727086287483212,0.18307084107923627,1.430972429288369,106.82,ST/MT Ratio (Expanding EWM),AAPL
2016-04-26,1.287430853923147,1.3038312751298842,1.0127388753786355,0.3145381736757684,0.2443146152022738,0.20007477575962693,0.26086375,0.20007477575962693,0.1782888286133402,1.5381606635652478,105.19,ST/MT Ratio (Expanding EWM),AAPL
2016-07-26,1.4696890814658576,1.1445987186958573,0.7788033082168934,0.35036442196967177,0.23839356663126376,0.2427556947289311,0.2778578571428572,0.2427556947289311,0.18315376830511537,1.4194278531347304,92.04,ST/MT Ratio (Expanding EWM),AAPL
2016-10-25,0.8487259261174832,1.3457847013878639,1.585652870938193,0.14601943962148278,0.17204545675828728,0.1945410731226202,0.2618104,0.1945410731226202,0.22108468245909743,1.3455206012590943,112.88,ST/MT Ratio (Expanding EWM),AAPL
2017-01-31,1.517407714253013,1.2599252253108482,0.8303142349128508,0.3033356480743661,0.19990385261992138,0.18017875904805242,0.22701176358984645,0.18017875904805242,0.13104645996499018,1.1509683000126771,115.82,ST/MT Ratio (Expanding EWM),AAPL
2017-05-02,1.0681681286063887,1.440934125651202,1.3489768951739383,0.11577267739414623,0.10838432105738996,0.14463159220189095,0.20840459685097296,0.14463159220189095,0.1201406258590828,1.5484554242517574,143.7,ST/MT Ratio (Expanding EWM),AAPL
2017-08-01,1.3735689099137587,1.2380662693531435,0.9013499507868717,0.2585007922075293,0.18819644965883772,0.1978696468143765,0.24497573544969922,0.1978696468143765,0.16136391678148085,1.3236633117612233,143.5,ST/MT Ratio (Expanding EWM),AAPL
2017-11-02,1.0899484571802425,1.392292433504015,1.2773929118684688,0.19590241908470704,0.17973548913635562,0.18028750889539286,0.2510129344903433,0.18028750889539286,0.1509785352351537,1.1049488902043199,154.48,ST/MT Ratio (Expanding EWM),AAPL
2018-02-01,1.3729511844717333,1.484598805673966,1.0813194398060053,0.2381338467333295,0.1734466960126886,0.16283587176726733,0.24174594074656416,0.16283587176726733,0.1527608296122721,1.36605396621981,172.26,ST/MT Ratio (Expanding EWM),AAPL
2018-05-01,1.3706374823143677,1.0734771834044396,0.7831955548098956,0.332781303026413,0.2427930852033176,0.3139921420165426,0.33706340022304493,0.3139921420165426,0.16137854920520278,1.4893131512892674,166.68,ST/MT Ratio (Expanding EWM),AAPL
2018-07-31,1.4870496847051238,1.3414833063120812,0.902110615475563,0.319870744934784,0.21510427541512384,0.1850423866914095,0.24823127270667067,0.1850423866914095,0.14903683303664872,1.4101144449264538,187.18,ST/MT Ratio (Expanding EWM),AAPL
2018-11-01,1.3915131093353572,1.2412437510021017,0.8920101022943073,0.3676785965864795,0.264229344387634,0.20427971913167425,0.25356092482865517,0.20427971913167425,0.18640909311316953,1.2966641671803047,229.28,ST/MT Ratio (Expanding EWM),AAPL
2019-01-29,1.09860927149457,1.0862749659927275,0.9887728004652075,0.3197580888165301,0.2910571548167665,0.37117873052730194,0.4032021628807687,0.37117873052730194,0.23396111781920217,1.3657780642137334,157.74,ST/MT Ratio (Expanding EWM),AAPL
2019-04-30,1.3935737598755484,1.2897079538100436,0.9254680239711313,0.3179008829496369,0.22811916534509571,0.2097243003624932,0.2704830982847541,0.2097243003624932,0.1957607576458341,1.401369962176738,191.24,ST/MT Ratio (Expanding EWM),AAPL
2019-07-30,1.1934010399540627,1.241758801718878,1.0405209649948661,0.22106342887023767,0.18523817348001223,0.21582366662917907,0.268000937656024,0.21582366662917907,0.19283728135068723,1.266515717634634,201.55,ST/MT Ratio (Expanding EWM),AAPL
2019-10-30,1.1865166202801318,1.1900844604660674,1.0030069871124883,0.19742424997522515,0.16638978890039827,0.23713082864261886,0.28220571426502256,0.23713082864261886,0.16352047872210848,1.489191349713901,223.97,ST/MT Ratio (Expanding EWM),AAPL
2020-01-28,1.4164333108651157,1.1425377030686803,0.8066300716769023,0.2388831991604444,0.16865121522349794,0.2490706645703523,0.284572625,0.2490706645703523,0.13385506870581093,1.0987793887708863,291.52,ST/MT Ratio (Expanding EWM),AAPL
2020-04-30,0.959818576896785,1.0013477879266288,1.0432677716700516,0.2271054787342016,0.2366129226926013,0.5428377499999999,0.5435693801655682,0.5428377499999999,0.23210181470206478,1.5208892692724474,254.29,ST/MT Ratio (Expanding EWM),AAPL
2020-07-30,1.5124314524612852,1.1740540083266453,0.7762692361468848,0.498776107725439,0.3297842734715321,0.2926328751176264,0.34356679999999995,0.2926328751176264,0.1919088616155213,1.2706583623807137,364.8,ST/MT Ratio (Expanding EWM),AAPL
2020-10-29,0.3426242479254058,1.091195103326757,3.1848157564269237,0.3726863952067053,1.0877408632439947,0.4422759949422933,0.4826094,0.4422759949422933,1.6700570296182358,1.2018084020687172,114.09,ST/MT Ratio (Expanding EWM),AAPL
2021-01-27,1.1908571943148742,1.156970554536231,0.9715443296304399,0.3516514225384011,0.2952926885080572,0.3463080067990785,0.4006681666666667,0.3463080067990785,0.26057090607532524,1.0114922180423398,136.69,ST/MT Ratio (Expanding EWM),AAPL
2021-04-28,0.6636359323781901,1.1645719386028945,1.754835568396006,0.1283388701036343,0.19338746418344488,0.2868763095913135,0.3340881000000001,0.2868763095913135,0.2400807909399397,1.3737950519135453,121.39,ST/MT Ratio (Expanding EWM),AAPL
2021-07-27,0.980066512081104,1.3052841723874467,1.331832234136605,0.1472680586986762,0.15026333099165137,0.1812281225837034,0.23655420000000005,0.1812281225837034,0.1429607590437412,1.34147079793357,134.78,ST/MT Ratio (Expanding EWM),AAPL
2021-10-28,1.1269801858057047,1.103914399334333,0.9795331038097344,0.14587316640623837,0.12943720594515173,0.26689823067591595,0.29463280000000003,0.26689823067591595,0.1420408694198396,1.6316916818195828,141.91,ST/MT Ratio (Expanding EWM),AAPL
2022-01-27,1.2208779162743641,1.1142600851634514,0.9126711772817808,0.24703238962248114,0.20233996071968127,0.2703527994446142,0.3012433333333333,0.2703527994446142,0.20261648053162457,1.1492695743907115,179.29,ST/MT Ratio (Expanding EWM),AAPL
2022-04-28,0.9461248898096785,1.1544536711334845,1.2201916296332858,0.13911363621247963,0.1470351723232475,0.2264664286989566,0.261445,0.2264664286989566,0.15812891388140307,1.3443450089929698,178.96,ST/MT Ratio (Expanding EWM),AAPL
2022-07-28,0.9156262263000667,1.1187303946203777,1.2218199550061273,0.14925366889792496,0.1630072016406091,0.33619650615430696,0.37611325000000007,0.33619650615430696,0.1731794577276406,1.3444082477631085,137.44,ST/MT Ratio (Expanding EWM),AAPL
2022-10-27,1.3904284439299965,1.0127562419764686,0.7283771030416705,0.3177172188379719,0.22850310652445766,0.40961041048773783,0.4148355,0.40961041048773783,0.1643853307129339,1.4525534846658592,151.76,ST/MT Ratio (Expanding EWM),AAPL
2023-02-02,1.1037049950868782,1.0073507061002207,0.9126992362854415,0.2255638507155496,0.20436969273460098,0.41200153947292445,0.4150300417024284,0.41200153947292445,0.21150669713875497,1.2018863018555725,125.07,ST/MT Ratio (Expanding EWM),AAPL
2023-05-04,1.1665351275254687,1.204897060850289,1.0328853648892649,0.16129973442227966,0.13827250514473516,0.23272413710803086,0.280408628790386,0.23272413710803086,0.12202868474000236,1.427676926009871,165.63,ST/MT Ratio (Expanding EWM),AAPL
2023-08-03,1.470535275862794,1.2702510813129282,0.8638018428817663,0.2567065179116162,0.174566718748723,0.1648308351318065,0.2093765465598902,0.1648308351318065,0.11139747991542553,1.2612448795277877,192.46,ST/MT Ratio (Expanding EWM),AAPL
2015-01-26,1.5489678397073248,1.2072330066725987,0.7793790004708578,0.415403973532633,0.2681811480418618,0.17454221665192207,0.210713125,0.17454221665192207,0.16417265648975604,1.689139991932478,47.88,ST/MT Ratio (Expanding EWM),MSFT
2015-04-23,1.4630171878060543,1.3653009871157364,0.9332091232387684,0.4962128709238207,0.33917090999316507,0.14425866666666667,0.1969565,0.14425866666666667,0.19743493120766895,1.2951711247970095,42.9,ST/MT Ratio (Expanding EWM),MSFT
2015-07-21,1.195311113832275,1.3118710541569696,1.09751431152597,0.23164973871839878,0.19379869896441346,0.17368713508693392,0.227855125,0.17368713508693392,0.20644464190335232,1.4055084168973182,46.23,ST/MT Ratio (Expanding EWM),MSFT
2015-10-22,1.6148581917855138,1.2330052497743225,0.7635377868139711,0.4582277444232641,0.2837572653463841,0.22995130533188038,0.28353116666666667,0.22995130533188038,0.14420087979444032,1.6108890276910264,43.9,ST/MT Ratio (Expanding EWM),MSFT
2016-01-28,1.232272708447507,1.438092243964466,1.1670243397472166,0.23314942106324524,0.1892027791128972,0.18772349349147216,0.26996370000000003,0.18772349349147216,0.17443685507405648,1.196339513948743,56.55,ST/MT Ratio (Expanding EWM),MSFT
2016-04-21,1.4786910322414448,1.4143769447705872,0.9565060678204234,0.37429779230993976,0.25312778947645864,0.1903148244852511,0.2691769,0.1903148244852511,0.1894610712790256,1.7562719490781384,54.07,ST/MT Ratio (Expanding EWM),MSFT
2016-07-19,1.3142198804952832,1.316721065898093,1.0019031711815738,0.255825968800507,0.19465994434971964,0.20061889479973155,0.26415912499999994,0.20061889479973155,0.17347317025485792,1.4526173904723074,50.07,ST/MT Ratio (Expanding EWM),MSFT
2016-10-20,1.4823765812571108,1.4561237647181942,0.9822900490530866,0.22046088851816412,0.1487212435123638,0.15913731415876303,0.23172362500000002,0.15913731415876303,0.09986424692779233,1.6635382629945907,56.81,ST/MT Ratio (Expanding EWM),MSFT
2017-01-26,1.124205505126211,1.5906927147547092,1.414948341296485,0.14864941527632974,0.1322261940530538,0.14976129442872008,0.23822420000000005,0.14976129442872008,0.1461147730044856,1.0559383057125622,63.28,ST/MT Ratio (Expanding EWM),MSFT
2017-04-27,1.0795023495002887,1.6391150933893508,1.5183988197414409,0.0921748990785741,0.08538647379622905,0.11023722539603206,0.1806915,0.11023722539603206,0.08966033408972679,1.732204909035405,65.29,ST/MT Ratio (Expanding EWM),MSFT
2017-07-20,0.8139428310718895,1.3400217591501258,1.6463340028260187,0.09272583740914933,0.11392180613844555,0.15725505840565382,0.2107252,0.15725505840565382,0.11979115700282959,1.4424767177478388,69.91,ST/MT Ratio (Expanding EWM),MSFT
2017-10-26,1.5895228428396853,1.3442558233166668,0.8456977069389903,0.28373491633491044,0.17850320151927954,0.1544125726663136,0.20757000000000003,0.1544125726663136,0.09929650209453963,1.514452226368795,73.26,ST/MT Ratio (Expanding EWM),MSFT
2018-01-31,1.0022692750030378,1.5584859451393533,1.5549573193637307,0.1399814809758154,0.1396645437179456,0.13562111073281186,0.21136359494127518,0.13562111073281186,0.16051689355825377,1.319051632842724,85.95,ST/MT Ratio (Expanding EWM),MSFT
2018-04-26,1.0467203665639333,1.0819480804708466,1.033655324795633,0.18223992432103076,0.1741056447762351,0.29419704541913594,0.3183059285714286,0.29419704541913594,0.20992884647074186,1.4777717209727619,89.47,ST/MT Ratio (Expanding EWM),MSFT
2018-07-19,1.179072866719357,1.3332790640337011,1.1307859774124105,0.15512748867586376,0.13156734673022308,0.16486541034776483,0.21981159999999997,0.16486541034776483,0.12993495020863716,1.3381414466714692,100.86,ST/MT Ratio (Expanding EWM),MSFT
2018-10-24,1.4472426458895709,1.2431521939157733,0.8589797968202145,0.3010515516905518,0.20801733043563378,0.16946135077510321,0.21066625,0.16946135077510321,0.13680459344844048,1.6369529569823813,114.67,ST/MT Ratio (Expanding EWM),MSFT
2019-01-30,1.2803593730597775,1.0510608263465346,0.820910791502803,0.2584176683483437,0.20183213696540703,0.36774091459980685,0.3865180695807034,0.36774091459980685,0.19133454269987296,1.4827193108858896,101.57,ST/MT Ratio (Expanding EWM),MSFT
2019-04-24,1.2544418932057715,1.240571033485161,0.9889426048382656,0.17063551497489104,0.13602504500134785,0.19324326743831516,0.239732,0.19324326743831516,0.1333452991963472,1.569145340868553,117.66,ST/MT Ratio (Expanding EWM),MSFT
2019-07-18,0.8242233211463014,1.1960213835676234,1.4510889863007495,0.097379741380733,0.1181472774214889,0.19384041017960613,0.23183727557432818,0.19384041017960613,0.13718079735456154,1.3960328826638986,135.16,ST/MT Ratio (Expanding EWM),MSFT
2019-10-23,1.316879431315036,1.2579356811961953,0.9552398277950325,0.16618249687339148,0.12619416244313392,0.19577137661427907,0.24626780000000004,0.19577137661427907,0.11477777663913707,1.5537896466494525,139.14,ST/MT Ratio (Expanding EWM),MSFT
2020-01-29,1.2869843520269744,1.3384859995122558,1.0400173066627947,0.15083684097429842,0.11720176763356403,0.1601291808392234,0.21433066666666667,0.1601291808392234,0.07424808483894572,1.6733991898942056,157.59,ST/MT Ratio (Expanding EWM),MSFT
2020-04-29,0.9960304571642076,0.9376695898865738,0.94140654348684,0.24836923361547456,0.24935907514575922,0.5466912765987681,0.5126157851229344,0.5466912765987681,0.27199805366922414,1.5994326301192956,160.23,ST/MT Ratio (Expanding EWM),MSFT
2020-07-22,1.1798197959414267,1.1195555647168924,0.9489208170333784,0.2624621311275756,0.2224595078252152,0.30339122419459874,0.3396633333333333,0.30339122419459874,0.21203524059038295,1.2272694546109078,200.57,ST/MT Ratio (Expanding EWM),MSFT
2020-10-27,0.8200648525666284,1.1393207950562394,1.3893057256269523,0.14747458255932797,0.1798328291936472,0.3128274625372217,0.3564108333333334,0.3128274625372217,0.22583619475041158,1.3642691264384266,209.44,ST/MT Ratio (Expanding EWM),MSFT
2021-01-26,1.0694940801320005,1.2012209552234827,1.123167465382533,0.21420156889369066,0.20028308045169654,0.23833264431638512,0.2862901666666667,0.23833264431638512,0.18264062137741593,1.1280092914899325,224.96,ST/MT Ratio (Expanding EWM),MSFT
2021-04-27,1.0641091209236302,1.146230320379678,1.0771736637167135,0.1762709661605728,0.1656512125444168,0.23491017632257055,0.26926116666666666,0.23491017632257055,0.1807335224242992,1.2737947397647535,235.24,ST/MT Ratio (Expanding EWM),MSFT
2021-07-27,0.8511131559693546,1.2071662763507622,1.4183381702940423,0.09648187045358146,0.11335962765573256,0.17082174513967466,0.20621024999999998,0.17082174513967466,0.1187992511091754,1.44854538812083,268.72,ST/MT Ratio (Expanding EWM),MSFT
2021-10-26,1.4717525392405102,1.2037774117162157,0.817921070030848,0.264450460087803,0.1796840522009707,0.19245196917513532,0.23166933333333334,0.19245196917513532,0.10647606130431125,1.5208339431242759,294.17,ST/MT Ratio (Expanding EWM),MSFT
2022-01-25,1.1834205629996675,1.1520209875074785,0.9734671033494643,0.22549090149909268,0.19054164559007755,0.20845844182021991,0.24014850000000001,0.20845844182021991,0.16201216428473567,1.3188963332336565,342.45,ST/MT Ratio (Expanding EWM),MSFT
2022-04-26,1.2942421906044634,1.1396056360555535,0.8805196155159427,0.27433209007768844,0.2119634888038724,0.2403179292922663,0.2738676666666667,0.2403179292922663,0.1686749200565087,1.3244009383372934,310.7,ST/MT Ratio (Expanding EWM),MSFT
2022-07-26,1.2976508061456584,1.1094112999518926,0.8549382427828305,0.25948165935238626,0.19996262332168582,0.30089516846860614,0.33381650000000007,0.30089516846860614,0.16039776985065152,1.369419539534122,264.89,ST/MT Ratio (Expanding EWM),MSFT
2022-10-25,1.567702173798085,1.034398283280987,0.6598181086749033,0.3822908205492998,0.24385423898668246,0.36340740899884805,0.37590799999999996,0.36340740899884805,0.13844489950675423,1.3767291097840528,237.45,ST/MT Ratio (Expanding EWM),MSFT
2023-01-24,0.9169934581841814,1.1537076705834308,1.258141658794369,0.18937381841830123,0.20651599717330243,0.2949924046425836,0.34033499999999994,0.2949924046425836,0.1893589596598705,1.248619662363456,238.73,ST/MT Ratio (Expanding EWM),MSFT
2023-04-25,1.4118108800693647,1.109405536144986,0.7858032203934275,0.40416326432091904,0.2862729491793276,0.28375782321574705,0.3148025,0.28375782321574705,0.2272381938335727,1.5634376085652024,276.38,ST/MT Ratio (Expanding EWM),MSFT
2023-07-25,1.2307841081423652,1.2558522000320915,1.0203675784598503,0.28188493743760307,0.22902874319936975,0.21499690276167352,0.27000433333333335,0.21499690276167352,0.20399269447462318,1.2003872573199732,328.6,ST/MT Ratio (Expanding EWM),MSFT
2015-01-29,1.4954781703269768,1.2800742361433668,0.8559631705379469,0.37401218606593306,0.25009538319383,0.20725781474065616,0.2653053888888889,0.20725781474065616,0.16633273189525427,1.117640104043509,535.28,ST/MT Ratio (Expanding EWM),GOOGL
2015-04-23,1.067024903056463,1.13051776560257,1.0595045742271183,0.19193649783658898,0.1798800546142759,0.19412044444444443,0.21945661111111114,0.19412044444444443,0.19535171714155133,1.1040171063814397,577.54,ST/MT Ratio (Expanding EWM),GOOGL
2015-07-16,1.663871561592018,1.261512153518718,0.7581788057677262,0.7798625833171775,0.46870359546922774,0.1697301354808621,0.2141166287274861,0.1697301354808621,0.11264831728159806,1.1539234352540997,544.87,ST/MT Ratio (Expanding EWM),GOOGL
2015-10-22,1.0656365174331641,1.195036131395367,1.1214294103526898,0.27794469174180064,0.2608250441823219,0.27137229702112525,0.3242997,0.27137229702112525,0.3002715129125388,1.18221266080771,653.2,ST/MT Ratio (Expanding EWM),GOOGL
2016-02-01,1.5712250881334806,1.1636851857677506,0.7406228391822189,0.39002358112471386,0.24822896736459193,0.299595058285971,0.34863433105661024,0.299595058285971,0.15205970452276502,1.3572900014165166,778.01,ST/MT Ratio (Expanding EWM),GOOGL
2016-04-21,1.406515237841922,1.395127980880243,0.9919039220796848,0.3125205853385461,0.22219495170067277,0.18763867660652297,0.2617799680290993,0.18763867660652297,0.19402624810652278,1.5869851739137815,760.05,ST/MT Ratio (Expanding EWM),GOOGL
2016-07-28,1.0602098411316656,1.427088735320554,1.346043660373198,0.16225157403499912,0.15303722691520402,0.20337990569100278,0.29024117240218666,0.20337990569100278,0.14998576806148325,1.6856036817016546,691.26,ST/MT Ratio (Expanding EWM),GOOGL
2016-10-27,1.1161585299467724,1.6767071347521927,1.5022123558309874,0.10731194892789302,0.09614400288909723,0.1467329548544289,0.2460281923076923,0.1467329548544289,0.08672131838828082,1.331429527630136,810.73,ST/MT Ratio (Expanding EWM),GOOGL
2017-01-26,1.1225282577173796,1.6821913268040654,1.4985737020328915,0.15601378486682282,0.1389842828403012,0.15001658068736692,0.2523565909090909,0.15001658068736692,0.14102986748393992,1.5421393108436905,809.93,ST/MT Ratio (Expanding EWM),GOOGL
2017-04-27,1.3587315895953036,1.637717342783793,1.2053280834308011,0.18706473896881615,0.13767600635864596,0.12406597566746531,0.203185,0.12406597566746531,0.09072945361810533,2.0088952268202123,840.63,ST/MT Ratio (Expanding EWM),GOOGL
2017-07-24,1.1802065596584321,1.531903917312538,1.2979964437376892,0.1940433548350525,0.16441474015464827,0.14293155319696757,0.21895740625000001,0.14293155319696757,0.14080297584107843,1.3406410234714772,986.09,ST/MT Ratio (Expanding EWM),GOOGL
2017-10-26,1.2945196372216585,1.5808539357325402,1.2211896137206708,0.19774191503301658,0.15275312119437362,0.14940922834671527,0.23619416666666665,0.14940922834671527,0.11231678964860864,1.4237877608417246,937.43,ST/MT Ratio (Expanding EWM),GOOGL
2018-02-01,1.274410564050795,1.513359788575906,1.187497837247673,0.18347504281770263,0.14396855141761816,0.14139863800380753,0.21398701291436323,0.14139863800380753,0.1349373912980881,1.376824699651208,1073.21,ST/MT Ratio (Expanding EWM),GOOGL
2018-04-23,1.2344822659869532,1.131096685071204,0.9162518703068662,0.2264166439212318,0.18341020374254993,0.3188546377689319,0.36065542380001847,0.3188546377689319,0.16071066411093127,1.292362795114381,1026.55,ST/MT Ratio (Expanding EWM),GOOGL
2018-07-23,1.1016044111522254,1.3407744074787438,1.217110601505633,0.18837341195952148,0.17099914456814122,0.199433761418818,0.26739568329757285,0.199433761418818,0.16363166618560157,1.1273772411070424,1169.29,ST/MT Ratio (Expanding EWM),GOOGL
2018-10-25,1.389421156785679,1.3287599155782346,0.9563406380339137,0.28293666932514117,0.20363636176355182,0.19254986477401143,0.2558525420617159,0.19254986477401143,0.1541799742608108,1.419705544352653,1193.89,ST/MT Ratio (Expanding EWM),GOOGL
2019-02-04,1.0734503444183714,1.148147657872259,1.0695861842536936,0.1940650899481499,0.18078627572968953,0.28441695685814805,0.326552662875838,0.28441695685814805,0.18561190646394543,1.3908354662489972,1078.07,ST/MT Ratio (Expanding EWM),GOOGL
2019-04-29,1.564285487522952,1.288540759429556,0.8237248058025277,0.3952844795956314,0.2526933112583975,0.19095787942139844,0.2460570109687063,0.19095787942139844,0.15078428191793855,1.211405954078267,1176.89,ST/MT Ratio (Expanding EWM),GOOGL
2019-07-25,1.491174263386146,1.184191784364446,0.7941337330188313,0.45412112241026337,0.30453927053371277,0.2300243463711104,0.2723929411764706,0.2300243463711104,0.23001505971881955,1.314605809784068,1087.58,ST/MT Ratio (Expanding EWM),GOOGL
2019-10-28,1.0390987099656703,1.3123611559104937,1.2629802571440507,0.1447991894030383,0.13935075466297342,0.20081040692912197,0.2635357777563591,0.20081040692912197,0.163279356468749,1.368173020659855,1225.95,ST/MT Ratio (Expanding EWM),GOOGL
2020-02-03,1.553828888420321,1.2441060130981456,0.800671182245137,0.2823475850766376,0.181710860945366,0.16857590523005822,0.20972629736017856,0.16857590523005822,0.10047451114634379,1.244942309422242,1361.52,ST/MT Ratio (Expanding EWM),GOOGL
2020-04-28,1.3489899386618864,0.950341355228705,0.704483649575166,0.3775777582776656,0.27989664522790964,0.5327710902431231,0.5063143999283243,0.5327710902431231,0.2271182864068169,1.455390082377645,1146.31,ST/MT Ratio (Expanding EWM),GOOGL
2020-07-30,1.1650058193206692,1.2325164876158077,1.057948782036561,0.2447863957133803,0.21011602830972861,0.2748227603742353,0.3387235833333333,0.2748227603742353,0.19886650490756003,1.416323655567011,1418.05,ST/MT Ratio (Expanding EWM),GOOGL
2020-10-29,1.3326042922215369,1.2052707450908051,0.9044475934274093,0.30607796479789423,0.2296840604405098,0.32088566123030055,0.3867541,0.32088566123030055,0.17692428693399853,1.2760197912421394,1466.02,ST/MT Ratio (Expanding EWM),GOOGL
2021-02-02,1.3876228277501657,1.1464771730770889,0.8262167140446511,0.3922376236342543,0.2826687596875386,0.3000898048445535,0.344046111127439,0.3000898048445535,0.17554120521338232,1.2563537560996416,1726.13,ST/MT Ratio (Expanding EWM),GOOGL
2021-04-27,0.9531046968718083,1.2321949718438652,1.2928222637954268,0.19788037752940557,0.20761662195021194,0.25296120395386085,0.3116975235835178,0.25296120395386085,0.24292191725671045,1.348546948180965,2045.79,ST/MT Ratio (Expanding EWM),GOOGL
2021-07-27,1.3642347092456166,1.4068912971807228,1.0312677779314778,0.2075898989617502,0.15216582421989658,0.17961578207342893,0.25269988063541643,0.17961578207342893,0.11706191032600068,1.0739431960584382,2450.72,ST/MT Ratio (Expanding EWM),GOOGL
2021-10-26,1.533073765645728,1.3356312495892968,0.8712113399362301,0.3361751260602765,0.21928176816637399,0.1923799565914565,0.25694868181818176,0.1923799565914565,0.1139612852276488,1.747364797789074,2821.44,ST/MT Ratio (Expanding EWM),GOOGL
2022-02-01,1.4703170487109194,1.3157330347612055,0.8948634826174101,0.3516949794715757,0.239196695556186,0.20220371100851012,0.2660461023252048,0.20220371100851012,0.14792252892402344,1.3881614378612135,2899.83,ST/MT Ratio (Expanding EWM),GOOGL
2022-04-26,1.1983021922039394,1.2369025714479296,1.0322125583138555,0.25975784138755387,0.2167715648669577,0.24168526970479504,0.29894113157894736,0.24168526970479504,0.20681717256165238,1.182687419478394,2829.11,ST/MT Ratio (Expanding EWM),GOOGL
2022-07-26,1.2296800309575664,1.181935547350286,0.9611732463687311,2.9582629932883417,2.4057176816839965,0.3567449700389832,0.421649561427487,0.3567449700389832,0.19993898921522932,1.2201510724846607,2316.67,ST/MT Ratio (Expanding EWM),GOOGL
2022-10-25,0.5163892205777876,1.0744802477036601,2.0807565396144887,0.4565353374023962,0.8840915325296278,0.3978356055530717,0.4274665000000001,0.3978356055530717,1.3289553878456724,1.2665465502147846,98.17,ST/MT Ratio (Expanding EWM),GOOGL
2023-02-02,1.265490738940972,1.1222010801881543,0.886771467902855,0.3851225856650022,0.30432667250278944,0.36036275876727275,0.4043994771482168,0.36036275876727275,0.23649999859708917,1.1930480926920974,89.12,ST/MT Ratio (Expanding EWM),GOOGL
2023-04-25,0.8410655864587492,1.1769117557883264,1.3993103210222109,0.2162114242231059,0.25706844710345333,0.32717884166436617,0.38506062500000005,0.32717884166436617,0.2804249979884747,1.2609414908605034,102.46,ST/MT Ratio (Expanding EWM),GOOGL
2023-07-25,1.2208662124734246,1.232413055938582,1.0094579105779034,0.34110548965410054,0.2793962894288268,0.24944136912431425,0.3074148,0.24944136912431425,0.21843994572325098,1.004722134890569,118.34,ST/MT Ratio (Expanding EWM),GOOGL
2015-01-29,1.558825295338539,1.5156163256108848,0.9722810696895509,0.7509136749301608,0.4817176608409351,0.26493888539908206,0.40154570000000006,0.26493888539908206,0.2620792794197804,1.2196787489187033,310.3,ST/MT Ratio (Expanding EWM),AMZN
2015-04-23,1.593337798457466,1.5711307165528259,0.986062539954717,0.7286443939586333,0.4573069154977964,0.22590100000000005,0.35492,0.22590100000000005,0.29335284779073006,1.1018557421512631,374.09,ST/MT Ratio (Expanding EWM),AMZN
2015-07-23,1.532125751023416,1.6727232692936675,1.0917663045453916,0.5601190318103676,0.3655829369333582,0.21118235714285713,0.3532496428571429,0.21118235714285713,0.2604368363650361,1.1141985393827505,445.99,ST/MT Ratio (Expanding EWM),AMZN
2015-10-22,1.1552775451129385,1.5932017191537797,1.379064040406005,0.2960800463634304,0.25628477556402773,0.27541360572244894,0.43878943011534693,0.27541360572244894,0.24844127420376863,1.5039966408367371,538.4,ST/MT Ratio (Expanding EWM),AMZN
2016-01-28,1.5582991570779137,1.6639588518866937,1.0678044997514538,0.6884174120777717,0.4417748729125132,0.24014815603577816,0.39959665,0.24014815603577816,0.20587445944138785,0.9901904853851983,693.97,ST/MT Ratio (Expanding EWM),AMZN
2016-04-28,1.4066151711543677,1.4189326575479226,1.0087568274864023,0.5423969500179721,0.38560436510352925,0.2893820865276655,0.4106136930834633,0.2893820865276655,0.34029913528951516,1.4067208592820089,593.86,ST/MT Ratio (Expanding EWM),AMZN
2016-07-28,0.8132330252651602,1.577090794746666,1.9392852303710177,0.1379878387691869,0.1696781051460558,0.24995966638386272,0.3942090889119375,0.24995966638386272,0.2082765015289899,1.4521446997926115,707.95,ST/MT Ratio (Expanding EWM),AMZN
2016-10-27,1.5373042143307016,1.7574358961878989,1.1431933119060864,0.28753754278061544,0.18704010572546376,0.17988755315344035,0.3161408431892647,0.17988755315344035,0.11256669528621599,0.9944041619248903,816.11,ST/MT Ratio (Expanding EWM),AMZN
2017-02-02,1.1884520703242765,1.3964707600554136,1.1750333016579944,0.2484070563244567,0.2090173112801068,0.23715762734990462,0.3311836921182598,0.23715762734990462,0.19334983739279252,0.9849831701883955,753.67,ST/MT Ratio (Expanding EWM),AMZN
2017-04-27,1.1106748601510636,1.9473112748303496,1.7532685259172018,0.1505678536495611,0.13556429433280076,0.12293742231440885,0.23939742857142857,0.12293742231440885,0.11598841316349168,1.2856050792139486,856.0,ST/MT Ratio (Expanding EWM),AMZN
2017-07-27,1.2809588968831136,1.429766715079984,1.1161690812710354,0.23622942914866943,0.18441608838774876,0.20106733478904398,0.2874793827712188,0.20106733478904398,0.15818653451921338,1.156141749348889,976.78,ST/MT Ratio (Expanding EWM),AMZN
2017-10-26,1.6575044848685194,1.3452614511744576,0.8116185889422614,0.6228792160026934,0.3757933819721175,0.20281193896929056,0.27283508333333334,0.20281193896929056,0.1390512301501665,1.3737104934621198,938.6,ST/MT Ratio (Expanding EWM),AMZN
2018-02-01,1.296399710392327,1.6253964252253852,1.2537772202475226,0.3523862342328356,0.2718191244629279,0.17268246930684186,0.28067746831043305,0.17268246930684186,0.2338579407819429,1.1692022905385533,1189.01,ST/MT Ratio (Expanding EWM),AMZN
2018-04-26,1.0995998253877357,1.1769200239809108,1.0703166704904767,0.28444497595197005,0.2586804484546643,0.37736395348275326,0.44412719318245325,0.37736395348275326,0.20924475402393708,1.5119290468332307,1497.05,ST/MT Ratio (Expanding EWM),AMZN
2018-07-26,1.1522894499648282,1.4397147617072479,1.2494384650932913,0.19968139364612073,0.17329100223230862,0.23853785944188793,0.3434264774645347,0.23853785944188793,0.16589847053304363,1.3899082033755963,1691.09,ST/MT Ratio (Expanding EWM),AMZN
2018-10-25,1.4887128552812647,1.4401584170750756,0.9673849540333178,0.5208408597500367,0.3498598523565738,0.23728085193784493,0.34172201612903214,0.23728085193784493,0.19823557453610566,1.4250979462758198,1974.55,ST/MT Ratio (Expanding EWM),AMZN
2019-01-31,1.1232942484135129,1.1052542630975666,0.9839401071077991,0.38031089333759777,0.33856747141252674,0.4155072188664885,0.45924112500000003,0.4155072188664885,0.36291687268885003,1.2718363181633117,1501.97,ST/MT Ratio (Expanding EWM),AMZN
2019-04-25,0.9442026452708614,1.2796401753890174,1.3552601041717371,0.15344071149461547,0.1625082414915267,0.26033695362739323,0.333137625,0.26033695362739323,0.20598080621787113,1.2271939247614894,1783.76,ST/MT Ratio (Expanding EWM),AMZN
2019-07-25,0.9457279218162813,1.2470396330512539,1.318602955759517,0.15019131668430924,0.15881028065224626,0.2383168308822456,0.2971905333333333,0.2383168308822456,0.17135759894148445,1.3870891528880873,1878.27,ST/MT Ratio (Expanding EWM),AMZN
2019-10-24,1.0988623435968623,1.1991395848200472,1.091255507850921,0.13124369690352317,0.11943597636982299,0.2539693962475761,0.30454475637331646,0.2539693962475761,0.11514624062566063,1.3369834893818118,1741.61,ST/MT Ratio (Expanding EWM),AMZN
2020-01-30,1.5737910340752075,1.3123707854419773,0.8338913852137643,0.4617654432376658,0.29340962887681515,0.20390563176665455,0.267599794117647,0.20390563176665455,0.15225978140193194,0.9238454359250606,1847.84,ST/MT Ratio (Expanding EWM),AMZN
2020-04-30,1.0394985667538221,0.9982306671176971,0.9603001861128124,0.46849071367731265,0.4506891386491564,0.4297152396833387,0.4289549303797403,0.4297152396833387,0.44434719129019634,1.4751878236050335,1949.72,ST/MT Ratio (Expanding EWM),AMZN
2020-07-30,1.0038009409069815,1.2489606465607483,1.2442313965478589,0.3521202393068449,0.35078691895694747,0.30246691420384825,0.37776927272727273,0.30246691420384825,0.28104539542620804,1.0722538368684256,2758.82,ST/MT Ratio (Expanding EWM),AMZN
2020-10-29,1.0922063527989005,1.2365181550326048,1.1321286969846762,0.3054943260590983,0.2797038538333302,0.40248703019397,0.49768252,0.40248703019397,0.28085858934756214,1.0562578294043958,3144.88,ST/MT Ratio (Expanding EWM),AMZN
2021-02-02,0.936153776838378,1.1648307759493555,1.2442729012783307,0.21150839424371076,0.22593338773681684,0.3411049600841498,0.39732955533499414,0.3411049600841498,0.24645486073018558,1.0955796115593919,3186.63,ST/MT Ratio (Expanding EWM),AMZN
2021-04-29,1.1118021065383428,1.222415840635363,1.0994904879623066,0.20561141064663616,0.18493525910543437,0.25268605925593046,0.30888744154217534,0.25268605925593046,0.19917670674883986,1.3192846077238023,3055.29,ST/MT Ratio (Expanding EWM),AMZN
2021-07-29,1.3355619446368105,1.380827198756078,1.0338922910322792,0.37241282178845597,0.2788435409409101,0.20058131109914035,0.2769681299278474,0.20058131109914035,0.19070949791394468,1.099626134947481,3448.14,ST/MT Ratio (Expanding EWM),AMZN
2021-10-28,1.133834065873403,1.162345905192702,1.0251463950303312,0.218120595814803,0.192374353867012,0.2571756032445071,0.29892700934671584,0.2571756032445071,0.17177762082879863,1.7529300734837425,3315.96,ST/MT Ratio (Expanding EWM),AMZN
2022-02-03,1.6114437377439517,1.2298433139484504,0.7631934551250618,0.7295446353554521,0.45272733901143014,0.24135830891890722,0.2968329024898227,0.24135830891890722,0.19779179535684563,1.0730346914784523,3350.44,ST/MT Ratio (Expanding EWM),AMZN
2022-04-28,1.3283037912375715,1.2306396360658214,0.926474534051614,0.5404530174781684,0.4068745576451544,0.2636088404836234,0.32440748751649945,0.2636088404836234,0.3470471634962185,1.1323326345388585,3386.3,ST/MT Ratio (Expanding EWM),AMZN
2022-10-27,1.3507749229074528,1.072852412376393,0.7942495779142462,0.525385089206016,0.3889508757500174,0.4899472834624968,0.525641125,0.4899472834624968,0.24935040641927728,1.2785430839626108,114.41,ST/MT Ratio (Expanding EWM),AMZN
2023-02-02,1.3449916883479067,1.155485960113301,0.8591026770824277,0.5195827483375901,0.38630926335002785,0.44971583674535315,0.5196403353998609,0.44971583674535315,0.3033335050277446,1.117317519399407,85.82,ST/MT Ratio (Expanding EWM),AMZN
2023-04-27,1.3406111693123781,1.2636381163680417,0.9425836105902227,0.43273643164540354,0.32279041197856145,0.3475095,0.43912625000000005,0.3475095,0.2603567019099495,1.2293119852615888,97.24,ST/MT Ratio (Expanding EWM),AMZN
2023-08-03,1.405969973843773,1.1771830914112806,0.8372747023842811,0.47613433160454477,0.338651849230353,0.30578728157388896,0.35996761743740235,0.30578728157388896,0.25907322280410255,1.0743636214376378,130.22,ST/MT Ratio (Expanding EWM),AMZN
2015-02-11,1.0697920660384639,1.0732857706762144,1.0032657791627564,0.338635500634196,0.31654329040613816,0.4276016168442456,0.45893873087707143,0.4276016168442456,0.3066898253246643,1.2096327318114692,202.21,ST/MT Ratio (Expanding EWM),TSLA
2015-05-06,0.9578188719080865,1.248765966785294,1.3037600358589794,0.31625391153561694,0.33018133262043836,0.41071802605373814,0.5128906928811439,0.41071802605373814,0.34890632915413894,1.1591324617211796,203.1,ST/MT Ratio (Expanding EWM),TSLA
2015-08-05,1.2564970022530921,1.264372317472325,1.0062676752949757,0.49620747008192667,0.394913373603081,0.3079483294866617,0.38936134301478154,0.3079483294866617,0.25864844883553056,1.0898679046317616,279.72,ST/MT Ratio (Expanding EWM),TSLA
2015-11-03,1.369635556956234,1.1791938476104653,0.8609544645810812,0.6598394687204454,0.4817628057107532,0.4150854129904091,0.4894661652311395,0.4150854129904091,0.328232130509399,1.2436734561283826,246.15,ST/MT Ratio (Expanding EWM),TSLA
2016-02-10,1.2731596237834981,1.1892165043421845,0.9340670895674051,0.5802448125134452,0.4557518175051052,0.4365004245634395,0.5190935090432129,0.4365004245634395,0.3584069029831176,1.1988192002235836,207.85,ST/MT Ratio (Expanding EWM),TSLA
2016-05-04,0.8926818083899588,1.131560103195325,1.2675962392873303,0.35648202748902214,0.3993382906860993,0.4670141898679174,0.5284546248806217,0.4670141898679174,0.4357119949700159,1.1536601723895241,246.99,ST/MT Ratio (Expanding EWM),TSLA
2016-08-03,0.8007610447422219,1.2140019579499874,1.5160602103724896,0.26724647373746224,0.33374060275808404,0.43196455180848015,0.5244058116604837,0.43196455180848015,0.4230948528612537,1.1862222885581422,213.98,ST/MT Ratio (Expanding EWM),TSLA
2016-10-26,0.880726490942613,1.1065483287793394,1.2564040484294239,0.23004825894078715,0.26120283800544475,0.35675045972503633,0.394761625,0.35675045972503633,0.2441324113197788,1.1137152217936976,208.99,ST/MT Ratio (Expanding EWM),TSLA
2017-02-22,1.2970700403094664,1.1491453406295902,0.8859547325257909,0.45160871581439543,0.3481760442995404,0.34781316241600935,0.399687875,0.34781316241600935,0.2717507158432511,1.0796540945079518,248.92,ST/MT Ratio (Expanding EWM),TSLA
2017-05-03,1.1368136434991678,1.179650155262881,1.037681208356948,0.4277131010891042,0.37623853613559954,0.34410865937617674,0.4059278334604087,0.34410865937617674,0.3803690848398406,1.0406862526523963,298.52,ST/MT Ratio (Expanding EWM),TSLA
2017-08-02,1.1336604742934575,1.1997881461699849,1.0583311082780236,0.4704561594300603,0.4149885879396716,0.3939513091526341,0.47265811088947746,0.3939513091526341,0.3304636995458878,1.1137267945052713,352.62,ST/MT Ratio (Expanding EWM),TSLA
2017-11-01,1.2345890008129237,1.118060303935573,0.9056133686590262,0.4501377244039527,0.3646053254221092,0.4026377612367769,0.45017329770432946,0.4026377612367769,0.31610743228043964,1.1520847507046361,341.53,ST/MT Ratio (Expanding EWM),TSLA
2018-02-07,1.1920314155081797,1.1143334985896585,0.9348189016600729,0.39658612821349104,0.3326977150551194,0.32836574614009184,0.3659089507132922,0.32836574614009184,0.345851503263546,1.0373918468535026,336.41,ST/MT Ratio (Expanding EWM),TSLA
2018-05-02,0.9798837162443983,0.9568028529296038,0.976445303731287,0.4436910187590817,0.4527996653109176,0.7265953477541878,0.6952085016565844,0.7265953477541878,0.4192596021972141,1.3358447568875416,252.48,ST/MT Ratio (Expanding EWM),TSLA
2018-08-01,1.4303928826667396,1.1179336351224474,0.7815570453889831,0.8539050907140823,0.5969724130073356,0.5329174107265626,0.5957662981935885,0.5329174107265626,0.4427652166063094,1.089926004989631,335.07,ST/MT Ratio (Expanding EWM),TSLA
2018-10-24,0.9853580172169576,1.02840386899264,1.0436854940270959,0.7933503954450905,0.8051392301915065,0.6097410938508321,0.6270601000000001,0.6097410938508321,0.5876058838906739,1.2227784958764951,299.68,ST/MT Ratio (Expanding EWM),TSLA
2019-01-30,0.926446655924595,1.0703968449687125,1.1553788209213784,0.5144178272352647,0.5552589822042966,0.6137594827703946,0.6569662139270592,0.6137594827703946,0.5081833650031536,1.259531934521022,332.8,ST/MT Ratio (Expanding EWM),TSLA
2019-04-24,1.0337784830355212,1.021399255562131,0.988025261043313,0.4665823356479402,0.4513368611405972,0.6109745984263051,0.624049,0.6109745984263051,0.457631573528111,1.2560998477888843,260.42,ST/MT Ratio (Expanding EWM),TSLA
2019-07-24,1.4176479753875708,1.0398235566521317,0.7334850221669835,0.7446498425957476,0.5252713335919432,0.6107506133489731,0.6350728750000001,0.6107506133489731,0.44784458127352034,1.1578670348301452,223.64,ST/MT Ratio (Expanding EWM),TSLA
2019-10-23,1.477488813380113,1.120449730825175,0.7583473530753003,0.9648082213289568,0.6530054323198053,0.4610927521215233,0.51663125,0.4610927521215233,0.3423297347843165,1.1911507754586579,241.23,ST/MT Ratio (Expanding EWM),TSLA
2020-01-29,1.46669788376769,1.1741650773806953,0.8005500589967928,1.0715460194377964,0.7305840086747669,0.45630764389212536,0.5357805000000001,0.45630764389212536,0.4371587420891009,1.1273358354852538,414.7,ST/MT Ratio (Expanding EWM),TSLA
2020-04-29,0.9440983121481713,0.9645284360027432,1.0216398266914446,0.9120996896594399,0.9661066839364189,1.0707148206951795,1.0327348914100791,1.0707148206951795,1.085493990209098,1.1262689748082275,502.13,ST/MT Ratio (Expanding EWM),TSLA
2020-07-22,1.195452635379214,1.1569341121543848,0.967779130611385,0.8483807178934851,0.7096732173118403,0.5955726477948752,0.6890383125,0.5955726477948752,0.6109930988314599,0.9802804852259838,994.32,ST/MT Ratio (Expanding EWM),TSLA
2020-10-21,0.35119022698890684,0.915614621366886,2.6071756871406557,0.4866836209196579,1.385811971740976,1.340041401008119,1.2269615000000003,1.340041401008119,2.115674190699912,0.8371121559286483,449.39,ST/MT Ratio (Expanding EWM),TSLA
2021-01-27,0.9355403667560505,1.178833557897635,1.260056326575404,0.5210339948820665,0.5569337394694485,0.570674711025165,0.6727305,0.570674711025165,0.5933178318210309,1.0027552778019515,663.69,ST/MT Ratio (Expanding EWM),TSLA
2021-04-26,0.7812304470263755,1.027760845970354,1.3155668085932335,0.4618992868577949,0.5912458847654213,0.7179266071828356,0.7378568571428572,0.7179266071828356,0.7038636114467847,1.1183206604860862,618.71,ST/MT Ratio (Expanding EWM),TSLA
2021-07-26,0.9743633712942941,1.0917609477511176,1.1204864426511423,0.35603358278295494,0.36540123866727287,0.5291427131461147,0.57769735,0.5291427131461147,0.4158630130949803,1.1581244477213237,671.87,ST/MT Ratio (Expanding EWM),TSLA
2021-10-20,1.562762727174247,1.0861578506553384,0.6950241593100349,0.662713984279965,0.4240656452552268,0.4523133536286478,0.49128370000000005,0.4523133536286478,0.2877993328263967,1.670454983241515,730.17,ST/MT Ratio (Expanding EWM),TSLA
2022-01-26,1.267261688332939,1.0511543364421312,0.8294690403091934,0.861928202277283,0.6801501301685642,0.6181992603795987,0.6498228333333333,0.6181992603795987,0.5760697723468031,0.985434878137416,1093.94,ST/MT Ratio (Expanding EWM),TSLA
2022-04-20,0.9540429417886428,1.005051599863373,1.0534657884257272,0.48332323601711286,0.5066053264971249,0.5686253892044417,0.5714978571428573,0.5686253892044417,0.5308552979516502,1.1307109528948738,921.16,ST/MT Ratio (Expanding EWM),TSLA
2022-07-20,1.0001462362391496,1.0017868765738998,1.0016404004487578,0.524346783929396,0.5242701166392402,0.7611756231104404,0.7625357500000001,0.7611756231104404,0.5773184633671391,1.18925030656995,711.11,ST/MT Ratio (Expanding EWM),TSLA
2022-10-19,0.496621081844879,1.0900492638594008,2.194931515613509,0.5553316473908916,1.1182200427897884,0.4999693016875918,0.5449911692568581,0.4999693016875918,1.6479214471690709,1.2265739563443365,309.07,ST/MT Ratio (Expanding EWM),TSLA
2023-01-25,1.1487054851488983,0.9213358636492529,0.8020644765440699,0.9111121844746858,0.793164302124478,1.0256281528618927,0.9449479999999999,1.0256281528618927,0.5639285581856808,0.9488057152658151,109.1,ST/MT Ratio (Expanding EWM),TSLA
2023-04-19,0.9551987433851875,1.0307708858443527,1.0791166686331062,0.5178522452138642,0.542140835925533,0.614767756837481,0.6336847053039159,0.614767756837481,0.5865152366430073,1.1643604515839177,183.25,ST/MT Ratio (Expanding EWM),TSLA
2023-07-19,1.2071525636385863,1.026324493272747,0.8502028030153959,0.5755002767778161,0.4767419579867762,0.6291219338837399,0.64568325,0.6291219338837399,0.36444741868566627,0.8503484687255166,274.45,ST/MT Ratio (Expanding EWM),TSLA
2015-01-28,1.1373394562849182,1.5026344426056328,1.3211837805345632,0.2247727025945403,0.1976302689161536,0.24932067488330373,0.3746378333333333,0.24932067488330373,0.217621807082796,1.182067823683222,80.02,ST/MT Ratio (Expanding EWM),META
2015-04-22,1.1384069727607373,1.3222011455916636,1.1614485656084916,0.21842968147257133,0.19187310575132907,0.21585517039343385,0.285403953576082,0.21585517039343385,0.1970077144923496,1.3287660053347539,84.43,ST/MT Ratio (Expanding EWM),META
2015-07-29,1.151350893661604,1.1066543021582453,0.9611790013371063,0.2571738836385178,0.22336707693050556,0.2925194042182174,0.3237178571428571,0.2925194042182174,0.18176448037733006,1.0837467868213129,85.8,ST/MT Ratio (Expanding EWM),META
2015-11-04,1.2644714280696832,1.3082542136830058,1.034625365699374,0.2977998795763857,0.23551333226326915,0.30033461217904134,0.3929140218980822,0.30033461217904134,0.2256998436974194,1.508128368004335,94.01,ST/MT Ratio (Expanding EWM),META
2016-01-27,1.6202677274873876,1.3110425887943549,0.8091518250674781,0.7536006559413923,0.46510872441434736,0.23358486033746656,0.3062397,0.23358486033746656,0.19001422018973751,1.560445197360197,105.93,ST/MT Ratio (Expanding EWM),META
2016-04-27,1.2904257395335428,1.419033516461901,1.0996630592434142,0.440130576300702,0.3410739284073785,0.25473165066690306,0.36147275,0.25473165066690306,0.3106403548630362,1.184189560792578,113.69,ST/MT Ratio (Expanding EWM),META
2016-07-27,0.9195419388177679,1.23108868017929,1.3388064515709528,0.15427857632543232,0.1677776399451497,0.2987186105443215,0.36774910000000005,0.2987186105443215,0.18304379146651803,1.488612250671948,108.97,ST/MT Ratio (Expanding EWM),META
2016-11-02,1.505565744410667,1.554311728466566,1.0323771872712075,0.28188035906577513,0.18722553970973438,0.1860931266717046,0.2892467293728448,0.1860931266717046,0.10899600578200618,1.295963296963797,128.77,ST/MT Ratio (Expanding EWM),META
2017-02-01,1.0293985450487655,1.3403594842038538,1.3020802201933919,0.1858320925018814,0.18052492243718687,0.23084255218897934,0.3094120041843215,0.23084255218897934,0.18185317972259238,1.2332330324306253,116.86,ST/MT Ratio (Expanding EWM),META
2017-05-03,1.1615358901596438,1.579046774053477,1.359447252065926,0.12242355741867332,0.10539799799199247,0.14210523293980076,0.2243908096497103,0.14210523293980076,0.10023072470791582,1.2595254794569506,142.28,ST/MT Ratio (Expanding EWM),META
2017-07-26,1.2923727300036336,1.2653381431809145,0.979081432008672,0.22078067126187395,0.17083358858961162,0.18338694778983092,0.2320465,0.18338694778983092,0.13844879435854102,1.3444145697325127,153.59,ST/MT Ratio (Expanding EWM),META
2017-11-01,1.1542365948452649,1.2059087318835464,1.0447673702852998,0.2090159675592149,0.18108589564103644,0.21994396459872614,0.2652323474346895,0.21994396459872614,0.17938024232493224,1.2183529985718278,169.47,ST/MT Ratio (Expanding EWM),META
2018-01-31,1.116391131938292,1.4671087910341742,1.3141530320891766,0.25164483170484725,0.22540919979177765,0.17655345330398203,0.2590231234297136,0.17655345330398203,0.16775821476607028,1.3551216663938885,181.42,ST/MT Ratio (Expanding EWM),META
2018-04-25,1.3303017451221748,1.0312208513066763,0.775178154195362,0.4477871400762156,0.33660569244392813,0.37953557620956735,0.391385,0.37953557620956735,0.2590975060116279,1.3605643296325118,160.06,ST/MT Ratio (Expanding EWM),META
2018-07-25,1.6415438032134555,1.2633328281890048,0.7696004369276824,0.9280930365818122,0.5653781731349444,0.2588405388536914,0.32700175,0.2588405388536914,0.21713090390903544,1.3443777651560445,196.35,ST/MT Ratio (Expanding EWM),META
2018-10-30,0.8655238778918615,1.3066235115589104,1.5096331192403682,0.25127508928123715,0.29031560618900853,0.2715854647562754,0.3548599536482032,0.2715854647562754,0.35155359274277037,1.280259818623884,162.44,ST/MT Ratio (Expanding EWM),META
2019-01-30,1.3522922602766019,1.1468383776789106,0.8480699116360637,0.5323822800361362,0.3936887725196631,0.41803053479044794,0.4794134603393247,0.41803053479044794,0.3332913642637112,1.3300706722053006,131.09,ST/MT Ratio (Expanding EWM),META
2019-04-24,1.158164070207184,1.335790207905256,1.1533687171510132,0.3274079950985687,0.2826956935730174,0.2623231911165901,0.35040875000000005,0.2623231911165901,0.3021433120134961,1.1078548268373252,166.29,ST/MT Ratio (Expanding EWM),META
2019-07-24,0.8164091296809063,1.2661459581327694,1.550871875511293,0.18466004394995938,0.22618566749998717,0.2647030261510515,0.33515266666666665,0.2647030261510515,0.2895378985822743,1.152179418085956,192.6,ST/MT Ratio (Expanding EWM),META
2019-10-30,1.0666568309592268,1.2668698165331531,1.1877014047656527,0.1981808596768158,0.1857962691699026,0.2691274904333524,0.34094949442932904,0.2691274904333524,0.15123148892194394,1.460436855807559,178.08,ST/MT Ratio (Expanding EWM),META
2020-01-29,1.482268747158961,1.3393294347881786,0.9035672089526601,0.3678234775629213,0.2481489799119911,0.23380730077773987,0.313145,0.23380730077773987,0.17672886552148076,1.404139298550006,204.41,ST/MT Ratio (Expanding EWM),META
2020-04-29,1.1854921855600449,0.9812590869226423,0.8277229482192497,0.4153996143915848,0.3504026592932315,0.5698134689087687,0.5591346442176418,0.5698134689087687,0.3133635304807979,1.5917660171033143,165.95,ST/MT Ratio (Expanding EWM),META
2020-07-30,1.2611025111608078,1.163222661146472,0.9223854927350511,0.4206504579810483,0.333557703880751,0.37905669143236553,0.44092733333333334,0.37905669143236553,0.319673945731098,1.323043997087349,227.07,ST/MT Ratio (Expanding EWM),META
2020-10-29,1.2297308726882314,1.248954935899721,1.015632740169778,0.4120783300964728,0.33509635258294873,0.3711586076290742,0.463560375,0.3711586076290742,0.3093456124536527,1.1146698690420997,261.79,ST/MT Ratio (Expanding EWM),META
2021-01-27,1.0269297583933428,1.1724956612055548,1.1417486460222495,0.29652746039290934,0.28875145351404946,0.336947515518984,0.3950695000000001,0.336947515518984,0.2775138224192294,1.1530926557871857,277.0,ST/MT Ratio (Expanding EWM),META
2021-04-28,1.2571595348288724,1.147595121193094,0.9128476453462268,0.3650691042630528,0.29039202595138164,0.3400359741807765,0.390223625,0.3400359741807765,0.28600016088139385,1.1205699846468782,290.82,ST/MT Ratio (Expanding EWM),META
2021-07-28,1.2664734983624586,1.2760439872794664,1.0075568015670147,0.31268723028468315,0.2468959916563478,0.2612148718927085,0.33332166666666674,0.2612148718927085,0.2260462051889735,0.8501386923868782,355.64,ST/MT Ratio (Expanding EWM),META
2021-10-25,1.2113865379095967,1.2970114747917187,1.0706834145853057,0.3282548097990223,0.2709744573895201,0.23265240069043375,0.30175283333333336,0.23265240069043375,0.2353165955454719,1.29449182631575,352.96,ST/MT Ratio (Expanding EWM),META
2022-02-02,1.643601203365705,1.1696885941476347,0.7116620453625796,1.1844779962576102,0.7206602147966796,0.2883742021973522,0.33730801515666664,0.2883742021973522,0.2374436192742428,1.1530273307242105,338.54,ST/MT Ratio (Expanding EWM),META
2022-04-27,1.4023572267226516,1.2806578794857488,0.913218012559241,0.8815017683615558,0.6285857494539037,0.3602033434450386,0.46129725000000005,0.3602033434450386,0.4982595881649224,1.1292285923852825,223.59,ST/MT Ratio (Expanding EWM),META
2022-07-27,1.1207019375834846,1.286008552588715,1.1475027475741437,0.5445284522977754,0.48588160155403654,0.49712149947455175,0.6393025,0.49712149947455175,0.4685137696413273,1.148773769417451,169.49,ST/MT Ratio (Expanding EWM),META
2022-10-26,1.5742221265076792,1.1362953879018283,0.7218138843103634,1.1895085016767886,0.7556166830888372,0.548271168424231,0.6229980000000002,0.548271168424231,0.3311046390064059,1.162147130698576,136.37,ST/MT Ratio (Expanding EWM),META
2023-02-01,1.4802703572659435,1.3070028877467617,0.8829487676567364,1.0637833898160003,0.7186412837319841,0.49408584507954983,0.6457716263137707,0.49408584507954983,0.5267042279300482,1.0817011328149382,124.74,ST/MT Ratio (Expanding EWM),META
2023-04-26,1.2932843115678123,1.3381256622953908,1.0346724616748955,0.5982982984577672,0.46261931201536566,0.3981378692686589,0.5327584999999999,0.3981378692686589,0.4668744333225035,1.2098375841727278,202.84,ST/MT Ratio (Expanding EWM),META
2023-07-26,1.2961800216378814,1.407889160989849,1.0861833522251094,0.40972754466231776,0.31610388821189905,0.32964011859691145,0.46409674999999995,0.32964011859691145,0.2772779686730416,1.0536780177781595,278.47,ST/MT Ratio (Expanding EWM),META
2015-02-11,1.3500058584128463,1.1478382117247676,0.8502468375020535,0.3305406183101938,0.24484383993621972,0.28484497122775954,0.3269559423928644,0.28484497122775954,0.1854737446971762,1.2877370784714706,19.69,ST/MT Ratio (Expanding EWM),NVDA
2015-05-07,1.4365191559940902,1.1107369663128122,0.7732141695974584,0.4703085944260969,0.32739458604757493,0.28979064527639575,0.3218811822001361,0.28979064527639575,0.2752606300938201,1.4571744083913591,21.86,ST/MT Ratio (Expanding EWM),NVDA
2015-08-06,1.4753833402862007,1.0604686816004192,0.7187750143597971,0.6097268285305661,0.41326671644014157,0.3629383900927218,0.3848847960438073,0.3629383900927218,0.2562461926560465,1.1180128463437244,19.79,ST/MT Ratio (Expanding EWM),NVDA
2015-11-05,1.589813238628203,1.1001681194851611,0.6920109184865385,0.738283970732467,0.4643840878879004,0.35558792918273696,0.39120650336059437,0.35558792918273696,0.2670761857575855,1.1268193924776482,25.75,ST/MT Ratio (Expanding EWM),NVDA
2016-02-17,1.3011569244926755,1.0856180222875047,0.834348264880341,0.502154064665035,0.3859289031265973,0.4242219551860334,0.46054300000000004,0.4242219551860334,0.3043379403702453,1.1486890128146883,27.33,ST/MT Ratio (Expanding EWM),NVDA
2016-05-12,1.5884068657847557,1.331833848571403,0.8384714755771392,0.7885359506037268,0.4964319706677603,0.2933916652473968,0.3907489506652132,0.2933916652473968,0.24733824967116902,1.2606642727810327,35.84,ST/MT Ratio (Expanding EWM),NVDA
2016-08-11,1.0554130077845705,1.5508697801136389,1.4694434962186864,0.2948181479846326,0.27933912677795086,0.27198108790867814,0.42180724999999997,0.27198108790867814,0.32322962047391174,1.3199316828680425,52.8,ST/MT Ratio (Expanding EWM),NVDA
2016-11-10,1.729839649124662,1.4492753618122811,0.8378090781683998,1.5501780970502852,0.8961397652289392,0.30409346886428923,0.4407151721130444,0.30409346886428923,0.20368488622655487,1.2575982977091447,66.13,ST/MT Ratio (Expanding EWM),NVDA
2017-02-09,0.7941869005670054,1.2088116888779388,1.5220745746560593,0.4081555783385929,0.5139288724696824,0.4375230637015301,0.5288829935560966,0.4375230637015301,0.6719422031120292,0.9916135952269223,106.47,ST/MT Ratio (Expanding EWM),NVDA
2017-05-09,1.50756267978826,1.3298893161014615,0.8821452891685054,0.8869834258705395,0.5883559189692318,0.31181006567945335,0.41467287500000005,0.31181006567945335,0.36707896827503356,1.2587495279310068,97.77,ST/MT Ratio (Expanding EWM),NVDA
2017-08-10,1.2142434888382512,1.2908127194305363,1.063059206243341,0.5362477857356651,0.44163118078461316,0.40450976620437745,0.5221463513504829,0.40450976620437745,0.47658029192291945,1.0483953144920628,155.88,ST/MT Ratio (Expanding EWM),NVDA
2017-11-09,1.161793980119172,1.3023261980328844,1.1209613927413338,0.32988365789707275,0.2839433355156778,0.34769685399433287,0.4528147219304344,0.34769685399433287,0.31150997544022846,1.0390106734247784,188.93,ST/MT Ratio (Expanding EWM),NVDA
2018-02-08,1.2568894371978365,1.2856151617948053,1.0228546153279887,0.44083600551611224,0.350735707111145,0.3098404604154813,0.39833559364762594,0.3098404604154813,0.33131723621258474,1.0664364722045783,221.94,ST/MT Ratio (Expanding EWM),NVDA
2018-05-10,1.0320217422340734,1.1890251684469102,1.152131897796032,0.3288405673192144,0.3186372475131729,0.4097975740208608,0.48725962947928914,0.4097975740208608,0.3510164108686557,1.2768918710434534,227.91,ST/MT Ratio (Expanding EWM),NVDA
2018-08-16,1.3353123526966448,1.349776580299295,1.0108320930106276,0.32743302175714517,0.24521080861410344,0.2760934305531332,0.372664446535109,0.2760934305531332,0.22995982828615055,1.2687182134846904,253.69,ST/MT Ratio (Expanding EWM),NVDA
2018-11-15,1.5449457732174299,1.1452521992569182,0.7412895773499357,1.1812595374815749,0.7645961159022044,0.3980815911642737,0.4559038177645779,0.3980815911642737,0.3348517729042226,1.4256466386622417,245.83,ST/MT Ratio (Expanding EWM),NVDA
2019-02-14,0.6982422555663181,1.2531942440199801,1.7947843087834339,0.3745642939625294,0.5364388805984455,0.40530956656053857,0.5079316158599,0.40530956656053857,0.5583895349703942,1.1585016288278707,149.87,ST/MT Ratio (Expanding EWM),NVDA
2019-05-16,0.8770741170214312,1.2735314659412384,1.4520226298162664,0.2731522866900939,0.31143580843284585,0.3206189511675024,0.4083183228888917,0.3206189511675024,0.33671249077713844,1.1726382860836642,188.21,ST/MT Ratio (Expanding EWM),NVDA
2019-08-15,1.3190266419072139,1.1764677522094225,0.8919211446012478,0.4650848980773173,0.3525970464135882,0.3470407536363094,0.40828225535557283,0.3470407536363094,0.30559081803790245,1.197392418505864,167.08,ST/MT Ratio (Expanding EWM),NVDA
2019-11-14,1.1521982492085807,1.1841371133967125,1.027719938135707,0.34040679021233455,0.29544116253097275,0.3401199570960555,0.4027486642043369,0.3401199570960555,0.3089590364519481,1.135874847430044,196.37,ST/MT Ratio (Expanding EWM),NVDA
2020-02-13,1.3186691442831466,1.225404694597037,0.9292738060259914,0.42383401886673344,0.3214104316493563,0.30076711239231535,0.3685614315059379,0.30076711239231535,0.21874808981804808,1.3526775595319047,247.28,ST/MT Ratio (Expanding EWM),NVDA
2020-05-21,1.0717450443615069,1.016316164006628,0.9482816546281297,0.4595923668896798,0.42882621133413534,0.6667296546073442,0.6776081250000001,0.6667296546073442,0.49686441187488756,1.1723287226177084,269.51,ST/MT Ratio (Expanding EWM),NVDA
2020-08-19,1.1517785037711559,1.116605375698359,0.9694618991779818,0.38307232453424117,0.3325920073000016,0.4358213198347437,0.48664042857142864,0.4358213198347437,0.3157930124905779,1.0643364418124475,420.43,ST/MT Ratio (Expanding EWM),NVDA
2020-11-18,1.005486160244028,1.1495183006891727,1.1432462684620033,0.40066518006475665,0.39847906008722844,0.4641848018344768,0.5335889246105081,0.4641848018344768,0.3333925701204297,1.0849295071798675,539.91,ST/MT Ratio (Expanding EWM),NVDA
2021-02-24,1.1948560936846693,1.1507976168596232,0.9631265412982248,0.4640105044675045,0.38834007452445574,0.41832822552562127,0.481411125,0.41832822552562127,0.35259423388119854,0.9983935584543094,546.13,ST/MT Ratio (Expanding EWM),NVDA
2021-05-26,0.9770994083197458,1.1888884292095248,1.2167527879829327,0.3383231668897403,0.34625255527636906,0.3367666302095359,0.40037795000000004,0.3367666302095359,0.39461089145681066,1.0578447475540955,619.12,ST/MT Ratio (Expanding EWM),NVDA
2021-08-18,0.6149357899136968,0.9864545033137025,1.6041585471096853,0.9664080214132745,1.57155923799606,0.47232861952040767,0.4659306937698505,0.47232861952040767,0.3574256342645605,1.1518748018100846,751.19,ST/MT Ratio (Expanding EWM),NVDA
2021-11-17,1.30776197297692,1.1366262965103182,0.8691385129688106,0.6166003460697381,0.47149279365123437,0.2979410123838572,0.33864758948439844,0.2979410123838572,0.26225156848514347,1.2467485334376223,222.22,ST/MT Ratio (Expanding EWM),NVDA
2022-02-16,1.1543687808426057,0.9697410395218207,0.8400617338368938,0.5797517382779659,0.5022240274505596,0.5570120125922838,0.5401574081173828,0.5570120125922838,0.47233983412275876,1.1115968000456933,259.03,ST/MT Ratio (Expanding EWM),NVDA
2022-05-25,0.9609973410835496,1.0227343842193042,1.0642426784096453,0.49548885742861826,0.5155985726973413,0.6549462014140787,0.6698360000000001,0.6549462014140787,0.48905430895254204,1.1862384548870166,199.02,ST/MT Ratio (Expanding EWM),NVDA
2022-08-24,1.0564749050878663,1.0739484959868142,1.0165395229122782,0.45980711965410814,0.4352276778556006,0.5597940704294087,0.6011900000000001,0.5597940704294087,0.4248647568995696,1.2075249721286954,170.24,ST/MT Ratio (Expanding EWM),NVDA
2022-11-16,1.0862482357578978,1.0061547745173216,0.9262659688605217,0.46876534194814984,0.4315453194923558,0.6429321765960709,0.6468892791729506,0.6429321765960709,0.39794763550328827,1.1969556189491508,118.88,ST/MT Ratio (Expanding EWM),NVDA
2023-02-22,1.310966886559917,1.0374956353171918,0.7913972854338557,0.7506068683262742,0.5725597465668467,0.5208719101436192,0.5404023333333334,0.5208719101436192,0.477866754234002,1.1352851943454283,191.93,ST/MT Ratio (Expanding EWM),NVDA
2023-05-24,1.5794639760116804,1.139863153915535,0.7216772089945441,1.1311319342425914,0.7161492452007823,0.39392031267752736,0.4490152500000001,0.39392031267752736,0.3541194328321203,1.22156908560582,270.42,ST/MT Ratio (Expanding EWM),NVDA
2023-08-23,1.021769456798198,1.3071813885709267,1.2793310466209191,0.4791235497204357,0.46891551370287604,0.450538563468879,0.5889356249999999,0.450538563468879,0.500023217558096,0.9878449595985924,446.12,ST/MT Ratio (Expanding EWM),NVDA
2015-01-20,1.3907543590671891,1.5511722283743512,1.1153459403246149,0.8124515485419078,0.5841804796404433,0.3396985241406089,0.5269309166666667,0.3396985241406089,0.3852078704825223,1.4221815658318087,336.68,ST/MT Ratio (Expanding EWM),NFLX
2015-04-15,1.5018765093104225,1.568030144714145,1.0440473201315976,0.9228889158563055,0.6144905457506918,0.31061000144702977,0.4870458455186468,0.31061000144702977,0.3922399853372006,1.3179098276792192,421.97,ST/MT Ratio (Expanding EWM),NFLX
2015-07-15,1.658654452180992,1.7557722146924886,1.0585521368744375,4.122921338569478,2.48570239156696,0.2685917634828147,0.47158595541838266,0.2685917634828147,0.3609550381424759,1.0330605739242842,654.02,ST/MT Ratio (Expanding EWM),NFLX
2015-10-14,0.6262095437826493,1.1903847137363828,1.900936716080381,0.6313166559144433,1.008155596129922,0.6090451488481918,0.7249980351641875,0.6090451488481918,1.4427126060788027,1.166513867558947,95.69,ST/MT Ratio (Expanding EWM),NFLX
2016-01-19,1.1737599618400527,1.4328901835705188,1.2207693482100368,0.5697263993614347,0.48538578404761673,0.4487247225030323,0.64297325,0.4487247225030323,0.39156437265803906,1.062834511730999,116.63,ST/MT Ratio (Expanding EWM),NFLX
2016-04-18,1.4076646547272755,1.537000710513157,1.0918798773213065,0.7263320633497635,0.5159837329939103,0.38406553488378936,0.5903089999999999,0.38406553488378936,0.42024065060374777,1.1462154225720378,101.12,ST/MT Ratio (Expanding EWM),NFLX
2016-07-18,1.4470083677328713,1.4952434217505903,1.033334329706256,0.6985844662748902,0.4827784564711337,0.3389763402294285,0.506852142857143,0.3389763402294285,0.3182341605211221,1.2728647929083592,94.45,ST/MT Ratio (Expanding EWM),NFLX
2016-10-17,1.541366306057337,1.6547352495716845,1.073550941829223,0.9129743042426588,0.5923149485328747,0.2812641869943374,0.46541776466165186,0.2812641869943374,0.30989159131515054,1.1978747445438755,99.48,ST/MT Ratio (Expanding EWM),NFLX
2017-01-18,0.8788886443227475,1.7822705280113171,2.027868421698287,0.2718126836317347,0.309268626221912,0.284049848635227,0.5062536737086407,0.284049848635227,0.376239634797938,1.066582470651363,125.45,ST/MT Ratio (Expanding EWM),NFLX
2017-04-17,1.2066035208957033,2.01576207600512,1.6706084816566344,0.2141574119813813,0.17748780628652971,0.19403318218184734,0.39112473012876026,0.19403318218184734,0.1779273058902939,1.0356004558712744,145.11,ST/MT Ratio (Expanding EWM),NFLX
2017-07-17,1.5180006733685396,1.4938015788532997,0.9840585745844628,0.6715511203089363,0.442391846123969,0.268688752998972,0.40136768344998863,0.268688752998972,0.2477947311517509,1.1902706702016155,152.38,ST/MT Ratio (Expanding EWM),NFLX
2017-10-16,0.9507034903905648,1.5591566708026963,1.6400030993492711,0.28054201101548903,0.29508886193342754,0.25324512448194614,0.39484882518428555,0.25324512448194614,0.29058195862145086,1.1398128935190137,182.35,ST/MT Ratio (Expanding EWM),NFLX
2018-01-22,1.34802784117422,1.6673013054977979,1.236844859261564,0.5095419351789633,0.37799066133168224,0.22121856366559842,0.36883799999999994,0.22121856366559842,0.21254907196794795,1.3464145652126285,189.94,ST/MT Ratio (Expanding EWM),NFLX
2018-04-16,1.1873350978871942,1.4599120626891962,1.2295703759511865,0.4632693799423483,0.3901757648423886,0.3181783392225019,0.46451239551734547,0.3181783392225019,0.3457173748554016,1.0743956838337714,318.45,ST/MT Ratio (Expanding EWM),NFLX
2018-07-16,1.1195213642400603,1.3768664492512999,1.2298706333183087,0.4083754720746571,0.3647768458191644,0.3194496944315667,0.43983956648640393,0.3194496944315667,0.2779608631983592,0.9435851542102581,391.98,ST/MT Ratio (Expanding EWM),NFLX
2018-10-16,1.2635847939433256,1.2714540034380954,1.006227686129565,0.5281662016327595,0.4179903115045312,0.3714951723302423,0.4723390241172118,0.3714951723302423,0.3640239741905252,1.2306431823537218,350.35,ST/MT Ratio (Expanding EWM),NFLX
2019-01-17,1.1211468706162617,1.1579797514107797,1.0328528596563553,0.505275201836938,0.450677083511104,0.49731697193271457,0.5758829835310065,0.49731697193271457,0.3941040386716437,1.1832874178045003,270.94,ST/MT Ratio (Expanding EWM),NFLX
2019-04-16,1.2353136345463578,1.3016860092066074,1.0537291686937653,0.40339578940090975,0.3265533368366392,0.3547279554368915,0.4617444166666666,0.3547279554368915,0.28511972894877613,1.260800026936934,363.44,ST/MT Ratio (Expanding EWM),NFLX
2019-07-17,1.4006119333948637,1.308012824377344,0.9338866770947224,0.5171459223330138,0.3692285564635546,0.330603532627891,0.43243366046173504,0.330603532627891,0.25796772146886254,1.2758916001515652,350.62,ST/MT Ratio (Expanding EWM),NFLX
2019-10-16,1.2345836568419244,1.3892222818602415,1.1252556877464943,0.4115817547683131,0.3333769667914953,0.30731828586493093,0.4269334103466574,0.30731828586493093,0.26048157204525757,1.2482639773425441,294.29,ST/MT Ratio (Expanding EWM),NFLX
2020-01-21,1.4045763651446719,1.6462924900942546,1.1720918356223984,0.4671181886845885,0.3325687376467246,0.2573892564958125,0.423738,0.2573892564958125,0.2786643540391176,1.1115806292937531,333.1,ST/MT Ratio (Expanding EWM),NFLX
2020-04-21,1.1179571365200487,1.0478694250406877,0.9373073356841494,0.6386618833664508,0.5712758231093393,0.6524247999443769,0.6836559999999999,0.6524247999443769,0.3203130093360171,1.292185013968755,360.27,ST/MT Ratio (Expanding EWM),NFLX
2020-07-16,1.1336892434873,1.2493157639851613,1.1019913712351956,0.5287365961311848,0.46638582765834274,0.4160471414801181,0.5197742524120763,0.4160471414801181,0.446516255419195,1.1414006280717073,436.13,ST/MT Ratio (Expanding EWM),NFLX
2020-10-20,1.018841427220315,1.2287069022998298,1.2059844343511694,0.42875718120090267,0.42082817771816805,0.4756292968698504,0.5844090000000001,0.4756292968698504,0.4341153160516368,1.0319423696305834,487.35,ST/MT Ratio (Expanding EWM),NFLX
2021-01-19,1.5153590405319628,1.4000132593544656,0.9238822100292448,0.8242623975404718,0.5439386808627985,0.3431961290154418,0.48047913118074437,0.3431961290154418,0.36406437689983273,1.024658778741537,528.91,ST/MT Ratio (Expanding EWM),NFLX
2021-04-20,1.2145280969834276,1.3495124774333342,1.1111414225699454,0.4525799274049574,0.37263849928959936,0.29834329562165113,0.40261800000000003,0.29834329562165113,0.35597751135192957,1.2153233675725923,523.11,ST/MT Ratio (Expanding EWM),NFLX
2021-07-20,1.1397635002624154,1.4814701276256763,1.2998048518702237,0.2616876460429389,0.2295981982075131,0.2381943067360733,0.35287775,0.2381943067360733,0.22284931908129357,1.1526164718935803,497.0,ST/MT Ratio (Expanding EWM),NFLX
2021-10-19,1.277474184601595,1.2443428610294567,0.9740649760507913,0.32923716688941274,0.257725103847865,0.3099607930252509,0.3856975,0.3099607930252509,0.20937907912828757,1.44551882367776,575.43,ST/MT Ratio (Expanding EWM),NFLX
2022-01-20,1.594676368825364,1.287197494620326,0.8071841533391967,0.9538510998121332,0.5981471340888674,0.29225282178704115,0.3761871,0.29225282178704115,0.2503773094198821,1.2826958304479974,604.92,ST/MT Ratio (Expanding EWM),NFLX
2022-04-19,1.6278811309839014,1.1643832432799766,0.7152753484993195,1.720648507529305,1.056986578921358,0.412940214866226,0.4808206666666666,0.412940214866226,0.525447310537185,1.2981298408817699,374.59,ST/MT Ratio (Expanding EWM),NFLX
2022-07-19,0.8118874435925606,1.2612706642410128,1.5535043363399663,0.474877154920303,0.5849051597829815,0.5691724388373011,0.7178804999999999,0.5691724388373011,0.6966642117352395,1.1814584168134077,175.51,ST/MT Ratio (Expanding EWM),NFLX
2022-10-18,1.3990256769578,1.2508737676977906,0.8941035095351733,0.8116520930391773,0.5801552511917619,0.5570673856112,0.6968209795010396,0.5570673856112,0.3823245262227623,1.1338738587402313,243.63,ST/MT Ratio (Expanding EWM),NFLX
2023-01-19,0.9959097185177385,1.492820630419039,1.4989517650664936,0.4252074026938738,0.42695376376759425,0.4157209452165622,0.6205968035165872,0.4157209452165622,0.46886821990631705,1.0839325276348333,288.19,ST/MT Ratio (Expanding EWM),NFLX
2023-04-18,0.9398372009346393,1.22533537500221,1.3037740725560252,0.30592269350343576,0.3255060484935104,0.43508309655865746,0.5331227092788253,0.43508309655865746,0.29273082735734895,1.2458402632621635,305.13,ST/MT Ratio (Expanding EWM),NFLX
2023-07-19,1.2903605462690715,1.2491023438783362,0.968025833934532,0.48363718036397246,0.37480778667819126,0.36749844311506463,0.45904316666666667,0.36749844311506463,0.3413298703346977,0.9561960154124286,434.7,ST/MT Ratio (Expanding EWM),NFLX
2017-09-19,1.346880109881221,1.3610533782019578,1.0105230363242848,0.222608033177307,0.1652767989846835,0.19586419553373585,0.266581625,0.19586419553373585,0.13913990062646414,1.3776937721392568,149.26,ST/MT Ratio (Expanding EWM),ADBE
2017-12-14,0.8901442422124761,1.4443878148221683,1.6226446752406167,0.2809763417340657,0.3156525969720277,0.17999936316019607,0.2599888868243375,0.17999936316019607,0.32253481430053615,1.2412742462908877,181.32,ST/MT Ratio (Expanding EWM),ADBE
2018-03-15,1.2022197397050196,1.166598767870066,0.9703706646476344,0.22045343554100694,0.1833719978637999,0.27103368672648964,0.31618756498640427,0.27103368672648964,0.17188156928026455,1.5293814259606007,193.48,ST/MT Ratio (Expanding EWM),ADBE
2018-06-14,1.1508468754252648,1.2155652233472218,1.0562354117684354,0.22250919768000296,0.19334387782717022,0.23291320151004108,0.2831211878140696,0.23291320151004108,0.19922758700001406,1.4165351136176485,236.6,ST/MT Ratio (Expanding EWM),ADBE
2018-09-13,1.09108389898003,1.297612023662153,1.1892871161192922,0.22927296054866295,0.2101332086038411,0.1901086903802039,0.24668732244001804,0.1901086903802039,0.18759674114427993,1.2383756299428452,256.05,ST/MT Ratio (Expanding EWM),ADBE
2018-12-13,1.0985303678335263,1.0635572645900833,0.9681637355984838,0.4020824213372813,0.36601848534260434,0.3909004948986829,0.41574506108135295,0.3909004948986829,0.33616885423866655,1.2929237588873255,238.74,ST/MT Ratio (Expanding EWM),ADBE
2019-03-14,1.215384355964034,1.2294596015091357,1.0115809007052237,0.26058958015429334,0.21440919399328254,0.23673257370934458,0.2910531357369229,0.23673257370934458,0.22378062168824778,1.0946583546335373,261.37,ST/MT Ratio (Expanding EWM),ADBE
2019-06-18,1.3494659059070906,1.178738373379544,0.8734851086046623,0.3170038234905149,0.2349105835893125,0.26582412779320624,0.3133371,0.26582412779320624,0.15188308344074836,1.5535097135400222,275.45,ST/MT Ratio (Expanding EWM),ADBE
2019-09-17,1.0019711602193342,1.1630964858263069,1.160808346591235,0.17420333470510424,0.17386062755236456,0.27422574471403843,0.31895100000000004,0.27422574471403843,0.16654670072937242,1.4927873663075795,287.97,ST/MT Ratio (Expanding EWM),ADBE
2019-12-12,1.1435049309816188,1.233429383292277,1.078639321855363,0.2209919670976953,0.19325842950934125,0.19291717534068492,0.23794971260694905,0.19291717534068492,0.21221382478190715,1.2783445222910734,291.72,ST/MT Ratio (Expanding EWM),ADBE
2020-03-12,1.6208948047388296,1.1833831439935882,0.730080163459012,0.5113705995864014,0.31548660535610584,0.24005241705276345,0.28407398401515926,0.24005241705276345,0.11761465790726226,1.3897647454680555,369.28,ST/MT Ratio (Expanding EWM),ADBE
2020-06-11,0.9330936914470553,1.14458168934426,1.2266524785621753,0.29319318952138435,0.31421623810005195,0.3155357037856833,0.3611563888874474,0.3155357037856833,0.3551989148721283,1.6512253717721586,365.1,ST/MT Ratio (Expanding EWM),ADBE
2020-09-15,1.0324889405977375,1.238184163500104,1.1992226888002149,0.35155502041485154,0.3404927710037516,0.2922501774079948,0.3618595414466751,0.2922501774079948,0.2613036079250458,1.0679370318713501,451.58,ST/MT Ratio (Expanding EWM),ADBE
2020-12-10,0.9115689122721824,1.0979513476366778,1.204463351980617,0.2597806552788331,0.2849819161025382,0.3690776820488999,0.4052293383882109,0.3690776820488999,0.3467154505860707,1.2741369168698644,452.0,ST/MT Ratio (Expanding EWM),ADBE
2021-03-23,1.1326207171281004,1.1980671303786614,1.0577831680639822,0.26598062837947545,0.23483644997585967,0.2922224860305752,0.3501021552707697,0.2922224860305752,0.18300348170668954,1.425657794933167,467.33,ST/MT Ratio (Expanding EWM),ADBE
2021-06-17,1.1868300547703712,1.1831132508872935,0.9968682930903727,0.2695526999876318,0.22711988030989416,0.24670148777055667,0.29187579919495515,0.24670148777055667,0.1777788734947311,1.1899702757585569,480.62,ST/MT Ratio (Expanding EWM),ADBE
2021-09-21,1.304497902112898,1.3130715459100186,1.006572370705414,0.23936164092435477,0.18348947939023913,0.2102347742283018,0.2760533,0.2102347742283018,0.15060609997503993,1.64180624526555,656.86,ST/MT Ratio (Expanding EWM),ADBE
2021-12-16,1.3302000254169601,1.2127406043177624,0.911697925984944,0.5424630724158158,0.4078056397914871,0.2296643203245463,0.27852324662061845,0.2296643203245463,0.207103577096237,1.1057456966110812,671.03,ST/MT Ratio (Expanding EWM),ADBE
2022-03-22,1.2412458853753563,1.068809811267817,0.8610782310425189,0.4662739524731173,0.3756499481423173,0.4210087194710891,0.44997825,0.4210087194710891,0.30792381911919187,1.2674328300612612,442.56,ST/MT Ratio (Expanding EWM),ADBE
2022-06-16,0.9394377410343709,1.1118529241458135,1.1835301857487694,0.262560299733355,0.27948664213156066,0.4216516671814857,0.46881463912669225,0.4216516671814857,0.295465717401749,1.342011436428462,409.65,ST/MT Ratio (Expanding EWM),ADBE
2022-09-15,1.506007579597819,1.2473553709622058,0.828253049891896,0.7173253798967931,0.476309276005341,0.2909395578546691,0.3629050201153909,0.2909395578546691,0.2069687687322906,1.3795921982674624,447.56,ST/MT Ratio (Expanding EWM),ADBE
2022-12-15,0.9875888973913831,1.2202514763087895,1.2355864667291838,0.3047533729123613,0.3085832310562996,0.3653370936600776,0.4458031278890722,0.3653370936600776,0.3685492729397549,1.175969290677804,345.96,ST/MT Ratio (Expanding EWM),ADBE
2023-03-15,1.0766820000250843,1.0914987083338052,1.0137614526000953,0.2926301531143559,0.2717888411875914,0.35004458695480484,0.3820732145204099,0.35004458695480484,0.20559162336814182,1.2643779334227054,375.0,ST/MT Ratio (Expanding EWM),ADBE
2023-06-15,1.005607821503705,1.217011511878559,1.2102247872920657,0.3214853374302886,0.3196925586254543,0.2753837035318975,0.3351451373820714,0.2753837035318975,0.2579995943690408,1.2919245324261923,345.11,ST/MT Ratio (Expanding EWM),ADBE
2023-09-14,,1.1630951053148706,,,,0.3146518093023893,0.36596997927807706,0.3146518093023893,0.237261457702071,1.2298262432224991,518.7,ST/MT Ratio (Expanding EWM),ADBE
2015-02-25,1.56652031464852,1.2667492222369874,0.8086388732987531,0.6364682022775169,0.4062942537839486,0.2657694546719177,0.33666325,0.2657694546719177,0.22237917295489773,1.5598773066463945,59.78,ST/MT Ratio (Expanding EWM),CRM
2015-05-20,0.9944766103205295,1.3713186311742087,1.3789350266691736,0.38575692079942864,0.38789944056612397,0.2482217423885913,0.34039110000000006,0.2482217423885913,0.2725787870581145,1.3886755306147731,66.9,ST/MT Ratio (Expanding EWM),CRM
2015-08-20,1.3367655032674552,0.9773428662717424,0.7311251404100597,0.37368121001779975,0.2795413324957975,0.45841614592133206,0.44802975,0.45841614592133206,0.23419464358941633,0.8808244577400809,73.83,ST/MT Ratio (Expanding EWM),CRM
2015-11-18,1.2360483077012696,1.1684243116921753,0.9452901673925209,0.26794992394040296,0.2167794917649461,0.3472832993455398,0.40577425000000006,0.3472832993455398,0.2202596247639289,1.1100103379127382,77.93,ST/MT Ratio (Expanding EWM),CRM
2016-02-24,1.2863838747777885,1.1575705099347167,0.8998639773331089,0.6481381788305426,0.5038450741949038,0.3474358551365323,0.4021815,0.3474358551365323,0.13429430576066734,1.5820279610900898,69.92,ST/MT Ratio (Expanding EWM),CRM
2016-05-18,0.9168977842280365,1.4188242256999073,1.5474180984028199,0.23987417518494109,0.26161495786239497,0.2417171042904584,0.3429540833333334,0.2417171042904584,0.31851288476800027,1.2932662647091104,77.27,ST/MT Ratio (Expanding EWM),CRM
2016-08-31,1.3472975698555936,1.4768263603815535,1.0961397047126293,0.2763071528205622,0.20508249922114638,0.20240936030865714,0.2989234788917926,0.20240936030865714,0.11715165201872743,0.8899087472569241,81.02,ST/MT Ratio (Expanding EWM),CRM
2016-11-17,1.0661985948478756,1.2619272592964932,1.1835761793294655,0.336092674789642,0.31522520889984423,0.2635811708387665,0.33262026451872534,0.2635811708387665,0.375725386933934,1.2351974527080352,72.77,ST/MT Ratio (Expanding EWM),CRM
2017-02-28,0.7991215675403963,1.260850021484754,1.5777950097949482,0.1229797578402227,0.1538936788037647,0.28197104393648187,0.3555231968053917,0.28197104393648187,0.19264059353531185,0.9459332635476236,78.71,ST/MT Ratio (Expanding EWM),CRM
2017-05-18,1.158209875280084,1.242584994788964,1.0728495942831398,0.12627685411994619,0.10902760960262863,0.2280264374376805,0.28334222957524624,0.2280264374376805,0.11672814898834517,1.375393313964002,83.71,ST/MT Ratio (Expanding EWM),CRM
2017-08-22,0.8795409945382652,1.3166116107370693,1.496930352209739,0.11298613484174556,0.1284603395900383,0.1954982108517322,0.2573952142857143,0.1954982108517322,0.14475129511952542,1.2785957700418717,89.67,ST/MT Ratio (Expanding EWM),CRM
2017-11-21,1.0900147554579342,1.20995975631615,1.1100397955693955,0.1438779100785199,0.1319962957914953,0.19769717443188917,0.239205625,0.19769717443188917,0.12213784100277518,1.4718716100875386,98.44,ST/MT Ratio (Expanding EWM),CRM
2018-02-28,1.2465074402672325,1.185713134799852,0.9512282851241167,0.2385378724246547,0.1913649808408009,0.23599319860323226,0.27982023530728256,0.23599319860323226,0.1390041598926182,0.9719816183246043,113.3,ST/MT Ratio (Expanding EWM),CRM
2018-05-29,0.8275243344503617,1.1370538454290369,1.3740427901546406,0.14920801541676704,0.1803064988002684,0.25468385148338735,0.2895892526978633,0.25468385148338735,0.19752805077535535,1.7353645583151232,120.99,ST/MT Ratio (Expanding EWM),CRM
2018-08-29,0.9160176537386717,1.1667230193249951,1.2736905392195055,0.1576971707786413,0.17215516549818624,0.27077874934084784,0.31592380000000003,0.27077874934084784,0.20298568900975902,1.3848252719505907,138.03,ST/MT Ratio (Expanding EWM),CRM
2018-11-27,1.2551182301445636,0.9433492634913968,0.7516019135366574,0.508389801900419,0.40505331664401295,0.49455617135196367,0.4665392,0.49455617135196367,0.3050458306140556,1.278291944834944,130.99,ST/MT Ratio (Expanding EWM),CRM
2019-03-04,0.8683959323558951,1.166152876019897,1.3428815504192988,0.19746559089203483,0.22739119741881453,0.2931726289601707,0.34188410443221723,0.2931726289601707,0.26939123304043533,1.326071068645326,155.87,ST/MT Ratio (Expanding EWM),CRM
2019-06-04,1.2920132277955205,1.230264916876402,0.9522076789999466,0.3303665039245852,0.2556990105188539,0.2635070775069906,0.3241835128054814,0.2635070775069906,0.17508559722514017,1.3583454251338198,162.5,ST/MT Ratio (Expanding EWM),CRM
2019-08-22,1.1551362649650352,1.112218479823726,0.9628461278179954,0.2821536058695367,0.24426001886286308,0.23416262607080296,0.26044000000000006,0.23416262607080296,0.22872689724212367,1.3204566185441626,156.25,ST/MT Ratio (Expanding EWM),CRM
2019-12-03,1.1835834290607063,1.0786172055275836,0.9113148925915394,0.23655283802361363,0.19986156633786462,0.27261082832174277,0.29404272984095803,0.27261082832174277,0.2101052214649767,0.9727609538884348,157.6,ST/MT Ratio (Expanding EWM),CRM
2020-02-25,0.840309834317743,1.1141238369940034,1.3258488613293133,0.13329786435657467,0.1586294232350627,0.2508765100602586,0.27950749999999996,0.2508765100602586,0.18165011698248668,1.7212807273048236,180.71,ST/MT Ratio (Expanding EWM),CRM
2020-05-28,1.0536171933413452,1.1080527455923945,1.0516653985860058,0.3574948566041361,0.33930241349840695,0.3840015754597671,0.42549400000000004,0.3840015754597671,0.3232393947117384,1.3350852269117284,154.46,ST/MT Ratio (Expanding EWM),CRM
2020-08-25,1.6440033323639622,1.195979471569113,0.727479955803604,1.2518692948081873,0.7614761297400088,0.31244056347367355,0.3736725,0.31244056347367355,0.285418502874979,1.2903649785699542,190.96,ST/MT Ratio (Expanding EWM),CRM
2020-12-01,1.1392661330976728,1.0218765510424805,0.8969603513658313,0.5116870851214008,0.44913744932461036,0.494537327655385,0.50535609874625,0.494537327655385,0.43733629974279953,1.3322158784128093,232.45,ST/MT Ratio (Expanding EWM),CRM
2021-02-25,1.1571870344395083,1.184164748486291,1.0233131838189402,0.33164509262297853,0.28659592853424354,0.35569881685671234,0.421206,0.35569881685671234,0.27088134967952615,1.037956937094762,226.26,ST/MT Ratio (Expanding EWM),CRM
2021-05-27,1.2719947458248801,1.2161908249036986,0.9561288117703717,0.3288630864314309,0.2585412302298194,0.2367971325739971,0.2879905,0.2367971325739971,0.199635757085927,1.0788208312624625,234.21,ST/MT Ratio (Expanding EWM),CRM
2021-08-25,1.140190527338047,1.273701481716253,1.1170953022122612,0.24460078097187424,0.21452623496437298,0.23830014674318867,0.30352324999999997,0.23830014674318867,0.1992991754227113,1.1534208491307383,247.6,ST/MT Ratio (Expanding EWM),CRM
2021-11-30,1.5638013580962067,1.2464158597702828,0.7970423182696853,0.5793006812202421,0.37044390466925464,0.23808655548581084,0.29675485875559204,0.23808655548581084,0.20172548138610677,1.1073029164089634,302.76,ST/MT Ratio (Expanding EWM),CRM
2022-03-01,0.9953039324340982,1.0915418818625,1.0966920216953668,0.321495270408174,0.3230121573235732,0.36072027043311755,0.39374128281451504,0.36072027043311755,0.3070450560646863,1.4190962183751903,232.63,ST/MT Ratio (Expanding EWM),CRM
2022-05-31,1.4403528282614382,1.0222881142240772,0.7097483992571588,0.6187435551150439,0.42957776940105113,0.5029533365471105,0.5141632179614533,0.5029533365471105,0.30898246171207105,1.3404587145957618,177.57,ST/MT Ratio (Expanding EWM),CRM
2022-08-24,0.9349618834851869,1.1232478617419968,1.2013835874837488,0.3018057814497163,0.3228000914055423,0.40367826678681035,0.45343075000000005,0.40367826678681035,0.37097093784035545,1.3148737068155159,177.29,ST/MT Ratio (Expanding EWM),CRM
2022-11-30,1.3463602335742293,1.079123233912575,0.8015115174991384,0.5550640396255223,0.4122700788272501,0.4225919758510856,0.4560288196059282,0.4225919758510856,0.23623676484258208,1.1788959826850465,162.59,ST/MT Ratio (Expanding EWM),CRM
2023-03-01,1.4090013550947562,1.1030591003247718,0.7828658903245629,0.5795358296765136,0.4113096325855127,0.37880843622729415,0.4178480928603128,0.37880843622729415,0.33856429561684587,1.1542945957119457,164.75,ST/MT Ratio (Expanding EWM),CRM
2023-05-31,1.3432234673059824,1.3151714506086574,0.979115897406418,0.3631631428519861,0.270366883613461,0.2584661633133482,0.3399273189380703,0.2584661633133482,0.23780102534490422,1.1331979133291235,197.79,ST/MT Ratio (Expanding EWM),CRM
2023-08-30,,1.3129833864304514,,,,0.26046521497103114,0.34198649999999997,0.26046521497103114,0.2428707884088221,1.1099936922803215,225.01,ST/MT Ratio (Expanding EWM),CRM
2015-01-15,0.7166537805209873,1.2258148009386614,1.7104700125177994,0.11920083022849742,0.16632973057344616,0.23311151547130674,0.28575154593396956,0.23311151547130674,0.20478222937155766,1.3938840475631482,35.56,ST/MT Ratio (Expanding EWM),INTC
2015-04-14,1.0042435483373813,1.082500637156015,1.077926404354995,0.2733675394510485,0.27221239300330474,0.24750850619404705,0.2679281156565894,0.24750850619404705,0.2534982777618411,1.3732734434482112,30.83,ST/MT Ratio (Expanding EWM),INTC
2015-07-15,0.8888562213322776,1.1159902896332239,1.2555352180136652,0.1538774253648038,0.17311846581234697,0.22108734746791514,0.2467313329349598,0.22108734746791514,0.18513691428834805,1.3345084031650436,31.39,ST/MT Ratio (Expanding EWM),INTC
2015-10-13,1.1790847878135415,1.1138924886603945,0.9447094052718316,0.20972220661856827,0.17786863912261192,0.2822124529594291,0.31435433155793296,0.2822124529594291,0.17167249203703913,1.4554163643692062,29.39,ST/MT Ratio (Expanding EWM),INTC
2016-01-14,1.5302556593262924,1.1970909740812092,0.7822816839692254,0.3697326442828574,0.24161494978272796,0.219792,0.2631110193752571,0.219792,0.15141846774152262,1.734292858969623,35.18,ST/MT Ratio (Expanding EWM),INTC
2016-04-19,0.848664321930939,1.2262523709652347,1.4449203757914337,0.11918739950918819,0.140441157274062,0.19715680533991337,0.241764,0.19715680533991337,0.17780826095847713,1.4360988607129732,32.34,ST/MT Ratio (Expanding EWM),INTC
2016-07-20,1.4124159671829675,1.1815118521256578,0.8365183342426786,0.21147712628313908,0.1497272271035887,0.1900573401747965,0.224555,0.1900573401747965,0.1177181555822528,2.410044914460662,32.17,ST/MT Ratio (Expanding EWM),INTC
2016-10-18,1.4778542077044972,1.1966309643968625,0.8097083989465715,0.31787998920804067,0.21509563497592452,0.20509288770051107,0.24542049999999999,0.20509288770051107,0.14855445068893733,1.155921862035421,37.16,ST/MT Ratio (Expanding EWM),INTC
2017-01-26,1.089372638515575,1.3504624451336886,1.239669877310197,0.14914578347085164,0.1369097939471694,0.17324263070751747,0.23395766666666667,0.17324263070751747,0.15472361411391558,0.7283746522360088,37.07,ST/MT Ratio (Expanding EWM),INTC
2017-04-27,1.4082450130570567,1.2940935775740878,0.9189406428394403,0.2122356139819043,0.15070929562262567,0.1389106139219996,0.17976333333333336,0.1389106139219996,0.1316280168919867,1.8104559532208497,35.6,ST/MT Ratio (Expanding EWM),INTC
2017-07-27,1.0741408111226964,1.2256862517968272,1.141085264710997,0.1446946501583628,0.13470733879585803,0.17289565989882788,0.21191583333333336,0.17289565989882788,0.10529572812236218,1.4719009507908698,33.65,ST/MT Ratio (Expanding EWM),INTC
2017-10-26,1.4861069511026532,1.2517013248675317,0.8422686697877306,0.32203947851143994,0.21670006877532932,0.15748032651015567,0.19711833333333334,0.15748032651015567,0.11144449180885443,1.2153812316715544,37.47,ST/MT Ratio (Expanding EWM),INTC
2018-01-25,1.4512965707785053,1.2622938540356343,0.8697697489621394,0.5035029915437012,0.346933219358199,0.2024377082903758,0.25553587499999997,0.2024377082903758,0.22141441008515703,1.0615844518141673,46.08,ST/MT Ratio (Expanding EWM),INTC
2018-04-26,1.01466390127483,1.13858581927726,1.1221310010602858,0.2751936905228461,0.2712165971186036,0.3281430294267692,0.37361900000000003,0.3281430294267692,0.26581214246070933,1.3168499922201342,51.19,ST/MT Ratio (Expanding EWM),INTC
2018-07-26,1.454695270548748,1.1289385115034196,0.7760652930957529,0.40416531959105434,0.2778350406257889,0.269978388454575,0.3047889999999999,0.269978388454575,0.2175336458602902,1.4174067028100068,49.67,ST/MT Ratio (Expanding EWM),INTC
2018-10-25,1.2572328635867465,1.2413765499656486,0.9873879262304188,0.3554006720174444,0.28268484090013807,0.2355653085343782,0.29242524999999997,0.2355653085343782,0.21010374695575063,1.2767172779305616,45.91,ST/MT Ratio (Expanding EWM),INTC
2019-01-24,1.3234812106382878,1.0617825280779456,0.8022649052689381,0.38098089901502247,0.2878627183768504,0.4042313221763454,0.4292057551886905,0.4042313221763454,0.24299887556289768,1.251442203872613,43.59,ST/MT Ratio (Expanding EWM),INTC
2019-04-25,1.5121317080288874,1.3076688981185107,0.8647850522380087,0.4936799259652361,0.32647944841310406,0.2181299489575757,0.28524175,0.2181299489575757,0.17947634564441917,1.142317497935294,53.44,ST/MT Ratio (Expanding EWM),INTC
2019-07-25,1.0046677167949432,1.1438658283450256,1.1385513928865432,0.22768759494520688,0.22662975144813863,0.2727568586006329,0.31199725,0.2727568586006329,0.24516343253277634,1.2738941555129535,46.85,ST/MT Ratio (Expanding EWM),INTC
2019-10-24,1.540362271210448,1.2051888234785093,0.7824060910888497,0.39512204615665797,0.25651241499583277,0.26144658319229647,0.3150925,0.26144658319229647,0.16914202274774803,1.3085695968086621,49.82,ST/MT Ratio (Expanding EWM),INTC
2020-01-23,1.5680250780933542,1.409844095562268,0.8991208847734585,0.49396291070044945,0.3150223281512088,0.17415847665204165,0.2455363,0.17415847665204165,0.16530209480708,1.240430800676074,59.41,ST/MT Ratio (Expanding EWM),INTC
2020-04-23,0.8103304102865472,0.8176168048232704,1.0089918808972584,0.3795363976019621,0.46837239820205107,0.7136899236386538,0.5835248749999999,0.7136899236386538,0.5818538575657395,1.2525675884259644,52.4,ST/MT Ratio (Expanding EWM),INTC
2020-07-23,1.5998678145887075,1.1709243810887893,0.7318882037700154,0.7683582191221211,0.4802635643493146,0.32158489999999995,0.3765516000000001,0.32158489999999995,0.2408742065712583,1.2578021347737434,59.92,ST/MT Ratio (Expanding EWM),INTC
2020-10-22,1.4488985085347648,1.3719069772907757,0.9468620260215129,0.5584611121866558,0.3854383926113733,0.28279677953541715,0.38797087500000005,0.28279677953541715,0.2925057819532593,1.2045190246029727,49.95,ST/MT Ratio (Expanding EWM),INTC
2021-01-21,1.40655288433474,1.317212340343179,0.936482627147136,0.6671907196190511,0.47434456752375403,0.29517412499999995,0.388807,0.29517412499999995,0.31226947089350493,1.0921444629247161,46.17,ST/MT Ratio (Expanding EWM),INTC
2021-04-22,1.0203637726291264,1.070236761931199,1.0488776558320638,0.3302776758368434,0.3236862035838763,0.3638465,0.3894019,0.3638465,0.3318385756819313,1.2026559326910453,63.48,ST/MT Ratio (Expanding EWM),INTC
2021-07-22,1.47932014136805,1.435750479098012,0.9705475095946808,0.3618664824013907,0.2446167481142674,0.2242297702050934,0.321938,0.2242297702050934,0.169358610163348,1.1862473782335121,55.87,ST/MT Ratio (Expanding EWM),INTC
2021-10-21,1.6049935356088147,1.3084852122274884,0.8152588675263086,0.5768522015724057,0.3594109189689608,0.2466619393050407,0.3227535,0.2466619393050407,0.1618271077728828,1.1311997659985757,52.87,ST/MT Ratio (Expanding EWM),INTC
2022-01-26,1.3287065654131345,1.4027329924159766,1.0557131491104095,0.39849926788657064,0.2999151793629208,0.2529882749736899,0.354875,0.2529882749736899,0.22708780574715637,1.1512747986771854,51.94,ST/MT Ratio (Expanding EWM),INTC
2022-04-28,1.0190948468623107,1.3442771391613242,1.3190893303996352,0.2645010995793326,0.25954512516053296,0.26255802447120474,0.35295075000000004,0.26255802447120474,0.2914654379645407,1.2605992399406305,52.25,ST/MT Ratio (Expanding EWM),INTC
2022-07-28,1.5374021436879104,1.1914228348200169,0.7749584841621461,0.5358799045132759,0.3485619600007911,0.3283624323509795,0.3912185,0.3283624323509795,0.17160302970756391,1.2145123558435993,37.78,ST/MT Ratio (Expanding EWM),INTC
2022-10-27,1.4424437946688418,1.0867194105074156,0.7533876983795449,0.47251657368639755,0.3275805791759661,0.4502993093419681,0.489349,0.4502993093419681,0.23086017580851578,1.2995646421102052,26.89,ST/MT Ratio (Expanding EWM),INTC
2023-01-26,1.3090994174313164,1.1437883288287432,0.873721516944112,0.36977714342246143,0.2824668153531298,0.3594179007063053,0.4110980000000001,0.3594179007063053,0.22481021202588536,1.1923684051628707,25.94,ST/MT Ratio (Expanding EWM),INTC
2023-04-27,0.9141523675250438,1.1588752859862936,1.2677047362725837,0.28162491229075637,0.3080721795352579,0.38037224999999997,0.440804,0.38037224999999997,0.34380307409025707,1.1427938287890191,29.29,ST/MT Ratio (Expanding EWM),INTC
2023-07-27,1.0360681614082858,1.2195723894038888,1.1771159802325872,0.3960289726599223,0.3822421993178673,0.33940994695880755,0.41393500000000005,0.33940994695880755,0.4319372716799953,1.0713330813020157,34.1,ST/MT Ratio (Expanding EWM),INTC
2016-01-19,1.487904945850161,1.1161708438225868,0.7501627351502805,1.1553523752609758,0.7764960916914145,0.6875555872537928,0.7674295000000001,0.6875555872537928,0.4124441637154638,0.7313074600536011,2.53,ST/MT Ratio (Expanding EWM),AMD
2016-07-21,1.077546962161836,1.1250869042861267,1.044118673054317,0.9786322996604502,0.9082038500642814,0.6254067995275985,0.703637,0.6254067995275985,1.019926689936688,0.9284880999974076,5.45,ST/MT Ratio (Expanding EWM),AMD
2017-01-31,1.3244287345015016,1.0555384829790264,0.7969764287667149,0.8658610620553294,0.6537619122113268,0.7330305928934799,0.773742,0.7330305928934799,0.5654999647618898,0.9986188630095675,11.34,ST/MT Ratio (Expanding EWM),AMD
2017-05-01,1.4848559447775196,1.3506248437233648,0.9095999167284426,1.2272612266657068,0.8265187144801384,0.5051987627585471,0.682334,0.5051987627585471,0.5560615344301206,0.9826654108422064,14.55,ST/MT Ratio (Expanding EWM),AMD
2017-07-25,0.7910971676475232,1.1420646479719325,1.4436464882917952,0.4804550884885272,0.6073275295843253,0.593071505367747,0.6773260000000001,0.593071505367747,0.7448400475719527,0.9884370028866996,14.08,ST/MT Ratio (Expanding EWM),AMD
2017-10-24,1.3684056736795789,1.2297346514282392,0.898662344859723,0.6814954126584274,0.4980214754780416,0.48378526156763896,0.5949275,0.48378526156763896,0.3802622057103297,1.0230288523939317,12.61,ST/MT Ratio (Expanding EWM),AMD
2018-04-25,1.4284457666506742,1.2628753554687848,0.8840905163868362,0.7020981536230774,0.49151194257049813,0.49979675133156976,0.631181,0.49979675133156976,0.37167615238081864,1.0385008349966922,10.44,ST/MT Ratio (Expanding EWM),AMD
2018-07-25,1.4267761666465257,1.278554903624875,0.8961145647883733,0.779351934567146,0.5462327958553749,0.4905870668687619,0.6272424999999999,0.4905870668687619,0.42352300037026336,1.066197998032749,15.11,ST/MT Ratio (Expanding EWM),AMD
2018-10-24,1.2266379436636403,1.3014947126307443,1.0610259688718962,1.0376600401792977,0.8459383190773342,0.6684828028034981,0.8700268333333334,0.6684828028034981,0.6363301175218076,0.9275818648738046,32.61,ST/MT Ratio (Expanding EWM),AMD
2019-01-29,1.2903778344758374,1.137160416370706,0.8812615855515143,1.0873799765583152,0.8426833966812661,0.7570717267381113,0.8609120000000001,0.7570717267381113,0.6986526067787797,1.0511299676264858,18.46,ST/MT Ratio (Expanding EWM),AMD
2019-04-30,0.860598975566486,1.2132333135500128,1.4097545407271797,0.42700158463543136,0.4961678978926964,0.4956002406416394,0.6012787221498399,0.4956002406416394,0.6001496121371755,1.122614233026694,26.36,ST/MT Ratio (Expanding EWM),AMD
2019-07-30,1.1133511947327774,1.2582507847221371,1.1301472443509957,0.4876134679382292,0.43796914239200546,0.48609211686564296,0.6116257874934401,0.48609211686564296,0.4667923734267591,1.121199035836275,31.2,ST/MT Ratio (Expanding EWM),AMD
2019-10-29,0.8250156010800133,1.2200793112984503,1.4788560479356585,0.26569890937655777,0.32205319393807347,0.48002631277184243,0.585670173091804,0.48002631277184243,0.39567615864794375,1.1611617661227458,28.99,ST/MT Ratio (Expanding EWM),AMD
2020-01-28,1.1632278355776087,1.2916100184540273,1.110367185988693,0.3949146692490987,0.33949898478228996,0.41038006242351416,0.530051,0.41038006242351416,0.31679564311194297,1.104599662505495,45.52,ST/MT Ratio (Expanding EWM),AMD
2020-04-28,0.9642533340687551,0.9978650118592576,1.0348577252501423,0.46506607899754815,0.4823069442084885,0.7297715279157428,0.7282134743581913,0.7297715279157428,0.47777491902827923,1.321478930358502,47.86,ST/MT Ratio (Expanding EWM),AMD
2020-07-28,1.3492020788871204,1.1062937823573384,0.8199615162688282,0.9378330205968345,0.6951019682465945,0.5310738967980813,0.5875237500000001,0.5310738967980813,0.3876055393974296,1.0721978570014155,50.28,ST/MT Ratio (Expanding EWM),AMD
2020-10-27,0.7769146857420743,1.213967807268628,1.5625496976017386,0.33494471463766734,0.4311216157765676,0.5348642658497785,0.6493080000000001,0.5348642658497785,0.5409295240180884,1.1812422056753624,79.48,ST/MT Ratio (Expanding EWM),AMD
2021-01-26,0.9828100310634325,1.176046728680193,1.1966165296539273,0.34701643411880206,0.35308597099209393,0.4546569219357,0.5346977857142858,0.4546569219357,0.35070864521294354,1.0067499453103328,91.6,ST/MT Ratio (Expanding EWM),AMD
2021-04-27,0.9912450740747057,1.1855915714841692,1.1960630145787907,0.3455738529886708,0.3486260482164338,0.3701300632426037,0.4388230833333335,0.3701300632426037,0.3428573598837604,1.0611422239825925,77.14,ST/MT Ratio (Expanding EWM),AMD
2021-07-27,1.2272549630762055,1.2490742263754813,1.0177789163260618,0.4679237782690273,0.38127674553960794,0.31815288788768686,0.3973965723074377,0.31815288788768686,0.3025530580805078,0.9330793461713233,87.08,ST/MT Ratio (Expanding EWM),AMD
2021-10-26,0.838308543351799,1.1609715541575378,1.3848976768334473,0.24634812939472234,0.29386331720985637,0.3624347198630009,0.4207764,0.3624347198630009,0.31365440506561115,1.001900398494413,108.16,ST/MT Ratio (Expanding EWM),AMD
2022-02-01,1.0848847555420842,1.0584170501982957,0.9756032101948345,0.5329284798488012,0.49123049902430693,0.5073942745539085,0.537034751360852,0.5073942745539085,0.4714534639149679,0.913173961774422,150.24,ST/MT Ratio (Expanding EWM),AMD
2022-05-03,1.0099171307251873,1.0648346703905225,1.054378263319388,0.47082372520577437,0.46620035533776105,0.5051477663556789,0.537898855285858,0.5051477663556789,0.5137302010241094,1.0349588203662299,110.53,ST/MT Ratio (Expanding EWM),AMD
2022-08-02,1.0668857392255389,1.066742590133559,0.9998658252831425,0.4472448197428841,0.41920592177709937,0.5811990295229684,0.6199897581364422,0.5811990295229684,0.4446648292779218,1.1961580391714595,73.67,ST/MT Ratio (Expanding EWM),AMD
2022-11-01,0.9437478238029505,1.0480215654886753,1.1104889876890425,0.3753928833561527,0.39776821083778485,0.5832347496596807,0.6112425953857342,0.5832347496596807,0.35421579644454715,1.2349634667660065,66.11,ST/MT Ratio (Expanding EWM),AMD
2023-01-31,1.3335229446274495,1.0323011978643284,0.7741158125724831,0.6721510852635234,0.504041634957623,0.5560867762347231,0.5740490452236174,0.5560867762347231,0.37066195645992756,1.095426625694379,64.77,ST/MT Ratio (Expanding EWM),AMD
2023-05-02,1.3542521306794937,1.1568834542817084,0.8542600215081397,0.6281867691819133,0.463862492774312,0.4322055562711329,0.5000114568986955,0.4322055562711329,0.41917852617266926,1.1556961875303684,96.56,ST/MT Ratio (Expanding EWM),AMD
2023-08-01,1.0811904123854101,1.1805099740029938,1.0918613044287517,0.4702061649358293,0.4348967208268359,0.40479931898787536,0.4778696335348064,0.40479931898787536,0.4921476922276133,0.9542724907319993,115.82,ST/MT Ratio (Expanding EWM),AMD
2015-01-28,1.6457657608898877,1.4026812001070876,0.852296987481766,0.6172182839887932,0.37503410184876795,0.17321284407422805,0.24296240000000005,0.17321284407422805,0.20140148322299478,1.5253805091513677,74.985,ST/MT Ratio (Expanding EWM),QCOM
2015-04-22,0.805194118449491,1.5600239812487104,1.9374507904413727,0.1714285078449489,0.21290332842353274,0.14874418777476844,0.23204450000000004,0.14874418777476844,0.2635689917920254,1.5214819235450976,70.065,ST/MT Ratio (Expanding EWM),QCOM
2015-07-22,1.458227400441454,1.5282985579610417,1.048052284231098,0.23228679193458865,0.15929394267606528,0.14626618525259272,0.22353840000000003,0.14626618525259272,0.11206297705318315,1.1777670515724203,67.365,ST/MT Ratio (Expanding EWM),QCOM
2015-11-04,1.7201378533738603,1.259023422446303,0.7319316995302835,0.8124145400778483,0.4722961816603169,0.23290293474465223,0.29323025,0.23290293474465223,0.14268923378082857,1.245054121646388,56.23,ST/MT Ratio (Expanding EWM),QCOM
2016-01-27,1.2080564182715527,1.415320391868178,1.1715681241884148,0.49878256689365175,0.4128801928036551,0.23804530545574137,0.33691037500000004,0.23804530545574137,0.43392621444660484,1.1249317414455688,49.58,ST/MT Ratio (Expanding EWM),QCOM
2016-04-20,0.730649864865678,1.4711543293302503,2.0134874446335607,0.14556064362570484,0.1992207904568142,0.20541548155425474,0.302197875,0.20541548155425474,0.26459669484466025,1.2991691439896333,52.21,ST/MT Ratio (Expanding EWM),QCOM
2016-07-20,1.498302129439904,1.2760751574505125,0.8516808008058665,0.38863450888915757,0.25938327207372863,0.20279457952697885,0.258781125,0.20279457952697885,0.13840337753514073,2.0297751456497664,53.89,ST/MT Ratio (Expanding EWM),QCOM
2016-11-02,0.8724943246977224,1.3725156904848361,1.573094118360423,0.18914929475951098,0.2167914327981929,0.2110617532681879,0.28968556802182704,0.2110617532681879,0.2603156023638052,1.2060866487274444,67.11,ST/MT Ratio (Expanding EWM),QCOM
2017-01-25,1.3860141921331006,1.437632797333017,1.0372424795452306,0.5794133468280293,0.4180428671775011,0.19392005653357022,0.27878583333333334,0.19392005653357022,0.23471901309156193,1.5592375234970606,67.25,ST/MT Ratio (Expanding EWM),QCOM
2017-04-19,0.661540190126204,1.3676083841236126,2.0673095974149507,0.13107719962955203,0.1981394351937197,0.1643638468508267,0.22478537500000004,0.1643638468508267,0.2635825611069948,1.1697929549722872,57.81,ST/MT Ratio (Expanding EWM),QCOM
2017-07-19,1.3431080406452898,1.392108844744498,1.0364831440333468,0.25094826245800017,0.18684145643073755,0.16886129565222247,0.23507330321247455,0.16886129565222247,0.1603643712659866,1.1720492744885571,57.61,ST/MT Ratio (Expanding EWM),QCOM
2017-11-01,1.6540534935759046,1.3723793568624918,0.8297067550672377,0.747336891037756,0.4518214761132577,0.1806829462612884,0.24796554558608713,0.1806829462612884,0.13369842237502746,1.0863299303658362,51.88,ST/MT Ratio (Expanding EWM),QCOM
2018-01-31,0.9444430512684386,1.3127236530436042,1.3899447418036954,0.24536173210295326,0.2597951583988246,0.1986354294819732,0.2607534266134611,0.1986354294819732,0.29601652548497187,1.058916929699398,65.2,ST/MT Ratio (Expanding EWM),QCOM
2018-04-25,0.949572690097713,1.0561261251855942,1.1122119835574849,0.22095214770880844,0.23268587019501585,0.370393971582946,0.3911827499999999,0.370393971582946,0.2680574901977987,1.2136807803493224,56.13,ST/MT Ratio (Expanding EWM),QCOM
2018-07-25,1.4820331120137555,1.1190073439536359,0.7550488142826661,0.38506018509563056,0.2598188812208243,0.31183239106828226,0.34894273568803,0.31183239106828226,0.1731264865749728,1.3104549661542928,57.05,ST/MT Ratio (Expanding EWM),QCOM
2018-11-07,1.3218376184892158,1.1949150797040407,0.9039802340243273,0.38712937010544474,0.2928721082608553,0.2537419607644068,0.30320009527106073,0.2537419607644068,0.20700713238892005,1.2170858080734037,70.93,ST/MT Ratio (Expanding EWM),QCOM
2019-01-30,0.9203779178811374,1.0957330242398031,1.190525112512871,0.218986149935046,0.23793068660229097,0.3470454566570681,0.38026916777153275,0.3470454566570681,0.21823271455099827,1.2437706705597158,56.91,ST/MT Ratio (Expanding EWM),QCOM
2019-05-01,1.0111036415402035,1.2649622663902418,1.2510708244145359,0.6560172917650364,0.648813103635679,0.24988573770904976,0.31609602911103707,0.24988573770904976,0.16380212716390222,1.139961790324405,57.81,ST/MT Ratio (Expanding EWM),QCOM
2019-07-31,0.5581720399831529,1.194765635033286,2.1404971038487473,0.19797559364666703,0.35468561566187096,0.28163506840217734,0.3364879013471703,0.28163506840217734,0.48464672244881524,1.1071983754859827,77.52,ST/MT Ratio (Expanding EWM),QCOM
2019-11-06,1.4126423143893183,1.1597877130190644,0.8210059271234825,0.4255999382149432,0.3012793358090289,0.3188918449213519,0.3698468435217649,0.3188918449213519,0.2017571816902506,1.6039456890895063,76.34,ST/MT Ratio (Expanding EWM),QCOM
2020-02-05,1.028477941498342,1.2300445064166114,1.1959853068162225,0.24167168712005743,0.23497994207632406,0.2623318482082804,0.32267984874671174,0.2623318482082804,0.21556004561436765,1.0914838315364723,86.51,ST/MT Ratio (Expanding EWM),QCOM
2020-04-29,0.7518742974669937,0.9021591675989644,1.1998803132894271,0.26909358514881626,0.3578970395122851,0.7229608072422151,0.6522257200683121,0.7229608072422151,0.42835449246656093,1.2026212778447272,69.03,ST/MT Ratio (Expanding EWM),QCOM
2020-07-29,1.5794452682068014,1.1195017566460148,0.7087942704827143,0.807213701650024,0.5110741840180898,0.38542056538856606,0.43147899999999995,0.38542056538856606,0.28804351018899743,1.0238567587858554,89.01,ST/MT Ratio (Expanding EWM),QCOM
2020-11-04,1.467799696276576,1.251936312683858,0.8529340317072507,0.587406079234952,0.4001949862266954,0.37452856469234613,0.4688859102757136,0.37452856469234613,0.33848645431561686,1.149466100405614,120.52,ST/MT Ratio (Expanding EWM),QCOM
2021-02-03,1.3371713697441496,1.1291507349955792,0.844432329725716,0.5383367127908881,0.40259365775524486,0.3746176833814859,0.4229998325325459,0.3746176833814859,0.3273158924198544,1.1872947071719386,148.5,ST/MT Ratio (Expanding EWM),QCOM
2021-04-28,1.0282987097063527,1.178889741555625,1.1464467770189812,0.29670519455290567,0.2885398880230382,0.32088675188641524,0.3782901,0.32088675188641524,0.32748092050621225,0.9040118973931554,131.27,ST/MT Ratio (Expanding EWM),QCOM
2021-07-28,1.3454438875184114,1.3279662670379295,0.9870097737686272,0.31155083732100264,0.23155988905315036,0.22600040687486422,0.3001209166666667,0.22600040687486422,0.18440889179315761,1.0968146764381854,139.72,ST/MT Ratio (Expanding EWM),QCOM
2021-11-03,1.5238479841810415,1.1864840848696274,0.7786105288627442,0.602379881710322,0.39530182010514503,0.2805548989500143,0.33287392253639847,0.2805548989500143,0.17108623016827396,1.5796510367747993,126.68,ST/MT Ratio (Expanding EWM),QCOM
2022-02-02,1.138169288304946,1.3413958519545008,1.1785556557691137,0.403282367420002,0.3543254694744073,0.2955933398478099,0.39650767993722924,0.2955933398478099,0.33266755041590995,1.1921632623347629,186.21,ST/MT Ratio (Expanding EWM),QCOM
2022-04-27,1.1523312734689282,1.128244660812045,0.9790974928725368,0.4581861827106342,0.3976167212153588,0.36485703349459647,0.411648,0.36485703349459647,0.3349884558093053,1.2108382635296526,158.45,ST/MT Ratio (Expanding EWM),QCOM
2022-07-27,1.1228161935671663,1.1534960420286482,1.0273240167333288,0.41574526293888014,0.37027009881115547,0.4160100967109188,0.479866,0.4160100967109188,0.30482647183197464,1.2475327400053093,127.18,ST/MT Ratio (Expanding EWM),QCOM
2022-11-02,1.3354481521623365,1.1139928060308641,0.8341715133059301,0.4092718239528656,0.3064677750987031,0.44162445496889474,0.4919664658026501,0.44162445496889474,0.22898562003395773,1.352803273528486,117.22,ST/MT Ratio (Expanding EWM),QCOM
2023-02-02,1.023030381293303,1.1027960362541227,1.0779699766687094,0.3135398691922864,0.3064814837619123,0.42334879674197284,0.4668673749999999,0.42334879674197284,0.26161291412880855,1.1820440159839236,107.2,ST/MT Ratio (Expanding EWM),QCOM
2023-05-03,1.190776973372619,1.213943034284803,1.019454575819157,0.2838418137809475,0.23836689835967084,0.31384057621152617,0.380984581367911,0.31384057621152617,0.23203491479113464,1.2725537023733244,124.74,ST/MT Ratio (Expanding EWM),QCOM
2023-08-02,1.3949213776622147,1.2857743463080002,0.9217539905101054,0.5018736122358728,0.35978630786845917,0.2614704721982252,0.3361920254695172,0.2614704721982252,0.28775943147764266,1.1031085753803596,120.09,ST/MT Ratio (Expanding EWM),QCOM
2015-01-26,0.6402209482751129,1.1902065921899996,1.8590559952726653,0.07918505556204986,0.12368394969797646,0.18263488996479985,0.21737325,0.18263488996479985,0.16348414622162352,1.5621669668112608,54.745,ST/MT Ratio (Expanding EWM),TXN
2015-04-22,1.565527896644447,1.1437031386997352,0.730554301300634,0.39610496584736976,0.2530168684290975,0.1705259812626981,0.19503110000000004,0.1705259812626981,0.1196060402347369,2.0456784410038353,58.66,ST/MT Ratio (Expanding EWM),TXN
2015-07-22,1.2498789254553273,1.148532756253026,0.9189152107950127,0.24307764686472583,0.19448095484622507,0.1849466624643692,0.21241730000000003,0.1849466624643692,0.17063979311175634,0.8197981892703324,55.5,ST/MT Ratio (Expanding EWM),TXN
2015-10-21,1.5334456543455675,1.093713167796541,0.7132389496146232,0.5285901921234195,0.3447074831934669,0.2674883219970731,0.2925555,0.2674883219970731,0.1735322481098179,1.2872706648532426,47.45,ST/MT Ratio (Expanding EWM),TXN
2016-01-27,0.8614311361061855,1.2120898280217856,1.407065262930519,0.16905155992338483,0.19624500768282707,0.22072340994449086,0.2675366,0.22072340994449086,0.21177764928623727,1.1391572388916216,56.42,ST/MT Ratio (Expanding EWM),TXN
2016-04-27,1.1971893037827752,1.2249935358488544,1.0232245911137243,0.16736812945679236,0.13980088940650992,0.1947831502920197,0.23860810000000005,0.1947831502920197,0.1345210512180015,1.300120305746726,56.52,ST/MT Ratio (Expanding EWM),TXN
2016-07-25,1.653281436804633,1.057484135221615,0.6396274171356207,0.40731684040878285,0.24636872545791197,0.2541512359839576,0.2687609,0.2541512359839576,0.10374693360926043,1.8445930101177201,60.54,ST/MT Ratio (Expanding EWM),TXN
2016-10-26,0.9386496861346956,1.3022886687866002,1.3874064925641734,0.1266003479334943,0.13487496965436288,0.17902682069500855,0.23314460000000006,0.17902682069500855,0.14779193861612308,1.1055562821978728,68.42,ST/MT Ratio (Expanding EWM),TXN
2017-01-24,1.098317174644333,1.3022913990541396,1.1857152279129746,0.15596243936533452,0.14200127519251413,0.17629918836400293,0.22959291666666667,0.17629918836400293,0.15163296127870737,1.9362676768812248,74.38,ST/MT Ratio (Expanding EWM),TXN
2017-04-25,1.2634603198961822,1.3176035536223445,1.042853133472851,0.15919396672691144,0.1259983904678481,0.15379432960348696,0.20263995521252057,0.15379432960348696,0.1161834083394616,1.9901679272653465,80.53,ST/MT Ratio (Expanding EWM),TXN
2017-07-25,1.0154757121490279,1.1896180408275054,1.1714884232040805,0.1622908865266553,0.15981759542353094,0.1843513288636031,0.21930766666666668,0.1843513288636031,0.1742494630718942,1.6934136220718803,78.31,ST/MT Ratio (Expanding EWM),TXN
2017-10-24,0.9046901614706898,1.2503949006354136,1.3821250123940072,0.10092627161850055,0.11155893577358238,0.17121820865648574,0.214090375,0.17121820865648574,0.13534469736570517,1.2261514721584343,87.5,ST/MT Ratio (Expanding EWM),TXN
2018-01-23,1.6167771571592193,1.3022407154540754,0.8054546723941817,0.4974284441845985,0.30766667006763754,0.14991938332378532,0.19523112499999998,0.14991938332378532,0.13199733761799118,1.109916128985328,104.13,ST/MT Ratio (Expanding EWM),TXN
2018-04-24,1.269123493225332,1.1503314723734182,0.9063983753464232,0.31541956768676144,0.2485333928262243,0.2583949775682661,0.29723987499999993,0.2583949775682661,0.20783891849726607,1.6168611738873164,106.6,ST/MT Ratio (Expanding EWM),TXN
2018-07-24,0.8966100241589541,1.219549505067553,1.3601783074102094,0.14763063132307122,0.16465422797559395,0.2406933041916494,0.2935374,0.2406933041916494,0.1683053593563332,1.114255027366837,110.19,ST/MT Ratio (Expanding EWM),TXN
2018-10-23,1.3640161945554767,1.2256414902122195,0.8985534740015659,0.31662144295777983,0.23212440161750758,0.2111958326045083,0.258850375,0.2111958326045083,0.18360643918580793,1.2468610405581875,109.8,ST/MT Ratio (Expanding EWM),TXN
2019-01-23,1.310370019753551,1.0238251999323633,0.7813252627108487,0.38742583765832483,0.2956614023657152,0.39788603565033537,0.40736575,0.39788603565033537,0.2614594765114507,1.1661232447630832,87.8,ST/MT Ratio (Expanding EWM),TXN
2019-04-23,0.8853362896078659,1.097131934119637,1.2392262092922677,0.16460833697561583,0.18592747062082401,0.23886188328870878,0.26206300000000005,0.23886188328870878,0.20393194039326212,1.521441206591565,107.11,ST/MT Ratio (Expanding EWM),TXN
2019-07-23,1.3920433872281248,1.1068814192785994,0.7951486494128981,0.3586967176397105,0.25767639207996046,0.2522035062996539,0.27915937500000004,0.2522035062996539,0.2011260179032948,1.321344063832714,112.73,ST/MT Ratio (Expanding EWM),TXN
2019-10-22,1.520607673302338,1.2841511626604154,0.8444986732650082,0.4059428954049196,0.26696096733704117,0.2177576192982408,0.27963370000000004,0.2177576192982408,0.17159529616496882,1.736026308348083,127.77,ST/MT Ratio (Expanding EWM),TXN
2020-01-22,1.1154864015708592,1.3891333356146662,1.2453162438004173,0.19434575779222063,0.17422512503831286,0.16426020993324456,0.22817933333333335,0.16426020993324456,0.1829050598868525,1.2428267582038564,128.55,ST/MT Ratio (Expanding EWM),TXN
2020-04-21,0.9186327998749333,0.9656482944617317,1.0511798561875858,0.3039743807536184,0.3308986798588106,0.6640989923508606,0.6412860593173632,0.6640989923508606,0.2755551417727643,1.4179696646460442,98.44,ST/MT Ratio (Expanding EWM),TXN
2020-07-21,1.0108964254513138,1.1227189980236054,1.1106172400623224,0.21279783231093666,0.21050409018503877,0.3412987583487418,0.3831826,0.3412987583487418,0.24335315009273828,1.2474510515620956,125.23,ST/MT Ratio (Expanding EWM),TXN
2020-10-20,1.2688754882262008,1.1017893068665576,0.8683194821635195,0.18352063745971922,0.1446325026865073,0.32771084067503164,0.3610683,0.32771084067503164,0.13329368355809396,1.4050898684069755,136.98,ST/MT Ratio (Expanding EWM),TXN
2021-01-26,1.3342360366984016,1.188717310410404,0.8909347954293851,0.2440544155944507,0.18291697187131079,0.2591396182273547,0.30804375,0.2591396182273547,0.15477673653325796,1.2138348413270343,161.47,ST/MT Ratio (Expanding EWM),TXN
2021-04-27,1.1323057115180515,1.063019292375487,0.9388094412685829,0.2857416122099208,0.2523537674528152,0.28791794798887227,0.3060623333333333,0.28791794798887227,0.2718579479793446,1.210590371069639,186.18,ST/MT Ratio (Expanding EWM),TXN
2021-07-21,1.464011859221545,1.0944737872666812,0.7475853288843184,0.32935776039117204,0.22496932543039683,0.21847454863567567,0.23911466666666667,0.21847454863567567,0.17165556592200673,1.1053020628401156,186.11,ST/MT Ratio (Expanding EWM),TXN
2021-10-26,1.278616812113884,1.2089742172110565,0.9455328646995574,0.2422598395261671,0.18947024411922833,0.20490056485361294,0.2477195,0.20490056485361294,0.15122427282792653,0.7527514906998131,200.33,ST/MT Ratio (Expanding EWM),TXN
2022-01-25,1.2868629819293549,1.1646604621701342,0.9050384372887887,0.2674916490746754,0.2078633489585917,0.22039363259719166,0.25668375,0.22039363259719166,0.14867147873261577,1.0468318147790767,191.84,ST/MT Ratio (Expanding EWM),TXN
2022-04-26,0.7168081876919831,1.1085659891178972,1.5465308685818957,0.11635280032640499,0.1623206909801685,0.2539411300395407,0.2815105,0.2539411300395407,0.19077238821276868,1.1408565128244808,185.68,ST/MT Ratio (Expanding EWM),TXN
2022-07-26,1.1234993905904878,1.1620144677173267,1.034281351151064,0.23518211008188006,0.20932998455679916,0.30408399363058225,0.35335,0.30408399363058225,0.16409759127564713,1.423427233917479,155.62,ST/MT Ratio (Expanding EWM),TXN
2022-10-25,1.0426062790239705,1.0333796753589166,0.9911504430285119,0.18203687598010546,0.174597908762374,0.379645070785565,0.39231750000000004,0.379645070785565,0.17251998986092495,1.394678498699195,160.46,ST/MT Ratio (Expanding EWM),TXN
2023-01-24,1.0483697443957973,1.1349740315253847,1.0826085334802367,0.1835033800104566,0.17503689036372788,0.2734476660958376,0.310356,0.2734476660958376,0.1523674198993411,1.216026448239968,164.38,ST/MT Ratio (Expanding EWM),TXN
2023-04-25,1.0335815169114955,1.1134802832696242,1.077302820387964,0.17761488497010608,0.1718440994386658,0.2687977546590518,0.299301,0.2687977546590518,0.16614296567446468,1.3021039866715125,177.05,ST/MT Ratio (Expanding EWM),TXN
2023-07-25,1.3421341101203483,1.2469862882141818,0.9291070682216439,0.3374525615186277,0.251429837729382,0.20209564642519537,0.2520105,0.20209564642519537,0.18041083446274864,1.2092683692916293,168.745,ST/MT Ratio (Expanding EWM),TXN
2015-12-02,1.1993070075900636,1.1960560449042994,0.9972892990158568,0.5545763292042732,0.46241398215346174,0.44931320270301534,0.5374037721482523,0.44931320270301534,0.3860388030102693,1.2477967237709704,123.8,ST/MT Ratio (Expanding EWM),AVGO
2016-03-03,1.0983638380584073,1.0969876792658446,0.9987470829383864,0.38644287478347017,0.35183503079142747,0.4212862171955484,0.46214578970803116,0.4212862171955484,0.3452130952456366,1.345036127358865,133.24,ST/MT Ratio (Expanding EWM),AVGO
2016-06-02,1.1772763461454063,1.141657189337686,0.9697444385726909,0.26947523289830677,0.2288971776088192,0.35086252373782945,0.4005647226944575,0.35086252373782945,0.2200161212030582,1.314963241946401,143.2,ST/MT Ratio (Expanding EWM),AVGO
2016-09-01,1.005210675979031,1.3110109133858525,1.3042150712426384,0.18193572131230015,0.180992627376448,0.2741807466765457,0.3594539511332332,0.2741807466765457,0.19792288695580484,1.2558271010080109,162.89,ST/MT Ratio (Expanding EWM),AVGO
2016-12-08,1.1933612072987314,1.2297296917937657,1.0304756718021337,0.3068348562518421,0.25711817543188564,0.27116486940805734,0.3334594912824671,0.27116486940805734,0.1728771206348194,1.1034691209477752,177.0,ST/MT Ratio (Expanding EWM),AVGO
2017-03-01,0.7860543903607418,1.2856630504126758,1.6355904453668277,0.1465616799089178,0.18645233931160496,0.2433485754579819,0.31286427183688825,0.2433485754579819,0.22706562238709188,1.2140827224831061,203.22,ST/MT Ratio (Expanding EWM),AVGO
2017-06-01,1.5422321610459442,1.3589342038116516,0.8811476236431358,0.45371156949679925,0.29419148488583674,0.19861937826687914,0.2699106666666667,0.19861937826687914,0.14840666040512854,1.1674322375564758,225.45,ST/MT Ratio (Expanding EWM),AVGO
2017-08-24,1.056635212783838,1.2316881568376996,1.1656701782563754,0.24468329576777462,0.23156837175918618,0.22561768046343073,0.27789062500000006,0.22561768046343073,0.23760400109739505,1.283298252389688,254.3,ST/MT Ratio (Expanding EWM),AVGO
2017-12-06,0.9783826370495303,1.1012359365236082,1.1255677429482618,0.24991333921300996,0.25543517408144495,0.2870988199666202,0.31616353788076373,0.2870988199666202,0.25397598840659064,1.1117344035921328,277.52,ST/MT Ratio (Expanding EWM),AVGO
2018-03-15,1.2711710972592576,1.0370938061628125,0.8158569750357496,0.38049569951844175,0.2993268965435256,0.33868298802998453,0.35124602913861097,0.33868298802998453,0.27301235406121127,1.194355035429768,245.86,ST/MT Ratio (Expanding EWM),AVGO
2018-06-07,0.9676707179551305,1.0843260627017774,1.1205527278878105,0.20961348891178327,0.21661654633379404,0.2763335380389512,0.2996356572942278,0.2763335380389512,0.2444760776161812,1.2948305217603717,238.85,ST/MT Ratio (Expanding EWM),AVGO
2018-09-06,1.2831284487783097,1.2034563681493782,0.9379079462350096,0.5132893593172866,0.4000295993795468,0.23945876244555792,0.28817817257427586,0.23945876244555792,0.4071821215058569,1.1274104657392594,220.31,ST/MT Ratio (Expanding EWM),AVGO
2018-12-06,1.1730885955111992,1.1130499270296745,0.9488200049755309,0.36006413811549387,0.3069368669112225,0.3372657648942293,0.3753936350051293,0.3372657648942293,0.2719729351433258,1.4164711600194406,228.25,ST/MT Ratio (Expanding EWM),AVGO
2019-03-14,1.3222867824476467,1.2060366735233308,0.9120840422308928,0.41136838840763085,0.3111037589335641,0.2553553585361946,0.30796792717534965,0.2553553585361946,0.275550207476781,1.121572103138546,279.39,ST/MT Ratio (Expanding EWM),AVGO
2019-06-13,1.3277153756061277,1.216699924716274,0.9163861073468603,0.3978618575014169,0.29965899680854813,0.2658729975904591,0.3234876561524017,0.2658729975904591,0.19945486929796624,1.4020974111768327,302.0,ST/MT Ratio (Expanding EWM),AVGO
2019-09-12,0.9500685335096373,1.093483870425728,1.1509526227400688,0.2295059774334455,0.24156781257203636,0.3240629366854317,0.3543575942683134,0.3240629366854317,0.2685335177622757,1.4155178317775974,283.7,ST/MT Ratio (Expanding EWM),AVGO
2019-12-12,1.2188330072273108,1.3142379616870463,1.0782756570375212,0.25324090574811037,0.20777325872081612,0.22562189210272302,0.2965208555890574,0.22562189210272302,0.1994262887845658,1.0695081424898123,315.53,ST/MT Ratio (Expanding EWM),AVGO
2020-03-12,1.4471037942846476,1.165031542027451,0.8050780784548807,0.42177227477217316,0.2914595873758105,0.263935406206731,0.3074930732886695,0.263935406206731,0.21878445002212918,1.385543846079474,320.16,ST/MT Ratio (Expanding EWM),AVGO
2020-06-04,0.6123851749144993,1.0787501398011443,1.7615549559176682,0.19845003889664167,0.3240608150325473,0.437839191684729,0.4723190892403214,0.437839191684729,0.4481682802676544,1.1828446151038736,264.87,ST/MT Ratio (Expanding EWM),AVGO
2020-09-03,1.290643744368872,1.1976385494533466,0.9279389100816466,0.28675999516461215,0.2221836943120493,0.3164114593386175,0.37894656119271836,0.3164114593386175,0.19783931911183367,1.3080031256659799,328.39,ST/MT Ratio (Expanding EWM),AVGO
2020-12-10,1.050946555758947,1.1393926918529955,1.084158547938888,0.2059533443757228,0.19596937945811374,0.3145958405447996,0.35844820160409496,0.3145958405447996,0.2015617820606833,1.4542977580777317,363.13,ST/MT Ratio (Expanding EWM),AVGO
2021-03-04,1.5025120507591383,1.1259235324669774,0.7493607335116607,0.4709301085709603,0.3134285068349533,0.30122506096827256,0.3391563847129781,0.30122506096827256,0.1914781094043241,1.7676911766689598,476.88,ST/MT Ratio (Expanding EWM),AVGO
2021-06-03,0.9260811532635476,1.1333378108400805,1.22379967116937,0.2116245790644667,0.2285162356654091,0.2764536905774354,0.3133154204776916,0.2764536905774354,0.25498802364351525,1.2420084509407034,444.54,ST/MT Ratio (Expanding EWM),AVGO
2021-09-02,0.8569060768357967,1.1545966815424111,1.3474016730116607,0.11246900515439408,0.13125009635793,0.2313078200615509,0.2670672414578758,0.2313078200615509,0.15972836024107936,1.4067736711495669,486.79,ST/MT Ratio (Expanding EWM),AVGO
2021-12-09,1.537119072904412,1.1933649887587088,0.7763647005588356,0.39321851779440725,0.255815261631888,0.2413619358956866,0.2880328839169362,0.2413619358956866,0.125566486322813,1.1678090457814367,557.8,ST/MT Ratio (Expanding EWM),AVGO
2022-03-03,1.0373229367134222,1.1199001319316009,1.0796060631608226,0.2621341210400977,0.2527025208471956,0.319744579162571,0.35808199638857746,0.319744579162571,0.2877978000352025,1.5959175694267704,592.72,ST/MT Ratio (Expanding EWM),AVGO
2022-05-26,1.1991280392470915,0.9491943766115278,0.791570495847556,0.33311127918045413,0.27779458763186626,0.43014424659523565,0.4082905,0.43014424659523565,0.21578282266405854,1.4318440023435313,560.07,ST/MT Ratio (Expanding EWM),AVGO
2022-09-01,1.0989945575492968,1.1255362990492253,1.0241509307917913,0.23153140568234487,0.21067566176000763,0.2982198464936273,0.33565726232546533,0.2982198464936273,0.18077437193304943,1.1734679466860825,531.21,ST/MT Ratio (Expanding EWM),AVGO
2022-12-08,1.0714156566020547,1.084348376322173,1.0120706839035132,0.22664870163736384,0.21154133807990982,0.36381699563467595,0.394504368494872,0.36381699563467595,0.21146726304110955,1.2409077100166392,482.11,ST/MT Ratio (Expanding EWM),AVGO
2023-03-02,1.1445479867649617,1.0188357471059881,0.890164290957956,0.21486738157971158,0.187731212727069,0.2988613486623577,0.3044906254455164,0.2988613486623577,0.18604946098579234,1.246798614579991,585.01,ST/MT Ratio (Expanding EWM),AVGO
2023-06-01,1.3876612438226867,1.0941687266429265,0.7884984404614083,0.5144925642239336,0.37076236474445684,0.2714214991362457,0.29698091609342014,0.2714214991362457,0.17390558421958924,1.3803932238340038,612.34,ST/MT Ratio (Expanding EWM),AVGO
2023-08-31,,1.1843598638585655,,,,0.28662782671537684,0.3394704938267002,0.28662782671537684,0.30084823602367594,1.022780159584383,920.0,ST/MT Ratio (Expanding EWM),AVGO
2015-01-14,1.2125362618777151,1.0544929538701484,0.869658901777648,0.18017002241037575,0.14858938909700498,0.21404929145842838,0.22571346962381048,0.21404929145842838,0.1245936509754196,1.8400415122869795,59.16,ST/MT Ratio (Expanding EWM),JPM
2015-04-14,1.0066512596986439,1.1065061509830656,1.0991951187885214,0.12350241273848633,0.12268639367267928,0.1818789549263132,0.2012501823603373,0.1818789549263132,0.1368692993099575,1.2112263218877497,61.85,ST/MT Ratio (Expanding EWM),JPM
2015-07-14,1.0240453488291439,1.1271483375696472,1.1006820536398974,0.09910627471426414,0.09677918544093642,0.16050503253908505,0.18091298059799182,0.16050503253908505,0.09519715770695958,1.3005490110529376,67.99,ST/MT Ratio (Expanding EWM),JPM
2015-10-13,1.260242961229936,0.9995107778364246,0.7931095896468651,0.17981486364198215,0.14268269625286506,0.27853930414397216,0.27840303654295806,0.27853930414397216,0.09750915262949658,1.3552609294463136,62.38,ST/MT Ratio (Expanding EWM),JPM
2016-01-14,0.8896850440456388,0.9700382481661005,1.0903164604803,0.11303865556453084,0.12705468785955248,0.2480193,0.24058820728338254,0.2480193,0.132057452925821,1.50208743742206,66.1,ST/MT Ratio (Expanding EWM),JPM
2016-04-13,1.007153537955328,1.018774469512944,1.0115383912379519,0.20385642317752053,0.20240848638766587,0.23263635489403342,0.23700397904659387,0.23263635489403342,0.22254218577694662,1.6838821810202111,59.12,ST/MT Ratio (Expanding EWM),JPM
2016-07-14,0.8740035661581309,0.9667016658411124,1.1060614661911001,0.14237637651932802,0.1629013679488446,0.27012747341878673,0.26113267854339195,0.27012747341878673,0.1527103315056777,1.7903468245012668,62.08,ST/MT Ratio (Expanding EWM),JPM
2016-10-14,0.8407229606773686,0.9748965234321231,1.1595930752820776,0.08368937710967388,0.09954453610050751,0.2196176,0.21410443472450663,0.2196176,0.11156855778066317,1.5015665002489655,66.4,ST/MT Ratio (Expanding EWM),JPM
2017-01-13,1.0605212962960826,1.0931632149679353,1.0307791260636219,0.18445612079128562,0.17392967160160458,0.21652208333333336,0.2366939767282219,0.21652208333333336,0.1860138665218648,1.2756729426081292,84.73,ST/MT Ratio (Expanding EWM),JPM
2017-04-13,0.802499246469189,1.0796616847450895,1.345374079160013,0.08762099853945336,0.10918514743155894,0.1757754013292115,0.18977796593584073,0.1757754013292115,0.12815678372530384,0.8164653710285523,91.51,ST/MT Ratio (Expanding EWM),JPM
2017-07-14,0.9407258760670628,1.0234567419445892,1.0879436486039942,0.1376811425417889,0.1463562829986127,0.1730202142857143,0.17707870480341184,0.1730202142857143,0.14654316754887914,1.613120177009568,87.09,ST/MT Ratio (Expanding EWM),JPM
2017-10-12,1.1218691492901403,1.1344017310357715,1.0111711617647754,0.13389513712692597,0.1193500482758152,0.1538849159987012,0.1745673150892209,0.1538849159987012,0.1207622244938412,1.0384754755556573,90.89,ST/MT Ratio (Expanding EWM),JPM
2018-01-12,0.7988275519948981,1.1454041157573582,1.4338565475076073,0.10084481403202696,0.1262410313467393,0.154825,0.17733719222213298,0.154825,0.1581529799381719,1.272669342364241,105.51,ST/MT Ratio (Expanding EWM),JPM
2018-04-13,1.2868132084831805,1.057307645856476,0.8216481140279621,0.16706647705818775,0.1298296255873188,0.2079994,0.2199193559535595,0.2079994,0.0993875244855228,1.575427257824424,114.95,ST/MT Ratio (Expanding EWM),JPM
2018-07-13,1.2998228814133463,1.0986401873949263,0.8452229939207822,0.24176963831403714,0.18600198671002924,0.1678608,0.18441862076826226,0.1678608,0.14767638300906408,1.4480819633071242,109.97,ST/MT Ratio (Expanding EWM),JPM
2018-10-12,1.1360290137871771,1.0893941970383458,0.9589492731410398,0.16923319443213067,0.14896907770687862,0.17202789999999998,0.18740619598869282,0.17202789999999998,0.1321884312818852,1.3458805184898506,113.08,ST/MT Ratio (Expanding EWM),JPM
2019-01-15,0.8663944355919619,1.0350426256510221,1.1946552091413556,0.1161591800582069,0.13407193685268928,0.29893941672527113,0.3094150387979097,0.29893941672527113,0.1582766258216769,1.528862553610646,99.01,ST/MT Ratio (Expanding EWM),JPM
2019-04-12,1.3454319677627304,1.0718080248403665,0.7966274404960341,0.26193139169745094,0.19468200397602195,0.158478,0.16985799216065162,0.158478,0.10601925802163488,1.2251529975439868,104.39,ST/MT Ratio (Expanding EWM),JPM
2019-07-16,0.9449479874342015,1.0626068207368529,1.124513555102782,0.13273041982467124,0.14046320177375213,0.20230706304343454,0.21497286507319405,0.20230706304343454,0.1465887410889959,1.4572275200689617,109.22,ST/MT Ratio (Expanding EWM),JPM
2019-10-15,0.9332773633039134,1.044507660717023,1.1191824657777416,0.12540029106198564,0.13436551232535376,0.19133944707724806,0.19985551826954498,0.19133944707724806,0.1495857828679601,1.4048977980487762,119.16,ST/MT Ratio (Expanding EWM),JPM
2020-01-14,1.1409777528003984,1.2024302331310488,1.0538594904062086,0.13483894514182374,0.11817841742389551,0.13854073463646413,0.16658556784707032,0.13854073463646413,0.11312080111704916,1.7375080483669938,137.34,ST/MT Ratio (Expanding EWM),JPM
2020-04-14,1.3879622242449794,0.8092657759348799,0.5830603757066245,0.6858782492266456,0.4941620436390105,1.1556879534136573,0.9352587083578967,1.1556879534136573,0.37898625150718246,1.3661496502351371,88.36,ST/MT Ratio (Expanding EWM),JPM
2020-07-14,0.903775682700865,0.8767550122795377,0.9701024591184196,0.30352975617777067,0.33584634106407363,0.575253436265356,0.5043563335766784,0.575253436265356,0.40464914903913163,1.2028090388598291,101.25,ST/MT Ratio (Expanding EWM),JPM
2020-10-13,0.7471439326516688,1.1310145217903764,1.5137839877469428,0.17084680025143884,0.22866651629638612,0.30611112265114504,0.34621612500000004,0.30611112265114504,0.2807279235381961,1.135099391590672,102.47,ST/MT Ratio (Expanding EWM),JPM
2021-01-15,0.9151514331886976,1.112986448349618,1.2161773538086436,0.27104798475778613,0.2961782880166216,0.25760700000000003,0.28671310000000005,0.25760700000000003,0.3227764423519943,1.097291259055576,120.67,ST/MT Ratio (Expanding EWM),JPM
2021-04-14,0.7461008980760413,1.0480438743353824,1.4046945621402638,0.16174339002240085,0.2167848751281308,0.27300396139246247,0.28612012940666354,0.27300396139246247,0.2299415596597262,1.109014906190542,155.37,ST/MT Ratio (Expanding EWM),JPM
2021-07-13,1.0360846887452098,1.104822520427196,1.066343835044251,0.17944972729635514,0.17319986410925986,0.20483334249159774,0.22630448971909406,0.20483334249159774,0.16238773649869448,1.1704063785471628,157.57,ST/MT Ratio (Expanding EWM),JPM
2021-10-13,1.1126674532349257,1.041899922911054,0.9363983100987406,0.1955131771344205,0.17571573300359705,0.22387885424094894,0.23325936097505978,0.22387885424094894,0.15250327102567818,1.5768711976221832,159.86,ST/MT Ratio (Expanding EWM),JPM
2022-01-14,1.341485070776757,1.041240038170892,0.7761845888959354,0.35115976767853696,0.26176941907762397,0.23263800000000004,0.242232,0.23263800000000004,0.1834628095315337,1.350774434153498,157.94,ST/MT Ratio (Expanding EWM),JPM
2022-04-13,1.1395066929495765,0.943384246732932,0.8278882893535379,0.2730212767102355,0.23959602729803078,0.4003072232194941,0.3776435282386741,0.4003072232194941,0.25638602957027146,1.436325180411542,130.17,ST/MT Ratio (Expanding EWM),JPM
2022-07-14,1.1262913590753372,0.9640316168513603,0.8559344871852795,0.2344596847329411,0.20816965596311404,0.3738029103373291,0.36035782403623945,0.3738029103373291,0.21244532131067445,1.4146494803759306,114.06,ST/MT Ratio (Expanding EWM),JPM
2022-10-14,1.3107235979217202,1.046754220743288,0.7986079005543341,0.2919886346978773,0.2227690377749006,0.3062733,0.3205928694759753,0.3062733,0.1552977301170891,1.4154007408896419,116.12,ST/MT Ratio (Expanding EWM),JPM
2023-01-13,1.017473910385686,1.2149338004675982,1.1940687501334188,0.17051191898100165,0.16758357854735265,0.21619925,0.2626677764607444,0.21619925,0.18478684778864451,1.133738683443302,133.41,ST/MT Ratio (Expanding EWM),JPM
2023-04-14,1.2813479063058228,0.8941427419736918,0.6978141826848112,0.38378004147812406,0.2995127549586257,0.41720480000000004,0.37304064383658575,0.41720480000000004,0.25156864465014417,1.5641711908623,128.26,ST/MT Ratio (Expanding EWM),JPM
2023-07-14,0.9060754337142407,1.1468270408649999,1.2657081278143203,0.15349513459590128,0.16940657354176847,0.174885,0.2005628470416755,0.174885,0.17319152067986004,1.3760555660647333,141.49,ST/MT Ratio (Expanding EWM),JPM
2023-10-13,,1.1260558860451073,,,,0.1757231339294248,0.19787406927552148,0.1757231339294248,0.1396139018697757,1.351646481110859,160.0,ST/MT Ratio (Expanding EWM),JPM
2015-01-15,1.2333078029515188,1.0427555793488945,0.8454949987775965,0.21884585530613881,0.177446258575842,0.23765102786978803,0.2478119352492211,0.23765102786978803,0.12996234668904486,1.2562628236839757,16.72,ST/MT Ratio (Expanding EWM),BAC
2015-04-15,0.811570747245004,1.0725962013791621,1.3216299441795398,0.1366382637192328,0.1683627264573932,0.212136710242893,0.227537029579599,0.212136710242893,0.21335054733482745,1.265906552939285,16.13,ST/MT Ratio (Expanding EWM),BAC
2015-07-15,1.162905446981354,0.9876467736593106,0.8492924134313962,0.1874697115105804,0.1612080431794437,0.1857966885469713,0.18350149999999998,0.1857966885469713,0.1359488273864853,1.5548224684961924,17.47,ST/MT Ratio (Expanding EWM),BAC
2015-10-14,1.0784623534484357,1.0167405014969617,0.9427686541360342,0.1775317012259788,0.1646155757392111,0.29829394781393004,0.30328753809384373,0.29829394781393004,0.13873629841853583,1.2777848147875395,15.96,ST/MT Ratio (Expanding EWM),BAC
2016-01-19,0.9720075429523679,1.0909798672275264,1.1223985607290585,0.1714244500864256,0.1763612343642338,0.2451305546816533,0.2674325,0.2451305546816533,0.17888532177003683,1.2366027610069557,16.97,ST/MT Ratio (Expanding EWM),BAC
2016-04-14,0.8939103133923,1.0452726316766152,1.169326067746003,0.23148936960378183,0.25896263432211997,0.32333,0.337968,0.32333,0.29758010709769084,1.2629774447089084,13.57,ST/MT Ratio (Expanding EWM),BAC
2016-07-18,0.9187114423593086,0.9642378868865518,1.04955467236843,0.2320637936542136,0.25259704293903124,0.346484,0.33409300000000003,0.346484,0.21814827373475282,1.3344624151030273,13.4,ST/MT Ratio (Expanding EWM),BAC
2017-01-13,1.1065776897540534,1.0170300517002964,0.9190769533102915,0.2714423427372981,0.24529894760270157,0.3203095,0.3257643873450961,0.3203095,0.2595829675590808,1.0410547377609496,22.67,ST/MT Ratio (Expanding EWM),BAC
2017-04-18,0.8261583469552392,1.1090165427464405,1.3423777013615605,0.14355960665527126,0.17376766473927455,0.18930195529824423,0.20993900000000001,0.18930195529824423,0.166476890903039,1.35400824964132,24.44,ST/MT Ratio (Expanding EWM),BAC
2017-07-18,0.8448024885555026,1.061069320597847,1.2559969164060245,0.16313195575793496,0.19310070456452896,0.214415538724475,0.22750975,0.214415538724475,0.19656084217254313,1.2290687659600186,23.91,ST/MT Ratio (Expanding EWM),BAC
2017-10-13,0.9725127404594407,1.037122031685444,1.0664354188259582,0.1556964046585339,0.1600970333663483,0.21290675,0.22081028111954487,0.21290675,0.18171983244436749,1.4214560641278065,24.33,ST/MT Ratio (Expanding EWM),BAC
2018-01-17,0.800670078254162,1.113717612068126,1.3909819316547398,0.12004530706024218,0.14993105190342257,0.1932903197369615,0.21527083333333336,0.1932903197369615,0.18992199278013805,1.175146255271129,29.48,ST/MT Ratio (Expanding EWM),BAC
2018-04-16,1.4449920599094461,1.1698785348218768,0.8096089710660348,0.2526680535966156,0.17485774531691867,0.17037018151042385,0.19931241832275184,0.17037018151042385,0.10214910668017699,1.4727651537861983,32.17,ST/MT Ratio (Expanding EWM),BAC
2018-07-16,1.2727888707770902,1.0276028125851522,0.8073631347497234,0.2597556105427145,0.20408381665383588,0.22001456876868866,0.22608758967641385,0.22001456876868866,0.1711623874140505,1.0324774606638338,29.28,ST/MT Ratio (Expanding EWM),BAC
2018-10-15,1.0306721977808333,1.162297331902057,1.127708047626228,0.1649680267973486,0.16005867544748512,0.16560867254768485,0.19248651824201554,0.16560867254768485,0.14783352774966002,1.029697881409051,30.37,ST/MT Ratio (Expanding EWM),BAC
2019-01-16,1.3008230474837188,1.0321609699153411,0.7934676218352134,0.330456943434451,0.254036814671818,0.33825654944527755,0.34913520815565424,0.33825654944527755,0.203279921347523,1.36410393589728,24.47,ST/MT Ratio (Expanding EWM),BAC
2019-04-16,0.8961588327811217,1.1159633566466627,1.245274069534531,0.17202295675416646,0.19195587931696637,0.17849219583566306,0.19919075000000003,0.17849219583566306,0.17495153489901047,1.66983764799311,29.82,ST/MT Ratio (Expanding EWM),BAC
2019-07-17,0.8262546834035094,1.0394516745852695,1.2580281787977998,0.13390877665313886,0.16206719228693706,0.2508659659617647,0.26076304841540754,0.2508659659617647,0.17726626008932655,1.3554862233582678,27.93,ST/MT Ratio (Expanding EWM),BAC
2019-10-16,0.8355107727050792,1.0614529108182735,1.2704239675829385,0.13745249695883616,0.164513135496524,0.2347301033170593,0.2491549514225667,0.2347301033170593,0.1942994789133252,1.6391489806677617,30.13,ST/MT Ratio (Expanding EWM),BAC
2020-01-15,1.0121463841643048,1.2531414583290752,1.238102983852234,0.12740400541655303,0.12587507835810352,0.1562972196792972,0.1958625258016943,0.1562972196792972,0.12742585742897664,1.3075567982092857,34.7,ST/MT Ratio (Expanding EWM),BAC
2020-07-16,0.9643976220916254,0.8959481414654499,0.929023590417281,0.38337364362984405,0.3975265335042692,0.6173340763636138,0.5530993183812699,0.6173340763636138,0.4597458257793625,1.1245121790753654,25.8,ST/MT Ratio (Expanding EWM),BAC
2020-10-14,1.0895775849508722,1.0617972260697857,0.9745035514085588,0.2908066693208742,0.2668985424603667,0.34371256190266797,0.3649530447935923,0.34371256190266797,0.2838965014181998,1.2105544108383957,25.75,ST/MT Ratio (Expanding EWM),BAC
2021-01-19,0.917179669073752,1.086484861619587,1.1845932680963307,0.3071043509615974,0.33483554129774606,0.31195464564021835,0.33893399999999996,0.31195464564021835,0.34624558784428905,1.0231805617863707,29.74,ST/MT Ratio (Expanding EWM),BAC
2021-04-15,1.0212729655411819,1.0796796370378654,1.0571900691268503,0.2822820790285046,0.276402184874169,0.29038105994241453,0.31351851740129677,0.29038105994241453,0.27451355829138513,1.0991150492695396,37.64,ST/MT Ratio (Expanding EWM),BAC
2021-07-14,1.0163720398454752,1.0305746314136592,1.0139738117651715,0.2236573682396501,0.22005462514853716,0.24600272225450723,0.2535241648141956,0.24600272225450723,0.18201180125152833,1.1447720834406385,41.36,ST/MT Ratio (Expanding EWM),BAC
2021-10-14,1.0309219602508257,1.0489775531079852,1.0175140248761085,0.21628595615113633,0.20979857301566593,0.277220440464551,0.29079801931002264,0.277220440464551,0.20149589563116668,1.3235121840615218,39.84,ST/MT Ratio (Expanding EWM),BAC
2022-01-19,0.9632298042755029,0.9970307669741704,1.0350912757772182,0.22539868118617518,0.23400301795656095,0.2965132946428156,0.2956328775757646,0.2965132946428156,0.23047307881394966,1.3155591872877794,43.16,ST/MT Ratio (Expanding EWM),BAC
2022-04-18,0.9803862741462857,1.0437082190966231,1.0645887714059215,0.24712735561133906,0.2520714152455225,0.30611045707442364,0.31949,0.30611045707442364,0.28122497452104867,1.4036993590152969,42.9,ST/MT Ratio (Expanding EWM),BAC
2022-07-18,1.1478140027963242,1.0415737717583613,0.9074412485131401,0.277714833411552,0.24195107633726226,0.3678956886108091,0.38319050000000004,0.3678956886108091,0.2115652187583896,1.3055657922655142,31.92,ST/MT Ratio (Expanding EWM),BAC
2022-10-17,1.276560630695095,1.045811496843948,0.8192415398824398,0.30609754417320745,0.2397830050630149,0.3342366201317045,0.3495485,0.3342366201317045,0.1994585086168659,1.432863210452939,34.12,ST/MT Ratio (Expanding EWM),BAC
2023-01-13,0.9418990634446347,1.2139942345972938,1.2888793308250837,0.1823078028863142,0.1935534389636118,0.25603581231430417,0.31082600000000005,0.25603581231430417,0.20784520651627428,1.2029603106561095,32.28,ST/MT Ratio (Expanding EWM),BAC
2023-04-18,0.9833432178854847,0.992968368257956,1.0097881901226395,0.26823885464803854,0.272782533879515,0.453216481133013,0.4500296297382606,0.453216481133013,0.24610456598561573,1.442800960972694,27.75,ST/MT Ratio (Expanding EWM),BAC
2023-07-18,1.0487478871437685,1.104369222396778,1.0530359449919775,0.23809045361824277,0.22702353591068922,0.2271323710521506,0.250838,0.2271323710521506,0.21119026771163424,1.3732986499891437,29.19,ST/MT Ratio (Expanding EWM),BAC
2015-01-14,0.98399798212234,1.0741686408900446,1.091637036260196,0.08949466927160935,0.09095005365618983,0.1750955599284175,0.18808215963418956,0.1750955599284175,0.07919352973297615,1.8839563328200248,53.19,ST/MT Ratio (Expanding EWM),WFC
2015-04-14,0.8986739802518552,1.0729259608318247,1.193898993861083,0.09321398715881832,0.10372391902644706,0.15649062266204378,0.16790285168084385,0.15649062266204378,0.12219543145310804,1.0600051193047735,55.73,ST/MT Ratio (Expanding EWM),WFC
2015-07-14,0.9780229709003495,1.0768014273222344,1.1009980944833548,0.08030589424827955,0.08211043772760415,0.15826003459330176,0.17041463113813354,0.15826003459330176,0.09321602981915572,1.2925243207972474,56.98,ST/MT Ratio (Expanding EWM),WFC
2015-10-14,0.8872094404475128,0.9628109659389922,1.0852127153351137,0.1049095856891782,0.11824669678476515,0.26024881614238543,0.2505704140545293,0.26024881614238543,0.10113276289871194,1.299913574745883,52.77,ST/MT Ratio (Expanding EWM),WFC
2016-01-15,1.140880872675807,1.0789672579267227,0.9457317444512212,0.13731553681903688,0.12035922426938302,0.17001824999999998,0.18344412499999999,0.17001824999999998,0.11272472237701918,1.1029270466350103,55.85,ST/MT Ratio (Expanding EWM),WFC
2016-04-14,1.04280193126982,1.0994345419646978,1.0543081183460374,0.1706745346335811,0.1636691777370902,0.19969725,0.21955405458535976,0.19969725,0.16893879096158795,1.2924003870517855,49.98,ST/MT Ratio (Expanding EWM),WFC
2016-07-15,1.1138920839358206,0.9340571103171816,0.8385526064758347,0.14829174398141495,0.1331293633557765,0.26604649999999996,0.24850262500000003,0.26604649999999996,0.14199184705810308,1.7270510794418883,46.78,ST/MT Ratio (Expanding EWM),WFC
2016-10-14,0.834180271789395,0.9743197065227017,1.1679965823606622,0.12726700852804665,0.1525653540751413,0.2427445,0.23651074999999996,0.2427445,0.14464725581770763,2.0848306877220364,46.52,ST/MT Ratio (Expanding EWM),WFC
2017-01-13,0.8725563995500893,1.0237999920808565,1.1733338871948586,0.18733585549110432,0.21469770388217782,0.25814637500000004,0.26429025668070183,0.25814637500000004,0.2729982279198334,1.2169305982029017,54.7,ST/MT Ratio (Expanding EWM),WFC
2017-07-14,0.9141072758111134,1.012603134170025,1.1077508745037759,0.14218039174680322,0.15554015979212343,0.18073460000000002,0.1830124224129658,0.18073460000000002,0.14865404205176105,1.344900174324902,54.53,ST/MT Ratio (Expanding EWM),WFC
2018-01-12,0.9509425205766938,1.1066570649926997,1.1637475883627264,0.1515717562072449,0.15939108087765919,0.17919049999999997,0.19830243280457432,0.17919049999999997,0.18277406888055014,1.2644732442942863,59.4,ST/MT Ratio (Expanding EWM),WFC
2018-04-13,1.0201007582066735,1.067953995943929,1.0469103050382798,0.16828967735264477,0.16497358324534164,0.1943042,0.20750794681868837,0.1943042,0.1741464942532568,1.5212324393358876,56.63,ST/MT Ratio (Expanding EWM),WFC
2018-07-13,1.163040167361935,1.0864764723167755,0.9341693458285064,0.22465645158172562,0.19316310638806433,0.18103000000000002,0.19668483578350587,0.18103000000000002,0.17172398179788123,1.2275529522877036,55.16,ST/MT Ratio (Expanding EWM),WFC
2018-10-12,1.1543449014449556,1.0548833610968757,0.9138372420378186,0.2059331528844153,0.17839828687824383,0.1932155,0.2038198160560134,0.1932155,0.15472286285924033,1.3010226930001738,55.94,ST/MT Ratio (Expanding EWM),WFC
2019-01-15,1.1217764349704096,1.0768993639281708,0.9599946391783292,0.2259715870228305,0.2014408397059894,0.31772657322968134,0.3421595446141212,0.31772657322968134,0.18691626803803446,1.5663240813094166,46.61,ST/MT Ratio (Expanding EWM),WFC
2019-04-12,1.1957614484453918,1.0999835210878244,0.9199021447947764,0.22200842342033772,0.18566280398901525,0.16886174999999998,0.1857451423420519,0.16886174999999998,0.15331786030020356,1.5172611078690512,49.92,ST/MT Ratio (Expanding EWM),WFC
2019-07-16,1.1509212792517258,1.058727819019142,0.919895946061121,0.1988355435502997,0.17276207081649675,0.22111679288386182,0.2341024998784384,0.22111679288386182,0.1548779943099261,1.1108887983469629,45.27,ST/MT Ratio (Expanding EWM),WFC
2019-10-15,0.8499485313187873,1.0905895014801077,1.2831241672809761,0.14132773321752556,0.16627798979573535,0.2075382164350758,0.226339,0.2075382164350758,0.1717045893218533,1.7169742708411166,48.98,ST/MT Ratio (Expanding EWM),WFC
2020-01-14,1.368344400901067,1.213376044419482,0.8867475495353824,0.26210680682195897,0.19155031923933719,0.14201179089086752,0.17231370509208746,0.14201179089086752,0.1359616006605041,1.5864441264203322,54.22,ST/MT Ratio (Expanding EWM),WFC
2020-04-14,1.3451566657781227,0.781883248094289,0.5812581299903821,0.691473173871984,0.5140465727625806,1.3303825550280788,1.0402038333333334,1.3303825550280788,0.34969067150503697,1.716102918619586,26.5,ST/MT Ratio (Expanding EWM),WFC
2020-07-14,0.9646849197030557,0.8742977316797464,0.9063039276584403,0.4852939784620363,0.5030595674818023,0.7346207438580716,0.64227725,0.7346207438580716,0.5997260789702039,1.0947201796097523,28.21,ST/MT Ratio (Expanding EWM),WFC
2020-10-14,0.9599093272251101,1.1076734921171891,1.1539355444323405,0.31194475186023024,0.3249731438301521,0.36495796596444235,0.4042542646358201,0.36495796596444235,0.3520784570118298,1.1235837627970249,24.81,ST/MT Ratio (Expanding EWM),WFC
2021-01-15,1.1483396588376509,1.1179737382817967,0.9735566734788289,0.4704490715120658,0.4096776314320226,0.35540325000000006,0.39733150000000006,0.35540325000000006,0.3718245065343038,0.9571095750066582,29.65,ST/MT Ratio (Expanding EWM),WFC
2021-04-14,1.0691546189629595,1.113357080481121,1.0413433760974968,0.3872664964577891,0.36221748434611195,0.36595469834042094,0.40743825453264043,0.36595469834042094,0.3656493632399752,1.06606459392859,39.7,ST/MT Ratio (Expanding EWM),WFC
2021-07-14,1.0582668008826186,1.08341476200347,1.0237633469176934,0.30792837553339886,0.29097423757088436,0.27727347297440663,0.3004021737324423,0.27727347297440663,0.23086555484338728,1.1019188269115936,45.15,ST/MT Ratio (Expanding EWM),WFC
2021-10-14,1.236482796235722,1.0689915379017438,0.8645421846192449,0.3881762093199152,0.31393579474106453,0.3106586799104524,0.33209150000000004,0.3106586799104524,0.3297835068393953,1.4774094755407272,46.05,ST/MT Ratio (Expanding EWM),WFC
2022-04-14,0.9879559291389921,0.9616381469286651,0.9733613803671758,0.30290130155600964,0.306593940703397,0.4467678423242399,0.4296290000000001,0.4467678423242399,0.33122129164760145,1.303692943792916,50.11,ST/MT Ratio (Expanding EWM),WFC
2022-07-15,1.0197903402538846,0.9970658071832157,0.9777164656560569,0.26950034851548077,0.26427034840160046,0.42582996723102073,0.42458049999999997,0.42582996723102073,0.24579208925766388,1.328479222531987,38.17,ST/MT Ratio (Expanding EWM),WFC
2022-10-14,1.2733878460731984,1.0508170535418688,0.8252136666627683,0.2858341891740995,0.22446750222686576,0.351703817708063,0.3695763694434134,0.351703817708063,0.18458018296423467,1.35848544898129,43.28,ST/MT Ratio (Expanding EWM),WFC
2023-01-13,0.9150644291428447,1.2284468665318908,1.342470352259891,0.18412166772868901,0.20121169817644283,0.25465076163959166,0.3128249301961158,0.25465076163959166,0.21201281303411157,1.2812801593972791,42.18,ST/MT Ratio (Expanding EWM),WFC
2023-07-14,0.8064792224005488,1.056211005389617,1.3096568095650647,0.18557464379693228,0.23010468049574143,0.2775463411232524,0.2931475,0.2775463411232524,0.26982764841319673,1.2923533324183654,42.08,ST/MT Ratio (Expanding EWM),WFC
2023-10-13,,1.0720590600662638,,,,0.22601390075004213,0.24230025,0.22601390075004213,0.17989344884886213,1.3381189369543511,160.0,ST/MT Ratio (Expanding EWM),WFC
2015-01-16,1.2568004646944477,1.0981419475898828,0.8737599789612285,0.16529965946911937,0.1315241871026097,0.21511249999999998,0.23622405970092863,0.21511249999999998,0.11565661177294785,1.4159700930097119,185.03,ST/MT Ratio (Expanding EWM),GS
2015-04-16,0.9479120075896648,1.045270804746652,1.1027086864365707,0.11661212133280108,0.12301998539856086,0.181028115571175,0.189223404044852,0.181028115571175,0.12490206276762256,1.59773714855778,190.57,ST/MT Ratio (Expanding EWM),GS
2015-07-16,1.0406529071443642,1.0911303549658804,1.048505555959124,0.09784915377307843,0.09402669526152041,0.16917591511508429,0.18459297631119959,0.16917591511508429,0.09158835430184015,1.2137720374245378,213.56,ST/MT Ratio (Expanding EWM),GS
2015-10-15,1.0463414762101109,0.9690599079732456,0.9261411594647073,0.13356227187009728,0.12764692493493135,0.2679777468916772,0.2596864907417264,0.2679777468916772,0.10354578185434633,1.3190774567557852,187.45,ST/MT Ratio (Expanding EWM),GS
2016-01-20,1.1844291410634133,0.997832961648473,0.8424589762732373,0.19710938252245616,0.16641720107079255,0.2621801544497017,0.26161199999999996,0.2621801544497017,0.16516451246113062,1.2270348072168196,177.75,ST/MT Ratio (Expanding EWM),GS
2016-04-19,1.0469665218584285,1.0803712956055593,1.031906248241668,0.21516853747881676,0.20551615833606568,0.2228259404699064,0.24073475000000003,0.2228259404699064,0.20920117989975132,1.4927352919049053,156.29,ST/MT Ratio (Expanding EWM),GS
2016-07-19,0.9328377774474871,0.9698049704980443,1.0396287478319222,0.1756103086802282,0.18825385605710415,0.2873341463595801,0.2786580833333333,0.2873341463595801,0.174752800175343,1.8394595782073815,147.75,ST/MT Ratio (Expanding EWM),GS
2016-10-18,0.9987854903168608,1.0627593248164666,1.0640516258193842,0.14394567399042188,0.1441207099882435,0.20627388994009363,0.21921950000000004,0.20627388994009363,0.1245699216197737,1.8830468818332895,166.21,ST/MT Ratio (Expanding EWM),GS
2017-01-18,0.8577827144413505,1.1007584526298773,1.2832602407321416,0.17442294440500528,0.20334164056756726,0.2268232639081559,0.249677625,0.2268232639081559,0.2349084401234971,1.2830411765917564,239.07,ST/MT Ratio (Expanding EWM),GS
2017-04-18,1.2751880112667646,1.05691980310114,0.828834488532559,0.22510734967250734,0.17652875315922,0.19537539593270326,0.206496125,0.19537539593270326,0.14615228819471054,1.4111990457183492,242.14,ST/MT Ratio (Expanding EWM),GS
2017-07-18,0.9496296095247526,1.1330975644103147,1.1931994885641568,0.177055817208839,0.186447237357571,0.17433361980863665,0.197537,0.17433361980863665,0.19464007714667841,1.5829977077222646,226.13,ST/MT Ratio (Expanding EWM),GS
2017-10-17,1.3087600232564531,1.1287407024894138,0.8624504740608475,0.2343488829290656,0.17906176744760233,0.18004637045377803,0.20322566666666667,0.18004637045377803,0.15931127496753,1.5116241012161071,227.53,ST/MT Ratio (Expanding EWM),GS
2018-01-17,1.2288946640822234,1.1055177772809437,0.8996033668244289,0.21510458323635484,0.17503907334238578,0.18594345945805663,0.20556380000000002,0.18594345945805663,0.15246608178199567,1.1225776957869098,260.02,ST/MT Ratio (Expanding EWM),GS
2018-04-17,1.099811876949747,1.0404852808823315,0.9460575055509005,0.17091509694318668,0.15540393818732712,0.238434992362046,0.2480881,0.238434992362046,0.1568511457657421,1.3309522056116063,262.53,ST/MT Ratio (Expanding EWM),GS
2018-07-17,1.13024789298564,1.0781985577345292,0.9539487438338695,0.1528169898591764,0.13520661335231346,0.19410281482822073,0.209281375,0.19410281482822073,0.11815705678682509,1.0387985666957662,231.39,ST/MT Ratio (Expanding EWM),GS
2018-10-16,1.1360536118947915,1.0956778777104004,0.9644596577470939,0.18572080830288995,0.16347891187382566,0.1858893719408827,0.2036748725371056,0.1858893719408827,0.135733437474219,1.1686343278666929,227.89,ST/MT Ratio (Expanding EWM),GS
2019-01-16,1.3839126053357256,1.0223236275283656,0.7387197887979049,0.45386601682584987,0.32795858284399815,0.3596689694465436,0.3676980855539793,0.3596689694465436,0.19779902706702016,1.346813764980563,168.01,ST/MT Ratio (Expanding EWM),GS
2019-04-15,1.2736402745449025,1.1258632996837232,0.8839727528921124,0.2901871044908421,0.2278407100423484,0.2014185274556152,0.22676972793861552,0.2014185274556152,0.20407566136402308,1.292621114533744,198.26,ST/MT Ratio (Expanding EWM),GS
2019-07-16,1.031019972164647,1.06801515847711,1.0358821238300466,0.17632200566030193,0.1710170611827338,0.2417150439329116,0.2581553309523102,0.2417150439329116,0.16996238512876508,1.4080024913098734,190.83,ST/MT Ratio (Expanding EWM),GS
2019-10-15,0.9052665684886634,1.0841973193684302,1.1976553173486684,0.13213057803292033,0.14595764676642314,0.2260145176528728,0.24504433417759347,0.2260145176528728,0.158091408771433,1.7576190281914241,217.22,ST/MT Ratio (Expanding EWM),GS
2020-01-15,1.0044681164641915,1.2186371182092857,1.21321632636682,0.1288618018272342,0.12828859345066929,0.16687496341579208,0.20336002451830085,0.16687496341579208,0.14524519927478427,1.5513014813567454,228.04,ST/MT Ratio (Expanding EWM),GS
2020-04-15,0.9763667594767531,0.8122008078538601,0.8318603639160436,0.38377892173892525,0.39306840182125524,1.126751812343496,0.9151487322361884,1.126751812343496,0.3154489763781793,1.3439677251890265,154.66,ST/MT Ratio (Expanding EWM),GS
2020-07-15,0.8820876047707934,0.9081607082168472,1.0295584058828589,0.3131684606517028,0.35503101841350354,0.5231614531069289,0.47511467576534344,0.5231614531069289,0.3836878243380583,1.177708594376331,206.31,ST/MT Ratio (Expanding EWM),GS
2020-10-14,0.8862108066084066,1.0665883993177185,1.203538019807759,0.21432846215780202,0.2418481703896759,0.3096594520884574,0.33027917933662954,0.3096594520884574,0.23827751706171274,1.2153535451551667,201.34,ST/MT Ratio (Expanding EWM),GS
2021-01-19,1.0767627616447422,1.0637233307032967,0.9878901542606026,0.3229713598628747,0.29994662832650326,0.3089358299424781,0.32862225000000006,0.3089358299424781,0.21998996828058692,0.9718359857274487,256.98,ST/MT Ratio (Expanding EWM),GS
2021-04-14,0.8869541940525231,1.0250763871845663,1.1557264107416396,0.2282627111761809,0.2573556928946252,0.3105086130523154,0.31829504725735797,0.3105086130523154,0.27767693287241085,1.1057986356151495,346.05,ST/MT Ratio (Expanding EWM),GS
2021-07-13,1.025859145580379,1.0231367465826773,0.997346225347378,0.21680481310084146,0.2113397477956726,0.24993087345565676,0.25571346073798745,0.24993087345565676,0.20362133083139805,1.2870929493238021,372.92,ST/MT Ratio (Expanding EWM),GS
2021-10-15,1.1846344732385685,1.0816082891692747,0.9130312460115738,0.22621812673043745,0.19096027664297116,0.24574931854872353,0.26580449999999994,0.24574931854872353,0.168540428046316,1.4916626611488217,401.95,ST/MT Ratio (Expanding EWM),GS
2022-01-18,1.2467770630124595,1.0201012865868107,0.8181906106951026,0.34204884247786976,0.2743464350005062,0.30839988536725205,0.31459911984635874,0.30839988536725205,0.23715023037992108,1.3528608616952125,371.61,ST/MT Ratio (Expanding EWM),GS
2022-04-14,1.0381293780638832,0.9697769120815161,0.9341580467457294,0.20551435320969322,0.19796603154895645,0.3869051345647293,0.3752116666666666,0.3869051345647293,0.1981213937172942,1.4183670944881672,329.16,ST/MT Ratio (Expanding EWM),GS
2022-07-18,1.1860280723615606,1.0331513281853995,0.8711019176200775,0.26912865791939095,0.22691592567747174,0.3651036620122733,0.37720733333333334,0.3651036620122733,0.19485146341471946,1.37066268614026,279.79,ST/MT Ratio (Expanding EWM),GS
2022-10-18,1.0367655110836655,1.0614308130000463,1.0237906273431103,0.17784071944735613,0.17153417773462626,0.3052938404463406,0.32404828926886575,0.3052938404463406,0.15115326841084467,1.5754717319880072,328.66,ST/MT Ratio (Expanding EWM),GS
2023-01-17,1.5575400344854573,1.2549947769786554,0.805754426333735,0.41111336635964746,0.26395043289879944,0.2337844612764413,0.29339827784070255,0.2337844612764413,0.16508928034004636,1.4262970164323283,344.61,ST/MT Ratio (Expanding EWM),GS
2023-04-18,0.8318890331742127,1.0072444455809046,1.2107918308979189,0.16743336513176268,0.20126886935014937,0.3695115587416969,0.3721884651205164,0.3695115587416969,0.24215630883803765,1.575737797615467,309.53,ST/MT Ratio (Expanding EWM),GS
2023-07-19,1.0900325232755472,1.104853642918447,1.0135969517665053,0.23239237115041178,0.2131976488665428,0.2182571132495838,0.2411421666666667,0.2182571132495838,0.17549873923508577,1.6263356518078715,330.72,ST/MT Ratio (Expanding EWM),GS
2015-01-20,0.8612068586322762,1.1459519369566065,1.3306349403400566,0.11623710707110498,0.13497002015950813,0.19410674464301114,0.222437,0.19410674464301114,0.13934436508085468,1.0229152245142832,38.57,ST/MT Ratio (Expanding EWM),MS
2015-04-20,0.7666278931567325,1.073083875479894,1.3997454111163006,0.11940540218503276,0.15575405389094163,0.20223380323954876,0.2170138333333333,0.20223380323954876,0.19539267985503903,1.7274116345331554,36.5,ST/MT Ratio (Expanding EWM),MS
2015-07-20,1.0719601713479538,1.1756362188135414,1.096716324203742,0.12333539699329159,0.11505595104172713,0.15814897813739004,0.18592566666666666,0.15814897813739004,0.11285487055293189,1.8505537451924978,39.37,ST/MT Ratio (Expanding EWM),MS
2015-10-19,1.4242369132502515,1.0385335080102631,0.7291859228955283,0.27707224343608605,0.19454083857704502,0.2904719308588281,0.3016648333333333,0.2904719308588281,0.13917173763135468,1.699227262219224,33.03,ST/MT Ratio (Expanding EWM),MS
2016-01-19,1.1512639610672515,1.0559500670695938,0.9172093479680374,0.24764334520720258,0.21510561746207255,0.27705902875871347,0.2925605,0.27705902875871347,0.2124959013292168,1.1799406325227972,31.68,ST/MT Ratio (Expanding EWM),MS
2016-04-18,1.0466272462478632,1.059576119295578,1.0123720007234058,0.30666732491617965,0.29300529487988736,0.2877499732654389,0.304893,0.2877499732654389,0.3062229313228139,1.2587506918689242,26.28,ST/MT Ratio (Expanding EWM),MS
2016-07-20,0.8010944523392408,0.986705081949257,1.2316963113001502,0.21023986370832043,0.26244079346000737,0.32156999675442777,0.31729474999999996,0.32156999675442777,0.21613024334822137,1.5437902251396087,25.9,ST/MT Ratio (Expanding EWM),MS
2016-10-19,0.9582645213578366,1.0483204226590894,1.093978123257288,0.1565743450092919,0.1633936575126772,0.2575805966987367,0.2700270000000001,0.2575805966987367,0.17453027381636516,2.458281855215707,31.6,ST/MT Ratio (Expanding EWM),MS
2017-01-17,1.0541216589158893,1.1291684298910494,1.0711936524028374,0.22459165451866323,0.21306046851332544,0.24221563653386022,0.27350225000000006,0.24221563653386022,0.22438513577562444,1.0757001386082399,42.83,ST/MT Ratio (Expanding EWM),MS
2017-04-19,1.1662538497050154,1.0822412641748986,0.9279637228624228,0.24480937632357935,0.20991088379729664,0.20911880510538863,0.22631700000000002,0.20911880510538863,0.19909028954378305,1.3636470012091373,44.59,ST/MT Ratio (Expanding EWM),MS
2017-07-19,1.0007155493432784,1.078101057832825,1.077330174933657,0.18736293783280997,0.1872289662689535,0.2169695719158379,0.23391512500000006,0.2169695719158379,0.1798428457313283,0.7336531050341748,45.72,ST/MT Ratio (Expanding EWM),MS
2017-10-17,1.0609218640579687,1.0854765105160273,1.0231446323145217,0.1617961577128378,0.1525052533972448,0.19704963481735505,0.21389275000000002,0.19704963481735505,0.16886911828015813,1.4624348533431704,47.32,ST/MT Ratio (Expanding EWM),MS
2018-01-18,1.2297479382071594,1.1376554408610253,0.9251127044129099,0.1819339007796836,0.14794405839372557,0.19235415411398923,0.21883275000000002,0.19235415411398923,0.14081962976484144,1.2550353783066657,52.93,ST/MT Ratio (Expanding EWM),MS
2018-04-18,1.275119536230204,1.0462409555075418,0.8205042160993591,0.23822272983304352,0.18682384126693824,0.22909636517117993,0.23969000000000001,0.22909636517117993,0.14001780118004395,1.1796061544099843,56.95,ST/MT Ratio (Expanding EWM),MS
2018-07-18,0.9931498620664185,1.0046355048248585,1.011564863669761,0.1920276891118781,0.19335217820232242,0.2264169576288481,0.2274665145283664,0.2264169576288481,0.19137071571307843,1.103043957049504,50.77,ST/MT Ratio (Expanding EWM),MS
2018-10-16,1.2696358552791422,1.0901035750068007,0.8585954551253048,0.258526861091252,0.20362284194818384,0.21013011768026807,0.22906359249985994,0.21013011768026807,0.15055524836437212,1.273441093764375,47.68,ST/MT Ratio (Expanding EWM),MS
2019-01-17,1.3853697394807318,1.0222663357443948,0.7379014472537588,0.3409713728584538,0.2461230118872509,0.3730937997711747,0.3814012315810317,0.3730937997711747,0.18510689030993108,1.3191517854702677,39.89,ST/MT Ratio (Expanding EWM),MS
2019-04-17,1.2205734933053447,1.0961192722279816,0.8980362741285346,0.2559319190085826,0.20968169504935938,0.2085179102228774,0.2285605,0.2085179102228774,0.17416078317109504,1.1856272618967338,44.03,ST/MT Ratio (Expanding EWM),MS
2019-07-18,0.8919358208035018,0.9982702723773809,1.1192176041075328,0.13737757941524845,0.15402182108965154,0.2579810642256953,0.2575348272527914,0.2579810642256953,0.17555853507125263,1.347247576990675,43.34,ST/MT Ratio (Expanding EWM),MS
2019-10-17,0.962732888802134,1.0645434397926192,1.1057516079222778,0.1552609026753647,0.16127100723498264,0.24830904493217104,0.2643357648237134,0.24830904493217104,0.16263765033458383,1.3299681827481356,44.21,ST/MT Ratio (Expanding EWM),MS
2020-01-16,1.5238094980563617,1.2643126739128163,0.829705206277729,0.31794644276700784,0.20865235659218068,0.16517968391652366,0.20883876784857386,0.16517968391652366,0.1363313805435135,1.5685833881849598,50.9,ST/MT Ratio (Expanding EWM),MS
2020-04-16,0.8141151128205998,0.8473386279590587,1.0408093580566906,0.35343389259393804,0.43413257784814213,1.1099393059224623,0.9404944485981691,1.1099393059224623,0.4295595873764935,1.026242835689774,33.79,ST/MT Ratio (Expanding EWM),MS
2020-07-16,0.8598423915060498,0.9330427078718248,1.0851322487573118,0.2881868685605983,0.3351624337290779,0.5403072805862218,0.5041297681610302,0.5403072805862218,0.4118628814488775,1.4352174196218663,48.56,ST/MT Ratio (Expanding EWM),MS
2020-10-15,0.8339076578266037,1.0657346211626197,1.2780007608279098,0.18428170740589972,0.22098574785389227,0.3170171825595159,0.33785618695710673,0.3170171825595159,0.22351941230138314,1.1363257648587393,50.39,ST/MT Ratio (Expanding EWM),MS
2021-01-20,0.9243992552970552,1.0267165651870724,1.1106851929009156,0.26713212508922546,0.2889791651805071,0.32692745467895923,0.3356618333333333,0.32692745467895923,0.31258553734226335,1.0739389790474,67.83,ST/MT Ratio (Expanding EWM),MS
2021-04-16,1.1427721267549458,1.0742609015854856,0.9400482182182663,0.311872039218058,0.2729083357183906,0.29600816666666663,0.31799,0.29600816666666663,0.25364149169254724,1.1732594169863766,83.86,ST/MT Ratio (Expanding EWM),MS
2021-07-15,0.9935635452252916,1.037639280948062,1.0443612649986833,0.2206227425801141,0.22205197004293034,0.2559684764020616,0.2656029457992062,0.2559684764020616,0.1861691796059375,1.228888888888889,90.7,ST/MT Ratio (Expanding EWM),MS
2021-10-14,0.9408900263453701,1.0421590811118018,1.1076311279010829,0.1691511504473894,0.1797778121896039,0.2920753765621944,0.30438900605344,0.2920753765621944,0.1705397891120761,1.4755054339481002,101.91,ST/MT Ratio (Expanding EWM),MS
2022-01-19,1.3360467834650498,1.0081661747556698,0.7545889763987017,0.4159891566032426,0.3113582261875373,0.32159008913245296,0.32421625000000004,0.32159008913245296,0.23892145770638898,1.2420882219300013,95.37,ST/MT Ratio (Expanding EWM),MS
2022-04-14,0.8980019247238197,0.9601923905693579,1.069254267873273,0.22332253719865777,0.2486882611831156,0.4086471407749165,0.392379875,0.4086471407749165,0.2629193402069765,1.2812283266290374,86.33,ST/MT Ratio (Expanding EWM),MS
2022-07-14,1.0653650382553053,0.9660008568674162,0.9067322675140412,0.20249960253656452,0.1900753218522995,0.42550224216035115,0.411035530525906,0.42550224216035115,0.16802919989605392,1.3438456031529378,74.96,ST/MT Ratio (Expanding EWM),MS
2022-10-14,1.2403457454139462,1.027750555702042,0.828600057284065,0.2125695446820104,0.1713792670051596,0.3224741666666666,0.33142300399121954,0.3224741666666666,0.13039259837438388,1.4864017501628584,87.18,ST/MT Ratio (Expanding EWM),MS
2023-01-17,1.4148348876596917,1.1070010930962144,0.7824242268490624,0.31221289057468793,0.22067090181181911,0.26914664028620267,0.297945625,0.26914664028620267,0.15978512698653638,1.354163245509851,85.55,ST/MT Ratio (Expanding EWM),MS
2023-04-19,0.9179179021585743,1.0167226008558983,1.1076400171137037,0.19130316152363752,0.20840988183558606,0.37126129554141724,0.37746975000000005,0.37126129554141724,0.21164504673588216,1.5749727430475577,85.64,ST/MT Ratio (Expanding EWM),MS
2023-07-18,1.2553192722541022,1.1668077939799943,0.9294908632166755,0.284849926825751,0.22691432619708204,0.20428157364328295,0.23835733229348074,0.20428157364328295,0.17251295396178143,1.5332694628430352,88.09,ST/MT Ratio (Expanding EWM),MS
2015-01-15,1.0807247562412976,0.9779463906429396,0.9048986663766123,0.16464629094060657,0.15234803310441178,0.253356423594045,0.247769,0.253356423594045,0.1379193286725733,1.5373776649111912,51.17,ST/MT Ratio (Expanding EWM),C
2015-04-16,0.9509444437552115,1.0650799037369099,1.1200232681637905,0.13802160467494404,0.14514160693752687,0.21048526426368155,0.224183625,0.21048526426368155,0.1659923860495153,1.2496264663183885,53.84,ST/MT Ratio (Expanding EWM),C
2015-07-16,1.203512162261131,1.0926843965355246,0.9079130488242133,0.16920189894550575,0.1405901030759948,0.18503101914990858,0.20218050750017094,0.18503101914990858,0.1061028778349442,1.1804878212170744,57.07,ST/MT Ratio (Expanding EWM),C
2015-10-15,1.1231862921973117,0.9892886449916919,0.8807876768655419,0.17695737726113436,0.15754944526161294,0.2726917839387485,0.2697708854331317,0.2726917839387485,0.1286647562651578,1.3279447119196686,52.0,ST/MT Ratio (Expanding EWM),C
2016-01-15,1.0987328692650367,1.0983076626088788,0.9996130026978784,0.2175001081780628,0.1979554032305894,0.21368375,0.2346905,0.21368375,0.15893508575472406,1.1530251578871031,53.9,ST/MT Ratio (Expanding EWM),C
2016-04-15,0.9514799256611257,1.081627910792532,1.136784793479457,0.2554768565626132,0.26850472581972534,0.281876625,0.304885625,0.281876625,0.29674369729118966,1.2993873660309456,42.23,ST/MT Ratio (Expanding EWM),C
2016-07-15,0.8336679802668127,0.9297820382999435,1.1152905716762325,0.21861784671840112,0.262236108250713,0.357494,0.3323915,0.357494,0.22998772421047484,1.3909183123186357,42.01,ST/MT Ratio (Expanding EWM),C
2016-10-14,0.7652508489001109,0.9741344939094864,1.2729610105099556,0.11585811515503662,0.15139887178375377,0.2842155,0.27686412225373164,0.2842155,0.16624380808046965,1.4067460470571893,46.75,ST/MT Ratio (Expanding EWM),C
2017-01-18,0.8009437716995483,1.151780239027402,1.4380288351370814,0.14069977846663895,0.17566748558152037,0.22086913056853352,0.25439269999999997,0.22086913056853352,0.18711786318241397,1.2117732552303944,59.66,ST/MT Ratio (Expanding EWM),C
2017-04-13,0.8083389035484705,1.0773741667208736,1.332824836205933,0.1076742433177137,0.13320433155578937,0.20346748153483793,0.21921060837339076,0.20346748153483793,0.1473131804827589,0.8620384867922624,61.44,ST/MT Ratio (Expanding EWM),C
2017-07-14,0.905620383706398,1.0128938374725067,1.1184530027107769,0.1400317996155095,0.15462527360791803,0.19114974999999998,0.19361440380941025,0.19114974999999998,0.1492535894833078,1.3701144887485195,64.72,ST/MT Ratio (Expanding EWM),C
2017-10-12,1.1637336786903796,1.1236982068591082,0.9655973934892683,0.18529753783962946,0.15922675542754428,0.17357930670695645,0.19505075569445413,0.17357930670695645,0.14483916765338054,1.609849593587463,68.79,ST/MT Ratio (Expanding EWM),C
2018-01-16,0.8931557510608548,1.1439856145590808,1.2808355241516391,0.12105688446846072,0.13553838098749763,0.17928947770237963,0.20510458333333337,0.17928947770237963,0.15235762479463844,1.4966123040395056,75.67,ST/MT Ratio (Expanding EWM),C
2018-04-13,1.2725832788758946,1.1277484237568671,0.8861883088335375,0.21263322510869134,0.16708786657680721,0.20319379999999998,0.22915148766716809,0.20319379999999998,0.10930926789305481,1.0631520767364124,73.47,ST/MT Ratio (Expanding EWM),C
2018-07-13,1.2606402113940816,1.0622434122603412,0.8426221872501253,0.2522657528584118,0.2001092386061866,0.1885899166666667,0.20032839659789342,0.1885899166666667,0.17877070260984906,1.1734500850111451,67.29,ST/MT Ratio (Expanding EWM),C
2018-10-12,0.8869368858849886,1.1204972354848175,1.263333674939882,0.13116959390066887,0.14789056131067027,0.1844219,0.20664422911285746,0.1844219,0.14854894850353456,1.3498125085002621,70.51,ST/MT Ratio (Expanding EWM),C
2019-01-14,1.163554248228105,1.0544019141677337,0.906190592981297,0.26787215322016605,0.23021887774299288,0.32937447923393276,0.3472930813822591,0.32937447923393276,0.1833218760690757,1.3030234773207023,55.02,ST/MT Ratio (Expanding EWM),C
2019-04-15,1.1278571088797118,1.120151041717068,0.9931675146594605,0.21137060578052796,0.18740902913710417,0.19464326542967236,0.21802985653425927,0.19464326542967236,0.15104902640826434,1.1531450150441815,65.19,ST/MT Ratio (Expanding EWM),C
2019-07-15,0.7245025239114948,1.0508523918689208,1.4504468337743055,0.11634401235737295,0.16058468882792398,0.2491387498603479,0.26180805119797934,0.2491387498603479,0.19617712497618586,1.685517171689334,67.48,ST/MT Ratio (Expanding EWM),C
2019-10-15,0.9493474283265871,1.017670904758765,1.0719688855665956,0.1633882619415379,0.17210586668943958,0.24786531112379523,0.2522453154296655,0.24786531112379523,0.20361424098517664,1.6505492493592089,69.83,ST/MT Ratio (Expanding EWM),C
2020-01-14,1.1350148275260399,1.2067010803657312,1.0631588690307632,0.14473576797787985,0.1275188345277888,0.17041072688897832,0.2056348082428397,0.17041072688897832,0.13020624159987107,1.029613272984401,76.91,ST/MT Ratio (Expanding EWM),C
2020-04-15,1.2571963148438852,0.7187759665790134,0.5717292980358989,0.8047604558072226,0.6401231425079028,1.4330508362744063,1.0300425,1.4330508362744063,0.48900932955103116,1.1875381514948309,41.19,ST/MT Ratio (Expanding EWM),C
2020-07-14,0.8665860205082637,0.9141235850551067,1.0548561405582813,0.4524388715618946,0.5220934342981133,0.7223816623711092,0.660346114984746,0.7223816623711092,0.6708632429530408,1.4546488469959145,52.98,ST/MT Ratio (Expanding EWM),C
2020-10-13,0.8537492373404866,1.0426210356423289,1.2212263156921777,0.2777000286551807,0.3252711879664382,0.38683120131789905,0.40331834773683417,0.38683120131789905,0.28957527184032544,1.1548167632458517,48.15,ST/MT Ratio (Expanding EWM),C
2021-01-15,1.1315117908677959,1.077474503822589,0.9522432841784496,0.4360880286919046,0.38540299112345394,0.33519366232675796,0.36116262499999996,0.33519366232675796,0.35135886475486705,1.081118970065311,59.75,ST/MT Ratio (Expanding EWM),C
2021-04-15,0.7984553045256302,1.052311591371238,1.3179342480496465,0.2122854570618384,0.2658701819107573,0.3329789714819181,0.35039763137329527,0.3329789714819181,0.3252428227701487,1.069348798832154,73.33,ST/MT Ratio (Expanding EWM),C
2021-07-14,0.9502323885974218,0.9976783035580061,1.0499308543151389,0.19788482809074104,0.20824887729077135,0.2574722483591455,0.25687447595621793,0.2574722483591455,0.18205051627734228,1.2976183845119398,75.16,ST/MT Ratio (Expanding EWM),C
2021-10-14,0.8984196806545547,1.0322380541142557,1.1489486220540115,0.16133039278646139,0.17957130310070918,0.2803546080332118,0.28939269505816745,0.2803546080332118,0.18640067947827346,1.3796268550790922,68.78,ST/MT Ratio (Expanding EWM),C
2022-01-14,0.9692214032564258,1.0049701921727237,1.0368840275257931,0.21967637014438685,0.2266524133766651,0.2602076660431646,0.261500948148215,0.2602076660431646,0.2061059177305924,1.2009786185627402,60.24,ST/MT Ratio (Expanding EWM),C
2022-04-14,1.0676375554163977,0.9636552015742392,0.902605192825384,0.25388833803159844,0.237803865875229,0.4110598887993272,0.39612,0.4110598887993272,0.25107382358545244,1.3335732675602374,55.11,ST/MT Ratio (Expanding EWM),C
2022-07-15,1.4372370373183894,1.0203311128711654,0.7099254238360772,0.5556224728186485,0.3865907003449718,0.3793175520355511,0.3870295,0.3793175520355511,0.25874637633558595,1.2696435619309443,47.58,ST/MT Ratio (Expanding EWM),C
2022-10-14,1.148543818987648,0.9592495428124459,0.8351875888008781,0.2551408670549144,0.2221429107335245,0.347729140960478,0.3335590194889031,0.347729140960478,0.23238232910605558,1.2963550069410572,48.43,ST/MT Ratio (Expanding EWM),C
2023-04-14,0.9649453549025114,0.8655794323557957,0.8970243008664934,0.2777483934972608,0.28783846886886333,0.5319728601578847,0.4604647663241509,0.5319728601578847,0.3290510725261779,1.3899490674732358,44.82,ST/MT Ratio (Expanding EWM),C
2023-07-14,1.1581034598855262,0.9462982809454623,0.8171103133039599,0.24627593524284,0.2126545198882174,0.25944330127568876,0.24551074999999994,0.25944330127568876,0.20652936234553973,1.3430074683920925,48.24,ST/MT Ratio (Expanding EWM),C
2023-10-13,,1.1432137493141463,,,,0.21092395511083342,0.24113116554242456,0.21092395511083342,0.16140609519692198,1.397669290764633,160.0,ST/MT Ratio (Expanding EWM),C
2015-01-21,1.301236480919123,1.2332102925828443,0.9477218865795796,0.14658897645192537,0.11265360186365421,0.11280294272329465,0.13910975000000003,0.11280294272329465,0.08718735997722772,1.2642432191877078,45.64,ST/MT Ratio (Expanding EWM),USB
2015-04-15,1.0444632892788785,1.0348848005198552,0.9908292719740905,0.11556794789144925,0.11064816645804758,0.1526562541714632,0.157981637146343,0.1526562541714632,0.10116411232110288,1.1025509346018931,44.97,ST/MT Ratio (Expanding EWM),USB
2015-07-15,1.3587813920184686,1.050671969910389,0.7732457745462769,0.19175806027306733,0.14112502673311628,0.15449843744024622,0.1623271776134205,0.15449843744024622,0.11405460075325742,1.2581232523356383,44.4,ST/MT Ratio (Expanding EWM),USB
2015-10-15,1.1210443646653874,0.9956550826038645,0.8881495808607455,0.1550481796456301,0.13830690785543473,0.23191293312409753,0.23090529058657783,0.23191293312409753,0.11934238871803166,1.213549881053481,42.0,ST/MT Ratio (Expanding EWM),USB
2016-01-15,1.12733123615213,1.0657058395419161,0.9453351467306477,0.13164751512943312,0.11677802486763322,0.180512875,0.19237362499999996,0.180512875,0.1125553820902463,1.0042616352659426,44.36,ST/MT Ratio (Expanding EWM),USB
2016-04-20,0.989021847750593,1.1001837519854458,1.1123958024665246,0.15539457598046857,0.15711945730409715,0.16427786086384985,0.18073583333333335,0.16427786086384985,0.16578200867786183,1.3790687035599423,41.38,ST/MT Ratio (Expanding EWM),USB
2016-07-15,1.0145413398492895,0.9610014544542481,0.94722749749853,0.12534631506210592,0.12354973635744224,0.23124366666666668,0.22222550000000002,0.23124366666666668,0.11555919064084226,1.5205925808008198,41.02,ST/MT Ratio (Expanding EWM),USB
2016-10-19,0.9711128851213875,1.078005293512636,1.1100720730091922,0.09314294292423822,0.09591361040647248,0.15924226071343298,0.17166400000000004,0.15924226071343298,0.10178785605088522,1.686202676562315,42.86,ST/MT Ratio (Expanding EWM),USB
2017-01-18,1.0580526273020268,1.1479953181474076,1.085007766650256,0.13853327202013258,0.13093230756714289,0.15203905646729152,0.174540125,0.15203905646729152,0.13044021614775073,0.9170417275531743,51.87,ST/MT Ratio (Expanding EWM),USB
2017-04-19,1.1368122619147778,1.0845835049385941,0.9540568317866199,0.12206430907151364,0.10737420166977783,0.1409258709025394,0.15284587500000002,0.1409258709025394,0.08997018333110383,1.4425028123327617,54.24,ST/MT Ratio (Expanding EWM),USB
2017-07-19,1.084800725870321,1.1056031519219538,1.0191762648710834,0.12728828019279276,0.1173379378877822,0.1481129292753201,0.16375412144718735,0.1481129292753201,0.11464485456307309,0.67056936039558,52.57,ST/MT Ratio (Expanding EWM),USB
2017-10-18,0.948285212918272,1.1069788421893862,1.16734799521206,0.10173470064309208,0.10728280822814021,0.1398715113041826,0.1548348036387837,0.1398715113041826,0.11529326383916197,1.131577043646009,52.38,ST/MT Ratio (Expanding EWM),USB
2018-01-17,1.0670251196072131,1.1061893315255251,1.0367041142693332,0.13588993172029043,0.12735401371835878,0.14915733256300415,0.16499625,0.14915733256300415,0.1449289377221361,1.903858159570483,54.78,ST/MT Ratio (Expanding EWM),USB
2018-04-18,1.2811941141863823,1.0810173779060808,0.843757683504952,0.17656779372112202,0.13781502097615456,0.16294152952581245,0.17614262500000002,0.16294152952581245,0.11603375319956666,0.9922540286938194,52.8,ST/MT Ratio (Expanding EWM),USB
2018-07-18,1.209961715777703,1.0570205159105241,0.8735983148286012,0.16597127437580916,0.1371706825195962,0.1581918207670383,0.167212,0.1581918207670383,0.12116238668491884,1.7714268911426785,51.28,ST/MT Ratio (Expanding EWM),USB
2018-10-17,1.4306166229220665,1.1005245791329072,0.7692658966069199,0.2752410762645572,0.1923933161788454,0.13333714837936322,0.1467408091029807,0.13333714837936322,0.10156533072185762,1.5728099502273634,54.13,ST/MT Ratio (Expanding EWM),USB
2019-01-16,0.9451424484750418,1.0186588280263305,1.0777833856366361,0.16220921405628919,0.17162409149859764,0.2578110329791382,0.26262148470678653,0.2578110329791382,0.190132626946171,1.226860811313733,47.94,ST/MT Ratio (Expanding EWM),USB
2019-04-17,0.8528158610139763,1.1256354593323061,1.3199044609629496,0.10262982711827807,0.12034230577777226,0.13860548608920514,0.15601925,0.13860548608920514,0.09868641371190853,1.4106149160951549,52.45,ST/MT Ratio (Expanding EWM),USB
2019-07-17,1.2196252618088805,1.0025757053913489,0.8220358636261635,0.16173532341678518,0.1326106702454722,0.19751583315118046,0.19802457574750473,0.19751583315118046,0.1234568000809851,1.3395160800265946,51.51,ST/MT Ratio (Expanding EWM),USB
2019-10-16,1.0604836200027177,1.0365617234527327,0.9774424648351252,0.1364785256598999,0.12869460978525077,0.19269898809692673,0.19974439520934797,0.19269898809692673,0.14239723203604923,1.19106827206807,55.86,ST/MT Ratio (Expanding EWM),USB
2020-01-15,1.126719189138138,1.1851031555618425,1.051817672927328,0.1404053030233812,0.12461428222482081,0.1303344984508508,0.15445982539267336,0.1303344984508508,0.10085100390368096,5.3429631682472305,60.66,ST/MT Ratio (Expanding EWM),USB
2020-04-15,1.3133005389626622,0.7379090235546059,0.5618736927782415,0.7079552908697686,0.539065712581647,1.132654338226305,0.835795856745461,1.132654338226305,0.3667627980488634,1.1226402551903154,32.57,ST/MT Ratio (Expanding EWM),USB
2020-07-15,0.9643038884349937,0.9201743568803885,0.954236903860022,0.43892578971093754,0.4551737216608006,0.5948604514356027,0.5473753333333333,0.5948604514356027,0.5389492697333202,1.143736246583384,38.78,ST/MT Ratio (Expanding EWM),USB
2020-10-14,0.8811443222492081,1.0857533462068802,1.2322082986761889,0.2500080136730605,0.28373106125780884,0.36327465406021836,0.3944266712380289,0.36327465406021836,0.32430555397642186,1.2575318826442174,37.87,ST/MT Ratio (Expanding EWM),USB
2021-01-20,1.055999195468937,1.1107886329628913,1.0518839765494556,0.3567522836845426,0.3378338593583112,0.3034763905540089,0.337098125,0.3034763905540089,0.3382815110205923,0.9795296653794713,45.33,ST/MT Ratio (Expanding EWM),USB
2021-04-15,1.0256798412829355,1.0056367559737387,0.9804587313677466,0.2890602966987456,0.28182312361446504,0.2999338461012623,0.30162449999999996,0.2999338461012623,0.29086799155246895,1.3049994257305528,53.84,ST/MT Ratio (Expanding EWM),USB
2021-07-15,1.2743836763573637,1.0689962419736496,0.8388339099173151,0.31475972356051635,0.24698976407184547,0.22894469665991263,0.24474102034924378,0.22894469665991263,0.19178701498501355,1.0604065356581236,58.51,ST/MT Ratio (Expanding EWM),USB
2021-10-14,1.0597783596341837,1.0680622769250594,1.0078166507322674,0.2185066116536304,0.2061814243206994,0.24498672579373243,0.26166108016766904,0.24498672579373243,0.19961032797954875,1.2059196641552767,55.91,ST/MT Ratio (Expanding EWM),USB
2022-01-19,1.395496855074272,1.0067469566606626,0.7214254571767422,0.4115104477783666,0.29488453971217654,0.2833542213489429,0.285266,0.2833542213489429,0.2220673094717323,1.5836623326807626,54.87,ST/MT Ratio (Expanding EWM),USB
2022-04-14,1.1567006787069567,0.967331698018104,0.836285234222787,0.3159302405883608,0.2731305050685458,0.3562663672720359,0.34462775,0.3562663672720359,0.2753715810846314,1.0571332484770568,54.4,ST/MT Ratio (Expanding EWM),USB
2022-07-15,1.1426387496630201,1.010280483285391,0.884164381422682,0.24481975784562418,0.2142582315870391,0.31165849999999995,0.3148625,0.31165849999999995,0.2139247854808858,1.4516165098967049,46.36,ST/MT Ratio (Expanding EWM),USB
2022-10-14,1.4970485197751282,1.0447246950626448,0.6978562693609777,0.40776899906732506,0.2723819526761738,0.28029325,0.29282928013436765,0.28029325,0.16811269035657073,1.3631110049647546,45.1,ST/MT Ratio (Expanding EWM),USB
2023-01-25,1.3003645361788896,1.1447965591998392,0.8803658722990204,0.31968913389349823,0.24584578016323186,0.2396513142839629,0.27435200000000004,0.2396513142839629,0.19544003076091998,1.3128194072367165,43.65,ST/MT Ratio (Expanding EWM),USB
2023-04-19,0.842893294582068,0.9370043231416433,1.1116523635488622,0.34354137371557336,0.40757397872753465,0.5715571281510969,0.5355515000000001,0.5715571281510969,0.46286465928613957,1.263084155316288,34.45,ST/MT Ratio (Expanding EWM),USB
2023-07-19,1.0585948473152926,1.1004883898685087,1.0395746707623437,0.3625474600475898,0.34247990245470034,0.35581452162960714,0.39156975000000005,0.35581452162960714,0.3609215812121626,1.5741877638073452,33.58,ST/MT Ratio (Expanding EWM),USB
2018-04-12,0.9025587301124377,1.022994032962175,1.133437635504045,0.13952967848289147,0.1545934617080368,0.2131284977723677,0.21802918147532435,0.2131284977723677,0.15863058009203995,1.4171529912326934,564.06,ST/MT Ratio (Expanding EWM),BLK
2018-07-16,0.9008154367347224,1.0740772923934805,1.1923389060547163,0.11770059346382934,0.13066005384018584,0.1851051410894039,0.19881722874942015,0.1851051410894039,0.1545217347025297,1.588331984004318,524.52,ST/MT Ratio (Expanding EWM),BLK
2018-10-16,1.430809040557448,1.0992236985079045,0.7682532520759326,0.3555405038053744,0.24848913707370385,0.19121268668174088,0.21018551665593632,0.19121268668174088,0.14116494239633218,1.3445211961401267,470.9,ST/MT Ratio (Expanding EWM),BLK
2019-01-16,0.9229052850704018,0.9745891239908681,1.0560012384331765,0.1601800244597416,0.1735606318989956,0.3430359891278961,0.3343191441414972,0.3430359891278961,0.19993472387317252,1.3018571021244776,378.25,ST/MT Ratio (Expanding EWM),BLK
2019-04-16,1.2203698705050658,1.1568097774943173,0.9479173531345515,0.17727771480732807,0.14526556177100586,0.16427043283533826,0.19002964285714286,0.16427043283533826,0.11570774119124468,1.4776859250271657,440.48,ST/MT Ratio (Expanding EWM),BLK
2019-07-19,0.7261078424615951,1.1136554095584683,1.53373279344159,0.08047973249196673,0.11083716190026334,0.1816355,0.20227935714285716,0.1816355,0.13503331067237653,1.3791791591360567,454.95,ST/MT Ratio (Expanding EWM),BLK
2019-10-15,1.0505597569489038,1.084454161249822,1.0322631854844282,0.15019577193458578,0.1429673761450686,0.22479480886569156,0.24377966590175756,0.22479480886569156,0.14666851195376368,1.4224460530957166,435.71,ST/MT Ratio (Expanding EWM),BLK
2020-01-15,1.2737952638403818,1.2085917045363925,0.9488115860099792,0.14274487791021653,0.11206265399343153,0.1549896194538252,0.1873191683611454,0.1549896194538252,0.10130544686821534,1.254554273124856,502.05,ST/MT Ratio (Expanding EWM),BLK
2020-04-16,0.9886275800276512,0.8657524461843377,0.8757114040457209,0.40672059363843244,0.41139919809546155,0.954734640202927,0.8265638502126075,0.954734640202927,0.24202306936727017,1.2968465598315484,386.76,ST/MT Ratio (Expanding EWM),BLK
2020-07-17,0.8338590296050145,0.9613237000872215,1.152861174319339,0.2147448894784208,0.25753140741324343,0.38144290000000003,0.3666901,0.38144290000000003,0.3389399813926596,0.9935245930847167,555.23,ST/MT Ratio (Expanding EWM),BLK
2020-10-13,1.1235704873409784,1.052285106057803,0.936554597965742,0.22950169883585608,0.20426106009511752,0.2735545961156404,0.2878574271861461,0.2735545961156404,0.14265911669985934,1.392871328363907,547.38,ST/MT Ratio (Expanding EWM),BLK
2021-01-14,1.262036751669945,1.0743464906719464,0.8512798769531521,0.2555317979366631,0.20247571839610834,0.24137611880037319,0.25932158616519574,0.24137611880037319,0.17949542162726212,1.1823779240088914,698.18,ST/MT Ratio (Expanding EWM),BLK
2021-04-15,0.8353857339965213,1.1039050094670144,1.3214314831375984,0.12474815162029154,0.1493299999552195,0.2455512913656767,0.27106530061966494,0.2455512913656767,0.16923239283408087,1.341816273345881,723.07,ST/MT Ratio (Expanding EWM),BLK
2021-07-14,1.308189649090641,1.1016037350826184,0.8420825954771725,0.21782399376553718,0.16650796305944837,0.18521705275837094,0.20403579711961584,0.18521705275837094,0.1268848316267964,1.744012198179483,876.78,ST/MT Ratio (Expanding EWM),BLK
2021-10-13,1.303485733293458,1.1484122217037827,0.8810316771186608,0.21565839801947007,0.16544745562697938,0.20289211310226302,0.23300378237394503,0.20289211310226302,0.13123826877151432,1.6102088826949565,916.26,ST/MT Ratio (Expanding EWM),BLK
2022-01-14,1.1220414039443625,1.0883206902449019,0.9699469969816438,0.16863207165034036,0.15029041803407653,0.25654662500000003,0.27920500000000004,0.25654662500000003,0.1466768881617803,1.29956630286944,914.91,ST/MT Ratio (Expanding EWM),BLK
2022-04-13,1.063013919982884,0.9435330161895239,0.8876017505064431,0.21819614136425766,0.20526179127341146,0.40640715316905096,0.3834585670305925,0.40640715316905096,0.23151521156094423,1.4113427160881657,697.53,ST/MT Ratio (Expanding EWM),BLK
2022-07-15,0.9575481490092737,0.9965350972940153,1.0407153920406818,0.1834094011765409,0.19154065658871072,0.3643949262995156,0.36313233333333333,0.3643949262995156,0.2021867900379997,1.3985620261701603,599.9,ST/MT Ratio (Expanding EWM),BLK
2022-10-13,1.2264661288286238,0.9964639667685636,0.8124675792883647,0.23977390365887732,0.1954998169316597,0.3407145605706827,0.33950978256207054,0.3407145605706827,0.1879063376090195,1.6524174014782775,644.91,ST/MT Ratio (Expanding EWM),BLK
2023-01-13,0.9099929399935758,1.1263109642467526,1.2377139588079704,0.20696830795757543,0.2274394655842457,0.2929803673008606,0.32998700000000003,0.2929803673008606,0.2688774134277413,1.238922562866225,711.52,ST/MT Ratio (Expanding EWM),BLK
2023-04-14,1.187131926029923,0.9460242328911995,0.7968989900347049,0.18384001154740962,0.15486064144717115,0.39389882455177,0.3726378333333334,0.39389882455177,0.13110527906003602,1.4052834448551776,631.74,ST/MT Ratio (Expanding EWM),BLK
2023-07-14,1.0144893945033304,1.1395248584474582,1.1232496511265573,0.15540333303147177,0.15318379262856022,0.2044197031828717,0.2329413333333333,0.2044197031828717,0.14811099128170852,1.2867881504956618,692.45,ST/MT Ratio (Expanding EWM),BLK
2023-10-13,,1.1011856578135966,,,,0.18183636731234246,0.2002355997532766,0.18183636731234246,0.13171496190579196,1.1558520933075278,160.0,ST/MT Ratio (Expanding EWM),BLK
2016-10-17,0.8526325646332734,0.9890717905603166,1.160021129366232,0.15862824156284283,0.18604525342176037,0.28668329209345,0.28355035703459486,0.28668329209345,0.22564187919716652,1.071040254252318,30.53,ST/MT Ratio (Expanding EWM),SCHW
2017-01-18,0.9242888736998631,1.0492349125283358,1.1351807236717266,0.1739558043247343,0.18820501823028712,0.2511746862911243,0.26354125,0.2511746862911243,0.2048887915164285,1.7274570637119113,38.75,ST/MT Ratio (Expanding EWM),SCHW
2017-04-18,0.780024964217126,1.078804525941883,1.3830384608582726,0.15975100940405568,0.20480243163036477,0.22627326742708745,0.244104625,0.22627326742708745,0.23757427447170623,1.8377782758105483,42.25,ST/MT Ratio (Expanding EWM),SCHW
2017-07-18,0.7920334831726529,1.057715414880747,1.335442803054046,0.14568215885996358,0.183934343629519,0.23664084227692456,0.25029866666666667,0.23664084227692456,0.22523184609312102,1.3408691141066897,42.46,ST/MT Ratio (Expanding EWM),SCHW
2017-10-16,1.0206132750227188,1.0862618811771234,1.064322704555203,0.16430150498633905,0.16098311574742324,0.20220369156247453,0.21964616237761242,0.20220369156247453,0.15173317005748924,1.2011253630203291,40.21,ST/MT Ratio (Expanding EWM),SCHW
2018-01-17,0.8481812327712809,1.1289963096649358,1.331079097301106,0.1436670150333521,0.169382449743607,0.2122847948645014,0.23966875,0.2122847948645014,0.21148092192370888,1.1116516009064203,51.74,ST/MT Ratio (Expanding EWM),SCHW
2018-04-16,1.4530863334142683,1.0899068000268586,0.7500633478989105,0.3180212103762779,0.21885912974560437,0.23362985144126586,0.2546347637751004,0.23362985144126586,0.15563186150513278,1.3480962529605554,55.71,ST/MT Ratio (Expanding EWM),SCHW
2018-07-17,1.2853902037975977,1.038221417970554,0.8077091414756388,0.27840852036045377,0.21659455590832632,0.2432645827069262,0.2525625,0.2432645827069262,0.1837896729898214,1.5186670120855486,55.48,ST/MT Ratio (Expanding EWM),SCHW
2018-10-15,0.9987413741426062,1.162374475822193,1.1638393140767413,0.1963918095276795,0.19663930484133274,0.20582502022919255,0.23924574999999998,0.20582502022919255,0.18048715498500312,1.2774198782961461,51.16,ST/MT Ratio (Expanding EWM),SCHW
2019-01-16,1.2046482749803886,0.9921645765556439,0.8236134954593249,0.2460153009102257,0.2042216852999941,0.3713695581275684,0.3684597203852955,0.3713695581275684,0.19062133530769884,1.3405104154785177,40.7,ST/MT Ratio (Expanding EWM),SCHW
2019-04-15,0.9635625560230984,1.1202421686773112,1.1626045052029366,0.18878333377304757,0.19592223939482564,0.20670608967516682,0.23156087817651566,0.20670608967516682,0.18988960217957132,1.5358293477570357,45.45,ST/MT Ratio (Expanding EWM),SCHW
2019-07-16,1.1668612902984465,0.9891735870839562,0.8477216574996301,0.3088107066431586,0.26465074230388985,0.3027571525066058,0.2994793785602836,0.3027571525066058,0.2299122893104459,1.3916868320225853,40.61,ST/MT Ratio (Expanding EWM),SCHW
2019-10-15,1.0971996229819507,1.0531775072888645,0.9598777517135454,0.36563092843483624,0.3332401149037316,0.27533015511216297,0.2899715264424842,0.27533015511216297,0.23553225766382468,1.6636896223708648,43.6,ST/MT Ratio (Expanding EWM),SCHW
2020-01-16,0.9264948392909832,1.2366797818656698,1.3347940316775657,0.2171889495932398,0.23442003169650416,0.19781005496835435,0.2446276956291006,0.19781005496835435,0.28150320203010204,1.357563210458719,49.49,ST/MT Ratio (Expanding EWM),SCHW
2020-04-15,0.8894321759479014,0.7968534031668816,0.895912498687879,0.44764901829734766,0.5032975311695591,1.2324154548610717,0.9820544493215053,1.2324154548610717,0.517488293347974,1.176738190783342,30.56,ST/MT Ratio (Expanding EWM),SCHW
2020-07-16,1.0553289556017211,1.1314396801181743,1.0721203792546912,0.40105321460828114,0.3800267324036523,0.5031953363274546,0.5693351703712923,0.5031953363274546,0.4330858426860933,1.3025660782256667,36.92,ST/MT Ratio (Expanding EWM),SCHW
2020-10-15,1.024312836036771,1.1081286741596101,1.0818264061271905,0.31461829392951746,0.30715059194886746,0.3327304802200074,0.3687081858986872,0.3327304802200074,0.30522572760479494,1.438068419971813,34.75,ST/MT Ratio (Expanding EWM),SCHW
2021-01-19,0.957415100851721,1.119676081999546,1.1694781929003175,0.3156775325895286,0.3297185644018988,0.3302292117731867,0.36974975,0.3302292117731867,0.318361970553598,1.4754629425579742,51.75,ST/MT Ratio (Expanding EWM),SCHW
2021-04-15,1.100602489481693,1.064143876210837,0.9668739498417586,0.3169114335646466,0.287943591435896,0.32056009505704125,0.3411220621125143,0.32056009505704125,0.29754436757081476,0.9995254627353016,65.47,ST/MT Ratio (Expanding EWM),SCHW
2021-07-16,1.008781054478039,1.0714152285297238,1.0620889674460559,0.25193589105604697,0.24974288517581553,0.26855733333333337,0.2877364166666666,0.26855733333333337,0.2525828460791966,0.809162797218601,73.75,ST/MT Ratio (Expanding EWM),SCHW
2021-10-15,0.9139206441195508,1.0764901516962475,1.1778814261639885,0.2172228175443701,0.23768236218543606,0.27958283333333334,0.3009681666666667,0.27958283333333334,0.23380740472003128,1.358035059410298,71.15,ST/MT Ratio (Expanding EWM),SCHW
2022-01-18,0.9376046379111457,1.0200643336883548,1.0879471927111175,0.2147587336894666,0.22905041742105667,0.3267901729243702,0.33334699999999995,0.3267901729243702,0.23656201708467747,1.1908652071775465,80.68,ST/MT Ratio (Expanding EWM),SCHW
2022-04-18,1.2745604747766883,1.042312932180465,0.817782249495133,0.5155642657772426,0.40450357278462834,0.32449899599004434,0.3382295,0.32449899599004434,0.3422746816276709,1.342948156854899,90.0,ST/MT Ratio (Expanding EWM),SCHW
2022-07-18,0.6047092050856374,1.0423557380224568,1.7237305621548147,0.12898110160859963,0.21329442403697765,0.41586234352428064,0.4334765,0.41586234352428064,0.28122643305187406,1.273798191032138,59.99,ST/MT Ratio (Expanding EWM),SCHW
2022-10-17,1.2729388156027739,1.0961207028459132,0.8610945706191447,0.3217684202366304,0.2527760299965899,0.337139645849903,0.369545745566218,0.337139645849903,0.20602450379663667,1.2803274707739272,71.87,ST/MT Ratio (Expanding EWM),SCHW
2023-01-18,1.1216643045808008,1.1571672669490223,1.0316520390487864,0.31197745523653275,0.2781379900942181,0.26508662684712847,0.30674956749342697,0.26508662684712847,0.2674407517171014,1.276245009455768,78.26,ST/MT Ratio (Expanding EWM),SCHW
2023-04-17,0.8296316559821515,0.9517109262607736,1.1471487610174418,0.4594406010083846,0.5537886575271531,0.7739323491789968,0.7365598729003194,0.7739323491789968,0.6611813694750645,1.2367682398425732,56.41,ST/MT Ratio (Expanding EWM),SCHW
2023-07-18,1.4155055951713473,1.2087105113632626,0.8539072649987991,0.6145110763696057,0.43412832733820383,0.2920204784365313,0.35296822181956433,0.2920204784365313,0.3110714681004622,1.1389857334691753,54.4,ST/MT Ratio (Expanding EWM),SCHW
2015-01-21,1.445366121679002,1.0640565915363938,0.7361848154433964,0.275252132880797,0.19043765365210844,0.17626952503454785,0.18756075,0.17626952503454785,0.1252039345419945,1.184879517414366,93.62,ST/MT Ratio (Expanding EWM),AXP
2015-04-16,1.0214072537225718,0.9481912257008968,0.9283184765382902,0.205590165760462,0.20128128619723223,0.2315005099762109,0.2195067523047261,0.2315005099762109,0.23413841994877752,1.196988449518485,81.06,ST/MT Ratio (Expanding EWM),AXP
2015-07-22,1.0437244428537371,1.1546756963966747,1.1063032051252686,0.10550667689846516,0.1010867165379305,0.14232784193246079,0.1643425,0.14232784193246079,0.11433465612330382,2.3755872864935608,81.25,ST/MT Ratio (Expanding EWM),AXP
2015-10-21,1.5454397817633538,1.145647691750166,0.7413085293061219,0.3624928194308945,0.23455641799079907,0.1937858688426072,0.22201033333333334,0.1937858688426072,0.15146301044503024,1.7527791650481845,76.74,ST/MT Ratio (Expanding EWM),AXP
2016-01-21,1.676572891864414,1.1458284896143003,0.6834349375290772,0.7172210994721976,0.4277899893005069,0.1813631666666667,0.2078110833333333,0.1813631666666667,0.1338872764248428,1.2371112370280262,68.85,ST/MT Ratio (Expanding EWM),AXP
2016-04-20,0.6881338056863153,1.2857542330574099,1.868465438600351,0.1488321827936618,0.21628378313026336,0.18372095842787137,0.23622000000000004,0.18372095842787137,0.27816142862116994,1.1126189177830492,61.21,ST/MT Ratio (Expanding EWM),AXP
2016-07-20,0.8474064119037323,1.0479301531068221,1.2366323152460048,0.12627318252602004,0.14901136072636303,0.2259087586115751,0.23673660000000005,0.2259087586115751,0.15770167873906824,1.6548664408029683,62.3,ST/MT Ratio (Expanding EWM),AXP
2016-10-19,1.619535572010212,1.2565702013470996,0.7758830513289746,0.47697689407791277,0.29451461414081564,0.17719972967789172,0.2226639,0.17719972967789172,0.10336035968313814,1.5604648953035372,64.06,ST/MT Ratio (Expanding EWM),AXP
2017-01-19,0.7943250618867886,1.271841213868281,1.6011596195230593,0.12604469645750055,0.15868150522419888,0.1851705208417554,0.23550750000000004,0.1851705208417554,0.2011505573079127,1.2851085240980695,75.06,ST/MT Ratio (Expanding EWM),AXP
2017-04-19,1.5637064932441398,1.3114095156362715,0.8386545181606038,0.26819631656697357,0.17151320770598116,0.13957653792926114,0.18304200000000004,0.13957653792926114,0.1053750265116269,1.0575569622456498,78.85,ST/MT Ratio (Expanding EWM),AXP
2017-07-19,0.7779109739805902,1.3449416140080972,1.7289145660537437,0.07304210903932266,0.0938952032847208,0.13614802378777496,0.18311114285714286,0.13614802378777496,0.11053631943048292,1.1328763807976212,81.88,ST/MT Ratio (Expanding EWM),AXP
2017-10-18,1.0691191684869616,1.323706547739847,1.238128158915327,0.09624275360304352,0.09002060428796553,0.1337824030254376,0.17708864285714288,0.1337824030254376,0.08751731435403763,1.076449125567468,87.87,ST/MT Ratio (Expanding EWM),AXP
2018-01-18,1.0676587243361149,1.5009909352669366,1.4058714653413935,0.12464282700508361,0.11674407201850784,0.1266332002734465,0.19007528571428572,0.1266332002734465,0.1027919085202477,1.3147268242414634,99.15,ST/MT Ratio (Expanding EWM),AXP
2018-04-18,1.5818557712283838,1.08970117919495,0.6888751800353751,0.4178564037937248,0.2641558171066633,0.21988551042682986,0.23960949999999998,0.21988551042682986,0.149586631994401,1.4025560861900241,94.84,ST/MT Ratio (Expanding EWM),AXP
2018-07-18,1.0453623483379124,1.1093685724841063,1.0612287445094626,0.17448928629159227,0.1669175157963397,0.1943783334359814,0.2156372142857143,0.1943783334359814,0.17225940354626534,1.2221010111926938,98.47,ST/MT Ratio (Expanding EWM),AXP
2018-10-18,1.4482795152714774,1.3192990187638018,0.9109422627692844,0.22117282325423218,0.1527141832236533,0.13973457516408783,0.18435168790135778,0.13973457516408783,0.12042164857051997,1.2586374038522665,109.64,ST/MT Ratio (Expanding EWM),AXP
2019-01-17,0.9005940948900432,1.046435964110165,1.1619396241299231,0.128650742510343,0.14285097275265884,0.2874804569607101,0.3008298891425115,0.2874804569607101,0.1535267775662284,1.562489747302203,101.02,ST/MT Ratio (Expanding EWM),AXP
2019-07-19,1.3286956719904,1.3088178514544875,0.9850395986417753,0.14033176427877214,0.10561618227336715,0.1634287,0.21389840000000002,0.1634287,0.09212752029255449,1.3480184349719975,124.68,ST/MT Ratio (Expanding EWM),AXP
2019-10-18,1.2920537400910141,1.2106114291305297,0.9369667774385704,0.17394722727497375,0.1346284770343381,0.18192460000000002,0.22024,0.18192460000000002,0.12365868123234712,1.402688349370695,118.74,ST/MT Ratio (Expanding EWM),AXP
2020-01-24,1.3855288784412483,1.338460405384154,0.966028515327629,0.2130709186910786,0.153783094677022,0.13634971887541247,0.1824987,0.13634971887541247,0.12361292644286027,1.5949131699709067,124.74,ST/MT Ratio (Expanding EWM),AXP
2021-01-26,0.9910440713063922,1.0441492133776937,1.0535850459216194,0.3659459721962716,0.36925297551488545,0.31018727577477395,0.3238818,0.31018727577477395,0.4294188974491563,1.2294055171941234,118.36,ST/MT Ratio (Expanding EWM),AXP
2022-01-25,1.3738753003593551,1.1555576360503297,0.8410935371995395,0.5024561176758375,0.36572177805686845,0.25420410963145246,0.29374750000000005,0.25420410963145246,0.26711219676856734,1.2662981237314148,164.39,ST/MT Ratio (Expanding EWM),AXP
2023-04-20,0.7270683787970169,1.0702589719743176,1.472019693312935,0.17063227967869302,0.23468532624265065,0.28741345916109245,0.30760683333333333,0.28741345916109245,0.29694952087895515,1.506806183244439,164.56,ST/MT Ratio (Expanding EWM),AXP
2015-04-23,0.9549102904661279,1.2157275213132301,1.2731327051882408,0.12851936063336367,0.13458788947664235,0.15323033333333333,0.18628633333333336,0.15323033333333333,0.1548087945282509,1.960814783704326,80.14,ST/MT Ratio (Expanding EWM),COF
2015-07-23,1.6725962085454031,1.1693778414634344,0.699139359212347,0.5965010753547544,0.3566318471291466,0.13214707142857143,0.15452985714285714,0.13214707142857143,0.10289916103997719,2.410543372286228,89.38,ST/MT Ratio (Expanding EWM),COF
2015-10-22,1.4299298536804903,1.149475370621837,0.8038683629572508,0.38585582914304445,0.2698424878324568,0.2475415515103523,0.28454291666666676,0.2475415515103523,0.22282749789747303,1.0537625984985806,73.68,ST/MT Ratio (Expanding EWM),COF
2016-01-26,1.469276617614093,1.2343129583680932,0.8400820809171052,0.3737913335943803,0.2544050106789061,0.22257550767072548,0.2747278333333334,0.22257550767072548,0.1729640566269542,1.0300846998156603,73.15,ST/MT Ratio (Expanding EWM),COF
2016-04-26,1.0833688094833716,1.2100082830100747,1.1168941476052776,0.2262170211328821,0.20880887390579272,0.22883362636537252,0.2768905833333334,0.22883362636537252,0.19680934349157236,1.3388269337961187,69.2,ST/MT Ratio (Expanding EWM),COF
2016-07-21,0.8385908544887282,1.0336280803311333,1.2325773347019333,0.2071834812436479,0.24706146046627647,0.29420221107890815,0.3040956666666667,0.29420221107890815,0.2455344875724407,0.8216306702996785,64.25,ST/MT Ratio (Expanding EWM),COF
2016-10-25,0.8674351207358028,1.136461346336024,1.310139881553354,0.11399906465047603,0.13142085433868092,0.22693490705291836,0.25790275000000007,0.22693490705291836,0.14326556946476482,2.029894011749751,70.81,ST/MT Ratio (Expanding EWM),COF
2017-01-24,0.9386311770357565,1.25096801246887,1.3327577892942877,0.18776006856121844,0.20003604520592846,0.221523135988062,0.27711835714285715,0.221523135988062,0.2142541311472686,1.4596804962676684,89.68,ST/MT Ratio (Expanding EWM),COF
2017-04-25,1.1784835029341216,1.0648542568973558,0.9035801131251663,0.2272017547793412,0.19279162942346423,0.251221645819112,0.2675144389752412,0.251221645819112,0.16577721081915947,1.6809594738084004,82.13,ST/MT Ratio (Expanding EWM),COF
2017-07-20,1.5803153466955548,1.0876447549957926,0.6882453918264236,0.44837896443626724,0.28372752651793787,0.2050429753302395,0.2230139166666667,0.2050429753302395,0.15486125053917954,1.2534217321882661,81.22,ST/MT Ratio (Expanding EWM),COF
2017-10-24,1.0245604108724162,1.2861058113159942,1.255275723781745,0.17920709832748685,0.17491120721216571,0.1902376799494701,0.2446657857142857,0.1902376799494701,0.18597714184542052,1.3376494581110425,82.48,ST/MT Ratio (Expanding EWM),COF
2018-01-23,0.7545765996678632,1.2265052989201584,1.625421858377295,0.11429720954974608,0.15147197726520475,0.1932673400395129,0.23704341666666667,0.1932673400395129,0.17876015242291424,0.7707023486434686,100.5,ST/MT Ratio (Expanding EWM),COF
2018-04-24,1.5049449371066714,1.0545848671123075,0.700746479894339,0.2895790367840865,0.19241836006360208,0.27594981596583906,0.29101250000000006,0.27594981596583906,0.12407373726699077,1.2939436602697347,95.07,ST/MT Ratio (Expanding EWM),COF
2018-07-19,1.1757104373676321,1.1414436758124444,0.9708544208964329,0.21817213868095386,0.18556621745183483,0.21160675083514854,0.2415371875,0.21160675083514854,0.163953875923915,2.150170102061237,96.34,ST/MT Ratio (Expanding EWM),COF
2018-10-23,1.2810529894587261,1.1470157215883718,0.8953694585834516,0.21195427234537487,0.1654531655516688,0.1831213457206456,0.2100430625,0.1831213457206456,0.1424492804839529,0.9558304519609909,97.63,ST/MT Ratio (Expanding EWM),COF
2019-01-22,1.5149684628985702,0.9638173236398977,0.6361962953313484,0.3887174292691723,0.256584502442674,0.42762888245614283,0.412156125,0.42762888245614283,0.16221533317262252,1.2657946710336732,70.78,ST/MT Ratio (Expanding EWM),COF
2019-04-25,1.4151588356617548,1.1543436097802604,0.8156989736353288,0.3226334367205022,0.22798390441425803,0.2264227604780701,0.2613696666666667,0.2264227604780701,0.1777905137851304,1.2347817752698607,80.66,ST/MT Ratio (Expanding EWM),COF
2019-07-18,1.1558624257466263,1.1339999531994052,0.9810855755319677,0.2337417592410295,0.20222281997794384,0.22476931445064885,0.2548883920676982,0.22476931445064885,0.1792574289672126,1.5101218054102525,91.29,ST/MT Ratio (Expanding EWM),COF
2019-10-24,0.9061485236596033,1.1050495670751803,1.219501591871814,0.14445309092448205,0.15941436437052142,0.24664510479537602,0.27255506627534276,0.24664510479537602,0.18705479715338688,1.648556086253845,91.35,ST/MT Ratio (Expanding EWM),COF
2020-01-21,1.4752629356045504,1.342200153883753,0.9098040230596118,0.2615993618458877,0.17732388954697523,0.1625132059244956,0.21812525000000002,0.1625132059244956,0.1342461758055493,1.12268268885123,102.93,ST/MT Ratio (Expanding EWM),COF
2020-04-23,1.0224446783722183,0.7951026021255837,0.7776485309615242,0.7716483753791271,0.7547091707764852,0.9227425467337593,0.7336750000000001,0.9227425467337593,0.6824614690029766,1.237124084252258,50.91,ST/MT Ratio (Expanding EWM),COF
2020-07-21,0.7936247694595541,0.9239459947682866,1.1642101284180928,0.42215773493699443,0.5319361884640738,0.6279528585991481,0.5801945286059791,0.6279528585991481,0.6452950461385663,1.1146409860141306,68.3,ST/MT Ratio (Expanding EWM),COF
2020-10-22,0.9033393660244181,1.052857975019763,1.1655176499761921,0.3347202828860733,0.3705365840073724,0.4679682461357159,0.4927041,0.4679682461357159,0.4627632240838653,1.0949514695610985,69.96,ST/MT Ratio (Expanding EWM),COF
2021-01-26,1.1540717829576914,1.098299730949558,0.9516736715759576,0.44845396858846687,0.38858412033881895,0.365203756494794,0.40110318750000007,0.365203756494794,0.36641812986139566,1.1651072455798432,97.55,ST/MT Ratio (Expanding EWM),COF
2021-04-27,0.9603908843038521,1.1238558748284846,1.1702067285271263,0.26389156463558944,0.27477516597512647,0.3351366117630351,0.37664525000000004,0.3351366117630351,0.3028809687202664,0.9267662049380573,126.49,ST/MT Ratio (Expanding EWM),COF
2021-07-22,0.9994310106376345,1.0977882046717424,1.098413190092387,0.2626341862126169,0.26278370734670015,0.2846499279219089,0.3124853333333333,0.2846499279219089,0.26450896329784895,1.362934778596651,154.89,ST/MT Ratio (Expanding EWM),COF
2021-10-26,1.2301336537892225,1.1458004488956717,0.9314438682058845,0.4054624850461711,0.3296084809948994,0.27868116154759365,0.319313,0.27868116154759365,0.2703702709401915,1.422909624773806,169.76,ST/MT Ratio (Expanding EWM),COF
2022-01-25,1.2473093559088162,1.1007435487802324,0.8824944217452833,0.3705368814721305,0.2970689506310561,0.2852453692305833,0.313982,0.2852453692305833,0.26324105718329527,1.1498983897380681,145.89,ST/MT Ratio (Expanding EWM),COF
2022-04-26,1.1958667864942456,1.1335369527840402,0.9478789490483894,0.3701963477992294,0.3095631988279246,0.3267748784812402,0.37041140000000006,0.3267748784812402,0.3103568092210215,1.1553285450575301,133.25,ST/MT Ratio (Expanding EWM),COF
2022-07-21,1.13495982819574,1.0289124523308766,0.9065628815837048,0.34378644197517794,0.30290626455184727,0.4658574195638744,0.4793265000000001,0.4658574195638744,0.3167238730588691,1.3693792273492085,106.46,ST/MT Ratio (Expanding EWM),COF
2022-10-27,0.954089212767645,0.9673846001787709,1.013935161652817,0.22223864656406783,0.23293277357092487,0.5019077985221942,0.485537875,0.5019077985221942,0.24375395766358182,1.2838175442135278,91.39,ST/MT Ratio (Expanding EWM),COF
2023-01-24,1.3169404793006636,1.1848250530950957,0.8996800324068364,0.4997780020593924,0.37949930912958957,0.3442336266730383,0.407856625,0.3442336266730383,0.3155418087313726,1.3586146369146406,90.69,ST/MT Ratio (Expanding EWM),COF
2023-04-27,1.0330913908834676,1.0978370160244422,1.0626717304125497,0.2881674512962221,0.27893703678025067,0.41174600000000006,0.45203000000000004,0.41174600000000006,0.30512311689691685,1.2929062497566899,91.12,ST/MT Ratio (Expanding EWM),COF
2023-07-20,1.030706544339342,1.2668175680796732,1.2290768648332127,0.2520651884570424,0.2445557271770406,0.2779944870308677,0.35216830000000005,0.2779944870308677,0.27909495624780095,1.4553558222674359,109.12,ST/MT Ratio (Expanding EWM),COF
2018-07-13,0.8862448178122115,1.0330279839991192,1.1656237229677204,0.14514960968258572,0.16378048905369375,0.19584425000000003,0.20231259075531952,0.19584425000000003,0.17495363626566154,1.5766894153618642,145.6,ST/MT Ratio (Expanding EWM),PNC
2018-10-12,1.582673091315859,1.1078413848419844,0.6999811843145117,0.4118643355714966,0.2602333595177676,0.174271,0.19306462597779747,0.174271,0.1161862474320408,1.7234323720696567,141.31,ST/MT Ratio (Expanding EWM),PNC
2019-01-16,0.8183890945257332,0.9996889427258311,1.2215325807892925,0.15421145790202365,0.18843293359302538,0.31405186913260785,0.3139541810142478,0.31405186913260785,0.22618655758808967,1.5942494771739988,118.32,ST/MT Ratio (Expanding EWM),PNC
2019-04-12,1.0179399834826535,1.0115311512576237,0.993704115832936,0.19352361629261858,0.19011299235002135,0.1888738,0.1910517323564022,0.1888738,0.1536669673785437,1.328965519967429,128.93,ST/MT Ratio (Expanding EWM),PNC
2019-07-17,0.9305212690065839,1.0489171629489826,1.1272360964610697,0.13488501924338356,0.14495640641012492,0.22407607347815897,0.2350372392774583,0.22407607347815897,0.16635660434938365,1.604964211598117,132.54,ST/MT Ratio (Expanding EWM),PNC
2019-10-16,0.7011328311286319,1.0331197525951987,1.4735007501105872,0.1028541133180055,0.1466970433440387,0.21858844403547417,0.22582803922209854,0.21858844403547417,0.19186628186341148,0.985008226532733,140.5,ST/MT Ratio (Expanding EWM),PNC
2020-01-15,1.3243838852605303,1.1310901095412853,0.8540500395161328,0.19523248761632778,0.1474138199574378,0.1589238172818131,0.1797571578980052,0.1589238172818131,0.10468803373483089,1.105885960078918,159.0,ST/MT Ratio (Expanding EWM),PNC
2020-04-15,1.35051574364767,0.8493117681909489,0.6288795759588879,0.7555893719274112,0.559482090809697,1.1740192147867328,0.9971083352006694,1.1740192147867328,0.34127502084454725,1.2305078064529515,89.97,ST/MT Ratio (Expanding EWM),PNC
2020-07-15,0.8037070876778302,0.8917009197847723,1.1094849522369956,0.282622545304194,0.3516486909687234,0.5853490488643921,0.52195628526752,0.5853490488643921,0.4476428888535761,1.317486197255063,112.97,ST/MT Ratio (Expanding EWM),PNC
2020-10-14,0.9102515825371442,1.0276685300124624,1.12899395038462,0.24415261449022121,0.26822542160233837,0.34121077788573106,0.35065157853423806,0.34121077788573106,0.2725802265094478,1.1692582828164095,114.18,ST/MT Ratio (Expanding EWM),PNC
2021-01-15,0.9511119977382873,1.0980006320774447,1.1544388407342707,0.29738643776552853,0.3126723650555388,0.29274406341507025,0.3214331666666667,0.29274406341507025,0.34724944720996714,0.9714236610644956,145.25,ST/MT Ratio (Expanding EWM),PNC
2021-04-16,1.0261980156698878,1.0970546248658983,1.0690476965595732,0.2948095051869893,0.2872832539970775,0.27062766666666666,0.29689333333333334,0.27062766666666666,0.2787744623161866,1.1359365653202946,178.43,ST/MT Ratio (Expanding EWM),PNC
2021-07-14,1.0133729114232546,1.0276041068251223,1.0140433943333658,0.22743919130946452,0.22443780443078196,0.2388855161657682,0.24547973747298252,0.2388855161657682,0.20646825995980259,1.0209134762166454,187.11,ST/MT Ratio (Expanding EWM),PNC
2021-10-15,1.2727778101497977,1.070646857929839,0.8411891293138044,0.2503067208359209,0.19666175733096844,0.2492026180470838,0.26680800000000005,0.2492026180470838,0.1738267595407308,1.2053933831976107,190.18,ST/MT Ratio (Expanding EWM),PNC
2022-01-18,1.1150265288988257,1.0090490415721451,0.9049551875403884,0.27896989468085615,0.25019126222616456,0.29675022180892763,0.2994355269026199,0.29675022180892763,0.21751417530481565,1.408023322018711,192.55,ST/MT Ratio (Expanding EWM),PNC
2022-04-14,0.8823418998917261,0.9386190132745695,1.0637815266278858,0.19787816964815858,0.22426473192811153,0.37191501031088053,0.3490865,0.37191501031088053,0.2587471327260353,1.415917751689008,185.24,ST/MT Ratio (Expanding EWM),PNC
2022-07-15,0.9693261490891699,0.9646290878132127,0.995154302522045,0.17346293310277938,0.178952082604781,0.35693771248443984,0.34431249999999997,0.35693771248443984,0.19352309912938478,1.416195779117366,156.51,ST/MT Ratio (Expanding EWM),PNC
2022-10-14,1.2559703400818374,0.999875370823297,0.7960979164190665,0.21326089233113152,0.16979771378776007,0.2999126278638935,0.29987525,0.2999126278638935,0.12657566957586242,1.6400670710435399,162.41,ST/MT Ratio (Expanding EWM),PNC
2023-01-18,1.2914741219983104,1.1346420012564007,0.8785634817837141,0.3536282715295871,0.273817543461432,0.2611701529397516,0.296334625,0.2611701529397516,0.24854747362751756,1.438652379939856,150.16,ST/MT Ratio (Expanding EWM),PNC
2023-04-14,0.9683673373070693,0.9106918705344613,0.9404405079037491,0.27356839992958837,0.28250477829038945,0.566421,0.515835,0.566421,0.2765139883794702,1.333647890097506,125.05,ST/MT Ratio (Expanding EWM),PNC
2023-07-18,0.8838363320191901,1.0796268360277084,1.2215234845134961,0.21870562897013432,0.2474503718018527,0.27278633677526926,0.29450744968427284,0.27278633677526926,0.2851528909899068,1.633106963840452,128.47,ST/MT Ratio (Expanding EWM),PNC
2023-10-13,,1.121563426631415,,,,0.24670950056476015,0.2767003528359374,0.24670950056476015,0.19077400440655087,1.4335445503414963,160.0,ST/MT Ratio (Expanding EWM),PNC
2023-04-20,0.9503996858349846,1.0632715874773553,1.118762562030106,0.4590997527577468,0.48305966384490057,0.5903029018383482,0.6276523035301499,0.5903029018383482,0.607125392071126,1.435604906292854,33.7,ST/MT Ratio (Expanding EWM),TFC
2023-07-20,1.1286484398827539,1.0381261475982442,0.9197958468857554,0.42823311735066705,0.379421175113796,0.38897392280718524,0.40380400000000005,0.38897392280718524,0.39189262980391504,1.379820072362202,31.35,ST/MT Ratio (Expanding EWM),TFC
2017-04-20,1.0395570937241225,1.0399185363387953,1.0003476890464744,0.2333556838675096,0.2244760631968113,0.27089814264857087,0.281712,0.27089814264857087,0.23259492395722384,1.5995740265813256,16.9,ST/MT Ratio (Expanding EWM),KEY
2017-07-20,1.182705713714886,1.0803348429562547,0.9134434969143053,0.2478947758496293,0.20959971104814423,0.21691793199850457,0.23434399999999997,0.21691793199850457,0.18926679905135688,1.5517982433786928,18.57,ST/MT Ratio (Expanding EWM),KEY
2017-10-19,1.0080603449215262,1.1546831472642387,1.1454504217742307,0.17210757624273035,0.17073142209172834,0.21814555845626926,0.251889,0.21814555845626926,0.19603721571085134,1.3636594212088162,18.12,ST/MT Ratio (Expanding EWM),KEY
2018-01-18,0.9837085774260191,1.153196694159908,1.172295048171048,0.16702241724402275,0.16978851366840284,0.20001466459980682,0.23065625,0.20001466459980682,0.19000680214929266,1.4754676413674477,20.12,ST/MT Ratio (Expanding EWM),KEY
2018-04-19,1.3177276447908928,1.0961320909506989,0.8318350876858485,0.3210670927845907,0.24365208854333487,0.23159800000000003,0.253862,0.23159800000000003,0.16993731017087313,0.6636158362845136,20.93,ST/MT Ratio (Expanding EWM),KEY
2018-07-19,0.9729920570581981,1.1244608191345906,1.1556731742850523,0.18665894351429874,0.19184015137662527,0.2191196845699152,0.24639149999999996,0.2191196845699152,0.19592725018359844,1.6688403346185936,20.57,ST/MT Ratio (Expanding EWM),KEY
2018-10-18,1.1659006608497344,1.1472095900765416,0.9839685563265995,0.27259774252981306,0.2338087211745276,0.19723787679851829,0.22627318378959557,0.19723787679851829,0.18996990124007868,1.3680507175700152,19.74,ST/MT Ratio (Expanding EWM),KEY
2019-01-17,1.099765714045199,1.007199264096244,0.9158307548900813,0.2730515659232054,0.24828157709959606,0.37763816244680276,0.38035687931107753,0.37763816244680276,0.23457271376117267,1.21440493230223,14.78,ST/MT Ratio (Expanding EWM),KEY
2019-07-23,1.132242549522763,1.0109948197012848,0.8929136430417812,0.23047636684248568,0.20355741527257634,0.27997225552909555,0.2830505,0.27997225552909555,0.20416423966547384,0.8901210396386986,17.1,ST/MT Ratio (Expanding EWM),KEY
2019-10-17,0.8509647452226323,1.0253296430180912,1.2049026105656597,0.1737956385373513,0.20423365305443095,0.2781787366435223,0.2852249047379263,0.2781787366435223,0.261038286942528,1.0408158894442496,18.13,ST/MT Ratio (Expanding EWM),KEY
2020-01-23,0.992044311046249,1.1809294729884525,1.1903999245184902,0.14758075372521268,0.14876427603275927,0.1863718410236952,0.220092,0.1863718410236952,0.15847884139927382,1.018475803714718,20.35,ST/MT Ratio (Expanding EWM),KEY
2020-07-22,0.9570959934180955,0.9731227725918107,1.016745216032593,0.5341559747422443,0.55810073223126,0.6052961831642136,0.5890275,0.6052961831642136,0.6004357229444159,1.180918015259756,13.39,ST/MT Ratio (Expanding EWM),KEY
2020-10-21,1.1512832301409683,1.0377970271024295,0.9014263388300696,0.4331508408473725,0.37623308453327814,0.4370647517332228,0.4535845,0.4370647517332228,0.37379089174995334,1.0553708829922361,12.05,ST/MT Ratio (Expanding EWM),KEY
2021-01-21,0.7725498912700846,1.0728834042518698,1.3887561390864116,0.34493617711661684,0.44649048691151344,0.37008425,0.39705725000000003,0.37008425,0.5045613147222798,1.2118039668035694,15.74,ST/MT Ratio (Expanding EWM),KEY
2021-04-20,0.9516722855105889,1.0666380734212548,1.1208039675643016,0.30148368060623804,0.3167935908152319,0.34471439672188353,0.3676855,0.34471439672188353,0.3460689391680124,1.1560209523854896,19.92,ST/MT Ratio (Expanding EWM),KEY
2021-07-20,1.0316809783574576,1.073292325371095,1.040333540974931,0.28858479834000145,0.2797229031007804,0.28434238537434986,0.3051825,0.28434238537434986,0.28521855002772095,3.293966142807987,20.59,ST/MT Ratio (Expanding EWM),KEY
2021-10-21,0.8143238794104125,1.0300631914881508,1.264930597680542,0.17008886156431893,0.2088712683796855,0.30418522143998417,0.31333,0.30418522143998417,0.23703858952241194,1.0486852425772881,19.93,ST/MT Ratio (Expanding EWM),KEY
2023-04-20,0.71824978964719,1.011669975626838,1.4085210886365567,0.4715373982430658,0.6565089263370181,0.6765462220779214,0.6844415,0.6765462220779214,0.8689027374145174,1.255218258299361,12.76,ST/MT Ratio (Expanding EWM),KEY
2023-07-20,1.0630126538099844,1.1383132909214377,1.070837009175352,0.5529546048480812,0.5201768792367761,0.4632042023977302,0.5272715,0.4632042023977302,0.5653607855853389,1.2422993175602115,9.85,ST/MT Ratio (Expanding EWM),KEY
2015-01-20,1.1553841210354148,1.175746664248108,1.0176240462734116,0.1592975150865244,0.13787407338069313,0.12278367814236586,0.1443625,0.12278367814236586,0.11497600283363694,1.3293765888943827,106.74,ST/MT Ratio (Expanding EWM),JNJ
2015-04-14,0.9658185048262066,1.0301935576527093,1.0666533644828917,0.11285821393078846,0.11685240380758354,0.14584795206885454,0.15025162061817507,0.14584795206885454,0.13451133798041245,1.3776454183103053,101.06,ST/MT Ratio (Expanding EWM),JNJ
2015-07-14,1.2491097064786123,1.0799863768258828,0.8646049031757922,0.09565240722354999,0.07657646620424191,0.13831999347998422,0.1493837086010279,0.13831999347998422,0.07315790397481259,1.7426121024006107,97.49,ST/MT Ratio (Expanding EWM),JNJ
2015-10-13,1.046488008585268,0.9750139307522947,0.9317010063692961,0.14753080332882687,0.14097706052864536,0.21413261483083684,0.20878228248848135,0.21413261483083684,0.0984034025739804,2.512857142857143,93.32,ST/MT Ratio (Expanding EWM),JNJ
2016-01-26,1.4402480310352272,1.092788802628845,0.758750422899982,0.21215537635144177,0.14730475014011848,0.13444661003714597,0.14692175000000002,0.13444661003714597,0.09076930012497661,1.626371684022919,103.22,ST/MT Ratio (Expanding EWM),JNJ
2016-04-19,0.7948496197090009,1.171210004235331,1.4734988546187113,0.09974256077236525,0.12548607723921612,0.1252254074586359,0.14666525,0.1252254074586359,0.15071654696862866,1.9678711390847161,107.28,ST/MT Ratio (Expanding EWM),JNJ
2016-07-19,1.0551876829172753,1.0568551983758703,1.001580302239678,0.13289419065542626,0.12594365230649202,0.13519626455883102,0.142882875,0.13519626455883102,0.09209578376118456,2.8032355639114845,116.54,ST/MT Ratio (Expanding EWM),JNJ
2016-10-18,1.4013446102429454,1.1637703069227308,0.8304668947354589,0.1827297340291467,0.13039600159269002,0.11102276732050928,0.12920500000000001,0.11102276732050928,0.09411209063098863,2.122457524405562,117.66,ST/MT Ratio (Expanding EWM),JNJ
2017-01-24,1.178253619316508,1.2045396194010916,1.0223092886401077,0.16793027985115666,0.14252473075242592,0.12397408735650317,0.1493317,0.12397408735650317,0.14647876128453186,1.4818832367321826,115.96,ST/MT Ratio (Expanding EWM),JNJ
2017-04-18,1.2645708566173415,1.1271872852426992,0.8913595306615433,0.14944439747668942,0.11817795475410929,0.10972453435133447,0.1236801,0.10972453435133447,0.09629075860482898,1.2608258403082844,128.07,ST/MT Ratio (Expanding EWM),JNJ
2017-07-18,1.1519924515010929,1.1499110548997171,0.9981932202779076,0.1280760838877856,0.11117788464750553,0.10587653669493387,0.12174860000000001,0.10587653669493387,0.10068879513602692,1.2086192871043278,134.07,ST/MT Ratio (Expanding EWM),JNJ
2017-10-17,1.2385822170331038,1.1977628254941655,0.9670434542191984,0.180055326497945,0.14537212307895797,0.1075928783704164,0.12887075000000003,0.1075928783704164,0.12013082805935064,1.094935767292075,135.38,ST/MT Ratio (Expanding EWM),JNJ
2018-01-23,1.4633510527018612,1.3048756854162529,0.8917037938415345,0.24146048748039442,0.16500516881070565,0.10094448189367677,0.13172,0.10094448189367677,0.10961014419144093,1.754146150949186,140.12,ST/MT Ratio (Expanding EWM),JNJ
2018-04-17,1.0516731858535338,1.0821179873545044,1.0289489186474425,0.16896803884259892,0.1606659189522505,0.17687867888411296,0.1914036,0.17687867888411296,0.16922595200030474,1.2094675664241574,130.24,ST/MT Ratio (Expanding EWM),JNJ
2018-07-17,1.3423203994989195,1.0948641651588342,0.8156503958127589,0.20271041302110288,0.1510149239308093,0.15207923073803828,0.1665061,0.15207923073803828,0.10495309575153655,1.1586330625933192,121.32,ST/MT Ratio (Expanding EWM),JNJ
2018-10-16,1.1473741998083624,1.1691061438927888,1.0189405898163442,0.17576537619933819,0.15318923523702643,0.13173934131905118,0.15401727332849185,0.13173934131905118,0.14611019247786622,1.3758509719319132,139.96,ST/MT Ratio (Expanding EWM),JNJ
2019-01-22,0.6221928336258791,1.0024871795295773,1.6112162103949386,0.1458137474997061,0.23435459172675566,0.3210583701938544,0.3218569,0.3210583701938544,0.31266779417934354,1.4566446811654556,122.84,ST/MT Ratio (Expanding EWM),JNJ
2019-04-16,0.9526980062739274,1.0902465450632997,1.144377901374366,0.1069959145073266,0.1123083220524367,0.12788235893185523,0.13942329999999997,0.12788235893185523,0.11490828078163526,1.642416862891878,137.17,ST/MT Ratio (Expanding EWM),JNJ
2019-07-16,1.1306003825237219,1.0730104619759167,0.9490625322280068,0.20704511560263542,0.18312846767349406,0.16103226078483796,0.17278930053776526,0.16103226078483796,0.1494446673426803,1.928769855049458,139.44,ST/MT Ratio (Expanding EWM),JNJ
2019-10-15,1.5159278300255838,1.1239870673649444,0.7414515685393646,0.38827881350800325,0.25613278272056683,0.16955144895915944,0.19057363588308268,0.16955144895915944,0.1740375668453901,1.2746661515254891,129.54,ST/MT Ratio (Expanding EWM),JNJ
2020-01-22,0.9274299010326513,1.1833852293940386,1.27598347656938,0.1232250478812023,0.13286723637441145,0.12512676598345635,0.14807316666666667,0.12512676598345635,0.16195814001112024,1.1729170813075167,146.44,ST/MT Ratio (Expanding EWM),JNJ
2020-04-14,0.962051224376515,0.9466733877780101,0.9840155740059777,0.3488118885522104,0.3625710146341407,0.6363071113891018,0.6023750088059606,0.6363071113891018,0.2552070226794571,1.213838621671228,127.13,ST/MT Ratio (Expanding EWM),JNJ
2020-07-16,0.7915411556588664,1.0257282009191764,1.2958621211115375,0.15730735399602613,0.19873553367554966,0.26070691283196545,0.2674144326663245,0.26070691283196545,0.2492476393345064,1.2614683021819817,144.46,ST/MT Ratio (Expanding EWM),JNJ
2020-10-13,0.9347640190748777,1.0685557182899375,1.1431288501535086,0.14069988683198217,0.15051915131610522,0.20217055616188334,0.21603050385663738,0.20217055616188334,0.13415648061039614,1.4392802899712078,148.35,ST/MT Ratio (Expanding EWM),JNJ
2021-01-26,1.2077775744092705,1.1815480369428177,0.9782828080085179,0.21739681070892114,0.17999738968100223,0.2193689904226416,0.25919499999999995,0.2193689904226416,0.16672804163024632,1.0119780316862006,153.19,ST/MT Ratio (Expanding EWM),JNJ
2021-04-20,1.1318649737969888,1.144997778542366,1.0116028016145084,0.20195977369857593,0.17843097752294207,0.15505750607308347,0.1775405,0.15505750607308347,0.17013261059925755,0.9966792996461225,160.5,ST/MT Ratio (Expanding EWM),JNJ
2021-07-21,0.7013274570527745,1.1515062976449304,1.6418953600989274,0.08124767834600807,0.1158484207754242,0.1331180301084781,0.15328625,0.1331180301084781,0.149660560855716,1.396779886311568,163.84,ST/MT Ratio (Expanding EWM),JNJ
2021-10-19,1.052806461182726,1.0035382466317317,0.9532029709471519,0.13556246579494924,0.12876295007028923,0.19299015324033997,0.19367299999999998,0.19299015324033997,0.11191072724731418,1.6762905676715028,163.81,ST/MT Ratio (Expanding EWM),JNJ
2022-01-25,1.2136292200959824,1.0624642064160597,0.8754438248710199,0.27812360135815034,0.22916686311833723,0.14565008314209588,0.154748,0.14565008314209588,0.21489247383584112,1.5884817258149948,169.67,ST/MT Ratio (Expanding EWM),JNJ
2022-04-19,0.818592278263356,1.1386776988332676,1.3910193500102066,0.19276521129054858,0.23548378894985436,0.16424270027561555,0.1870195,0.16424270027561555,0.27952211368381613,1.4177449907953361,175.83,ST/MT Ratio (Expanding EWM),JNJ
2022-07-19,1.0492840595916058,1.0543795867047725,1.004856194151229,0.24733579792754343,0.2357186270644477,0.20133640927500246,0.212285,0.20133640927500246,0.2556915297065838,2.2505149147727272,169.46,ST/MT Ratio (Expanding EWM),JNJ
2022-10-18,0.9411677474035988,1.0214565345933753,1.0853076270529556,0.2015054045427489,0.21410147670130245,0.19092819534883182,0.19502485277718473,0.19092819534883182,0.21724252356999119,1.2748509029819401,166.28,ST/MT Ratio (Expanding EWM),JNJ
2023-01-24,0.8797997310906255,1.1886122733584987,1.3510032242054224,0.1589637196196285,0.18068170971429193,0.14780681971555873,0.17568500000000004,0.14780681971555873,0.18766776506893465,1.2976414894767274,177.48,ST/MT Ratio (Expanding EWM),JNJ
2023-04-18,1.1421539745961804,1.0537632279125644,0.9226104810300491,0.22451000935992682,0.19656720052942467,0.17977056454982915,0.189435610383692,0.17977056454982915,0.16251755755867497,1.3436927910811431,153.89,ST/MT Ratio (Expanding EWM),JNJ
2023-07-20,1.415643560718967,1.1976229358429926,0.8459918648128858,0.3335395788601464,0.2356098583818307,0.10560794738869399,0.1264785,0.10560794738869399,0.16159826090262377,1.9534620440230068,164.13,ST/MT Ratio (Expanding EWM),JNJ
2015-01-27,1.057407776134173,1.0829152023036974,1.0241226012757143,0.14750013136370083,0.13949219467909865,0.16430141494135392,0.1779245,0.16430141494135392,0.12640235868357544,2.0424822401725464,31.39,ST/MT Ratio (Expanding EWM),PFE
2015-04-28,0.8765197637722643,1.0333308948620696,1.1789019912282865,0.10071722975895925,0.11490582862102744,0.15265095231094658,0.15773894515301753,0.15265095231094658,0.13221934780941122,1.564731597442812,35.0,ST/MT Ratio (Expanding EWM),PFE
2015-07-28,1.1320215795953468,1.0172184404250786,0.8985857326047567,0.10836061292914535,0.09572309828923933,0.16316111997600408,0.1659705,0.16316111997600408,0.07734230353677625,2.0276595479111803,33.59,ST/MT Ratio (Expanding EWM),PFE
2015-10-27,1.3043676592569249,0.9147257551715336,0.7012790823812948,0.2504746162181497,0.19202761923799969,0.3723121362600487,0.3405635,0.3723121362600487,0.14597904673786996,1.4992428152046091,30.82,ST/MT Ratio (Expanding EWM),PFE
2016-02-02,1.3100186058129442,1.0375759253878465,0.7920314419839626,0.2551952387528484,0.19480275899935376,0.19516016835594868,0.20249349228077138,0.19516016835594868,0.1699600500306941,1.2814944433068376,31.95,ST/MT Ratio (Expanding EWM),PFE
2016-05-03,0.9816278432965994,1.0108077326920155,1.029726020502252,0.19652431747702792,0.20020246860260257,0.16592539516056784,0.1677186724782803,0.16592539516056784,0.1712373942607887,1.0945348289052745,30.72,ST/MT Ratio (Expanding EWM),PFE
2016-08-02,1.2818451095096692,1.2026176854020783,0.9381926696760602,0.19893208474748197,0.15519198323702102,0.12770515844431377,0.15358048206220629,0.12770515844431377,0.13611342350442374,1.6073958202293896,35.57,ST/MT Ratio (Expanding EWM),PFE
2016-11-01,1.2592379631426838,1.1577402882168226,0.9193975420876344,0.14288051826887185,0.11346585986995225,0.1501035380884884,0.17378091344893137,0.1501035380884884,0.10463331542213532,0.7709200889280112,33.68,ST/MT Ratio (Expanding EWM),PFE
2017-01-31,0.7368657541696926,1.0955571079040365,1.4867797854692282,0.1187421385687717,0.16114487326469865,0.17093323649846895,0.18726712222293934,0.17093323649846895,0.1988297218957431,0.6658941737009353,32.48,ST/MT Ratio (Expanding EWM),PFE
2017-05-02,0.7307036516859813,1.1857816321919044,1.6227941785372275,0.05609655738934241,0.07677059948983232,0.11582154841351613,0.13733906472077284,0.11582154841351613,0.09490080909879108,1.7749036357342753,34.24,ST/MT Ratio (Expanding EWM),PFE
2017-08-01,1.0762930418537302,1.11690332252788,1.0377316205670208,0.12261034124446955,0.1139191061137906,0.11892834277099373,0.13283146118365746,0.11892834277099373,0.13207819360502923,1.1498922645544298,33.82,ST/MT Ratio (Expanding EWM),PFE
2017-10-31,0.9337052092229008,1.1105651627743158,1.1894173362260783,0.10818383329933687,0.11586508485839501,0.12944311507284778,0.1437550141608917,0.12944311507284778,0.12792067420806366,1.1480242729283787,36.07,ST/MT Ratio (Expanding EWM),PFE
2018-01-30,1.4845895561564129,1.2659548140648458,0.8527305131678211,0.2398978925862006,0.16159206535663215,0.1058941350987533,0.1340571901094999,0.1058941350987533,0.09169086322169698,2.353529564990883,36.22,ST/MT Ratio (Expanding EWM),PFE
2018-05-01,1.1970099531714913,0.900864566561069,0.7525957191702694,0.20353568734803637,0.17003675433839652,0.22943806204772135,0.20669262031923213,0.22943806204772135,0.1403985191556705,1.8219213794901399,35.05,ST/MT Ratio (Expanding EWM),PFE
2018-07-31,1.4439426796871033,1.1487200433586462,0.7955440749265541,0.21521336952879705,0.14904564603314652,0.12738206351697481,0.14632632952633312,0.12738206351697481,0.11026065529635705,2.6141002896071015,36.33,ST/MT Ratio (Expanding EWM),PFE
2018-10-30,1.2064871959916492,1.1226213748480611,0.9304875995184879,0.18445426367156634,0.1528853884934582,0.13670808312267665,0.1534714162280223,0.13670808312267665,0.12619596944285924,2.0585579937304077,44.27,ST/MT Ratio (Expanding EWM),PFE
2019-01-29,1.2251200747544555,1.031642467306513,0.8420745758437431,0.26523669913756515,0.21649853316682055,0.2556055020425315,0.2636934907842772,0.2556055020425315,0.17616766963311548,1.4963054340131887,43.65,ST/MT Ratio (Expanding EWM),PFE
2019-04-30,1.1152755495156323,1.077477862745171,0.966109104797575,0.1963280404995859,0.1760354565155237,0.1551525215447546,0.16717340731356628,0.1551525215447546,0.15107290571461682,2.0850663385761314,42.84,ST/MT Ratio (Expanding EWM),PFE
2019-07-29,1.4460763613866663,1.112644235093335,0.7694228775210752,0.3509381144547982,0.24268297568897257,0.16783614410081937,0.1867419181740709,0.16783614410081937,0.14758465489788922,1.6267826820416635,43.32,ST/MT Ratio (Expanding EWM),PFE
2019-10-29,0.9893174856461786,1.1487440693089606,1.1611480500202132,0.15867305399233012,0.1603863838398569,0.19407535300308254,0.22294291076133402,0.19407535300308254,0.1892868669486507,1.4098024815430403,35.93,ST/MT Ratio (Expanding EWM),PFE
2020-01-28,1.5306066650875603,1.1448865909524477,0.747995299554607,0.3689368872027203,0.24103964501004888,0.15810503395165681,0.18101233333333336,0.15810503395165681,0.12141450750966691,1.7708027396294685,38.91,ST/MT Ratio (Expanding EWM),PFE
2020-04-28,0.7309318124762669,1.0034486573748802,1.372834839374927,0.23082616181039775,0.3157971207032292,0.49117423060642407,0.49286812223915605,0.49117423060642407,0.3886037753030604,1.2747790090795479,32.67,ST/MT Ratio (Expanding EWM),PFE
2020-07-28,1.088631965322448,0.965941635327372,0.887298615231516,0.33717893537735855,0.3097272045263595,0.3441148214101774,0.3323948333333333,0.3441148214101774,0.2788021588454448,1.1416336432263023,32.64,ST/MT Ratio (Expanding EWM),PFE
2020-10-27,1.1445648750939466,1.1777516012860507,1.0289950590956063,0.24529060919094126,0.21430904838033552,0.27989843781436574,0.32965083333333334,0.27989843781436574,0.2037337722364231,0.8918988190919792,36.39,ST/MT Ratio (Expanding EWM),PFE
2021-02-02,0.8911778217100275,1.0576182038045832,1.1867645020330322,0.2371835021476654,0.2661461005532524,0.2867948752618644,0.3033194808348125,0.2867948752618644,0.3130449356508959,1.0617228253969113,36.81,ST/MT Ratio (Expanding EWM),PFE
2021-05-04,1.1743829194494415,1.5768644610931835,1.342717468874997,0.23330752779052802,0.1986639314372046,0.15286702040261485,0.24105057174608993,0.15286702040261485,0.1937523786466787,1.493023659688041,36.28,ST/MT Ratio (Expanding EWM),PFE
2021-07-28,1.3009279146359913,1.1901412778012366,0.9148402954626785,0.24519516755461498,0.1884771360473284,0.15457548620323597,0.18396666666666667,0.15457548620323597,0.17016169078477203,1.1601942737679423,39.12,ST/MT Ratio (Expanding EWM),PFE
2021-11-02,1.6937335791872046,1.0118129408457628,0.5973861257042063,0.6506566360923322,0.38415524382800026,0.2669749928670927,0.2701287526651296,0.2669749928670927,0.23699044696309182,1.2877447576492531,42.42,ST/MT Ratio (Expanding EWM),PFE
2022-02-08,0.8386641643882228,1.0150794849252578,1.2103527586226652,0.33399239829315125,0.39824331654469514,0.351559907671936,0.35686125,0.351559907671936,0.5013395187142358,0.9626077903047773,56.24,ST/MT Ratio (Expanding EWM),PFE
2022-05-03,0.9569318868040388,1.0919261040940558,1.141069828638348,0.29159718310419785,0.3047209389981497,0.2592671101471558,0.28310052550270826,0.2592671101471558,0.28240128922637947,1.330489417521727,50.94,ST/MT Ratio (Expanding EWM),PFE
2022-07-28,1.0424939408288785,1.0671658059704683,1.0236661952413588,0.27298002577962094,0.26185286560282234,0.28976120511919506,0.30922325,0.28976120511919506,0.24794491060489154,1.3071901818086964,50.66,ST/MT Ratio (Expanding EWM),PFE
2022-11-01,1.0203831063680375,1.0675547463074813,1.046229342337259,0.22135018081840646,0.21692850404617406,0.2976914076246672,0.3178018751446686,0.2976914076246672,0.2101602236151828,1.4121401796449538,44.14,ST/MT Ratio (Expanding EWM),PFE
2023-01-31,0.8122193409515392,1.0766727838839512,1.3255936292068553,0.1999387665744044,0.2461635133437849,0.2502807761406597,0.26947050000000006,0.2502807761406597,0.23181338977711125,1.198191282808801,51.24,ST/MT Ratio (Expanding EWM),PFE
2023-05-02,0.9024216219901523,1.1898780979101493,1.3185389943184826,0.136649260495151,0.1514250735634991,0.1724703987412134,0.20521875,0.1724703987412134,0.1690457217108771,1.3812732028349646,41.35,ST/MT Ratio (Expanding EWM),PFE
2023-08-01,0.8149466413217509,1.2396725201420777,1.5211701690450183,0.16226228130073758,0.19910785942692713,0.16623099782544365,0.20607199999999998,0.16623099782544365,0.24549642247439493,1.3277318997855792,36.65,ST/MT Ratio (Expanding EWM),PFE
2015-01-21,1.294414217764256,1.2116484348589653,0.9360592754858289,0.22923564009135042,0.17709604618473046,0.17323795744797257,0.20990350000000002,0.17323795744797257,0.1413654303266549,1.0236251460918926,103.04,ST/MT Ratio (Expanding EWM),UNH
2015-04-16,1.2731641739534325,1.1140591563554272,0.8750318137652648,0.24888342325446308,0.19548415541856606,0.2030290525504536,0.226186375,0.2030290525504536,0.16636211786574565,1.098633669623166,117.6,ST/MT Ratio (Expanding EWM),UNH
2015-07-16,0.9956637842647346,0.9922989343250191,0.9966204958009994,0.18117265927774126,0.18196168439683824,0.2566346329008234,0.25465827273837954,0.2566346329008234,0.15903950940171552,1.7047840346704388,121.55,ST/MT Ratio (Expanding EWM),UNH
2015-10-15,1.1826934038842132,1.0385788661961748,0.8781471705052755,0.26148659883879155,0.22109415507012614,0.25522747130274914,0.26507385776772596,0.25522747130274914,0.14587309597491405,1.3955861084047902,120.03,ST/MT Ratio (Expanding EWM),UNH
2016-01-19,1.1662929205571129,1.1513403012254138,0.9871793620040525,0.25943731225082367,0.22244610052755537,0.22001357872246147,0.25331050000000005,0.22001357872246147,0.24406653095171552,2.221650096836669,117.41,ST/MT Ratio (Expanding EWM),UNH
2016-04-19,1.1231647677478955,1.17848829597792,1.0492568230580772,0.1696033352809894,0.1510048571244521,0.17842239139550994,0.2102687,0.17842239139550994,0.14901330768824755,1.710083646948848,126.74,ST/MT Ratio (Expanding EWM),UNH
2016-07-19,0.9993610956658158,1.1823474377196088,1.1831033275633769,0.133582137671996,0.1336675384416461,0.17872284682035428,0.21131250000000001,0.17872284682035428,0.1134370367455937,1.858752282803955,138.52,ST/MT Ratio (Expanding EWM),UNH
2016-10-18,1.4560361862655973,1.1887811959506007,0.8164503102079866,0.2972178034817276,0.2041280335511605,0.1476407802640131,0.17551258333333333,0.1476407802640131,0.127215831083823,2.1589421570821217,137.68,ST/MT Ratio (Expanding EWM),UNH
2017-01-17,0.7928948911797787,1.2464706822791507,1.5720503387586204,0.13182165875340554,0.16625363616262306,0.1738432384175977,0.21669050000000004,0.1738432384175977,0.21208161389196897,1.9378619602218303,161.54,ST/MT Ratio (Expanding EWM),UNH
2017-04-18,0.7348458766401424,1.1975998759405502,1.6297293269388795,0.08112985263109639,0.11040390265512243,0.13674642365120748,0.16376749999999998,0.13674642365120748,0.1264962721238183,2.3911049454273643,168.0,ST/MT Ratio (Expanding EWM),UNH
2017-07-18,0.8980919994285975,1.2574379632504167,1.4001215510776732,0.09727527372949096,0.10831326166070004,0.14213173019792244,0.17872183333333333,0.14213173019792244,0.128727643202458,1.1119830536320385,183.02,ST/MT Ratio (Expanding EWM),UNH
2017-10-17,1.488270376705934,1.2863308638890827,0.8643126168621226,0.2905319564335535,0.1952144993147031,0.13175329776425782,0.16947833333333331,0.13175329776425782,0.0944057875590602,1.4304410116626094,198.19,ST/MT Ratio (Expanding EWM),UNH
2018-01-16,1.1171331079220872,1.2387615232253915,1.1088754907009586,0.18532199792710902,0.1658907041720529,0.16353793381677384,0.2025845,0.16353793381677384,0.17023415812406317,1.3573002524301634,222.67,ST/MT Ratio (Expanding EWM),UNH
2018-04-17,1.0030526465655647,1.0963771934957438,1.0930405270847157,0.2118630518828578,0.21121827713457847,0.1968030114210607,0.21577033333333334,0.1968030114210607,0.18081120698020056,1.2776564641054011,225.05,ST/MT Ratio (Expanding EWM),UNH
2018-07-17,1.2227611983601707,1.1905002061407137,0.9736162774360834,0.1910371530554445,0.15623422898243905,0.15873506281246608,0.18897412500000002,0.15873506281246608,0.14796696831134723,1.2484203395130085,254.87,ST/MT Ratio (Expanding EWM),UNH
2018-10-16,1.2912415056708872,1.2482141826029727,0.9666775557640095,0.18766096083195494,0.14533374276445085,0.14681715467366174,0.1832592547130789,0.14681715467366174,0.13677183102466323,1.817201271783314,263.87,ST/MT Ratio (Expanding EWM),UNH
2019-01-15,1.167964847078094,1.043859238920421,0.8937420004821646,0.20469034413643997,0.17525385686779468,0.26818142257713945,0.2799436556639686,0.26818142257713945,0.14586974245099332,1.4988092253697667,258.07,ST/MT Ratio (Expanding EWM),UNH
2019-04-16,1.3743073807337582,1.1260213208667693,0.8193373161290699,0.4381812323429239,0.3188378658848314,0.1862479831541431,0.20971920000000002,0.1862479831541431,0.24339494942514425,1.251811609240245,255.0,ST/MT Ratio (Expanding EWM),UNH
2019-07-18,1.0576212523963027,1.1519357147719573,1.0891760279608242,0.2599557356589137,0.24579284414899916,0.20139360373412699,0.23199248486797192,0.20139360373412699,0.22635006436866456,1.324467753984064,245.7,ST/MT Ratio (Expanding EWM),UNH
2019-10-15,1.2911657511317733,1.1809759227983758,0.9146586499550422,0.3771753274527846,0.2921199908858882,0.2159239872366659,0.25500103008112623,0.2159239872366659,0.2250767724494675,1.324046025595867,234.43,ST/MT Ratio (Expanding EWM),UNH
2020-01-15,1.154831528457728,1.255305209270708,1.0870028903238917,0.24664768304446466,0.21357893075006487,0.17238854376072435,0.21640023700142869,0.17238854376072435,0.21072449534192228,1.2812883379415156,292.03,ST/MT Ratio (Expanding EWM),UNH
2020-04-15,1.2517258925238564,0.8339382865426367,0.6662307550906101,0.5864589624828344,0.4685202774709377,1.009156808819777,0.8415745000000001,1.009156808819777,0.3838008531905371,1.1635782180654926,225.04,ST/MT Ratio (Expanding EWM),UNH
2020-07-15,1.0347648894936021,0.9828306678681697,0.9498106070734115,0.26628010673756614,0.25733392139723593,0.4066861567702258,0.3997036270712202,0.4066861567702258,0.29947071653064383,1.6347858381511342,286.28,ST/MT Ratio (Expanding EWM),UNH
2020-10-14,1.014876804053083,1.0613979902361104,1.0458392447213665,0.19574327550919346,0.1928739278772157,0.2906294962614441,0.3084735632352299,0.2906294962614441,0.18152194916553033,1.6616928201302168,308.57,ST/MT Ratio (Expanding EWM),UNH
2021-01-20,0.9348277001417855,1.0782722083186942,1.1534448627861074,0.19456153066649104,0.20812555151819084,0.2737516844597095,0.29517883333333333,0.2737516844597095,0.21604771760447564,1.086564393541382,336.08,ST/MT Ratio (Expanding EWM),UNH
2021-04-15,1.034946121724613,1.1037717712416326,1.0665016739251412,0.22867773560951077,0.22095617424842065,0.2300855352561933,0.2539619187868076,0.2300855352561933,0.20020456347065932,1.4223155507734313,354.6,ST/MT Ratio (Expanding EWM),UNH
2021-07-15,0.98662673634963,1.1969673867318247,1.2131917194545359,0.13770183196067998,0.13956831584572293,0.17474810826956838,0.20916778649175524,0.17474810826956838,0.1597477685159592,1.7006223771772182,400.28,ST/MT Ratio (Expanding EWM),UNH
2021-10-14,1.0824930178509502,1.1208291670857784,1.0354146849934756,0.18291916433907432,0.16897953272919924,0.21089904232754422,0.2363817979511697,0.21089904232754422,0.1754031143117011,1.1207928031440546,412.54,ST/MT Ratio (Expanding EWM),UNH
2022-01-19,1.0090563867501265,1.1131680381878053,1.1031772384623537,0.19135078679229675,0.18963339344056013,0.20658885611581165,0.22996811167390083,0.20658885611581165,0.15903171228766577,1.445343193898775,483.73,ST/MT Ratio (Expanding EWM),UNH
2022-04-14,0.953445343868614,1.0533391287396623,1.104771380460812,0.21172484669090674,0.22206290906181478,0.2922941592119429,0.30788487500000006,0.2922941592119429,0.21474090794604192,1.6182101369329613,497.91,ST/MT Ratio (Expanding EWM),UNH
2022-07-15,1.1903645701299213,1.060481350527063,0.8908878650608004,0.32526160292038686,0.27324536623673745,0.28263533333333335,0.2997295,0.28263533333333335,0.19517846284069312,1.3096803847977387,464.33,ST/MT Ratio (Expanding EWM),UNH
2022-10-14,1.0056038875154876,1.0781181591289206,1.0721101743078894,0.19338802308690328,0.1923103375870003,0.25879186525094905,0.27900820936189286,0.25879186525094905,0.19571482119774591,1.2572276011261152,509.77,ST/MT Ratio (Expanding EWM),UNH
2023-01-13,1.0205549209211835,1.146548355308981,1.1234558099764704,0.23940645778594782,0.23458459008737362,0.20664849696486107,0.2369324943221344,0.20664849696486107,0.2548321540270867,1.2879356188475741,538.36,ST/MT Ratio (Expanding EWM),UNH
2023-04-14,1.176317666929229,0.9965990639821154,0.8472193285881117,0.30829231839620197,0.2620825369400405,0.26187530429096373,0.2609846831364061,0.26187530429096373,0.22311464858659205,1.4495398216684403,465.43,ST/MT Ratio (Expanding EWM),UNH
2023-07-14,1.3155831070388926,1.00340779276638,0.7627095448381402,0.42375813331129913,0.3221067000967287,0.23973366666666668,0.24055062932179108,0.23973366666666668,0.26852655106146245,1.3639131526001143,459.86,ST/MT Ratio (Expanding EWM),UNH
2023-10-13,,1.0997220162624544,,,,0.19185364656321177,0.21098567902579957,0.19185364656321177,0.2206444206809395,1.3517043209992663,160.0,ST/MT Ratio (Expanding EWM),UNH
2015-01-30,1.4160852233660237,1.0552558123638993,0.745192305485375,0.43898690167369303,0.31000034067880783,0.26919339999999997,0.28406790000000004,0.26919339999999997,0.22673152924002554,1.1019651307920328,65.44,ST/MT Ratio (Expanding EWM),ABBV
2015-04-23,0.8631563871082635,1.1278872884021276,1.3067009701228796,0.20927087965426158,0.242448393801914,0.21716309999999997,0.24493550000000003,0.21716309999999997,0.28964712020427,1.1138460928360399,59.63,ST/MT Ratio (Expanding EWM),ABBV
2016-04-28,0.6916633762583435,1.1498179356969285,1.662395285286089,0.1593318102316203,0.23036033958245636,0.24460298562791957,0.28124889999999997,0.24460298562791957,0.2909713093631752,0.7208235209428122,57.05,ST/MT Ratio (Expanding EWM),ABBV
2017-04-27,0.8736103862340406,1.3562873690579194,1.5525082925176776,0.09433064761448443,0.10797793742027834,0.14138567118942996,0.19175960000000003,0.14138567118942996,0.12529264571731355,1.1030906304977017,65.98,ST/MT Ratio (Expanding EWM),ABBV
2018-11-02,1.277158261922944,1.2615296046258146,0.9877629439020359,0.3586078638396553,0.280785768319519,0.2060415714285714,0.25992754214076724,0.2060415714285714,0.21277439534058162,1.1424158135041218,96.01,ST/MT Ratio (Expanding EWM),ABBV
2019-04-25,0.8782481127372394,1.1400833337674694,1.298133542483988,0.15731977193156826,0.1791290748593232,0.22893063363842964,0.261,0.22893063363842964,0.19689784318816586,1.7012354938185419,80.76,ST/MT Ratio (Expanding EWM),ABBV
2019-11-01,0.9790841824372201,1.0777657050181397,1.1007896198826062,0.17471540848972666,0.17844778990792204,0.26237526935459743,0.282779067155282,0.26237526935459743,0.18971858788308138,1.0673677281746348,72.13,ST/MT Ratio (Expanding EWM),ABBV
2020-02-07,1.2999628140805701,1.2210840969574497,0.9393223280937392,0.3236832856785653,0.2489942651994227,0.18424000000000001,0.22497253402344053,0.18424000000000001,0.13157663409318163,1.7016602466758028,89.52,ST/MT Ratio (Expanding EWM),ABBV
2020-05-01,0.9931331776436056,0.8353332490582691,0.8411089951100552,0.3133409220293127,0.3155074556795823,0.5503476940529444,0.45972372738497225,0.5503476940529444,0.3654192967041724,1.1065503718775944,73.42,ST/MT Ratio (Expanding EWM),ABBV
2021-02-03,1.1180139567034495,1.0137220417490385,0.9067168040889902,0.2618397974185373,0.23420083072182046,0.28118725385409454,0.2850457170907779,0.28118725385409454,0.23184010842569636,1.0930997547706967,105.41,ST/MT Ratio (Expanding EWM),ABBV
2022-02-02,1.2333386727127864,1.2173610562791328,0.9870452319487314,0.27604590531875545,0.22382003534485748,0.20270112944847446,0.2467604610543681,0.20270112944847446,0.19309745447633092,1.2677230688280412,135.42,ST/MT Ratio (Expanding EWM),ABBV
2023-02-09,1.1022368738103767,1.1422502642361456,1.0363019885983715,0.2673011583348031,0.24250790795154278,0.22369013776321953,0.25551011896705733,0.22369013776321953,0.22087983325704555,0.9870111146962511,159.64,ST/MT Ratio (Expanding EWM),ABBV
2023-04-27,1.5106340934414821,1.238376293996609,0.8197725043894492,0.502703773741701,0.3327766637362567,0.17264825,0.21380350000000004,0.17264825,0.20586284550159223,1.32784962563485,158.25,ST/MT Ratio (Expanding EWM),ABBV
2023-07-27,1.1598348174807236,1.2800792273125345,1.1036737370007512,0.3242789801414632,0.279590658302386,0.16081621794003173,0.20585749999999997,0.16081621794003173,0.2546937207467181,1.2845648047423797,132.6,ST/MT Ratio (Expanding EWM),ABBV
2015-02-04,0.8441638810178911,1.045861480252567,1.238931804321537,0.17095764082740086,0.20251712335910474,0.20225543945543145,0.21153117329799098,0.20225543945543145,0.204829373839002,1.3948637852052224,58.04,ST/MT Ratio (Expanding EWM),MRK
2015-04-28,1.367149426993071,1.1478720720439313,0.8396098110274444,0.24230434605725765,0.1772332572235249,0.15826467992758958,0.18166760607985183,0.15826467992758958,0.1354432998204566,1.5681110882110472,58.34,ST/MT Ratio (Expanding EWM),MRK
2015-07-28,0.8414798787167979,0.9784162744167736,1.1627328224517914,0.09184740038743788,0.10914984744198424,0.19130878123585623,0.18717962500000002,0.19130878123585623,0.13789121246002634,1.5258437801350049,57.29,ST/MT Ratio (Expanding EWM),MRK
2015-10-27,0.9135379136109711,0.891926558896667,0.9763432317451608,0.16274233107813946,0.17814513076404517,0.37507432272656155,0.33453875,0.37507432272656155,0.19071771185248929,1.465623453524684,48.42,ST/MT Ratio (Expanding EWM),MRK
2016-02-03,1.5150205296235828,1.0369703208165943,0.6844595835768884,0.2907024206979011,0.191880185788722,0.2071740863126689,0.2148333787485331,0.2071740863126689,0.11645870597944083,1.596481865638404,52.48,ST/MT Ratio (Expanding EWM),MRK
2016-05-05,0.9156975166936014,1.1272578518750223,1.231037358215541,0.1184649475626305,0.12937126660601142,0.16673184453837492,0.18794978091348866,0.16673184453837492,0.15453376020149195,2.0470619942632364,54.24,ST/MT Ratio (Expanding EWM),MRK
2016-10-25,1.3144699514894338,1.0292726197314597,0.7830324448004191,0.2761273973069145,0.21006748537236083,0.2114912957237646,0.21768220000000005,0.2114912957237646,0.19825735160460226,1.0828107145106578,62.15,ST/MT Ratio (Expanding EWM),MRK
2017-02-02,1.085491572354902,1.1044064127182769,1.0174251379237709,0.23085657907050106,0.21267468578284127,0.19811651399206626,0.21880114851822818,0.19811651399206626,0.1841236841400638,0.8565339335528767,60.15,ST/MT Ratio (Expanding EWM),MRK
2017-05-02,0.9537942867348329,1.4006526515023239,1.4685060195707833,0.11383441780169444,0.11934902461136453,0.13185893345395572,0.18468856476655154,0.13185893345395572,0.13625888368428388,1.4343989923049272,63.47,ST/MT Ratio (Expanding EWM),MRK
2018-05-01,0.8994872721250307,0.9741272401891351,1.0829805716847645,0.18689560362664193,0.2077801536703268,0.2831681266459263,0.27584178571912366,0.2831681266459263,0.2062298252917457,1.1356944847220534,53.27,ST/MT Ratio (Expanding EWM),MRK
2018-10-25,1.3418364886177672,1.2174903596423223,0.9073313849860094,0.21715495673443977,0.1618341419215185,0.1419238479370216,0.17279091666666668,0.1419238479370216,0.13570323260938671,2.164800198625304,70.65,ST/MT Ratio (Expanding EWM),MRK
2019-02-01,1.088273219294168,1.1145556540487715,1.0241505848794568,0.1998579011939389,0.18364680638154698,0.2139955,0.23850989446599388,0.2139955,0.1544217983850083,1.543535759627592,75.59,ST/MT Ratio (Expanding EWM),MRK
2019-04-30,1.1617115949465173,1.1828034614785223,1.0181558543650209,0.21800809395831833,0.18766111563890772,0.14139794703998407,0.16724598120484993,0.14139794703998407,0.11480659480849488,2.1774725153184242,83.3,ST/MT Ratio (Expanding EWM),MRK
2019-07-30,0.9843405382827463,1.1655563426176774,1.1840986907346875,0.1995988900200432,0.20277422523739394,0.15552280964724846,0.18127059720607214,0.15552280964724846,0.16371400834006178,1.5223377215849847,84.75,ST/MT Ratio (Expanding EWM),MRK
2019-10-29,1.349456131043374,1.074993690834756,0.7966125508678753,0.30157889153164874,0.22348180470192364,0.20115217306106653,0.2162373169383475,0.20115217306106653,0.18658234567325285,1.5903954043969615,84.18,ST/MT Ratio (Expanding EWM),MRK
2020-02-05,1.2175150397009944,1.2143357011030214,0.9973886658527407,0.22776503351284624,0.18707369197573306,0.1500992466001444,0.18227087385522164,0.1500992466001444,0.1313674997204815,1.3229060592010329,91.64,ST/MT Ratio (Expanding EWM),MRK
2020-04-28,0.8639701973577242,0.9123266240067943,1.0559700170178998,0.2820048692057668,0.326405783519178,0.4585395907170722,0.41833787677236367,0.4585395907170722,0.392512306489879,1.3245698888338142,76.95,ST/MT Ratio (Expanding EWM),MRK
2020-10-27,0.9371842846364001,1.123906301493831,1.199237247058484,0.16154437081257042,0.1723720440694808,0.23865979721217206,0.26823125000000003,0.23865979721217206,0.18828462336907437,0.9593567884613574,82.76,ST/MT Ratio (Expanding EWM),MRK
2021-02-04,0.9316937947134805,0.9974991689443341,1.0706298298907213,0.17809647670222978,0.19115344302255333,0.25702731664122597,0.2563845347456151,0.25702731664122597,0.15715684786630377,1.3372088011550978,81.1,ST/MT Ratio (Expanding EWM),MRK
2021-04-29,1.3238853447298369,1.3688064649170948,1.0339312768783802,0.29938769612761723,0.2261432210269786,0.18340047072703214,0.25103975,0.18340047072703214,0.19955564103770373,1.2937787882017218,76.96,ST/MT Ratio (Expanding EWM),MRK
2021-07-29,0.9190816169909641,1.2957628168507964,1.4098452116723552,0.1620938533369975,0.17636502606556986,0.1475953630141519,0.19124858333333333,0.1475953630141519,0.20602716899020426,0.7532770426813571,77.21,ST/MT Ratio (Expanding EWM),MRK
2021-10-28,1.0596061162599792,1.0635366920123621,1.0037094687281123,0.29838396411112206,0.2815989446760726,0.2261276003039908,0.240495,0.2261276003039908,0.150206583385966,1.4529033827036526,73.32,ST/MT Ratio (Expanding EWM),MRK
2022-02-03,0.7557881634030967,1.1763829442888887,1.55649823753785,0.20985221095073464,0.2776600919572893,0.1881646192577832,0.22135364881346872,0.1881646192577832,0.3054671294673929,1.4195296680109584,77.01,ST/MT Ratio (Expanding EWM),MRK
2022-04-28,1.1676371475997003,1.22721012138398,1.0510201083502209,0.2843108060884176,0.24349242970975393,0.1719423359726167,0.211009375,0.1719423359726167,0.23435869136847745,1.168080286409698,81.57,ST/MT Ratio (Expanding EWM),MRK
2022-07-28,0.9319811868712472,1.1045659023643615,1.1851804713703484,0.2528749518783983,0.2713305326766568,0.2312065154163075,0.25538283333333334,0.2312065154163075,0.2768173693744217,1.563673246399656,91.89,ST/MT Ratio (Expanding EWM),MRK
2022-10-27,0.9417068962644152,1.05712956385786,1.1225675080551136,0.21677877676920948,0.2301977161143585,0.2722572298672042,0.2878111666666667,0.2722572298672042,0.2356339579490359,1.122843148903587,85.84,ST/MT Ratio (Expanding EWM),MRK
2023-02-02,1.1341563184508578,1.069064010109297,0.9426072867711301,0.30291793457963845,0.2670865820272408,0.2191272697522678,0.23426107772566107,0.2191272697522678,0.22773929788786443,1.2211575762277913,111.14,ST/MT Ratio (Expanding EWM),MRK
2023-04-27,0.9634459040764778,1.1460294048586024,1.1895109004144266,0.22093795387851342,0.22932055961179892,0.21560212499999998,0.247086375,0.21560212499999998,0.2580141921015046,1.3175196747797988,105.53,ST/MT Ratio (Expanding EWM),MRK
2023-08-01,0.9399775146372997,1.1522968235145659,1.2258770083018335,0.19357283129449174,0.20593346998218767,0.16222916853224173,0.18693615558111132,0.16222916853224173,0.1965717769254297,1.542146574059962,114.33,ST/MT Ratio (Expanding EWM),MRK
2022-10-26,1.2614086626095584,1.0697799196777724,0.8480835365952291,0.2527337613097505,0.20035835237321398,0.33714130669851816,0.360667,0.33714130669851816,0.1731159118286525,1.4089088888820491,514.31,ST/MT Ratio (Expanding EWM),TMO
2023-02-01,0.9961549267376745,1.0807802033089002,1.0849519229387006,0.24343357579220587,0.24437320868294135,0.2894102752526878,0.3127888961272847,0.2894102752526878,0.1628592550434033,1.2955944153438625,553.18,ST/MT Ratio (Expanding EWM),TMO
2023-04-26,1.1515786706799178,1.1304952767739669,0.9816917467796596,0.21513699222906102,0.18681918804734315,0.24688603812345197,0.2791035,0.24688603812345197,0.16624847530001233,1.497475208149386,561.69,ST/MT Ratio (Expanding EWM),TMO
2023-07-26,1.28469443875007,1.1025533085882557,0.8582222163746372,0.27889208564222784,0.21708826412728383,0.19311197775337025,0.21291625,0.19311197775337025,0.1590871035914388,1.4678583988344531,522.03,ST/MT Ratio (Expanding EWM),TMO
2016-07-20,0.8810504145148937,1.061371140898087,1.2046656166463277,0.14419599900558966,0.16366373209753718,0.1923839287991404,0.20419074999999998,0.1923839287991404,0.15527696373839298,2.362462154788355,37.75,ST/MT Ratio (Expanding EWM),ABT
2016-10-19,1.2705646718587273,1.151013289459746,0.9059068892383983,0.2358909934009442,0.18565839159989855,0.20217959453034187,0.23271140016200648,0.20217959453034187,0.13299384623815852,2.04225162043968,41.68,ST/MT Ratio (Expanding EWM),ABT
2017-01-25,0.8412214668270781,1.2015530527067229,1.42834330802178,0.13227818785220738,0.1572453783795303,0.19312394583321452,0.2320486666666667,0.19312394583321452,0.1806806050553811,2.029212384661377,38.6,ST/MT Ratio (Expanding EWM),ABT
2017-04-19,0.9162424281472049,1.1996289025675049,1.3092920232840064,0.09052040680077211,0.09879525769595661,0.14158420127798013,0.1698485,0.14158420127798013,0.11441632090404662,2.5150570560659125,44.98,ST/MT Ratio (Expanding EWM),ABT
2017-07-20,1.2021488926337514,1.100017399122292,0.9150425590895794,0.16020261939502883,0.13326354195947043,0.14048077657863964,0.15453129847871497,0.14048077657863964,0.10515927689542626,1.089538043975258,48.77,ST/MT Ratio (Expanding EWM),ABT
2017-10-18,0.8945996860417031,1.3226104826003973,1.4784383487238801,0.12673135011776931,0.14166263647879432,0.12880758234687767,0.17036225865039428,0.12880758234687767,0.11659193649606307,1.0989876221138954,52.08,ST/MT Ratio (Expanding EWM),ABT
2018-01-24,1.3770859034242564,1.4247514295762227,1.034613328067219,0.24444128080965613,0.1775061963831228,0.14768096546444634,0.2104086666666667,0.14768096546444634,0.13159154577531584,1.0774278790642475,57.0,ST/MT Ratio (Expanding EWM),ABT
2018-04-18,0.8870703603608711,1.1733204613394492,1.3226915403442496,0.10335176374317351,0.11650909371059219,0.17531090375394776,0.20569587047041776,0.17531090375394776,0.13175937300880589,1.4222241142342824,62.26,ST/MT Ratio (Expanding EWM),ABT
2018-07-18,1.4126215601238952,1.1734728065918556,0.8307057174526878,0.1893220159439093,0.13402175167658112,0.15766353629984042,0.18501387243897066,0.15766353629984042,0.10047530764623981,1.175093802405685,62.82,ST/MT Ratio (Expanding EWM),ABT
2018-10-17,1.1681950858804062,1.1835191123077244,1.0131176946492368,0.18763562062113393,0.16062010779622735,0.14262988799597315,0.1688051984295443,0.14262988799597315,0.11671457773047658,2.0828845608778392,67.67,ST/MT Ratio (Expanding EWM),ABT
2019-01-23,1.1771790105095985,0.9811312406047763,0.833459679322728,0.24020809161785034,0.20405400493325543,0.3425891064204726,0.336124875,0.3425891064204726,0.12271154736319964,1.3704970812738435,65.56,ST/MT Ratio (Expanding EWM),ABT
2019-04-17,1.3741587231274979,1.123613332119049,0.8176736160156058,0.2552681653691329,0.1857632317671126,0.17064693091978314,0.19174116666666668,0.17064693091978314,0.14559852910041424,1.1201061897443063,78.83,ST/MT Ratio (Expanding EWM),ABT
2019-07-17,1.3325156446344546,1.1643604178540488,0.8738061894751447,0.227871372940019,0.17100840343419033,0.17712830907173754,0.20624119196454943,0.17712830907173754,0.13761273562988854,1.4526368663430593,82.05,ST/MT Ratio (Expanding EWM),ABT
2019-10-16,1.2273928968052796,1.0852118577989636,0.8841601255992338,0.18854190811724594,0.15361169891726795,0.2032268915204142,0.22054423250157712,0.2032268915204142,0.14334682938778343,1.5037338737022266,83.36,ST/MT Ratio (Expanding EWM),ABT
2020-01-22,1.2057470379547293,1.2011317594532551,0.9961722663575414,0.16538692879117448,0.1371655277476071,0.14750826106163953,0.17717685714285716,0.14750826106163953,0.12233411858738834,1.912596282988762,87.35,ST/MT Ratio (Expanding EWM),ABT
2020-04-16,1.1449138737867108,0.8715675945964105,0.7612516666548642,0.42503941138880297,0.3712413842824869,0.6370716215311145,0.5552509807635083,0.6370716215311145,0.23590522035294142,1.4640599104887668,79.49,ST/MT Ratio (Expanding EWM),ABT
2020-07-16,0.8395834258672203,0.9989453439007241,1.1898107003111644,0.21470209063079101,0.2557245462641446,0.3507839229690339,0.3504139665651467,0.3507839229690339,0.31773029232341904,1.2708909582069003,89.74,ST/MT Ratio (Expanding EWM),ABT
2020-10-21,1.1890817399687577,1.0030446755063283,0.8435456048065145,0.29564632861878254,0.24863415077465612,0.3048108498713336,0.3057389,0.3048108498713336,0.25222721674722826,1.1271701977682906,105.95,ST/MT Ratio (Expanding EWM),ABT
2021-01-27,1.4085900447895894,1.0548507233840305,0.7488699265524064,0.3766515402652121,0.26739613960673353,0.2532936595453492,0.26718699999999995,0.2532936595453492,0.19220250440204906,1.419575585333324,107.79,ST/MT Ratio (Expanding EWM),ABT
2021-04-20,1.0845938050539323,0.9373298083720639,0.8642219824641673,0.22008420797980388,0.20291855527319744,0.22599862727924047,0.21183524999999997,0.22599862727924047,0.22482364195134452,1.509956457578021,121.47,ST/MT Ratio (Expanding EWM),ABT
2021-07-22,0.8749395596240429,1.110842416593124,1.2696218891627753,0.19751230234405726,0.22574393873438217,0.18115503782901338,0.20123470000000002,0.18115503782901338,0.2706857969679312,1.2195965001084679,110.96,ST/MT Ratio (Expanding EWM),ABT
2021-10-20,1.18297375505443,1.0163254457959678,0.8591276361403348,0.20649339127858876,0.1745544991140465,0.23024327587973925,0.23400210000000002,0.23024327587973925,0.14275502169384502,1.6495610230306796,124.87,ST/MT Ratio (Expanding EWM),ABT
2022-01-26,1.0966492253281457,1.0753684907054077,0.9805947661921065,0.2333794225245098,0.21281136860756608,0.20691829692787903,0.22251341666666669,0.20691829692787903,0.20464472751870705,1.3544327069656277,141.46,ST/MT Ratio (Expanding EWM),ABT
2022-04-20,1.0380243490726755,1.0181553046479124,0.9808587877129152,0.20088154139666417,0.19352295692882612,0.22407750463854326,0.2281457,0.22407750463854326,0.1799439803218582,1.2967485546587374,121.76,ST/MT Ratio (Expanding EWM),ABT
2022-07-20,1.0033722478602034,1.0700751424484989,1.0664787118943606,0.16132534043333596,0.16078313983407372,0.26034141337266686,0.278584875,0.26034141337266686,0.17291995102606886,1.509401079833241,104.41,ST/MT Ratio (Expanding EWM),ABT
2022-10-19,1.4754842061371414,1.032698222708399,0.6999046268424869,0.36365389061479386,0.24646410249747766,0.260598637706759,0.26911975,0.260598637706759,0.1482911260021399,1.4639855130144073,104.09,ST/MT Ratio (Expanding EWM),ABT
2023-01-25,1.0376248800427195,1.104630282434405,1.064575747633313,0.17070647221108612,0.16451655650745198,0.22530604036267582,0.24887987500000003,0.22530604036267582,0.16157522589440598,1.152232713478745,108.57,ST/MT Ratio (Expanding EWM),ABT
2023-04-19,1.5039106442598542,1.0547848745187964,0.7013613997245868,0.3925921571405596,0.26104752874714365,0.25344788919348127,0.267333,0.25344788919348127,0.14421549314186072,1.122179172881201,97.87,ST/MT Ratio (Expanding EWM),ABT
2023-07-20,1.311124644745558,1.2266188730944418,0.9355471106505547,0.2961528419246156,0.22587695465223154,0.1519771170075964,0.18641800000000003,0.1519771170075964,0.19991853116711295,1.6311392114239258,106.7,ST/MT Ratio (Expanding EWM),ABT
2022-01-27,0.8591074581112019,1.0716260932111417,1.2473714237880955,0.21715519495931782,0.2527683736290059,0.26153081916864074,0.28026325,0.26153081916864074,0.2531188276266173,1.2142586680868486,323.44,ST/MT Ratio (Expanding EWM),DHR
2022-04-21,1.1146692833110354,1.1172191701972525,1.0022875725781577,0.26628338558215636,0.2388900363264546,0.25498286960982236,0.28487175,0.25498286960982236,0.21081933368952285,1.4549673126313332,293.9,ST/MT Ratio (Expanding EWM),DHR
2022-07-21,1.3778791966066584,1.0547414763273761,0.7654818208482409,0.44113007239197144,0.3201514860507037,0.2938855226205107,0.30997325,0.2938855226205107,0.21317179120756902,1.4433922687195448,243.87,ST/MT Ratio (Expanding EWM),DHR
2022-10-20,1.2434467598268497,1.0230840670875787,0.8227807576015908,0.2995136719476449,0.24087374033557515,0.3307357859870695,0.3383705130590581,0.3307357859870695,0.20834044478471467,1.3639800854821285,274.37,ST/MT Ratio (Expanding EWM),DHR
2023-01-24,1.0424808719351784,1.198580414423752,1.1497385196131253,0.2379247553983635,0.22822937264709608,0.25558401948965587,0.306338,0.25558401948965587,0.18675126719311236,1.2088659754297872,259.86,ST/MT Ratio (Expanding EWM),DHR
2023-04-25,1.5297717202846022,1.1587320231999052,0.7574542056407816,0.392646198639116,0.25666979813567686,0.26563130545922514,0.3077955,0.26563130545922514,0.1486227765899435,1.3974950365706946,247.97,ST/MT Ratio (Expanding EWM),DHR
2023-07-25,1.3154862675602186,1.2517344004397226,0.9515374134321188,0.33407266144984016,0.2539537429527347,0.1997837959172094,0.25007625,0.1997837959172094,0.20906177266848364,1.3861934151046083,237.88,ST/MT Ratio (Expanding EWM),DHR
2015-01-27,0.8558456830779161,1.0642995016332777,1.2435647251332622,0.16088237077510278,0.18798058336464854,0.2511195388044926,0.2672664,0.2511195388044926,0.20751827513073728,1.1527742917743498,59.81,ST/MT Ratio (Expanding EWM),BMY
2015-04-28,0.8688227145657853,1.0653885886132077,1.2262439399338918,0.16742299332932953,0.1927009855088827,0.20526796572120717,0.21869014828722122,0.20526796572120717,0.2085037207365244,1.1600295543002086,65.76,ST/MT Ratio (Expanding EWM),BMY
2015-07-23,0.9864676245309419,1.147173541313449,1.162910482600908,0.1729117141873687,0.17528371929041964,0.16077391666666668,0.18443558333333335,0.16077391666666668,0.19770022816627916,1.8781681780292505,67.33,ST/MT Ratio (Expanding EWM),BMY
2015-10-27,1.0829852790649046,0.8980742567117742,0.8292580463210077,0.26805506150547537,0.24751496321069616,0.44498892715533805,0.3996331000000001,0.44498892715533805,0.2240506495350535,0.9084617400857719,57.46,ST/MT Ratio (Expanding EWM),BMY
2016-01-28,0.9912732001779935,1.0970044421301484,1.1066620604018849,0.17178462829968144,0.17329695614572826,0.1954632012096819,0.21442400000000003,0.1954632012096819,0.1489841670073674,1.1665451540062282,69.74,ST/MT Ratio (Expanding EWM),BMY
2016-04-28,1.110486043582719,1.2167551355919437,1.0956960176341999,0.21345112482540346,0.19221414448105462,0.19254753330958638,0.23428320000000005,0.19254753330958638,0.20243723148264062,1.0059660330592937,64.19,ST/MT Ratio (Expanding EWM),BMY
2016-07-28,1.304400659412562,1.1382407755355302,0.8726159154566343,0.20122711459409676,0.1542678724838422,0.21227767023749342,0.24162310000000004,0.21227767023749342,0.14955033715920255,1.3069434296240647,72.01,ST/MT Ratio (Expanding EWM),BMY
2016-10-27,0.994121314964689,1.0278050911183731,1.033882963423715,0.3753956763208074,0.3776155592581187,0.2707542776395432,0.278282625,0.2707542776395432,0.3246025585047989,0.8641476866183591,55.74,ST/MT Ratio (Expanding EWM),BMY
2017-01-26,1.311944534608341,1.1851627823620616,0.9033634815330605,0.5609051874500104,0.4275372720825117,0.22024417563954354,0.2610252,0.22024417563954354,0.2518209915969971,1.1607087574195174,59.33,ST/MT Ratio (Expanding EWM),BMY
2017-04-27,0.8921277026334474,1.2381729577987288,1.3878875794841925,0.19013843122845608,0.21312916375894575,0.21057346904388,0.26072637499999995,0.21057346904388,0.2649442407756404,1.3706681775202991,56.2,ST/MT Ratio (Expanding EWM),BMY
2017-07-27,1.3455433346349224,1.1760701648761476,0.8740485234503749,0.2725709168351301,0.20257312404515385,0.23190453099260613,0.272736,0.23190453099260613,0.19488038955828835,0.9632377299831814,55.9,ST/MT Ratio (Expanding EWM),BMY
2017-10-26,1.361828289924576,1.2164656855712361,0.8932592270047565,0.3195989438374825,0.2346837308359803,0.1949120605255647,0.23710383333333335,0.1949120605255647,0.17197374587190198,1.06716774983517,62.93,ST/MT Ratio (Expanding EWM),BMY
2018-02-05,1.380746599766656,1.0843641781045208,0.7853462599783165,0.334301993109816,0.24211683241973042,0.2777711544631245,0.3012050896105499,0.2777711544631245,0.1401954666329096,1.030210242139308,61.89,ST/MT Ratio (Expanding EWM),BMY
2018-04-26,1.0622255721045997,1.1502605616688149,1.0828778668826344,0.3104167525927505,0.29223242289085377,0.2584364446684301,0.29726925,0.2584364446684301,0.1975460165720315,1.1339642433935755,62.41,ST/MT Ratio (Expanding EWM),BMY
2018-07-26,1.3108085347853742,1.2187829704757431,0.9297948084197523,0.3054379210823249,0.2330149010910552,0.2111871757059934,0.25739133333333336,0.2111871757059934,0.2207045506961819,1.340426325893431,54.91,ST/MT Ratio (Expanding EWM),BMY
2018-10-25,1.3403685126332057,1.2196350320141325,0.9099251590281783,0.37519089326028104,0.27991622432490904,0.17723621766014935,0.2161635,0.17723621766014935,0.15826032188540232,1.071829776707435,61.82,ST/MT Ratio (Expanding EWM),BMY
2019-01-24,0.806471136751323,1.0346276511908403,1.2829072288421772,0.2743910150554026,0.3402366216858318,0.35649854280954807,0.36884324999999996,0.35649854280954807,0.24753189787450972,1.165260089395608,48.76,ST/MT Ratio (Expanding EWM),BMY
2019-04-25,0.8811898582390044,1.026115909921911,1.164466318271673,0.18030664783036385,0.20461725262101169,0.3118139450974396,0.31995725,0.3118139450974396,0.2435749892530334,0.8620816426567904,48.34,ST/MT Ratio (Expanding EWM),BMY
2019-07-25,1.173508693582447,1.2218194682435355,1.0411678029530458,0.322542607968385,0.2748531900379349,0.20860078483313077,0.2548725,0.20860078483313077,0.2875132200767247,1.2321743647083547,45.77,ST/MT Ratio (Expanding EWM),BMY
2019-10-31,1.0849176702670604,1.1628703703961873,1.0718512586396887,0.17742805680374346,0.16354057240128483,0.21862934071900608,0.25423758242138483,0.21862934071900608,0.1652625684728868,1.0491369658676175,50.65,ST/MT Ratio (Expanding EWM),BMY
2020-02-06,0.9437791782584405,1.1234678547533052,1.1903927111704722,0.15888492892374276,0.16834968664696942,0.2026543562837177,0.2276756549104803,0.2026543562837177,0.1715707506041563,1.2956733442419812,63.93,ST/MT Ratio (Expanding EWM),BMY
2020-05-07,0.9847044747803685,1.085527352060828,1.1023889703587946,0.3122743685675091,0.31712496141256974,0.2974706212645901,0.32291249581723996,0.2974706212645901,0.37231730159792326,1.5265018975587437,56.9,ST/MT Ratio (Expanding EWM),BMY
2020-08-06,1.02942671863659,1.122378354074028,1.0902945627451233,0.25152260660527315,0.2443326970747357,0.2998542110954326,0.33654987591145774,0.2998542110954326,0.2275328823393816,1.4497450591794032,60.29,ST/MT Ratio (Expanding EWM),BMY
2020-11-05,1.316287139966083,1.2848525129493886,0.9761187159987719,0.33930011983697445,0.2577705954384066,0.2459908865612391,0.31606200876085605,0.2459908865612391,0.18782761834145487,1.0461524582769508,57.74,ST/MT Ratio (Expanding EWM),BMY
2021-02-04,0.8254186451074615,1.0480724438752198,1.2697465099528626,0.17947510249727433,0.21743524157236405,0.279023799678511,0.2924371556284068,0.279023799678511,0.18693930980328133,1.338572615713863,61.55,ST/MT Ratio (Expanding EWM),BMY
2021-04-29,1.3702898354118236,1.1698818267340219,0.8537477229278494,0.30337431829972666,0.2213942703651095,0.19413841194033402,0.227119,0.19413841194033402,0.17296171373600885,1.0347054232562836,63.31,ST/MT Ratio (Expanding EWM),BMY
2021-07-28,0.9137555586519461,1.30431512407089,1.427422368839137,0.1413049724672674,0.1546419839850092,0.1525091569736246,0.19891999999999999,0.1525091569736246,0.19420506776911262,1.0024661507246202,66.4,ST/MT Ratio (Expanding EWM),BMY
2021-10-27,1.2047783087890618,1.1390963542487234,0.9454821239217395,0.20451059713646677,0.16974956773750602,0.2175392500752044,0.24779816666666665,0.2175392500752044,0.12269161223153092,1.2212561129394397,59.84,ST/MT Ratio (Expanding EWM),BMY
2022-02-04,0.9173290872603268,1.0931259139734315,1.1916398696547772,0.23160549610005984,0.2524780902694008,0.21062038400493951,0.2302345997668346,0.21062038400493951,0.2701098325608234,1.2290152765501434,62.16,ST/MT Ratio (Expanding EWM),BMY
2022-07-27,0.9782808218281452,1.1222807467058264,1.147196921031922,0.2332057742266452,0.2383832627842443,0.19723392206723328,0.22135183333333336,0.19723392206723328,0.2415075256221364,1.4123353410933492,79.98,ST/MT Ratio (Expanding EWM),BMY
2022-10-25,0.8974206366917098,0.9096299614188331,1.0136049074736373,0.23518972847932135,0.2620730110980453,0.25817476332210204,0.23484350000000004,0.25817476332210204,0.30249211764422845,1.5047551438044324,70.15,ST/MT Ratio (Expanding EWM),BMY
2023-02-02,1.136789595932939,1.0631767731073176,0.9352449889680694,0.2810523820708101,0.24723342215333738,0.2180123816035502,0.23178570037070362,0.2180123816035502,0.23594444073938298,1.6185596620125446,72.26,ST/MT Ratio (Expanding EWM),BMY
2023-04-27,1.306513263051205,1.122931997326993,0.8594876371208968,0.26489498398496364,0.20274955599481106,0.18493164961100966,0.2076656666666667,0.18493164961100966,0.18735398686587887,1.413250865861207,68.2,ST/MT Ratio (Expanding EWM),BMY
2023-07-27,1.199590124741,1.1858433714461083,0.9885404581020041,0.2433936084416193,0.2028973091906452,0.153635663629978,0.18218783333333333,0.153635663629978,0.18273246566375673,1.8991845637386606,64.75,ST/MT Ratio (Expanding EWM),BMY
2015-01-27,0.8463229861016024,1.041403837109283,1.2305040205823512,0.1893124348854275,0.22368816396852567,0.3117408973331819,0.3246481666666667,0.3117408973331819,0.2585461011419609,1.2712356531244307,162.85,ST/MT Ratio (Expanding EWM),AMGN
2015-04-21,0.8725026278367194,1.0514600529609104,1.2051081789494407,0.1573297538376125,0.18032009167433163,0.23137136719072693,0.24327775,0.23137136719072693,0.1956562963560487,1.4887780747278658,166.54,ST/MT Ratio (Expanding EWM),AMGN
2015-07-30,1.3024637955482787,1.0549522743244424,0.8099666784828786,0.29273901801820157,0.2247578927097713,0.25540160115066673,0.26943649999999997,0.25540160115066673,0.14958359252654457,1.566385552363415,153.52,ST/MT Ratio (Expanding EWM),AMGN
2015-10-28,0.9659441924878336,0.9050533864148866,0.9369623974692369,0.2441251464070931,0.2527321436431411,0.4938040613249021,0.446919037927527,0.4938040613249021,0.24649688194347358,1.2937975768718304,132.24,ST/MT Ratio (Expanding EWM),AMGN
2016-01-28,1.012975272513725,1.1618204570864095,1.1469386159874575,0.2139992453201139,0.21125811372381192,0.21952545689053707,0.25504916666666666,0.21952545689053707,0.18556639106167294,1.6537027699123816,164.44,ST/MT Ratio (Expanding EWM),AMGN
2016-04-28,0.7747192866483497,1.0883342457642877,1.404811090314691,0.13184467284837226,0.1701838009206778,0.24091128347787535,0.262192,0.24091128347787535,0.19481195556954078,1.4137483672036752,149.49,ST/MT Ratio (Expanding EWM),AMGN
2016-07-27,0.9297113529783566,1.0155565185158437,1.092335288003615,0.11326626957015468,0.1218295003145901,0.2871023017020481,0.29156861397441736,0.2871023017020481,0.11645903354696255,1.794819347877707,144.58,ST/MT Ratio (Expanding EWM),AMGN
2016-10-27,1.5983222954637468,1.2363168980237942,0.773509136131447,0.4795065405974394,0.300006163937238,0.1770535804236176,0.2188943333333333,0.1770535804236176,0.12288504979430934,0.7470819277490061,171.63,ST/MT Ratio (Expanding EWM),AMGN
2017-02-02,1.084403084774623,1.056958877816547,0.9746918767168761,0.2625994177909884,0.24216033823397481,0.24087406786355853,0.25459398446417364,0.24087406786355853,0.24779523002150988,1.2529642268428816,150.73,ST/MT Ratio (Expanding EWM),AMGN
2017-04-26,0.6525245263219993,1.2467575433504707,1.9106677114160104,0.10607276832048462,0.1625575193600328,0.1808230487173614,0.2254425,0.1808230487173614,0.22834824970729092,1.6064175557646094,164.91,ST/MT Ratio (Expanding EWM),AMGN
2017-07-25,1.3073846132430056,1.2231397595965952,0.9355623029420251,0.2165910537829078,0.16566743373676962,0.17162817932534188,0.20992525,0.17162817932534188,0.1637531167258536,0.8223088856330258,173.67,ST/MT Ratio (Expanding EWM),AMGN
2017-10-25,0.9339849569672019,1.2190687685823698,1.3052338364644336,0.13064610184486788,0.1398803062836222,0.17243366856526654,0.21020849999999996,0.17243366856526654,0.13991336160790102,1.2176740496882756,186.29,ST/MT Ratio (Expanding EWM),AMGN
2018-02-01,1.4362541834190248,1.0813103898220107,0.7528684005277777,0.28036114229734455,0.1952030117885823,0.18909346398683874,0.20446872725640292,0.18909346398683874,0.12337364910986416,0.9749049852854043,177.0,ST/MT Ratio (Expanding EWM),AMGN
2018-04-24,0.9993329629451181,1.1054664740047604,1.1062043532986823,0.1592291061000717,0.15933538870849429,0.24043696145493004,0.265795,0.24043696145493004,0.1643810379161625,1.4208149694579757,175.19,ST/MT Ratio (Expanding EWM),AMGN
2018-07-26,1.2179560810563106,1.174918313615845,0.9646639414098251,0.16946201947998582,0.13913639589780163,0.1917060934277384,0.22523900000000002,0.1917060934277384,0.14706232148304554,1.1899369034136873,184.59,ST/MT Ratio (Expanding EWM),AMGN
2018-10-30,1.2532465546690845,1.240051202828173,0.989471064738418,0.21786324068767252,0.17383909006252848,0.16564685023462078,0.2054105758781397,0.16564685023462078,0.14264875690100387,1.3074057554432221,206.91,ST/MT Ratio (Expanding EWM),AMGN
2019-01-29,1.2582552193787955,1.0358029106939282,0.8232057334165538,0.28924748263721584,0.22987981943760044,0.32311468240977054,0.3346831285279845,0.32311468240977054,0.19344369454777205,1.5891015743472385,194.67,ST/MT Ratio (Expanding EWM),AMGN
2019-04-30,0.9709790009370336,1.0835475731021007,1.1159330655518132,0.1549238535053838,0.15955427805943906,0.22494055573321833,0.24373379325696654,0.22494055573321833,0.1506507863370784,1.438479550836859,191.77,ST/MT Ratio (Expanding EWM),AMGN
2019-07-30,1.4178609442357184,1.1178176082105036,0.7883831011461073,0.35529859585652684,0.25058775848293535,0.20483196889045335,0.22896478155017483,0.20483196889045335,0.15587860251821584,0.9922089806066204,186.35,ST/MT Ratio (Expanding EWM),AMGN
2019-10-29,0.7586270912803149,1.158362359012308,1.526919315598617,0.14615339930851204,0.19265512791251999,0.22023971629716294,0.2551173973181831,0.22023971629716294,0.2503905275163096,1.186574897476225,193.51,ST/MT Ratio (Expanding EWM),AMGN
2020-01-30,1.2405507158945202,1.1500349531735619,0.9270358224285169,0.19904630377139026,0.16044995276784355,0.183153346268956,0.21063274999999998,0.183153346268956,0.11212952719771618,1.548441214271903,241.07,ST/MT Ratio (Expanding EWM),AMGN
2020-04-30,0.9186192624089893,1.0237221274211625,1.114413957243343,0.3049766062751336,0.3319945691922051,0.4218495,0.4318566675915537,0.4218495,0.3611117284575604,1.290234021895611,202.73,ST/MT Ratio (Expanding EWM),AMGN
2020-07-28,0.8885515451447278,1.084070963729048,1.220042854747919,0.27281975127793145,0.30703874498748907,0.3051762855652761,0.33083275,0.3051762855652761,0.3007773568432845,1.5502224269734097,231.56,ST/MT Ratio (Expanding EWM),AMGN
2020-10-28,0.7465479501751996,1.236003979040175,1.655625708636813,0.1830629951462007,0.24521264187148267,0.30861894983236243,0.38145425000000005,0.30861894983236243,0.20558547747136507,1.0588114021247503,247.03,ST/MT Ratio (Expanding EWM),AMGN
2021-02-02,0.9238496942607677,1.0329528813859028,1.1180962528893141,0.17902300958481618,0.1937793676795706,0.296883837551171,0.3066670154353863,0.296883837551171,0.19412245010696547,1.0961328280756508,226.66,ST/MT Ratio (Expanding EWM),AMGN
2021-04-27,1.5551164077777377,1.1307090445422512,0.7270896499369042,0.4159593592957738,0.26747795677249653,0.22145927036550125,0.250406,0.22145927036550125,0.1712986222604991,1.1132035844301318,254.96,ST/MT Ratio (Expanding EWM),AMGN
2021-08-03,1.4255905758239802,1.1942353143284397,0.8377126887487882,0.3437183994182657,0.24110597056914407,0.15925757812311161,0.19019102386904024,0.15925757812311161,0.17976554595421054,0.8359776700455414,248.7,ST/MT Ratio (Expanding EWM),AMGN
2021-11-02,1.0945283244047064,1.0675107571433045,0.9753157897708163,0.1939360062974461,0.1771868319651977,0.2529938721105612,0.2700736799693615,0.2529938721105612,0.17745910821983604,1.591730110683055,211.44,ST/MT Ratio (Expanding EWM),AMGN
2022-02-07,1.5585230065522135,1.1111047639843186,0.7129216311296681,0.4369359861400806,0.280352605834595,0.20001527973835423,0.22223793018694155,0.20001527973835423,0.16891780731707012,1.190703984841928,227.29,ST/MT Ratio (Expanding EWM),AMGN
2022-04-27,1.361487223373776,1.2298332042720286,0.9033013187038893,0.3951473578184264,0.2902321454322929,0.16738448700598477,0.20585499999999998,0.16738448700598477,0.2501469942774697,1.4040540385079974,240.47,ST/MT Ratio (Expanding EWM),AMGN
2022-08-04,0.8120140343466713,1.1704784542923037,1.441451015355966,0.17562228315720466,0.21627986183577047,0.2115919784833738,0.24766385191586976,0.2115919784833738,0.2562456442759366,1.6645845969537487,246.73,ST/MT Ratio (Expanding EWM),AMGN
2022-11-03,1.137732892764202,1.1157814360495757,0.9807059663527053,0.3244270471077506,0.2851522085465353,0.2426438641400615,0.27073751917881594,0.2426438641400615,0.20894947258429517,0.7892553658703649,233.02,ST/MT Ratio (Expanding EWM),AMGN
2023-01-31,0.8934451940781017,1.0674649035191355,1.1947737931710465,0.1965655512415847,0.2200085159609708,0.2298555517153956,0.2453627343352124,0.2298555517153956,0.24402194387781317,1.1157687722087153,262.64,ST/MT Ratio (Expanding EWM),AMGN
2023-04-27,0.8265697884520625,1.192238841110828,1.4423934406598176,0.16134475671681775,0.19519798445449116,0.19537675000000002,0.23293575,0.19537675000000002,0.2304593268813892,1.1473329111647943,238.48,ST/MT Ratio (Expanding EWM),AMGN
2023-08-03,1.3265062432335648,1.1359189911049132,0.8563238936108845,0.35375087457195403,0.2666786352317735,0.17677368182093417,0.2008005823079365,0.17677368182093417,0.19079492999351474,1.0670887057627294,225.01,ST/MT Ratio (Expanding EWM),AMGN
2015-02-03,1.0387289053323627,1.070752785037856,1.030829872492329,0.4515535160745678,0.4347173875267137,0.37012077497556034,0.3963078506054508,0.37012077497556034,0.4946327739795797,1.0411475912856705,96.785,ST/MT Ratio (Expanding EWM),GILD
2015-04-30,1.1291228704874938,1.1723405469468084,1.0382754415740916,0.26941532952894287,0.23860585643139437,0.27308829354228303,0.3201524794161307,0.27308829354228303,0.22399132560957816,1.100481852418307,98.13,ST/MT Ratio (Expanding EWM),GILD
2015-07-28,1.1991231405933789,1.087369512119763,0.9068038763572562,0.21419030706347983,0.17862244486207568,0.2721546095430768,0.29593262500000006,0.2721546095430768,0.15022354671052934,1.3863091634094173,115.455,ST/MT Ratio (Expanding EWM),GILD
2015-10-27,1.1920420361360728,0.9108349831837651,0.7640963620177169,0.3121851271949703,0.2618910388486787,0.5265019218295846,0.47955636911586963,0.5265019218295846,0.24073029098150606,1.2567842978367436,94.8,ST/MT Ratio (Expanding EWM),GILD
2016-02-02,1.3757877914889642,1.0395197278279213,0.7555814452335615,0.42459244224781856,0.308617684263863,0.3041657025008366,0.31618624827825814,0.3041657025008366,0.15979425275842704,1.4506550163360634,98.01,ST/MT Ratio (Expanding EWM),GILD
2016-04-28,1.356951220635194,1.191341064366975,0.8779542302259796,0.44446970154986987,0.32755024262538485,0.24338081777955511,0.2899495625,0.24338081777955511,0.27249682933863867,1.3441653596945646,92.2,ST/MT Ratio (Expanding EWM),GILD
2016-07-25,1.4881336207378404,1.0589265549010094,0.7115802910063793,0.4703557718924128,0.31607092625136907,0.28495696760405453,0.30174850000000003,0.28495696760405453,0.20138277754163691,1.4262268901945347,80.47,ST/MT Ratio (Expanding EWM),GILD
2016-11-01,0.9853093533788172,1.3412545899750286,1.3612522659767778,0.18433497669905657,0.18708335211366472,0.2138930346989,0.28688501455358767,0.2138930346989,0.21650960872327,1.1494693233507465,78.03,ST/MT Ratio (Expanding EWM),GILD
2017-02-07,1.527448596732405,1.2808910374694817,0.8385820905591379,0.45937434461700316,0.30074618916781876,0.23073006718429473,0.2955400751310945,0.23073006718429473,0.19187335196048455,1.1736530162766128,75.84,ST/MT Ratio (Expanding EWM),GILD
2017-05-02,0.9477169040313637,1.3946413252236831,1.47158008820061,0.16155854391997337,0.17047131187883377,0.1638531160897113,0.22851632696538493,0.1638531160897113,0.2082424669744875,1.1342647290181478,67.1,ST/MT Ratio (Expanding EWM),GILD
2017-07-26,0.8224172660331884,1.1008439571015443,1.338546748186972,0.12917323861441823,0.15706532918194532,0.21155836963185778,0.23289275278348548,0.21155836963185778,0.19927234337336505,0.930108319446225,71.24,ST/MT Ratio (Expanding EWM),GILD
2017-10-26,0.8460467474847997,1.1261618331848706,1.3310870073466048,0.1846339850089143,0.21823142226810754,0.20851954228984323,0.23482675000000003,0.20851954228984323,0.21553668359484174,1.076743093679359,83.76,ST/MT Ratio (Expanding EWM),GILD
2018-02-06,1.169499426296342,1.2014327565364025,1.0273051268962048,0.3257822499792814,0.2785655492033826,0.22430869300472192,0.2694918113517407,0.22430869300472192,0.18750974562838904,1.0903207340149792,74.4,ST/MT Ratio (Expanding EWM),GILD
2018-05-01,1.3571847896180464,1.0435831903455401,0.7689322768193096,0.3491268806812427,0.2572434375568693,0.30453425371753257,0.3178068280640408,0.30453425371753257,0.21215065513021739,1.2046174648920263,73.14,ST/MT Ratio (Expanding EWM),GILD
2018-07-25,0.6960842628964053,1.2667979672799259,1.8198916924350248,0.1194455109095249,0.17159633865663382,0.22119167689250752,0.28020516666666667,0.22119167689250752,0.20879948781723026,1.0842035050652798,71.14,ST/MT Ratio (Expanding EWM),GILD
2018-10-25,1.28262931110495,1.2777457577781857,0.9961925450444,0.26394377804658564,0.20578336683979667,0.19487320944006795,0.2489984166666667,0.19487320944006795,0.1725418872348842,1.3729101689371288,74.99,ST/MT Ratio (Expanding EWM),GILD
2019-02-04,1.1150682841607225,1.0534027007147917,0.9446979307708097,0.26855133640428863,0.24083846722124194,0.32609300669062014,0.3435072539321059,0.32609300669062014,0.26324804911840677,1.172778157075242,68.25,ST/MT Ratio (Expanding EWM),GILD
2019-05-02,0.934942554996858,1.2541828257154042,1.341454423068398,0.17577359732723719,0.1880047029497207,0.20025947449322284,0.2511619935961921,0.20025947449322284,0.18122915801080486,1.037397440564532,66.24,ST/MT Ratio (Expanding EWM),GILD
2019-07-30,0.9513123585474712,1.3404088558943617,1.4090102413270333,0.17645551030316375,0.18548640592937118,0.1878154430049511,0.2517494830775592,0.1878154430049511,0.18411106045187664,1.441111102506718,67.83,ST/MT Ratio (Expanding EWM),GILD
2019-10-24,1.3359127533933477,1.0140745277488725,0.7590873918772203,0.24662328278379134,0.18461032141308953,0.23941336988214273,0.24278300000000003,0.23941336988214273,0.16151796143151456,1.4150129920123184,64.56,ST/MT Ratio (Expanding EWM),GILD
2020-02-04,1.3828408987632226,1.1620054625411707,0.8403030772234452,0.3357756480674873,0.24281582094353474,0.21961158696311495,0.2551898636884749,0.21961158696311495,0.16964557064427774,0.8275688798708835,65.65,ST/MT Ratio (Expanding EWM),GILD
2020-04-30,0.727241272576442,0.9888784348970305,1.359766658173388,0.4158357029688462,0.5717988219998017,0.7054008333333334,0.6975556720417277,0.7054008333333334,0.6791879948128136,0.8935291657955258,74.76,ST/MT Ratio (Expanding EWM),GILD
2020-07-30,0.9874051493626818,1.167460928060639,1.18235248095898,0.31205592554106565,0.3160363562439201,0.3091156982867829,0.36088050000000005,0.3091156982867829,0.38466005340730847,1.137137999976056,76.94,ST/MT Ratio (Expanding EWM),GILD
2020-10-28,0.7927801824994325,1.1901373201948877,1.501219816623935,0.14122968902935484,0.1781448277176832,0.2668581974624514,0.31759790000000004,0.2668581974624514,0.2357441750262018,1.127428781393187,62.85,ST/MT Ratio (Expanding EWM),GILD
2021-02-04,1.1597214634236577,1.0459489098692005,0.9018966561000045,0.3263610210696377,0.281413280138987,0.31645949225909986,0.3310004609461662,0.31645949225909986,0.2186592987860535,0.8389673590774117,60.0,ST/MT Ratio (Expanding EWM),GILD
2021-04-29,1.0854745016156977,1.3223338064187444,1.218208078080589,0.23940225978903487,0.22055079085938128,0.2421795453201842,0.32024220000000003,0.2421795453201842,0.24049690847092273,2.41269637338244,65.5,ST/MT Ratio (Expanding EWM),GILD
2021-07-29,1.0962854417989911,1.2748477347826639,1.1628793799274157,0.1721323763045332,0.15701419515529283,0.19240376188283875,0.24528550000000005,0.19240376188283875,0.1636004406599249,1.9119225867926668,67.93,ST/MT Ratio (Expanding EWM),GILD
2021-10-28,1.2019644570160466,1.102751513281032,0.917457672599307,0.2256885518850807,0.18776641070183298,0.23569558829562784,0.25991366666666665,0.23569558829562784,0.15608180788104922,1.702380624200059,69.97,ST/MT Ratio (Expanding EWM),GILD
2022-02-01,1.3318379706514423,1.2121964784368724,0.9101681324222574,0.3342350709592847,0.2509577578688496,0.2031108537087057,0.24621026159799983,0.2031108537087057,0.19771989330377776,0.8275133243021429,72.58,ST/MT Ratio (Expanding EWM),GILD
2022-04-28,0.905282639426801,1.0798690128838961,1.1928528901953077,0.18825685327970765,0.2079536766538531,0.2164077283557777,0.233692,0.2164077283557777,0.22866707744664486,1.141130745582244,60.53,ST/MT Ratio (Expanding EWM),GILD
2022-08-02,1.0485362213897196,1.0997520972742465,1.0488451184038696,0.24743517050460753,0.23598151924275862,0.2264796614532168,0.24907148267313647,0.2264796614532168,0.25160034451167185,0.9000188781849894,62.36,ST/MT Ratio (Expanding EWM),GILD
2022-10-27,1.5104923304587425,1.0494826470867258,0.6947950849694111,0.5232941500065718,0.34643946179299384,0.28100821944855786,0.29491325,0.28100821944855786,0.20238902726333508,1.478721316578358,62.63,ST/MT Ratio (Expanding EWM),GILD
2023-02-02,1.3423178154295972,1.1649284473589698,0.8678484588138649,0.4060353770283335,0.30248825752073133,0.23216674301681256,0.2704576434709644,0.23216674301681256,0.24567597284877113,1.0626259643424016,85.39,ST/MT Ratio (Expanding EWM),GILD
2023-04-27,1.0042026961879267,1.2159649201343132,1.2108759762847294,0.20523453011723755,0.2043756015556743,0.203839625,0.24786183333333334,0.203839625,0.22988716256078656,1.5004208412769235,80.97,ST/MT Ratio (Expanding EWM),GILD
2023-08-03,1.2658404916297885,1.2660801001124358,1.0001892880534566,0.2909623415504769,0.22985703449560105,0.16991987717657056,0.21513217510680524,0.16991987717657056,0.16678709889350074,1.5054561402746958,76.715,ST/MT Ratio (Expanding EWM),GILD
2015-02-10,0.9584490105426502,1.078459250468469,1.125212962406703,0.11607757783856579,0.1211098102890685,0.1724396560279918,0.18596914219098865,0.1724396560279918,0.1387344290651228,1.3247874060791411,97.2,ST/MT Ratio (Expanding EWM),CVS
2015-08-04,1.3912104206644205,1.0479618770936965,0.7532734527629589,0.17655784716684772,0.1269095203316019,0.17435584572198443,0.18271827936506974,0.17435584572198443,0.08634017831465682,1.2740256134383785,104.81,ST/MT Ratio (Expanding EWM),CVS
2016-02-09,1.1833306991940478,1.0934007119168858,0.9240026584804973,0.2282225380878267,0.1928645460168204,0.21439472595467612,0.23441934599006853,0.21439472595467612,0.18836533314059087,1.4756460493031098,94.92,ST/MT Ratio (Expanding EWM),CVS
2016-05-03,1.2153023077793441,1.183841723198151,0.974112955780789,0.1827297437399774,0.1503574399310321,0.1441576870877721,0.17065988469424798,0.1441576870877721,0.13555748764304018,1.1800673252028033,104.48,ST/MT Ratio (Expanding EWM),CVS
2016-08-02,1.3686650481334999,1.1917892744856107,0.8707676696434227,0.2972495076573476,0.21718206953755265,0.1481134136856046,0.17651997783795384,0.1481134136856046,0.17450483092633595,1.9372238169947176,95.0,ST/MT Ratio (Expanding EWM),CVS
2016-11-08,1.56828003664155,1.2713000592149026,0.8106333240952134,0.6252345161872652,0.3986753013359759,0.1626296403669261,0.20675107142857146,0.1626296403669261,0.15100905790574182,1.4883305502698925,86.83,ST/MT Ratio (Expanding EWM),CVS
2017-02-09,0.8435305121748207,1.3382043020952423,1.5864325982056486,0.2117684941984267,0.25105018863210715,0.1612279353226223,0.21575591666666666,0.1612279353226223,0.2701924988757653,1.0511822955210204,82.67,ST/MT Ratio (Expanding EWM),CVS
2017-05-02,1.3644357234096545,1.3766231273840153,1.0089321935546405,0.2338712297003409,0.1714050912679923,0.12683360315205966,0.17460207142857145,0.12683360315205966,0.13910490608385917,1.112820053952662,78.05,ST/MT Ratio (Expanding EWM),CVS
2017-08-08,0.8764527773895011,1.2141202849068757,1.3852660590831958,0.14491691325428008,0.16534480464071608,0.16352230703008797,0.19853575,0.16352230703008797,0.19557518838913224,1.1580292016360907,78.14,ST/MT Ratio (Expanding EWM),CVS
2017-11-06,1.1963241195350065,0.9855808589366734,0.823840999978964,0.3497846955880247,0.2923828834312735,0.25927637597287434,0.25553783333333335,0.25927637597287434,0.22600437507886717,1.7601100132423348,76.92,ST/MT Ratio (Expanding EWM),CVS
2018-02-08,0.9039480473995791,1.171616389640401,1.2961103163072627,0.22103743412270538,0.2445244887231871,0.2117081416365028,0.24804072856163809,0.2117081416365028,0.279451565177008,1.1486063073636688,77.69,ST/MT Ratio (Expanding EWM),CVS
2018-05-02,1.298913474961613,1.069071323116702,0.8230504523392494,0.3618296657528883,0.2785633321446461,0.2931053456268635,0.3133505196618892,0.2931053456268635,0.22060746416141497,1.2063034388800151,61.04,ST/MT Ratio (Expanding EWM),CVS
2018-08-08,0.9518503467351137,1.2031920876995261,1.2640559430655514,0.2811820673895728,0.2954057519168207,0.23834959216193594,0.2867803433956503,0.23834959216193594,0.33591715664178806,0.9937542425782595,67.64,ST/MT Ratio (Expanding EWM),CVS
2018-11-06,1.1520306891261947,1.1441219788179087,0.9931349829627502,0.29222468744057173,0.25366050592126294,0.23694098494387092,0.2710893885570459,0.23694098494387092,0.18496612139035631,1.3019215052462991,79.8,ST/MT Ratio (Expanding EWM),CVS
2019-02-20,1.3285476859206005,1.0972927486466537,0.8259340332871067,0.41491543120529606,0.31230751865544487,0.2673171770812965,0.29332520000000006,0.2673171770812965,0.25798531435118377,1.2324892304565036,64.92,ST/MT Ratio (Expanding EWM),CVS
2019-05-01,1.117008290010865,1.1100761259942775,0.9937939905383154,0.32524312037667563,0.2911734167823517,0.27516607896534745,0.30545529494288837,0.27516607896534745,0.273252943071422,1.2557212386666619,54.19,ST/MT Ratio (Expanding EWM),CVS
2019-08-07,1.3090655187636742,1.3356493665901075,1.0203074998503818,0.36914106847427836,0.28198822991144684,0.20247622364455178,0.2704372398604025,0.20247622364455178,0.20823163102907558,1.0186585812814446,55.31,ST/MT Ratio (Expanding EWM),CVS
2019-11-06,1.2462742173025836,1.2568450581215054,1.0084819541896655,0.27797444216164796,0.22304436559980476,0.22790263317542708,0.28643829823941375,0.22790263317542708,0.1899419155500965,1.1268467520397984,61.99,ST/MT Ratio (Expanding EWM),CVS
2020-02-12,1.1690515926886398,1.3275019840138358,1.135537552248472,0.22903516120499565,0.1959153579169674,0.18284999185619255,0.24273372696600934,0.18284999185619255,0.15056069071944123,0.9937599955303827,72.76,ST/MT Ratio (Expanding EWM),CVS
2020-05-06,0.6601142109353987,1.0606147650987054,1.6067140314943187,0.23032685318893872,0.3489197011265061,0.4709460884730518,0.499492375,0.4709460884730518,0.4787655914394206,1.3328642554244559,56.22,ST/MT Ratio (Expanding EWM),CVS
2020-08-05,1.043419564846503,1.1285839078102686,1.081620419851236,0.21632825615402887,0.20732624098902422,0.2884333274847079,0.3255212118754106,0.2884333274847079,0.1846512558340544,1.144753996769398,64.93,ST/MT Ratio (Expanding EWM),CVS
2020-11-06,1.3265332700491366,1.266240733111053,0.9545487939885214,0.3934960462054953,0.2966348866552888,0.2631222,0.3331760474257931,0.2631222,0.22725206487941674,1.2247836661918468,59.42,ST/MT Ratio (Expanding EWM),CVS
2021-02-16,1.1247916986811637,1.1266408604632254,1.0016440037601895,0.3232776362864973,0.2874111150229376,0.2697969379363403,0.30396425430694185,0.2697969379363403,0.2900620199399097,0.8754180931019557,76.26,ST/MT Ratio (Expanding EWM),CVS
2021-05-04,1.0968965525802765,1.1356398767305664,1.0353208550607187,0.2590616212524387,0.2361768943872027,0.21399863446104822,0.24302538285985437,0.21399863446104822,0.24319853330603083,1.2366494137530368,75.04,ST/MT Ratio (Expanding EWM),CVS
2021-08-04,1.1750115677169046,1.1976836910264606,1.0192952341342552,0.20839704854201407,0.1773574441883479,0.1974877336228997,0.23652783773792496,0.1974877336228997,0.19298968078798273,1.1901604503499699,81.18,ST/MT Ratio (Expanding EWM),CVS
2021-11-03,1.3730106189789544,1.031370448233218,0.7511744148054742,0.29402393120249093,0.2141454167493207,0.2566504211929343,0.26470165994500083,0.2566504211929343,0.1727470520181182,1.414490461740109,83.81,ST/MT Ratio (Expanding EWM),CVS
2022-02-09,1.3315239981778288,1.1595526748422509,0.8708462456771953,0.4133104266412157,0.3104040386856151,0.22142440748568054,0.2567532639753814,0.22142440748568054,0.23844686006825186,1.212877502918695,105.06,ST/MT Ratio (Expanding EWM),CVS
2022-05-04,1.024038276206314,1.199901127427951,1.171734646358283,0.2763934208813607,0.26990536125787884,0.20915902744766796,0.2509701528461905,0.20915902744766796,0.26811234432410874,1.2868455581385398,100.0,ST/MT Ratio (Expanding EWM),CVS
2022-08-03,1.1642569283195405,1.0957663970248868,0.9411723223382391,0.28419813377308006,0.24410259184223587,0.2697730380990242,0.29560822997222524,0.2697730380990242,0.20485294450610517,1.4026087955468758,92.53,ST/MT Ratio (Expanding EWM),CVS
2022-11-02,1.0867738016638258,1.1155122179842025,1.0264437882808537,0.305247904534542,0.28087528800125144,0.2699238524379114,0.3011033553198551,0.2699238524379114,0.1711812352222061,1.3879560725381113,97.76,ST/MT Ratio (Expanding EWM),CVS
2023-02-08,1.2333819375216004,1.1956617623523962,0.9694172794154904,0.29690135533939266,0.24072134211402213,0.2089240950966535,0.24980255174114432,0.2089240950966535,0.21064188363367595,1.3366688976313683,91.49,ST/MT Ratio (Expanding EWM),CVS
2023-05-03,0.993359449508518,1.2472551732919908,1.2555930020186472,0.19737310011961923,0.19869252788330855,0.20256991704256713,0.25265637698467125,0.20256991704256713,0.20935159223683125,1.2174802559028075,76.09,ST/MT Ratio (Expanding EWM),CVS
2023-08-02,1.1324254850140019,1.3322366608389,1.1764453188921544,0.311219571436148,0.2748256512721452,0.18529687628213504,0.24685929172199036,0.18529687628213504,0.2884069121965859,1.1078040314231774,69.77,ST/MT Ratio (Expanding EWM),CVS
2015-01-28,1.178787511232887,1.0422018303024256,0.884130363081632,0.3815136296029884,0.3236491954380867,0.4789303621306818,0.4991421000000001,0.4789303621306818,0.29153455509793846,1.2645867027720932,119.79,ST/MT Ratio (Expanding EWM),VRTX
2015-04-29,0.941849109475224,1.1041649844344879,1.1723374512183828,0.30318277676940447,0.3219016440312087,0.4436838118510901,0.48990012920639314,0.4436838118510901,0.35130312498871524,0.7280516581533515,121.25,ST/MT Ratio (Expanding EWM),VRTX
2015-07-29,1.3684012615957035,0.9468574179050013,0.6919442742992383,0.48421181055015233,0.3538522099764137,0.4618729195443419,0.4373278,0.4618729195443419,0.22730998668321079,0.8050749460335642,122.03,ST/MT Ratio (Expanding EWM),VRTX
2015-10-28,1.0264652880778435,0.9353724923347024,0.9112558439129284,0.46971716080564213,0.45760647365410023,0.6443926741628074,0.602747181673889,0.6443926741628074,0.43050514035437853,0.703630706680054,98.5,ST/MT Ratio (Expanding EWM),VRTX
2016-01-27,1.06611130928403,0.9976709727366592,0.9358037608724614,0.4092359755245851,0.3838585820831564,0.47640185290371884,0.4752923,0.47640185290371884,0.3279136933362642,0.8633112985047003,123.95,ST/MT Ratio (Expanding EWM),VRTX
2016-04-27,0.9235948005634134,1.0705416300131751,1.1591031363105562,0.41688131415754826,0.45136819079453605,0.496365953241937,0.5313804166666667,0.496365953241937,0.4495884900724933,1.0368253038410107,78.7,ST/MT Ratio (Expanding EWM),VRTX
2016-07-27,0.8131885752163319,0.9911429930787844,1.2188353640053433,0.24816285810640104,0.30517258317405954,0.4920054456372852,0.48764775,0.4920054456372852,0.33767830733659626,1.0501746956678975,79.84,ST/MT Ratio (Expanding EWM),VRTX
2016-10-25,1.1650338029511962,1.0488743515779295,0.9002952093930509,0.35361731645956784,0.3035253703058271,0.4126340634254029,0.4328012857142857,0.4126340634254029,0.27489645123984097,0.8231811046617749,88.29,ST/MT Ratio (Expanding EWM),VRTX
2017-01-25,0.8753574348260531,1.0630671404104781,1.2144377806326918,0.30970770937929903,0.3538071387270992,0.4800160127261237,0.51028925,0.4800160127261237,0.42547885662193446,1.113332237061688,75.19,ST/MT Ratio (Expanding EWM),VRTX
2017-04-27,0.6941193788201442,0.8942306023097745,1.2882951111806977,0.3195913519738262,0.4604270702210674,0.5966754293503744,0.5335654285714286,0.5966754293503744,0.21499197476818657,1.1779819593728158,89.67,ST/MT Ratio (Expanding EWM),VRTX
2017-07-26,1.244287066283838,1.1426122954872213,0.9182867253452401,0.7671127096042729,0.6165078223430513,0.3629451433099612,0.4147055833333333,0.3629451433099612,0.3671003432998463,1.0808172886804952,133.41,ST/MT Ratio (Expanding EWM),VRTX
2017-10-25,0.9688081819851638,1.0742162661982433,1.1088018104854256,0.27678785649722176,0.2856993382632894,0.30616472245757714,0.32888712499999995,0.30616472245757714,0.36715691686158247,1.2517584661637076,149.1,ST/MT Ratio (Expanding EWM),VRTX
2018-01-31,1.2719530624011477,1.039401049691295,0.8171693440708817,0.2942794359773043,0.23136029518398588,0.3542961087414959,0.3682557473274521,0.3542961087414959,0.22801017819272912,1.1609744435902725,152.91,ST/MT Ratio (Expanding EWM),VRTX
2018-04-26,0.9271357588437265,0.9939222520723184,1.0720352899686283,0.19790626292600508,0.21345985314256788,0.3514661224976604,0.34933,0.3514661224976604,0.2009878139903763,1.1218831861841465,160.34,ST/MT Ratio (Expanding EWM),VRTX
2018-07-25,0.7780850335923478,1.0052303524428154,1.2919286569512312,0.2931306648348963,0.37673345737231145,0.3489218490876063,0.35074683333333334,0.3489218490876063,0.22952239627157223,0.9524367215458247,154.76,ST/MT Ratio (Expanding EWM),VRTX
2018-10-24,1.2819242376597897,1.2348940858892208,0.9633128461191868,0.33661147618317105,0.2625829719841092,0.22455164630602634,0.27729750000000003,0.22455164630602634,0.22546922814752657,0.883725305738476,182.17,ST/MT Ratio (Expanding EWM),VRTX
2019-02-05,0.9011187396140378,1.0409026977132316,1.1551226846742366,0.208960375043102,0.23188994508382188,0.38535894515481917,0.40112116559957656,0.38535894515481917,0.25351877141668167,1.2342865521268072,175.85,ST/MT Ratio (Expanding EWM),VRTX
2019-04-30,1.1693160839434469,0.9773286940712448,0.8358122388732254,0.3421976749197091,0.2926477105879433,0.31779901513149744,0.31059409643559416,0.31779901513149744,0.21442464827317906,1.4063659173471408,186.05,ST/MT Ratio (Expanding EWM),VRTX
2019-07-31,1.4048506751942416,1.1686008130662795,0.8318327589547573,0.46472678811831775,0.3308015551574991,0.26256730474274126,0.30683636580698903,0.26256730474274126,0.25441013700213183,1.9100830383388372,181.84,ST/MT Ratio (Expanding EWM),VRTX
2019-10-30,1.0646839021594268,1.1575483998751837,1.0872225996160982,0.2583835687951718,0.2426857100695425,0.28819971020680285,0.33360511339437626,0.28819971020680285,0.23911196080849237,1.3795721455311638,169.42,ST/MT Ratio (Expanding EWM),VRTX
2020-01-30,1.0414942794454864,1.1616220795121823,1.1153417761743776,0.19006018790416176,0.18248798064004138,0.24386083046816714,0.28327412500000004,0.24386083046816714,0.17014524231533562,1.6559904624536328,218.95,ST/MT Ratio (Expanding EWM),VRTX
2020-04-29,1.221022975964883,1.0156959891428083,0.8318401939489959,0.48281294457898694,0.39541675634519163,0.4718399902869114,0.47924598565159754,0.4718399902869114,0.3344605261278012,1.4183539210606122,231.92,ST/MT Ratio (Expanding EWM),VRTX
2020-07-30,0.8721381351937376,1.1025438727397847,1.2641849132016967,0.30089658045979145,0.3450102321152944,0.35110575603494654,0.3871095,0.35110575603494654,0.39999238989979863,1.407661942221232,290.31,ST/MT Ratio (Expanding EWM),VRTX
2020-10-29,1.019420601655177,1.1244804833021407,1.1030584250272986,0.5558129589149406,0.5452243735436558,0.33673141119182926,0.37864790000000004,0.33673141119182926,0.2333469575658015,1.1755843333744616,270.31,ST/MT Ratio (Expanding EWM),VRTX
2021-02-01,1.2235500180904135,0.9904019829240003,0.8094495266075956,0.4297672207429305,0.35124613982979247,0.3701176472084547,0.3665652517104191,0.3701176472084547,0.34153564731507813,0.9529249978824222,236.34,ST/MT Ratio (Expanding EWM),VRTX
2021-04-29,1.0696189309644653,1.1476549038587,1.0729567985711235,0.2340596444087638,0.2188252634961448,0.39173215905038744,0.4495733333333334,0.39173215905038744,0.2445495579080663,0.8167863049170984,212.99,ST/MT Ratio (Expanding EWM),VRTX
2021-07-29,0.8067587498846923,1.2349011249091468,1.5306944301324872,0.21399936558603988,0.2652581897830376,0.2190514105760774,0.27050683333333336,0.2190514105760774,0.3318996187478443,0.9440640464052384,196.78,ST/MT Ratio (Expanding EWM),VRTX
2021-11-02,1.313828160374564,1.0135307090660703,0.7714332358176271,0.28850264028031,0.2195893260485905,0.2777719734031127,0.2815304251619385,0.2777719734031127,0.18626802748743895,0.7977952357379589,177.4,ST/MT Ratio (Expanding EWM),VRTX
2022-01-26,1.0273402645567489,1.0414258693648457,1.0137107492950976,0.27266730522444943,0.26541090097553327,0.34788457888122215,0.362296,0.34788457888122215,0.3233620704603987,1.1940769866513061,222.34,ST/MT Ratio (Expanding EWM),VRTX
2022-05-05,1.352223149995701,1.4460540722107065,1.0693901167239326,0.45476908144579453,0.33631215487417176,0.25010703198856893,0.3616682920956035,0.25010703198856893,0.223277072988589,1.057949378306603,269.96,ST/MT Ratio (Expanding EWM),VRTX
2022-08-04,1.1922688848333178,1.1462752849636797,0.9614234670931061,0.3728663017370398,0.312736754670208,0.3077705740109573,0.35278980242784536,0.3077705740109573,0.2939023784671073,1.2411269293354303,288.98,ST/MT Ratio (Expanding EWM),VRTX
2022-10-27,1.432013839067734,1.1068633593474133,0.7729418034591068,0.5097877289542732,0.3559935770496142,0.3141798522192444,0.3477541666666667,0.3141798522192444,0.2779528808175417,0.9562723880795619,284.74,ST/MT Ratio (Expanding EWM),VRTX
2023-02-07,1.1286970490495813,0.8530055186744896,0.7557435535007045,0.35438972389658224,0.31398126201800197,0.34358143115007456,0.2930768568850928,0.34358143115007456,0.3001046005581115,1.0353671378881195,283.23,ST/MT Ratio (Expanding EWM),VRTX
2023-05-01,0.9124539505238608,1.2763110894207506,1.3987676733581909,0.19510750401470253,0.21382723358552705,0.22802985748278895,0.29103703582431684,0.22802985748278895,0.23495923043177958,1.7435458857872652,315.07,ST/MT Ratio (Expanding EWM),VRTX
2023-08-01,1.3919610599264312,1.2445915715457438,0.8941281529897998,0.3145532847249993,0.2259785088683618,0.19709137633799906,0.24529826581462388,0.19709137633799906,0.17452313293510746,1.204044942292791,347.57,ST/MT Ratio (Expanding EWM),VRTX
2015-02-10,0.7237761805647926,1.0695926816293793,1.47779480777432,0.1970877528866964,0.2723048342553918,0.37817682607142533,0.40449516552782316,0.37817682607142533,0.33878724428116597,0.9709557500899388,413.33,ST/MT Ratio (Expanding EWM),REGN
2015-05-07,0.7918930263959416,1.1692913355096863,1.4765773867606304,0.17750674214588502,0.22415495051617332,0.32813166853032916,0.38368151691885033,0.32813166853032916,0.27071649050940344,1.2149034177578422,441.65,ST/MT Ratio (Expanding EWM),REGN
2015-08-04,1.2183826107405025,1.1039964392283639,0.906116378792851,0.275691494981631,0.22627661668125137,0.3157760017185315,0.34861558149102845,0.3157760017185315,0.22281705575119243,1.2749494442083027,512.24,ST/MT Ratio (Expanding EWM),REGN
2015-11-04,0.8000321888155657,1.0105705874988267,1.2631624097462373,0.27035158340431886,0.33792588246301675,0.4384888015283181,0.4431238857721288,0.4384888015283181,0.36341978962720844,1.33126549698781,473.14,ST/MT Ratio (Expanding EWM),REGN
2016-02-09,1.1537867357807612,1.01276714301603,0.8777767256361255,0.4133606485021253,0.35826434442618754,0.42951892812497877,0.4350026577084424,0.42951892812497877,0.2466953404934358,1.4906884437213062,480.82,ST/MT Ratio (Expanding EWM),REGN
2016-05-05,0.9750063554604557,1.0602406224718088,1.0874191912021953,0.42286117994251576,0.43370094725466246,0.3684999418217759,0.390698607697945,0.3684999418217759,0.4777532868370517,1.308286986759689,403.65,ST/MT Ratio (Expanding EWM),REGN
2016-08-04,1.062195657584296,1.1074776170115983,1.0426305258395474,0.3097251797429463,0.29158957441733513,0.3527979905231918,0.39071587783110484,0.3527979905231918,0.27636299832548983,1.3810690859831742,359.61,ST/MT Ratio (Expanding EWM),REGN
2016-11-04,1.6346877900024603,1.2017908610315344,0.7351806677590255,0.7569287890846736,0.4630418075634702,0.31866928571428577,0.38297383526287554,0.31866928571428577,0.2554729761879752,1.2077285254564325,392.6,ST/MT Ratio (Expanding EWM),REGN
2017-02-09,0.8896889158838756,1.1452247264972573,1.2872192808646106,0.31118654254624634,0.34977005669121225,0.3534674691792092,0.40479968571643754,0.3534674691792092,0.4230528986449881,1.199784345248212,373.0,ST/MT Ratio (Expanding EWM),REGN
2017-05-04,1.2307202183259178,1.1016500388337247,0.8951263028182308,0.41492939648233373,0.3371435605784877,0.290756,0.32031135869113847,0.290756,0.28485885544636746,1.0265336008412305,382.92,ST/MT Ratio (Expanding EWM),REGN
2017-08-03,0.8944627952406621,1.1001680433252543,1.2299763044132492,0.2644607800817183,0.2956643713845729,0.3296209259403833,0.36263840913089,0.3296209259403833,0.34143812789059863,1.1002212752007867,487.73,ST/MT Ratio (Expanding EWM),REGN
2017-11-08,1.0376674655439238,1.0747055919425494,1.0356936375365793,0.261800560190106,0.2522971654053696,0.29689501057780227,0.31907472808780646,0.29689501057780227,0.2819107265409054,1.2265972985480418,469.56,ST/MT Ratio (Expanding EWM),REGN
2018-02-08,1.319369897704351,1.1901340527074646,0.9020472990768158,0.4608299928454416,0.34928036000159374,0.2682775961850311,0.3192863027983077,0.2682775961850311,0.24803667066450547,1.1329202598818293,368.65,ST/MT Ratio (Expanding EWM),REGN
2018-05-03,0.7774672950339012,1.0467444496829854,1.3463517454291662,0.18249058852628955,0.23472445682532808,0.38861776907345263,0.40678349282582066,0.38861776907345263,0.272884656412107,1.2908398023243126,332.2,ST/MT Ratio (Expanding EWM),REGN
2018-08-02,1.2791149772140402,1.123841580474149,0.8786087259504362,0.3490690145396304,0.27289885644206563,0.297968856486981,0.33486979060640365,0.297968856486981,0.2603139237109015,1.5279501771716955,353.86,ST/MT Ratio (Expanding EWM),REGN
2018-11-06,0.9678622656986892,1.1092589709366956,1.1460917635175432,0.27633893318187985,0.2855147297042248,0.3308760954463999,0.36702727714242545,0.3308760954463999,0.24195905688453473,1.0479009295027188,394.15,ST/MT Ratio (Expanding EWM),REGN
2019-02-06,0.9729674167561332,1.0322050327913879,1.0608834530479474,0.22919740534930289,0.2355653451514805,0.3751071867990916,0.3871875260502416,0.3751071867990916,0.2491140694583936,1.125011215120974,396.63,ST/MT Ratio (Expanding EWM),REGN
2019-05-07,1.2077660120650082,1.1701107305260374,0.9688223702581358,0.39773932893393443,0.3293181998505568,0.25651579439826405,0.3001518835748196,0.25651579439826405,0.20418176377056194,1.487128413703717,401.26,ST/MT Ratio (Expanding EWM),REGN
2019-08-06,0.8466087639158556,1.129714154913826,1.334399315320705,0.22271459276780015,0.26306672250552765,0.30095910336018306,0.339997759116172,0.30095910336018306,0.2734802845719943,0.7537542224810715,302.84,ST/MT Ratio (Expanding EWM),REGN
2019-11-05,1.4075952666463756,1.1803508300587993,0.8385583967407116,0.4322709508451382,0.3070988948940078,0.3316983125627538,0.39152037856254945,0.3316983125627538,0.23782577700796484,1.0637065879861252,283.81,ST/MT Ratio (Expanding EWM),REGN
2020-02-06,1.1723693187151696,1.0809707158749493,0.9220394108058146,0.35314098387648873,0.3012199127349266,0.27943918159927617,0.3020655721768795,0.27943918159927617,0.21043011845037096,1.662931500559164,373.13,ST/MT Ratio (Expanding EWM),REGN
2020-05-05,0.8995023732257762,1.116986280714773,1.2417824721340764,0.4840115167964424,0.5380880931538742,0.4921371619011442,0.5497104580734832,0.4921371619011442,0.6241966403450263,0.9701453377981841,504.27,ST/MT Ratio (Expanding EWM),REGN
2020-08-05,0.7952684856969482,1.0599444673248566,1.3328133660369488,0.30482924271345313,0.3833035612448674,0.3755745530962661,0.39808816962239285,0.3755745530962661,0.45708422124469594,1.1051985400412152,627.25,ST/MT Ratio (Expanding EWM),REGN
2020-11-05,0.9815722204711592,1.1874297948062376,1.2097222904660705,0.29400063081814887,0.29952012158313446,0.40081084886723384,0.47593474402653335,0.40081084886723384,0.33582422673937146,1.0034626053777576,581.64,ST/MT Ratio (Expanding EWM),REGN
2021-02-05,0.8409905190432302,0.9808462151757961,1.1662987786017796,0.22012116295246473,0.2617403620707758,0.38707271428571427,0.3796588068049651,0.38707271428571427,0.2759299226712948,1.1301662866917628,470.09,ST/MT Ratio (Expanding EWM),REGN
2021-05-06,1.04306775707959,1.0800670169543942,1.0354715785467241,0.2308821386738773,0.22134912819116132,0.30322141715750334,0.3274994515059886,0.30322141715750334,0.21774600249360135,1.0406791538315547,478.68,ST/MT Ratio (Expanding EWM),REGN
2021-08-05,0.9486850976355546,1.0662087000431393,1.1238805191527657,0.19507624352797848,0.20562802558422674,0.2959975290059504,0.3155951406174158,0.2959975290059504,0.22445180635770487,0.7934605445294304,582.25,ST/MT Ratio (Expanding EWM),REGN
2021-11-04,1.270206823490031,1.0348549077162967,0.8147137053420329,0.4045150476357057,0.3184639226895796,0.31063040743679626,0.32145740162188147,0.31063040743679626,0.29055617435612835,1.1569862876983241,550.9,ST/MT Ratio (Expanding EWM),REGN
2022-11-03,0.5401583978826933,1.0689022186546162,1.9788680928492215,0.19121671511121222,0.3540011890229631,0.3519033357676571,0.376150256354009,0.3519033357676571,0.49269877841612114,1.536748445170788,739.54,ST/MT Ratio (Expanding EWM),REGN
2023-02-03,1.1969277650609225,1.0478358985093699,0.8754378744451935,0.3613453900284466,0.30189406627229043,0.2991358569585403,0.3134452894525224,0.2991358569585403,0.22091576515812472,1.1662697787620186,726.49,ST/MT Ratio (Expanding EWM),REGN
2023-05-04,1.0899769423868524,1.2040037570227284,1.1046139695268946,0.2859980654779207,0.2623890968295501,0.22118763590398188,0.2663107446353695,0.22118763590398188,0.29651515272185125,1.5217213935234326,822.09,ST/MT Ratio (Expanding EWM),REGN
2023-08-03,1.0216559559143092,1.322477688972127,1.2944452399228699,0.2967451237614278,0.29045504217303963,0.19253527844159699,0.25462361007904816,0.19253527844159699,0.3280792398668894,1.2316494815100574,718.09,ST/MT Ratio (Expanding EWM),REGN
2015-01-30,1.1246803069669635,0.9637663748390392,0.8569247357394593,0.2000430676866283,0.17786660480088268,0.20851350000000002,0.2009583,0.20851350000000002,0.1730632398337364,1.4939869788529074,68.99,ST/MT Ratio (Expanding EWM),LLY
2015-04-23,0.7619197405559741,1.0789782522736715,1.4161311157082495,0.10085804990292004,0.13237358810171232,0.18131858333333334,0.19563880814973805,0.18131858333333334,0.15707210099628696,1.5034856301422055,75.56,ST/MT Ratio (Expanding EWM),LLY
2015-07-23,0.8688743798447816,1.2333239291047238,1.419450219403464,0.1870535674516161,0.2152826366971851,0.2159194166666667,0.26629858333333334,0.2159194166666667,0.2399836300203723,1.3232403964261077,82.67,ST/MT Ratio (Expanding EWM),LLY
2015-10-22,1.058586464415664,1.0232009742881762,0.9665728862809327,0.3564341436242678,0.3367076338171565,0.2669842062944142,0.27317850000000005,0.2669842062944142,0.27505609780633444,1.581649892423433,87.8,ST/MT Ratio (Expanding EWM),LLY
2016-01-28,1.2732532166094856,1.01285992701598,0.7954897845953215,0.3437052354874001,0.2699425620951065,0.23911162528351504,0.24218658333333337,0.23911162528351504,0.21597593751030345,1.953294612126026,86.25,ST/MT Ratio (Expanding EWM),LLY
2016-04-26,0.7849370151567205,1.038354342900849,1.322850525393469,0.16410708621701542,0.209070387875962,0.24798374635833528,0.25749500000000003,0.24798374635833528,0.2776358430580312,1.4272018910873752,70.62,ST/MT Ratio (Expanding EWM),LLY
2016-07-26,0.8476680446088505,1.0685991701200863,1.2606340145961061,0.1422586385513379,0.1678235241449759,0.2593311796248085,0.2771210833333334,0.2593311796248085,0.18517930647900693,1.882475594730357,74.89,ST/MT Ratio (Expanding EWM),LLY
2016-10-25,1.0246876474356963,1.155356339318695,1.1275205104794617,0.13480246951796535,0.1315546936232827,0.17175375160126133,0.19843678571428575,0.17175375160126133,0.11901092804267101,2.2651569910785896,79.52,ST/MT Ratio (Expanding EWM),LLY
2017-01-31,0.8581279874378587,1.04529741645183,1.2181136517558522,0.21835664769520982,0.2544569701626497,0.21898528534524755,0.22890475301235408,0.21898528534524755,0.309067409492401,1.5665806287817883,73.55,ST/MT Ratio (Expanding EWM),LLY
2017-04-25,1.2337239483760245,1.0891028412243975,0.8827767691937936,0.24337897493094382,0.19727182507181484,0.18552043543122393,0.20205083333333337,0.18552043543122393,0.13857693930298665,1.3767025799093213,84.24,ST/MT Ratio (Expanding EWM),LLY
2017-07-25,1.2213097181876773,1.0908876347011638,0.8932112947729187,0.19033604380299488,0.15584584398905613,0.15309413608464825,0.1670085,0.15309413608464825,0.16328000075172602,1.1326454170492473,84.28,ST/MT Ratio (Expanding EWM),LLY
2017-10-24,1.045833853293915,1.1374742766446042,1.087624265615482,0.1490986324836568,0.14256435858722866,0.15065766128024488,0.17136921428571433,0.15065766128024488,0.1588264074592356,1.933667328354917,84.64,ST/MT Ratio (Expanding EWM),LLY
2018-01-31,1.4995723035168196,1.099069229595313,0.7329217984473035,0.28852637231947825,0.19240577572873402,0.14592740816769023,0.1603843240717041,0.14592740816769023,0.1137113474588524,0.7432938878415518,84.68,ST/MT Ratio (Expanding EWM),LLY
2018-04-24,0.8204939228998546,1.1520268741123625,1.4040650905015577,0.11755851009350825,0.1432777340726957,0.21898686191186378,0.25227875,0.21898686191186378,0.15873659970994566,1.080581675427047,76.18,ST/MT Ratio (Expanding EWM),LLY
2018-07-24,1.4145154939286912,1.1536352039118547,0.8155691534404726,0.26600629796590747,0.18805470785413497,0.16491500030068126,0.19025175000000003,0.16491500030068126,0.13428190224586004,1.2107172782635538,85.77,ST/MT Ratio (Expanding EWM),LLY
2018-11-06,1.3289742021620699,1.1192919567735982,0.8422224863000759,0.3344594709231076,0.2516673915708711,0.1906210805405553,0.2133606422405358,0.1906210805405553,0.1975726694252219,1.146908691032566,115.46,ST/MT Ratio (Expanding EWM),LLY
2019-02-06,0.9291156431793562,0.9782749398874051,1.0529097718555571,0.21225845035124727,0.22845213285282395,0.2613724451186584,0.25569411303667966,0.2613724451186584,0.23414932611449382,1.136964410753769,115.28,ST/MT Ratio (Expanding EWM),LLY
2019-04-30,1.1218776962212618,1.1158662847158372,0.9946416516473476,0.24180371364924894,0.21553482564427354,0.18700462648671717,0.20867215778240591,0.18700462648671717,0.18553542804215634,1.5157158304298404,129.05,ST/MT Ratio (Expanding EWM),LLY
2019-07-30,0.956848300600539,1.175614363351927,1.228631918574852,0.2161614451255298,0.225909838570923,0.19271317369246793,0.226556375,0.19271317369246793,0.22860459868730287,1.1465771415152597,112.74,ST/MT Ratio (Expanding EWM),LLY
2019-10-23,1.2087546788995371,1.102881119793392,0.9124110450579324,0.23873869896600863,0.19750798332657443,0.21779391784764432,0.2402008,0.21779391784764432,0.18802202134021986,1.6300275506264696,114.18,ST/MT Ratio (Expanding EWM),LLY
2020-01-30,0.8695679345635171,1.1858470490883042,1.36371984517063,0.12492758645516029,0.14366627550252087,0.1665124802436723,0.19745833333333335,0.1665124802436723,0.16196084893122792,1.4770552121330498,131.43,ST/MT Ratio (Expanding EWM),LLY
2020-04-23,0.8425123066491664,0.9061971588731518,1.075589224894853,0.32364683581810183,0.3841449356452816,0.5731486740102468,0.5193857,0.5731486740102468,0.4547281127831601,1.7784761969769667,122.89,ST/MT Ratio (Expanding EWM),LLY
2020-07-30,0.8724536618454395,1.0652685131038226,1.2210029709205823,0.31728925820345677,0.36367462488760405,0.30440001371597514,0.32426775,0.30440001371597514,0.4725343703047703,1.6888217017448217,164.18,ST/MT Ratio (Expanding EWM),LLY
2020-10-27,1.2861321189404402,1.2144229343457216,0.944244309321973,0.38309737871599936,0.2978678263875473,0.27269741918899126,0.3311700000000001,0.27269741918899126,0.23072128580092943,1.0760200891506484,148.1,ST/MT Ratio (Expanding EWM),LLY
2021-04-27,0.6986792756146423,1.136617934533281,1.6268092874708144,0.1919034519122134,0.27466601430734017,0.2416518559036435,0.27466583333333333,0.2416518559036435,0.3760163500909113,1.0120665967153815,186.34,ST/MT Ratio (Expanding EWM),LLY
2021-08-03,0.8296918938238099,1.2178950403218218,1.467888320215949,0.231724836029061,0.27929022538849724,0.19513831749805433,0.23765798905762536,0.19513831749805433,0.354317766967461,1.4739421451551338,233.96,ST/MT Ratio (Expanding EWM),LLY
2021-10-26,0.706424346024866,1.1556372738765068,1.6358967246519962,0.149171154962948,0.21116366643130557,0.24932585380660716,0.28813025,0.24932585380660716,0.23122044654863672,1.0539385198546953,226.4,ST/MT Ratio (Expanding EWM),LLY
2022-02-03,0.832417668598027,1.0908063074821446,1.310407441638403,0.2193744603987066,0.26353892844223387,0.26388045160058815,0.2878424610271583,0.26388045160058815,0.32004341988379215,1.2571491324401494,266.81,ST/MT Ratio (Expanding EWM),LLY
2022-04-28,1.0133792140747697,1.233539761329503,1.2172538613353572,0.255556258363755,0.2521822579487992,0.22114791800953637,0.27279475,0.22114791800953637,0.22077420447263874,1.5942777594607467,288.39,ST/MT Ratio (Expanding EWM),LLY
2022-08-04,0.9400538542146228,1.0627196131468766,1.1304880123434375,0.24723162078563785,0.2629972949711375,0.3332092574259119,0.3541080131486231,0.3332092574259119,0.2551578462296881,1.6279339523783567,327.18,ST/MT Ratio (Expanding EWM),LLY
2022-11-01,1.1617550235600282,1.0388246740712488,0.8941856527445198,0.34211210847276075,0.29447869949759997,0.3184596710683364,0.33082376400240165,0.3184596710683364,0.30992087639319676,1.0343187663932034,321.55,ST/MT Ratio (Expanding EWM),LLY
2023-02-02,1.2202709481690863,1.1349351871063629,0.9300681859297212,0.3435972690510332,0.28157457125941737,0.27034559778155154,0.30682473160158674,0.27034559778155154,0.24158822939706404,1.7607336852574402,364.99,ST/MT Ratio (Expanding EWM),LLY
2023-04-27,0.9371049742350076,1.2409766766600214,1.3242664490956044,0.22138350122400483,0.23624194440407076,0.22778470000000003,0.2826755,0.22778470000000003,0.24921575884124977,1.3024472137922127,337.65,ST/MT Ratio (Expanding EWM),LLY
2023-08-08,1.5021725872070433,1.063311636048583,0.7078491813151611,0.7145229832188652,0.4756597140062063,0.25190390585944233,0.2678523542664319,0.25190390585944233,0.21127493666920794,1.2166680969135275,453.16,ST/MT Ratio (Expanding EWM),LLY
