earnings_date,revr,ievr,ratio,vol_st,vol_mt,avg_pre,avg_post,normative_implied_vol,normative_realized_vol,skew_ratio,underlying_price,methodology,ticker,normative_iv_rv_ratio,dispersion,SMB,HML,RMW,CMA,RF,term_ratio,skew,kurt,iv_ratio,smirk
2015-01-27,1.5418163215291798,1.2746676870619915,0.8267312190584226,0.4237004085232019,0.2747549343366551,0.2322685379139145,0.2960652,0.2322685379139145,0.1502349868440222,1.1454505069214638,113.91,ST/MT Ratio (Expanding EWM),AAPL,0.8267312190584226,0.06599098873115057,0.019384995355393144,0.018595049314786057,-0.006262702464750725,0.03526611152306368,0.0005038411868353503,1.033333163995407,1.1153536747585733,0.8179309318214267,0.962786328459036,0.9014878643272237
2015-04-27,1.029847965193672,1.1930114874814832,1.1584345726770715,0.1933967736768631,0.1877602905653536,0.2742186136313791,0.3271459561434817,0.2742186136313791,0.2209709782644811,1.2527915311072786,123.25,ST/MT Ratio (Expanding EWM),AAPL,1.1584345726770715,0.17959185695956084,-0.002839250540991463,0.005934232444303607,-0.03213917547946605,-0.006929882903649692,0.0010817878334902086,0.8966024907424245,1.1038892686414261,0.5198398090390102,1.03454556840079,1.2922592878256198
2015-07-21,1.5001131601529345,1.3775306181257492,0.9182844699431288,0.265013848316577,0.176598474772345,0.1566669351376255,0.2158135,0.1566669351376255,0.1095365970546889,1.4365034219180517,127.61,ST/MT Ratio (Expanding EWM),AAPL,0.9182844699431288,0.1705750756874341,0.02466909883352424,-0.055263996990616134,0.003390458348740076,-0.02455674351139639,0.0033227444668851355,0.9401089482677311,1.0808731757440433,-0.46593779458872175,0.9143873197310963,1.210163805836998
2015-10-27,1.1513731295034122,1.0999096425100356,0.9553025116926492,0.2722626720467963,0.2363846509715594,0.3572541187140422,0.39294725,0.3572541187140422,0.214543305598698,1.7898572596152218,112.44,ST/MT Ratio (Expanding EWM),AAPL,0.9553025116926492,0.09079715720663231,0.05530604497428089,-0.02418006181456263,0.02555692934466618,0.011689040345088803,0.0018308773143571836,1.0282732700287915,1.204281922417558,-0.4005488044537935,1.0715486313548073,1.0014569897365502
2016-01-26,1.413534713959299,1.2514753029605852,0.885351658223669,0.3570228789910158,0.252494526193473,0.2372708628748321,0.296938625,0.2372708628748321,0.1830708410792362,1.430972429288369,106.82,ST/MT Ratio (Expanding EWM),AAPL,0.885351658223669,0.09882022296052138,-0.006195368115316759,-0.0003226266716484638,-0.01969390450367301,0.005167442485359915,0.002079573534942166,0.891224726760008,0.9046104056211941,-0.47863710572371243,0.9927804334499086,0.9467515042363757
2016-04-26,1.3556702249379065,1.3038312751298842,0.9617613864681608,0.3345198348347895,0.246709796610314,0.2000747757596269,0.26086375,0.2000747757596269,0.1782888286133402,1.5381606635652478,105.19,ST/MT Ratio (Expanding EWM),AAPL,0.9617613864681608,0.20114438374053778,-0.00619479349322132,-0.032290842285233226,0.04098209809104422,0.011891723714080735,0.002758824416163609,1.194343376164375,1.0234530594095803,-0.47870421319068734,0.9597246938483873,1.1350812913365906
2016-07-26,1.5410078834940288,1.1445987186958573,0.7427598073675218,0.3726091040116839,0.2416991175533477,0.2427556947289311,0.2778578571428572,0.2427556947289311,0.1831537683051153,1.4194278531347304,92.04,ST/MT Ratio (Expanding EWM),AAPL,0.7427598073675218,0.24539372897346412,0.05727244854275871,0.021997861899886135,0.015769802213189868,0.0077894349048522405,0.0026963228620803235,0.8256174095459154,1.2449736520564627,2.845998716948589,0.9740242262002142,1.0800381074363439
2016-10-25,0.8905016352314935,1.345784701387864,1.5112658395489815,0.1551128652033576,0.1741281136970085,0.1945410731226202,0.2618104,0.1945410731226202,0.2210846824590974,1.3455206012590943,112.88,ST/MT Ratio (Expanding EWM),AAPL,1.5112658395489815,0.21744097648143537,0.02886021552035181,0.04992252497031092,0.028764514640601434,0.01565602473264815,0.0022787998123854607,0.8088537804117989,1.1562840898908886,0.6557042322103555,0.9810175398304667,0.9827348442466434
2017-01-31,1.57414694610066,1.2599252253108482,0.8003860303079237,0.3193546549763795,0.2028043177233081,0.1801787590480524,0.2270117635898464,0.1801787590480524,0.1310464599649901,1.1509683000126771,115.82,ST/MT Ratio (Expanding EWM),AAPL,0.8003860303079237,0.19189568844797475,-0.014431603507723325,0.0405628555509195,-0.013445863846303427,0.039182642484795166,0.0017913316287795343,1.0616092310635041,1.0664868124129259,-0.28136284388035193,1.1067327244460472,1.1260289132146775
2017-05-02,1.020684704441075,1.440934125651202,1.411732848921504,0.1086913736839202,0.1064428594852098,0.1446315922018909,0.2084045968509729,0.1446315922018909,0.1201406258590828,1.5484554242517574,143.7,ST/MT Ratio (Expanding EWM),AAPL,1.411732848921504,0.13642323772578754,0.020989601525508765,-0.0024032861279062396,0.024363130676665394,0.01720258012821615,0.0016873315542676427,1.1434688219717983,0.9469903595505972,2.1426664077778246,1.1020550360451777,0.9460043747312391
2017-08-01,1.4340585456221733,1.2380662693531437,0.8633303522597834,0.2737377924703902,0.1908222172987398,0.1978696468143765,0.2449757354496992,0.1978696468143765,0.1613639167814808,1.323663311761223,143.5,ST/MT Ratio (Expanding EWM),AAPL,0.8633303522597834,0.051061886640960945,-0.01421961924843618,0.04872178410549856,-0.02429834750988283,-0.02324138747274853,0.002857898825291343,1.0779282919486883,1.0766189155519321,2.7799391422233724,0.9424834051853698,1.1571333563262953
2017-11-02,1.145562396431944,1.392292433504015,1.215378959575275,0.2092611750210738,0.1825807034673355,0.1802875088953928,0.2510129344903433,0.1802875088953928,0.1509785352351537,1.10494889020432,154.48,ST/MT Ratio (Expanding EWM),AAPL,1.215378959575275,0.16244293843864158,-0.014300541374958993,0.008460023716063352,0.02525618752091272,0.037064071317811295,0.0025535695310677934,0.9527920181851783,1.2827258682363512,0.31989958116110584,1.18865577284754,1.2605943404402997
2018-02-01,1.2321096213311684,1.484598805673966,1.204924285933267,0.1991635869054645,0.1607703563844828,0.1628358717672673,0.2417459407465641,0.1628358717672673,0.1527608296122721,1.36605396621981,172.26,ST/MT Ratio (Expanding EWM),AAPL,1.204924285933267,0.05223045458594964,0.010468679504811194,-0.006112579133541189,0.007295983494838283,0.04401536408720718,0.0017426999993822106,0.9081532941242626,1.2214167107305711,2.982416807214024,0.9757989006513847,1.074710867729328
2018-05-01,1.4373517385533563,1.0734771834044396,0.7468437645505311,0.3445100829015124,0.2397201315599304,0.3139921420165426,0.3370634002230449,0.3139921420165426,0.1613785492052027,1.4893131512892674,166.68,ST/MT Ratio (Expanding EWM),AAPL,0.7468437645505311,0.13446304546588458,-0.06496480856302293,-0.014402079906228191,0.0168312804996196,0.08180141836280212,0.0030821123129931407,1.0080722946267038,1.0179724543215458,-0.938940641415881,0.966038773259258,1.0127747537367033
2018-07-31,1.5525116728464294,1.3414833063120812,0.8640729276144885,0.3341424689790152,0.2152823712744077,0.1850423866914095,0.2482312727066706,0.1850423866914095,0.1490368330366487,1.4101144449264538,187.18,ST/MT Ratio (Expanding EWM),AAPL,0.8640729276144885,0.1031295179639143,-0.05837212413795615,-0.00507409059464385,-0.02638986514062129,-0.025087350830989952,0.0018709658848702162,0.9774398805272748,0.9684409913653608,2.4930174267666905,1.1114733398194008,0.9340801910238649
2018-11-01,1.4383609709928036,1.2412437510021015,0.8629570573966248,0.3768795808135645,0.2621443850519404,0.2042797191316742,0.2535609248286551,0.2042797191316742,0.1864090931131695,1.2966641671803047,229.28,ST/MT Ratio (Expanding EWM),AAPL,0.8629570573966248,0.06507774625795262,-0.017680063523434045,-0.0076453045562368625,-0.01937674605691512,0.009072050328756876,0.0011483378256656068,1.0600369804559726,1.1614625905622482,2.8248846945745107,0.9009062614068484,0.9991729799223229
2019-01-29,1.1515410580682617,1.0862749659927275,0.943322826730104,0.3413566175883027,0.2962745630454881,0.3711787305273019,0.4032021628807687,0.3711787305273019,0.2339611178192021,1.3657780642137334,157.74,ST/MT Ratio (Expanding EWM),AAPL,0.943322826730104,0.09374825885371037,-0.033449089211704836,0.00911248667126463,0.01793070545633462,-0.049052467579724694,0.0012410293010966555,1.171116591750126,1.2728535661593132,1.8823456774825496,1.129728996314262,0.9365931831718589
2019-04-30,1.4644701194511998,1.2897079538100436,0.8806652567915505,0.3397236253974487,0.2318632856434808,0.2097243003624932,0.2704830982847541,0.2097243003624932,0.1957607576458341,1.401369962176738,191.24,ST/MT Ratio (Expanding EWM),AAPL,0.8806652567915505,0.24039354682798406,0.012998656640834588,0.008817219431495937,-0.02070870010560502,0.01682872890948023,0.0010212591636902344,1.0055503339112934,0.9926331965155998,-0.27512782554553095,1.1430909897369996,0.954015254672219
2019-07-30,1.1668466272637843,1.241758801718878,1.0642005321905588,0.2136618677862913,0.1830739262418847,0.215823666629179,0.268000937656024,0.215823666629179,0.1928372813506872,1.266515717634634,201.55,ST/MT Ratio (Expanding EWM),AAPL,1.0642005321905588,0.18413639292077572,-0.02978084264324239,0.0040913806046024345,0.014580157302478077,-0.010705007454169316,0.0017275899833963128,0.987460654798554,1.2754312958344132,-0.2566717777386298,1.1933980271214704,1.2977151943044236
2019-10-30,1.2285811213733775,1.1900844604660674,0.9686657557750225,0.2054126714730982,0.1671849588843484,0.2371308286426188,0.2822057142650225,0.2371308286426188,0.1635204787221084,1.489191349713901,223.97,ST/MT Ratio (Expanding EWM),AAPL,0.9686657557750225,0.1601716153256315,-0.047430629546735215,0.017108145092390496,-0.031178445161506144,0.05108614487062384,0.003233724278336193,1.0222468618729612,0.9680570960708632,0.26441955176358256,1.0273478498029605,1.0237296897432893
2020-01-28,1.290380176191389,1.1425377030686803,0.8854271974643383,0.1993476685619253,0.1537593435694619,0.2490706645703523,0.284572625,0.2490706645703523,0.1338550687058109,1.0987793887708863,291.52,ST/MT Ratio (Expanding EWM),AAPL,0.8854271974643383,0.18390295640052323,0.0532977069122544,0.03971938824359024,0.024204355316666704,-0.01636537425046455,0.0011949048189694913,0.9122542319506063,1.288891883686543,-0.38654069033701743,1.1199983726150586,0.90016411577567
2020-04-30,1.0111683072460893,1.0013477879266288,0.9902879478627978,0.2430442061004036,0.2402422712611882,0.5428377499999999,0.5435693801655682,0.5428377499999999,0.2321018147020647,1.5208892692724474,254.29,ST/MT Ratio (Expanding EWM),AAPL,0.9902879478627978,0.1473067814807116,-0.005902170517028749,0.03248662406323971,-0.02781308286921273,-0.03922957594918154,0.0021884757610181028,1.0384730677609508,1.266377201581621,0.15173637637287607,0.9556577925773158,1.160671917951371
2020-07-30,1.5890824914499706,1.1740540083266453,0.7388250859496732,0.5324386066523017,0.3348999178869198,0.2926328751176264,0.3435667999999999,0.2926328751176264,0.1919088616155213,1.2706583623807135,364.8,ST/MT Ratio (Expanding EWM),AAPL,0.7388250859496732,0.11776617771712317,0.004363487164077334,-0.04054693905349711,0.016807498441988086,-0.008781593517562991,0.0013433106543725868,1.0850405629193574,1.1752122075807925,0.27726752008549616,0.9756607206477993,1.2823675199848177
2020-10-29,0.3598288629346786,1.091195103326757,3.032539119922814,0.3985525598303024,1.107017094643927,0.4422759949422933,0.4826094,0.4422759949422933,1.6700570296182358,1.2018084020687172,114.09,ST/MT Ratio (Expanding EWM),AAPL,3.032539119922814,0.23637343431918695,-0.047866186517470995,-0.07261763404705864,0.018640773341150028,-0.04638719428042844,0.0017396909587285626,1.1693198033079717,1.0829266439571281,2.3847754646174937,1.0356970432902888,1.0697556072290042
2021-01-27,1.242839612644955,1.156970554536231,0.9309089787329988,0.3712293439133627,0.2986266960207873,0.3463080067990785,0.4006681666666667,0.3463080067990785,0.2605709060753252,1.0114922180423398,136.69,ST/MT Ratio (Expanding EWM),AAPL,0.9309089787329988,0.06840543486781905,-0.017053395358381396,0.03202959733717821,-0.014419295460739374,0.021777486362682754,0.0004899587880147478,0.8627051790397179,1.0705624225967891,1.149667754399228,0.906751298228606,1.0776452020701626
2021-04-28,0.6680357884670967,1.1645719386028943,1.7432777685087364,0.1308367990060189,0.1958402660011204,0.2868763095913135,0.3340881000000001,0.2868763095913135,0.2400807909399397,1.3737950519135451,121.39,ST/MT Ratio (Expanding EWM),AAPL,1.7432777685087364,0.17073178631068597,0.005882290639845313,-0.03700636095246263,0.01755066417711817,-0.04862707615640802,0.0017794617708434626,1.11254248735808,1.172018422549708,1.54062795545574,1.1728666285311606,0.9072128039300921
2021-07-27,1.0039840818144588,1.3052841723874469,1.300104449891736,0.1529401837140423,0.1522865846285727,0.1812281225837034,0.2365542,0.1812281225837034,0.1429607590437412,1.34147079793357,134.78,ST/MT Ratio (Expanding EWM),AAPL,1.300104449891736,0.15422183674716877,-0.0382847752097806,-0.002742962056780506,0.0095110565833389,0.0037114395295789722,0.001806294620195038,1.0228190344768937,1.2149395393638829,1.165341530805069,0.9971686657741138,0.9545002260367912
2021-10-28,1.169204214400593,1.103914399334333,0.9441587583570834,0.1529927983251272,0.1308231389253059,0.2668982306759159,0.2946328,0.2668982306759159,0.1420408694198396,1.6316916818195828,141.91,ST/MT Ratio (Expanding EWM),AAPL,0.9441587583570834,0.19146909845544458,0.01514943064209852,-0.031103390781780784,-0.010471046404818458,-0.048945295496404924,0.0025402879440356955,1.1550252287264764,1.0883049569550411,2.5124607879428056,1.0757556367299506,1.1696768466460004
2022-01-27,1.25512559955305,1.1142600851634514,0.8877677943627629,0.256351480103224,0.204190145851616,0.2703527994446142,0.3012433333333333,0.2703527994446142,0.2026164805316245,1.1492695743907115,179.29,ST/MT Ratio (Expanding EWM),AAPL,0.8877677943627629,0.14788756772200656,-0.019022354147158176,-0.05005941312740059,-0.022213867101905205,-0.005007445113416048,0.0022232809132553704,1.12170446175138,1.1636622178400537,0.5922193627157508,1.0540900151785952,1.221218209870352
2022-04-28,0.9855039551114958,1.1544536711334843,1.1714348432045354,0.1469812151322145,0.1490884163581162,0.2264664286989566,0.261445,0.2264664286989566,0.158128913881403,1.3443450089929698,178.96,ST/MT Ratio (Expanding EWM),AAPL,1.1714348432045354,0.09932477630213446,-0.008209281242764687,0.02024388184614364,-0.04606564229181448,0.044084453895113354,0.000801607875047955,0.9494601185491937,1.055248582707399,-0.6172395357679954,1.1743753305665243,0.9364145259781768
2022-07-28,0.9470349807493764,1.1187303946203777,1.1812978584330025,0.1566376410375382,0.1653487748532424,0.3361965061543069,0.37611325,0.3361965061543069,0.1731794577276406,1.3444082477631083,137.44,ST/MT Ratio (Expanding EWM),AAPL,1.1812978584330025,0.05355848486176236,-0.019059731428028893,0.026774654809079406,0.011741251182492342,0.012016197285894875,0.0030841982440435426,1.0592836709794224,1.0652777915211191,0.6224775610217694,1.1038655509718052,0.9268374930519515
2022-10-27,1.4376675427363212,1.0127562419764686,0.7044439773947206,0.3300400622376749,0.2295326098511128,0.4096104104877378,0.4148355,0.4096104104877378,0.1643853307129339,1.4525534846658592,151.76,ST/MT Ratio (Expanding EWM),AAPL,0.7044439773947206,0.09619363895446505,0.06682973645781283,-0.013295312021801583,-0.03612006928405138,-0.01858734012412335,0.0022103030402219953,1.037482313180574,1.208812714388942,2.312851031546377,0.9511591168181326,1.2589676200312696
2023-02-02,1.127467834382578,1.0073507061002207,0.8934629222942437,0.2326762648425608,0.2063475799450077,0.4120015394729244,0.4150300417024284,0.4120015394729244,0.2115066971387549,1.2018863018555723,125.07,ST/MT Ratio (Expanding EWM),AAPL,0.8934629222942437,0.22501446571331313,0.001527597134172313,-0.0737312687643473,0.005383604986032705,0.0022199127765229008,0.002198393517177487,1.0624584367389769,1.2527419203282733,0.9411228684407931,1.0626100035291606,1.2676153108114685
2023-05-04,1.1888383000177736,1.204897060850289,1.0135079437062848,0.1655510853755693,0.1392331724922654,0.2327241371080308,0.280408628790386,0.2327241371080308,0.1220286847400023,1.427676926009871,165.63,ST/MT Ratio (Expanding EWM),AAPL,1.0135079437062848,0.0639018633021907,-0.0350198825134565,-0.012387333447574481,-0.003586205402056228,0.0034504218011111648,0.0019908176466148612,1.1599638173418687,1.0792643493476008,0.09765052654272699,1.0179511303692792,1.0551057314119
2023-08-03,1.4792040210128263,1.2702510813129282,0.8587396081056987,0.2511620523243875,0.1698989810247401,0.1648308351318065,0.2093765465598902,0.1648308351318065,0.1113974799154255,1.2612448795277875,192.46,ST/MT Ratio (Expanding EWM),AAPL,0.8587396081056987,0.08586197047761751,0.03078907192361162,0.015754120162076394,0.019978569385954888,0.014815758646085142,0.0014822425527777803,0.9147467499931176,1.0074318417331867,2.4442517459188777,0.9209585762053986,1.1710444728398377
2015-01-26,1.6014190271486264,1.2072330066725987,0.7538520438477071,0.4308924004916677,0.2690590176489442,0.174542216651922,0.210713125,0.174542216651922,0.164172656489756,1.689139991932478,47.88,ST/MT Ratio (Expanding EWM),MSFT,0.7538520438477071,0.13867960598423798,-0.040729527748985785,-0.040367347063223855,-0.004551137487246605,-0.031171459082020663,0.002217802339748726,0.869128020582581,1.0378023573576254,-0.7538278634606526,0.9809920910566386,1.2073684284468968
2015-04-23,1.5493390991024532,1.3653009871157364,0.881215085778619,0.5311499650738319,0.3426767525491456,0.1442586666666666,0.1969565,0.1442586666666666,0.1974349312076689,1.2951711247970097,42.9,ST/MT Ratio (Expanding EWM),MSFT,0.881215085778619,0.21357262035524024,0.00931022582516644,0.009500797593374669,-0.005236194658677282,0.017814181846183268,0.0024755884359285826,1.1540061298189035,0.9886108607609468,0.8541913570356874,1.0410972143811619,1.2494301223038937
2015-07-21,1.2253393364283631,1.3118710541569696,1.0706185749172392,0.2378192956690466,0.194068042140443,0.1736871350869339,0.227855125,0.1736871350869339,0.2064446419033523,1.4055084168973182,46.23,ST/MT Ratio (Expanding EWM),MSFT,1.0706185749172392,0.15453971163399427,-0.06658845433579215,0.0035407045248101333,0.021296767607207386,-0.06460979079006939,0.00025310430865444514,1.105119621150322,1.10523088734722,1.6829888018870935,1.1542065161728101,0.903815581610218
2015-10-22,1.6782033149638096,1.2330052497743225,0.7347174438163425,0.4769022022865504,0.2842061937875339,0.2299513053318803,0.2835311666666666,0.2299513053318803,0.1442008797944403,1.6108890276910264,43.9,ST/MT Ratio (Expanding EWM),MSFT,0.7347174438163425,0.0750925710263116,-0.04448651171144507,0.02137874498803265,0.011376450727102938,-0.01274711380909526,0.0014612391626539043,0.9611560124200195,1.2628972669108316,1.9612521233758056,1.0628524123002223,1.1118578108140533
2016-01-28,1.2376806795821536,1.438092243964466,1.161925097231034,0.2333646621194446,0.188546702169696,0.1877234934914721,0.2699637,0.1877234934914721,0.1744368550740564,1.196339513948743,56.55,ST/MT Ratio (Expanding EWM),MSFT,1.161925097231034,0.14686336663735025,0.008890143255419324,0.007587411052424598,0.010903898929569458,-0.009206846061288616,0.0017450530295964107,0.9391080390417751,1.1082082134566058,1.621532797853813,1.025508911528638,1.1856612585568695
2016-04-21,1.5507469631659048,1.4143769447705872,0.9120617214578236,0.3957790030292547,0.2551581791915014,0.1903148244852511,0.2691769,0.1903148244852511,0.1894610712790256,1.7562719490781384,54.07,ST/MT Ratio (Expanding EWM),MSFT,0.9120617214578236,0.08136692046939915,0.027846330299839368,-0.025192068226446665,0.014731689745213156,0.018833170651780962,0.002256170605694278,1.1444928909041543,0.9618739392739445,0.8061880912696977,1.0224060273855242,1.1749859216198912
2016-07-19,1.386661015321484,1.316721065898093,0.9495623309153348,0.2735866256270419,0.1972036651493631,0.2006188947997315,0.2641591249999999,0.2006188947997315,0.1734731702548579,1.4526173904723074,50.07,ST/MT Ratio (Expanding EWM),MSFT,0.9495623309153348,0.1811798804651237,0.007997889841648969,0.03989714504993474,-0.035389303080177646,0.0035657713169217286,0.003193311005927126,0.8999469861031718,1.1561003659809106,2.509956966925952,1.0254394799380868,1.264406279991688
2016-10-20,1.5615953072264217,1.4561237647181942,0.9324591063893772,0.2324664118589799,0.1489045060887973,0.159137314158763,0.231723625,0.159137314158763,0.0998642469277923,1.6635382629945907,56.81,ST/MT Ratio (Expanding EWM),MSFT,0.9324591063893772,0.23781089165019342,-0.0020476898835884187,-0.0007558871908091002,0.02191971699967455,-0.03213907634640717,0.0012282591854032177,1.1972654955733912,0.9424368199791808,-0.06778724806056546,1.185113925444628,1.2833310745925548
2017-01-26,1.123486902272515,1.5906927147547092,1.4158533682387942,0.149393845244548,0.1329715902202048,0.14976129442872,0.2382242,0.14976129442872,0.1461147730044856,1.0559383057125622,63.28,ST/MT Ratio (Expanding EWM),MSFT,1.4158533682387942,0.12675390650999316,-0.008538629345625109,0.0031808638147020445,0.01831171985034006,-0.02162482814542538,0.001502038153182158,0.8390829101547035,0.9059994001508547,-0.355599906974311,1.1988038350146744,0.9719998466442747
2017-04-27,1.0363790430577475,1.6391150933893508,1.581578771173607,0.0872987155329966,0.084149897865857,0.110237225396032,0.1806915,0.110237225396032,0.0896603340897267,1.732204909035405,65.29,ST/MT Ratio (Expanding EWM),MSFT,1.581578771173607,0.23635388498026597,-0.049748269662859966,-0.02399803877219588,-0.022417078214412432,0.007967000238685172,0.00148746588935345,1.0010190426888093,1.2393670905722045,-0.9183935572471746,1.0813466946775379,1.0108101795478497
2017-07-20,0.8433708814543438,1.3400217591501258,1.5888878648968014,0.0974048583008029,0.115459017466607,0.1572550584056538,0.2107252,0.1572550584056538,0.1197911570028295,1.4424767177478388,69.91,ST/MT Ratio (Expanding EWM),MSFT,1.5888878648968014,0.17283377098091393,-0.023194547293814805,-0.009298467535745309,-0.0031020118418550327,0.0010233164533860917,0.0011984724098954584,1.1449339665758926,1.0133844597056316,1.7470228811276356,1.102265889734219,0.988597419543856
2017-10-26,1.6266220761885453,1.3442558233166668,0.8264094303124724,0.2914245667694751,0.1791270875879504,0.1544125726663136,0.20757,0.1544125726663136,0.0992965020945396,1.514452226368795,73.26,ST/MT Ratio (Expanding EWM),MSFT,0.8264094303124724,0.1860405321172164,-0.014122356983592564,-0.022544081420807025,0.00201731780930922,-0.01147810274089367,0.0016528135048877377,0.81391967994734,1.0636998295141589,0.1567726078634788,1.1426933248841125,1.2201456753821383
2018-01-31,1.0382945382077222,1.5584859451393531,1.5010056277764616,0.147100361743069,0.1416388377624535,0.1356211107328118,0.2113635949412751,0.1356211107328118,0.1605168935582537,1.319051632842724,85.95,ST/MT Ratio (Expanding EWM),MSFT,1.5010056277764616,0.11974166795030623,0.038999277917662056,-0.0011883817977026902,-0.0003624196100433179,-0.009020844737799485,0.002770802219987971,0.9828095808770502,1.1426048901292876,1.4170380639477007,1.1481474445282869,1.070000965649279
2018-04-26,1.0066259240151998,1.0819480804708466,1.0748263626623125,0.1733146547251788,0.1720573398543655,0.2941970454191359,0.3183059285714286,0.2941970454191359,0.2099288464707418,1.477771720972762,89.47,ST/MT Ratio (Expanding EWM),MSFT,1.0748263626623125,0.22445267490891047,0.01402664013489615,0.05535125440427031,0.011346499164213368,0.020404199928982226,0.0009461645046356544,0.9101786719162036,1.006013967256219,1.1447691171288166,1.0347444608196639,1.0760483083939745
2018-07-19,1.1570408015198348,1.3332790640337011,1.1523181051890028,0.1504520597796363,0.1300184935942269,0.1648654103477648,0.2198115999999999,0.1648654103477648,0.1299349502086371,1.3381414466714692,100.86,ST/MT Ratio (Expanding EWM),MSFT,1.1523181051890028,0.12028009476615252,-0.059706405437695696,-0.03715703428794069,0.03878416954577959,-0.009942314321730367,0.0024278143951529034,0.8364549356358829,1.1874414962760782,-0.1450532480723572,0.9590860890626164,1.0651033281109574
2018-10-24,1.4567009228617829,1.2431521939157733,0.8534024894235123,0.2960734298651968,0.203236124510535,0.1694613507751032,0.21066625,0.1694613507751032,0.1368045934484404,1.6369529569823813,114.67,ST/MT Ratio (Expanding EWM),MSFT,0.8534024894235123,0.16842790230591934,0.013342938928817827,-0.04440684193630223,0.03004416819182072,0.0007977188992731679,0.0002980977699816645,0.8911113366471206,1.1335433069232062,0.48585335733788604,1.034673516777837,1.1148677286416115
2019-01-30,1.2070037124832715,1.0510608263465346,0.870801651623836,0.2358321609421087,0.1951955351496768,0.3677409145998068,0.3865180695807034,0.3677409145998068,0.1913345426998729,1.4827193108858896,101.57,ST/MT Ratio (Expanding EWM),MSFT,0.870801651623836,0.12733860696061902,-0.01147787981457108,0.04813510982480825,-0.02980547983578516,0.05724841470201357,0.001438662003557794,0.8814142089927219,0.9623006491462119,2.521687611494419,1.0301171108494263,1.0648374438530157
2019-04-24,1.291452390947993,1.240571033485161,0.9606014454582548,0.1782841822251063,0.1380056689362276,0.1932432674383151,0.239732,0.1932432674383151,0.1333452991963472,1.569145340868553,117.66,ST/MT Ratio (Expanding EWM),MSFT,0.9606014454582548,0.134148599560117,-0.02169227001070856,-0.002279710314555983,0.01855174975765122,-0.032592065922098075,0.001670510699782014,0.8142448601091367,1.0991905210349573,1.2166788864440004,1.0676522612864,1.1828124677291538
2019-07-18,0.8231209666370861,1.1960213835676234,1.4530323391640063,0.0980026422876646,0.1190422251659512,0.1938404101796061,0.2318372755743281,0.1938404101796061,0.1371807973545615,1.3960328826638986,135.16,ST/MT Ratio (Expanding EWM),MSFT,1.4530323391640063,0.07866767754035209,0.023408670109430377,-0.016072182159797496,0.03622333298838524,-0.04329606828936647,0.0036748596729140647,0.8709927339964048,1.0008892536922476,2.242921860921651,1.1841511850530182,0.9543730989469282
2019-10-23,1.2696284368070068,1.2579356811961953,0.9907904113740412,0.1521295575649529,0.1196845878433238,0.195771376614279,0.2462678,0.195771376614279,0.114777776639137,1.5537896466494523,139.14,ST/MT Ratio (Expanding EWM),MSFT,0.9907904113740412,0.06415411351073334,0.038084983287358286,0.03519714062188229,0.012670213017230066,0.02258974161996517,0.0017251976952473121,0.9990598218020873,0.9856705010958348,-0.7597073265800702,0.9976510014378406,0.9574750500736852
2020-01-29,1.335313584487551,1.3384859995122558,1.002375782783579,0.1520220085174785,0.1138931515579813,0.1601291808392234,0.2143306666666666,0.1601291808392234,0.0742480848389457,1.6733991898942056,157.59,ST/MT Ratio (Expanding EWM),MSFT,1.002375782783579,0.14473449364065225,0.034594804169066955,-0.014168466192105923,0.030274510629649174,-0.013966076532352587,-0.00020124347345091832,1.0839732293736986,1.1134901654685778,-0.4246621160387565,0.9027724765216544,1.223262819609685
2020-04-29,1.0008332828545097,0.9376695898865738,0.9368888964325962,0.2502911020730418,0.2500429796618342,0.5466912765987681,0.5126157851229344,0.5466912765987681,0.2719980536692241,1.5994326301192956,160.23,ST/MT Ratio (Expanding EWM),MSFT,0.9368888964325962,0.07173145205510933,-0.02737261331279235,0.058780291406408086,0.05330676114251913,-0.00495593819356551,1.11109313875013e-06,0.8704777624656991,1.1424866568883065,0.3476876523069823,1.0756457814945106,1.0262614507929297
2020-07-22,1.2292853692982155,1.1195555647168924,0.9107369148597558,0.2779809786971889,0.2260275577231532,0.3033912241945987,0.3396633333333333,0.3033912241945987,0.2120352405903829,1.2272694546109078,200.57,ST/MT Ratio (Expanding EWM),MSFT,0.9107369148597558,0.09120175870852937,-0.008822433154792511,0.024337776140178072,0.028592738652674535,-0.016528909453277854,0.002034029586346681,0.8347758242769017,0.9891800034231014,-0.24776573408369762,1.0284058057318932,1.163313513370463
2020-10-27,0.8626584194247527,1.1393207950562394,1.3207090656067249,0.1579423730658169,0.1829823129385164,0.3128274625372217,0.3564108333333334,0.3128274625372217,0.2258361947504115,1.3642691264384266,209.44,ST/MT Ratio (Expanding EWM),MSFT,1.3207090656067249,0.2308874689356696,0.01359422009912474,-0.01063734224437108,0.009232714891043221,-0.003495003519187813,0.0026137708557899086,0.905522429978543,0.9048279741202472,1.0757494570590276,1.0817278468076916,1.285148197600724
2021-01-26,1.0380560153849223,1.2012209552234827,1.157183174530381,0.2077997989006321,0.2001882259762009,0.2383326443163851,0.2862901666666667,0.2383326443163851,0.1826406213774159,1.1280092914899325,224.96,ST/MT Ratio (Expanding EWM),MSFT,1.157183174530381,0.055975666570899765,0.03614407944928257,0.0687192463979651,0.029127211852118837,0.04296345280240853,0.002375455857627253,1.0357883212372987,1.0884690237512569,1.2936065035908153,1.178370188958608,1.2313512582406585
2021-04-27,1.0723122401781051,1.146230320379678,1.0689333548867217,0.1779430555657774,0.1659457563394993,0.2349101763225705,0.2692611666666666,0.2349101763225705,0.1807335224242992,1.2737947397647535,235.24,ST/MT Ratio (Expanding EWM),MSFT,1.0689333548867217,0.1734947549846833,-0.01477109832458515,-0.01417144769010015,0.00662219582742228,0.023053211465452982,0.0021675701058009905,0.9291914933455232,0.9949017454628549,0.05053444946429453,1.051326311914564,1.1976197804914313
2021-07-27,0.8918286723915432,1.2071662763507622,1.3535854068400877,0.1026448315935305,0.1150491648699687,0.1708217451396746,0.2062102499999999,0.1708217451396746,0.1187992511091754,1.44854538812083,268.72,ST/MT Ratio (Expanding EWM),MSFT,1.3535854068400877,0.10633827037700186,-0.0044980641832336,0.02626286116027921,0.003597576082123887,0.024555587797174427,0.003162259597505667,1.001287682873185,0.927118558331245,1.8943228017599236,1.1417910386012862,1.015799146047888
2021-10-26,1.5278942397640425,1.2037774117162157,0.7878669742888218,0.2697544952892867,0.1766036628594906,0.1924519691751353,0.2316693333333333,0.1924519691751353,0.1064760613043112,1.520833943124276,294.17,ST/MT Ratio (Expanding EWM),MSFT,0.7878669742888218,0.1301389916043061,-0.03672172409021099,0.012978777412194758,-0.005785355892843316,-0.03240567639481614,0.0014604087792628685,1.0656502957133402,1.0706367604217575,2.5564774229097713,1.1535676674482218,1.110172799323857
2022-01-25,1.2382001746329012,1.1520209875074785,0.9303996325545884,0.2374503612876249,0.191755885539379,0.2084584418202199,0.2401485,0.2084584418202199,0.1620121642847356,1.3188963332336563,342.45,ST/MT Ratio (Expanding EWM),MSFT,0.9303996325545884,0.17666151476611833,-0.03986723184282348,0.04305223868196394,0.04208533397080271,-0.025778843413821733,0.0028949105560268254,1.0766022183254378,1.2533398804088416,0.982868040313102,0.9939752221466466,1.2014664551638325
2022-04-26,1.3436367609065627,1.1396056360555535,0.8481500872949117,0.2892439845795584,0.2151842964400862,0.2403179292922663,0.2738676666666667,0.2403179292922663,0.1686749200565087,1.3244009383372934,310.7,ST/MT Ratio (Expanding EWM),MSFT,0.8481500872949117,0.2384547936096254,0.030438403783796933,0.05084533590180558,-0.017460716648550034,-0.06797696648713568,0.00036798511497358266,0.8880265019138768,1.0554124592024168,2.4629089484271747,1.1173267020807944,1.0615244020989998
2022-07-26,1.3580298691180814,1.1094112999518926,0.8169270243461991,0.2738631143717822,0.2016364104008698,0.3008951684686061,0.3338165,0.3008951684686061,0.1603977698506515,1.369419539534122,264.89,ST/MT Ratio (Expanding EWM),MSFT,0.8169270243461991,0.13371197236400711,0.049468400999978804,0.004960124471972999,0.0413091931169529,-0.017234520527068854,0.0010950521670619337,0.885897800963343,1.0423873563328947,0.13641659690973196,0.9528267863831562,1.1973331654262627
2022-10-25,1.6106817884241191,1.034398283280987,0.6422114477950581,0.3919288253745612,0.2433184740101101,0.363407408998848,0.3759079999999999,0.363407408998848,0.1384448995067542,1.3767291097840528,237.45,ST/MT Ratio (Expanding EWM),MSFT,0.6422114477950581,0.18413465548466548,-0.0005203542553116849,-0.018602536110385502,0.015496603093509281,0.026917579659641463,0.00019295860506818375,0.9008279547400686,1.0816669880671055,0.5434377873444363,1.1946232135906891,1.0564368976592882
2023-01-24,0.9181777707404388,1.1537076705834308,1.2565188434621493,0.1903243258285094,0.2072087584265702,0.2949924046425836,0.3403349999999999,0.2949924046425836,0.1893589596598705,1.248619662363456,238.73,ST/MT Ratio (Expanding EWM),MSFT,1.2565188434621493,0.19452891598433406,0.03712365142622085,0.01779916428817349,-0.03198265437004853,0.015923662893709275,0.001725154699330208,0.831992993118702,0.9359303010288337,1.3630148854122592,1.0798090655214796,1.0675035961930621
2023-04-25,1.483314915431948,1.109405536144986,0.7479231312266027,0.4316073032954671,0.290829142463938,0.283757823215747,0.3148025,0.283757823215747,0.2272381938335727,1.5634376085652024,276.38,ST/MT Ratio (Expanding EWM),MSFT,0.7479231312266027,0.23313339158680602,0.014657260876667196,-0.01633146109256318,0.01219123232478554,-0.002537831573803098,0.0019537387827336574,0.9727374769248118,0.9215730331363485,1.066186041557049,1.0514218426141055,0.9598197274227779
2023-07-25,1.2471196438866536,1.2558522000320915,1.0070021799337736,0.2859023447525256,0.229245555146952,0.2149969027616735,0.2700043333333333,0.2149969027616735,0.2039926944746231,1.2003872573199732,328.6,ST/MT Ratio (Expanding EWM),MSFT,1.0070021799337736,0.2369379975814107,-0.02057919141117935,0.06440161742579868,-0.0495006626912906,0.0024424929070486737,0.00211410149222652,0.8415357544443711,0.9494289962397963,-0.5958870140349659,1.082912458661028,0.9785930609611675
2015-01-29,1.5281682377444314,1.2800742361433668,0.8376526906702039,0.3809371352755697,0.2492790539081605,0.2072578147406561,0.2653053888888889,0.2072578147406561,0.1663327318952542,1.117640104043509,535.28,ST/MT Ratio (Expanding EWM),GOOGL,0.8376526906702039,0.18639007935091415,0.014648846192794489,0.008096059932482124,0.018637700420775893,-0.014222138564385145,0.0020618833528871353,0.9005720608749854,0.969428857660576,2.8313412177940123,1.1563852389455507,0.9921979349406084
2015-04-23,1.079220098440745,1.13051776560257,1.047532164417564,0.1959734410343978,0.1815802817193928,0.1941204444444444,0.2194566111111111,0.1941204444444444,0.1953517171415513,1.1040171063814397,577.54,ST/MT Ratio (Expanding EWM),GOOGL,1.047532164417564,0.21794097523736078,0.05583127982630893,-0.0069596465393632605,0.025130787074724777,0.008118972060044605,0.001072446669188272,0.9310265175688505,0.9839571369219989,0.967503837843295,0.9058831597422761,1.1685472035587183
2015-07-16,1.731720360225801,1.261512153518718,0.728473362381804,0.8246442163239301,0.4760324253706485,0.1697301354808621,0.2141166287274861,0.1697301354808621,0.112648317281598,1.1539234352540997,544.87,ST/MT Ratio (Expanding EWM),GOOGL,0.728473362381804,0.06520786901426415,0.0007460886311516963,0.009540409175947253,-0.01180889889130134,0.02214695698701537,0.0018097591555867843,1.0092632599270566,1.2594555713204414,-0.34242926268634344,1.1412327738183394,1.2167844057866863
2015-10-22,1.1153248274032042,1.195036131395367,1.0714691379889334,0.2945447052033066,0.264015133239913,0.2713722970211252,0.3242997,0.2713722970211252,0.3002715129125388,1.18221266080771,653.2,ST/MT Ratio (Expanding EWM),GOOGL,1.0714691379889334,0.22325907256479285,0.05676252795349022,-0.036413788685890895,0.006088692398889558,-0.03739716968526182,0.0005025533313942514,0.8508724756867548,1.059423689657651,-0.31938943542193243,0.9764161501372647,1.0052984699322178
2016-02-01,1.522905606625356,1.1636851857677506,0.7641216768164569,0.3469395690932975,0.2263323612009454,0.299595058285971,0.3486343310566102,0.299595058285971,0.152059704522765,1.3572900014165166,778.01,ST/MT Ratio (Expanding EWM),GOOGL,0.7641216768164569,0.10444774826270511,-0.08969107864314106,-0.025148421155319546,0.05185393584375716,0.010491192195933703,0.0033632289751322503,1.022494557610309,1.0645643727041862,2.7909312160252213,0.9379110425841015,1.2894768539400796
2016-04-21,1.452522295336289,1.395127980880243,0.9604864485451784,0.3170900923456275,0.218354981641382,0.1876386766065229,0.2617799680290993,0.1876386766065229,0.1940262481065227,1.5869851739137817,760.05,ST/MT Ratio (Expanding EWM),GOOGL,0.9604864485451784,0.1853170742417672,0.030766587653132837,0.04001241723833276,-0.009643667606548417,0.026310871773866682,0.001696373927101999,0.8922554560857056,1.2091495745527412,0.3558797046912856,0.9429244186251942,1.243155674098496
2016-07-28,1.1172056644273651,1.427088735320554,1.2773733438346129,0.1723270751768412,0.1542284179563789,0.2033799056910027,0.2902411724021866,0.2033799056910027,0.1499857680614832,1.6856036817016546,691.26,ST/MT Ratio (Expanding EWM),GOOGL,1.2773733438346129,0.23762704242871735,0.005046647388335997,-0.015706828369141872,-0.023472689676415012,-0.00737750722408424,0.001511113880956309,0.9235443596945853,1.1635421616907369,1.2657747403465063,1.0415268928172623,1.0983277890594156
2016-10-27,1.1116089523453907,1.676707134752193,1.5083605895890797,0.1059988965002728,0.0952424054507253,0.1467329548544289,0.2460281923076923,0.1467329548544289,0.0867213183882808,1.331429527630136,810.73,ST/MT Ratio (Expanding EWM),GOOGL,1.5083605895890797,0.21249439621270194,-0.008465257266305376,-0.027407329480458188,0.04004158506156497,0.020517515303014593,0.003588940328444083,1.092895165636915,0.9351091656493763,1.6727226478316206,1.1687436304195735,0.9231152788079456
2017-01-26,1.1155244415357786,1.6821913268040654,1.5079824916145612,0.1532197614925217,0.1371374155546536,0.1500165806873669,0.2523565909090909,0.1500165806873669,0.1410298674839399,1.5421393108436905,809.93,ST/MT Ratio (Expanding EWM),GOOGL,1.5079824916145612,0.15388759192431528,0.0052116271787425806,0.020099582575818585,0.052064679763269874,0.07336636111181383,0.0007577534664507706,0.8562613356934667,1.1866527746808126,0.7491265929784703,1.0210645862441066,0.9547866538176943
2017-04-27,1.427865951563181,1.637717342783793,1.1469685519084432,0.1998327543669919,0.1398815557353058,0.1240659756674653,0.203185,0.1240659756674653,0.0907294536181053,2.0088952268202123,840.63,ST/MT Ratio (Expanding EWM),GOOGL,1.1469685519084432,0.1691644206660991,-0.06756491201103125,0.039571124639889904,0.003092391796196183,0.00039143017532769953,0.0008744128859680309,1.0027080162871151,0.9506181244785509,0.9064818252421616,1.129084589688497,1.0033057431548655
2017-07-24,1.2291213909274483,1.531903917312538,1.2463406207230854,0.2023051993182703,0.1645681837565499,0.1429315531969675,0.21895740625,0.1429315531969675,0.1408029758410784,1.3406410234714772,986.09,ST/MT Ratio (Expanding EWM),GOOGL,1.2463406207230854,0.12822784813764043,-0.005688516074312918,0.025568599319952,0.028286575885208907,0.0128326762501331,0.0009037796751314349,0.9923144672718909,1.2968063877587344,1.746601693416149,1.1524070313915595,1.0659390426242183
2017-10-26,1.3564029404792592,1.5808539357325402,1.1654751612186682,0.2108262437612587,0.1553475396648301,0.1494092283467152,0.2361941666666666,0.1494092283467152,0.1123167896486086,1.4237877608417246,937.43,ST/MT Ratio (Expanding EWM),GOOGL,1.1654751612186682,0.2254288543310303,0.014498940002911126,0.03388143057417449,0.03653689788827203,-0.01545142709153479,0.0019321286183005182,1.107144369250342,0.9162036691765287,-0.5083552698310201,0.9609211778760186,1.0607807698460878
2018-02-01,1.3261498345238014,1.513359788575906,1.1411680257980266,0.1927124186346246,0.1452950025222204,0.1413986380038075,0.2139870129143632,0.1413986380038075,0.1349373912980881,1.376824699651208,1073.21,ST/MT Ratio (Expanding EWM),GOOGL,1.1411680257980266,0.20749726638817959,0.053726291565953065,-0.01870385265708382,-0.015562105813459601,0.0075312790650512605,0.0024316316296375973,1.1382979513303053,1.0385064203151722,1.6184847740618515,1.1127942884410449,1.1344729416353365
2018-04-23,1.2746757548570136,1.131096685071204,0.8873603194861776,0.2358620680687413,0.1849835657378249,0.3188546377689319,0.3606554238000184,0.3188546377689319,0.1607106641109312,1.292362795114381,1026.55,ST/MT Ratio (Expanding EWM),GOOGL,0.8873603194861776,0.10201741021182067,-0.01613945763957766,-0.03865432000225531,-0.009132645884196709,0.014506790624557597,0.0027396754681178336,0.9428967872680545,1.1308213366854178,0.3690623711589849,0.9251621215656036,1.2971215912744058
2018-07-23,1.1613430860493807,1.3407744074787438,1.1545032846751142,0.2009843523406596,0.1729848700566874,0.199433761418818,0.2673956832975728,0.199433761418818,0.1636316661856015,1.1273772411070424,1169.29,ST/MT Ratio (Expanding EWM),GOOGL,1.1545032846751142,0.19185037752644085,-0.02629727610126157,0.0490400095586646,0.033771862828868376,0.007871058506753452,0.004571995317494969,0.8508729814530044,0.9289393535344229,2.5141229968286236,0.9905503982678685,1.1601187896294032
2018-10-25,1.3641641395993975,1.3287599155782346,0.974046947142622,0.2685819103768448,0.1960005549236605,0.1925498647740114,0.2558525420617159,0.1925498647740114,0.1541799742608108,1.419705544352653,1193.89,ST/MT Ratio (Expanding EWM),GOOGL,0.974046947142622,0.18447515838242137,-0.01556149652545878,-0.005680395165264072,0.045125356967712735,-0.02249238299272142,-0.00024943245420076376,0.9316022918648932,1.0565817083177884,0.04845188806718603,1.002913201737903,1.0642801602346172
2019-02-04,1.046162977142515,1.148147657872259,1.0974845057204228,0.1872441104297242,0.1786261890743032,0.284416956858148,0.326552662875838,0.284416956858148,0.1856119064639454,1.3908354662489972,1078.07,ST/MT Ratio (Expanding EWM),GOOGL,1.0974845057204228,0.18054352726267098,0.0340390741195726,-0.00352499049365142,0.01707202150435887,0.008159044283136267,0.002608735589124417,1.0881664276369372,1.1046144776939169,2.7742608686279078,0.9125641181516326,1.1012273290528114
2019-04-29,1.65100664945174,1.288540759429556,0.7804576437396238,0.4232228139053336,0.2562318529464615,0.1909578794213984,0.2460570109687063,0.1909578794213984,0.1507842819179385,1.211405954078267,1176.89,ST/MT Ratio (Expanding EWM),GOOGL,0.7804576437396238,0.11447938985481106,0.013506288838088958,0.04384582425547174,-0.01899535883755136,0.03955489846794093,0.0014428694274277688,1.0336899155326873,1.2680787944297096,-0.8033659055142897,1.0720498754805647,1.241451971411183
2019-07-25,1.5462766773868273,1.184191784364446,0.7658343436736713,0.477682186174203,0.308809925230589,0.2300243463711104,0.2723929411764706,0.2300243463711104,0.2300150597188195,1.314605809784068,1087.58,ST/MT Ratio (Expanding EWM),GOOGL,0.7658343436736713,0.23105896691812391,-0.01654160713184636,0.020686900282019798,0.052676527792486036,0.014215894112863184,0.0014135848511112265,0.8967710912476946,1.250516939409575,-0.9238263629028327,1.1197363887401188,1.2732452884674612
2019-10-28,1.0919207108835505,1.3123611559104935,1.2018831979554352,0.1547650764430448,0.1416633181770015,0.2008104069291219,0.2635357777563591,0.2008104069291219,0.163279356468749,1.368173020659855,1225.95,ST/MT Ratio (Expanding EWM),GOOGL,1.2018831979554352,0.05993559804805322,0.019964360158967465,0.01767663316244823,-0.010274272445299113,0.027049679726796026,0.0013802278717461225,1.0628790646560249,1.0756116975921792,-0.8204759341091279,1.1760341439967885,1.08811848907663
2020-02-03,1.591301847638876,1.2441060130981456,0.7818164824882917,0.2849279249035285,0.1790854546469644,0.1685759052300582,0.2097262973601785,0.1685759052300582,0.1004745111463437,1.244942309422242,1361.52,ST/MT Ratio (Expanding EWM),GOOGL,0.7818164824882917,0.08347370639162388,0.005397714227181414,0.06895007034703252,-0.005378444529286295,-0.002925299250315693,0.0010912303291920266,0.8115986977343792,1.1759284285315048,0.9273490143050327,0.9373035952327232,0.9857087237241039
2020-04-28,1.4229704807029748,0.950341355228705,0.6678573927684136,0.4043204634688311,0.2840044365039985,0.5327710902431231,0.5063143999283243,0.5327710902431231,0.2271182864068169,1.455390082377645,1146.31,ST/MT Ratio (Expanding EWM),GOOGL,0.6678573927684136,0.20036870095872225,0.03590257466865113,-0.015305546911404289,0.011558445862240536,0.021747505985592757,0.003684524834603452,0.8257962721823385,1.1297174158834296,1.488117917008037,1.0517226895066334,1.226840853201046
2020-07-30,1.230122620731298,1.2325164876158077,1.0019460392355737,0.2609942514774332,0.2121009218206293,0.2748227603742353,0.3387235833333333,0.2748227603742353,0.19886650490756,1.416323655567011,1418.05,ST/MT Ratio (Expanding EWM),GOOGL,1.0019460392355737,0.05871228430673967,-0.022571858285707336,0.03183520384243711,0.041854010517869356,0.009981695955413148,0.0028422973270139026,1.1444035285232055,1.1462497586732507,-0.9489740811702778,1.1085688967243206,1.0671996867681406
2020-10-29,1.3655568669884934,1.2052707450908051,0.8826221552741539,0.3173844952796283,0.232384143723172,0.3208856612303005,0.3867541,0.3208856612303005,0.1769242869339985,1.2760197912421394,1466.02,ST/MT Ratio (Expanding EWM),GOOGL,0.8826221552741539,0.07857892428976282,-0.009468175130921888,0.005710393746912538,0.024349399413805595,-0.0207727682421808,0.0020231959785573747,1.0262229932905549,1.159632240807554,0.400946457308307,1.1751295515515383,0.9535899466999125
2021-02-02,1.4413443982932306,1.1464771730770889,0.7954220895676918,0.4110987911732107,0.2851722670921364,0.3000898048445535,0.344046111127439,0.3000898048445535,0.1755412052133823,1.2563537560996416,1726.13,ST/MT Ratio (Expanding EWM),GOOGL,0.7954220895676918,0.10050915010610986,-0.011723785359625519,0.012057768365897722,0.013371637509047764,0.010963025119971862,0.0033510157524870004,1.068604722912415,0.9017438319826322,2.6986044216207232,0.9337512399714275,0.9379536920590299
2021-04-27,0.9578432625083678,1.2321949718438652,1.2864265168155322,0.2003690252695036,0.2091571602919798,0.2529612039538608,0.3116975235835178,0.2529612039538608,0.2429219172567104,1.348546948180965,2045.79,ST/MT Ratio (Expanding EWM),GOOGL,1.2864265168155322,0.08961717383180952,-0.049223023184624154,0.049854052792375946,0.01458221325295266,-0.021792416586007765,0.0004874710347011244,0.9332030532208977,1.0494265144156323,-0.14279971070848552,1.0755364982781375,1.0771656392167854
2021-07-27,1.4043091948964523,1.4068912971807228,1.0018386992648445,0.2157001328442076,0.153578214954444,0.1796157820734289,0.2526998806354164,0.1796157820734289,0.1170619103260006,1.0739431960584382,2450.72,ST/MT Ratio (Expanding EWM),GOOGL,1.0018386992648445,0.12899642822012222,0.012364209697260162,0.019235072688688713,0.004087866716086652,-0.012822006872119799,0.0006692948686690738,0.813670235616435,1.0278608249021204,2.241731654292682,1.1069104604585605,1.1899483414319523
2021-10-26,1.6026651294990375,1.3356312495892968,0.8333813627097444,0.3524873788744645,0.2199231412417621,0.1923799565914565,0.2569486818181817,0.1923799565914565,0.1139612852276488,1.747364797789074,2821.44,ST/MT Ratio (Expanding EWM),GOOGL,0.8333813627097444,0.06479851660957824,0.011136934526296128,0.02014888237148899,0.01695348786296266,0.007733207682309354,-0.00017796773219468776,1.0792467696334094,1.0243892085532134,-0.6013443116928965,0.9817401552099289,1.2327141200740637
2022-02-01,1.5169404486022,1.3157330347612055,0.8673597147294747,0.3677559252578704,0.2423770873052782,0.2022037110085101,0.2660461023252048,0.2022037110085101,0.1479225289240234,1.3881614378612137,2899.83,ST/MT Ratio (Expanding EWM),GOOGL,0.8673597147294747,0.17409821360812297,0.0021789709824861316,0.03617522011929406,-0.06023900194235758,0.010431106834503101,0.0013005854598767126,1.1921883191132283,1.0975388058966247,-0.9611985803078311,0.9420134436402687,1.0288322301265063
2022-04-26,1.2316529571487986,1.2369025714479296,1.004262251203686,0.269816135959001,0.2190357911893934,0.241685269704795,0.2989411315789473,0.241685269704795,0.2068171725616523,1.182687419478394,2829.11,ST/MT Ratio (Expanding EWM),GOOGL,1.004262251203686,0.0977855480210813,-0.006210549668130161,-0.0069485818862865594,-0.004415186476744959,-0.026730811626928228,0.002161698526704753,1.03143413943718,0.9300374583221256,2.7734291948395264,1.0095251019853202,1.2650336871699293
2022-07-26,1.2923713245042348,1.181935547350286,0.9145479514594516,3.1646708762879396,2.447365395145389,0.3567449700389832,0.421649561427487,0.3567449700389832,0.1999389892152293,1.2201510724846607,2316.67,ST/MT Ratio (Expanding EWM),GOOGL,0.9145479514594516,0.056780389445764336,-0.047537975971764505,-0.02117629002017019,0.009033048372919525,0.029349644279571905,0.002102858577932334,1.1122087211028087,1.2021749090062326,1.426878319128928,1.0880351451155534,1.1552012940864993
2022-10-25,0.515566879251596,1.07448024770366,2.084075395346168,0.4625759204539701,0.8971247257457663,0.3978356055530717,0.4274665000000001,0.3978356055530717,1.3289553878456724,1.2665465502147846,98.17,ST/MT Ratio (Expanding EWM),GOOGL,2.084075395346168,0.07007723413249943,-0.012722586296787568,-0.027344275820631005,-0.025775352090487678,0.017300156957511824,0.0021493419110598807,1.0514885548102328,1.1214912925593445,2.9456560739315556,1.1196871702277087,1.2107785553570085
2023-02-02,1.279989249256911,1.1222010801881543,0.8767269575425267,0.3826382235376849,0.2989597087502629,0.3603627587672727,0.4043994771482168,0.3603627587672727,0.2364999985970891,1.1930480926920974,89.12,ST/MT Ratio (Expanding EWM),GOOGL,0.8767269575425267,0.0722117954564413,-0.009995008078436934,-0.05499069768128005,0.012658082945289001,-0.014618210890272097,0.0005889431689339182,1.1489851260334696,0.9862559050903397,-0.6647833636197569,1.0448683309795797,1.1056322782477093
2023-04-25,0.8310654875477663,1.1769117557883264,1.4161480333650387,0.2146914263239601,0.2583401842890101,0.3271788416643661,0.385060625,0.3271788416643661,0.2804249979884747,1.2609414908605034,102.46,ST/MT Ratio (Expanding EWM),GOOGL,1.4161480333650387,0.10951010781304937,-0.026079704422756665,0.06568621389820967,-0.002111780524653038,-0.03543961991122938,0.002803154742614022,1.131672711979967,1.0775134317129342,1.2834121021772509,1.0581212815540375,0.9152811135029565
2023-07-25,1.2885922010982769,1.232413055938582,0.9564026965925968,0.364084382585343,0.2824238534206182,0.2494413691243142,0.3074148,0.2494413691243142,0.2184399457232509,1.004722134890569,118.34,ST/MT Ratio (Expanding EWM),GOOGL,0.9564026965925968,0.07067731482120039,-0.00364499990831032,-0.029096250971650493,0.046886892457887255,-0.0006226144770357829,0.002239627518238998,1.0460859586387656,1.231217314309701,-0.3699978076967847,1.0782995201779788,1.1374442177785657
2015-01-29,1.604938482127635,1.5156163256108848,0.9443454328552596,0.7814713743137243,0.4867755986402262,0.264938885399082,0.4015457,0.264938885399082,0.2620792794197804,1.219678748918703,310.3,ST/MT Ratio (Expanding EWM),AMZN,0.9443454328552596,0.12085186008367091,0.016141779988508846,-0.0026376087075731594,0.04232549313037142,-0.008148592846529005,0.0027330542814659985,0.8656739856225435,0.9493854294922944,2.920207771905939,1.0181157508959113,0.9909686914894117
2015-04-23,1.6378043775799804,1.571130716552826,0.9592908274395556,0.7514786752615992,0.4587831710649246,0.225901,0.35492,0.225901,0.29335284779073,1.1018557421512631,374.09,ST/MT Ratio (Expanding EWM),AMZN,0.9592908274395556,0.1600994525487579,0.06801650654236856,-0.00430439899666762,-0.008645139227954072,0.00582851142632557,0.00010723782240994817,0.86852981778175,1.167040685433294,1.4377811893091152,1.0930656368962253,0.9352024110045809
2015-07-23,1.5541874361802286,1.6727232692936675,1.0762686857157768,0.5671109929667549,0.3648464623933677,0.2111823571428571,0.3532496428571429,0.2111823571428571,0.2604368363650361,1.1141985393827505,445.99,ST/MT Ratio (Expanding EWM),AMZN,1.0762686857157768,0.14364682393009176,0.008110223449114363,0.01322220093427302,-0.0007709427891673831,-0.006077916528889163,0.00231149085879779,1.1574138333993746,1.0557065587236194,0.25347762572143173,1.0387084341743218,1.0560264262990513
2015-10-22,1.2150097540934202,1.5932017191537795,1.3112666081784237,0.3156006878495894,0.2596590075759649,0.2754136057224489,0.4387894301153469,0.2754136057224489,0.2484412742037686,1.5039966408367371,538.4,ST/MT Ratio (Expanding EWM),AMZN,1.3112666081784237,0.18907900100901087,0.01101426367529674,0.028472116376178896,0.0011513108597901852,-0.047186421518625246,0.0008122347600824731,1.1454308012556582,1.271704390079157,0.21381286579842484,1.1591807422379865,1.212609251813227
2016-01-28,1.6454593336588377,1.6639588518866937,1.0112427684169627,0.7339651983511648,0.4459077423719315,0.2401481560357781,0.39959665,0.2401481560357781,0.2058744594413878,0.9901904853851984,693.97,ST/MT Ratio (Expanding EWM),AMZN,1.0112427684169627,0.10773425314762373,-0.0006056070518158488,0.02981420465079236,-0.008291486903990569,-0.006708673457528955,0.001602676747448638,1.1723230689379047,0.9983001248743552,1.3078366004839164,0.9823633754221334,1.2296377961937497
2016-04-28,1.4614283515856858,1.4189326575479226,0.9709218081121428,0.5679335005702827,0.3885647001919898,0.2893820865276655,0.4106136930834633,0.2893820865276655,0.3402991352895151,1.4067208592820089,593.86,ST/MT Ratio (Expanding EWM),AMZN,0.9709218081121428,0.15004734180327706,-0.06515699253546646,-0.013492323157068152,0.007875624600703169,-0.004640477776707819,0.0025343648986363835,0.8021296762284258,1.1259276651545584,0.35681372508767195,0.9968051121233461,1.1579625295459668
2016-07-28,0.8169393514909501,1.577090794746666,1.9304869962114153,0.1398271885264519,0.1711546778800632,0.2499596663838627,0.3942090889119375,0.2499596663838627,0.2082765015289899,1.4521446997926115,707.95,ST/MT Ratio (Expanding EWM),AMZN,1.9304869962114153,0.13431022768223047,0.0010720143592774093,-0.0010136514135923446,-0.015957051722189756,0.01884152561935147,0.002091093606255913,1.1405937797255976,1.1436781565573306,2.41269191458689,0.979379133564309,1.1078007419059925
2016-10-27,1.5816984373238006,1.7574358961878989,1.1111068043801335,0.2971555675230881,0.1878518374368061,0.1798875531534403,0.3161408431892647,0.1798875531534403,0.1125666952862159,0.9944041619248905,816.11,ST/MT Ratio (Expanding EWM),AMZN,1.1111068043801335,0.23231712901328838,0.004108057347935926,0.012477398514648989,-0.025265383373438158,-0.014454991865276243,0.0011484600202206813,0.9802146156268304,0.9046579598012385,1.2272485725629605,1.0984572972438524,1.1367657617676281
2017-02-02,1.2406108569952905,1.3964707600554136,1.1256315807501551,0.263432774806235,0.2122407192032004,0.2371576273499046,0.3311836921182598,0.2371576273499046,0.1933498373927925,0.9849831701883957,753.67,ST/MT Ratio (Expanding EWM),AMZN,1.1256315807501551,0.23943797370323805,0.08821347393698502,-0.003460733785506412,0.018567780597506713,0.044966866834314154,0.0020062731561844185,1.0945119595133685,1.128535811381231,-0.7329989805969723,0.9349336572254134,1.138589831017581
2017-04-27,1.0423848404875524,1.9473112748303496,1.868130846875649,0.1384337555509446,0.1321763985870241,0.1229374223144088,0.2393974285714285,0.1229374223144088,0.1159884131634916,1.2856050792139486,856.0,ST/MT Ratio (Expanding EWM),AMZN,1.868130846875649,0.08019920356547622,-0.004732633767339289,0.052220367280599776,0.01873823960554527,-0.04479101376629393,0.00046846468475635696,0.9099916767894561,0.9318580516139063,0.7184109737941871,1.0662967794250966,1.0314983953398427
2017-07-27,1.2541298284675528,1.429766715079984,1.140046813835092,0.2247281092210936,0.1787159214301147,0.2010673347890439,0.2874793827712188,0.2010673347890439,0.1581865345192133,1.156141749348889,976.78,ST/MT Ratio (Expanding EWM),AMZN,1.140046813835092,0.07536979111408222,0.012554156981676437,0.01872924854914754,-0.01710789399149981,0.03577918744506561,0.0031502673958982963,1.0881734808903112,1.157508243240498,0.3312734443666878,1.1264617586725683,1.1594780170132142
2017-10-26,1.732154905105294,1.3452614511744576,0.7766403843036671,0.6610698024643932,0.3814697048333655,0.2028119389692905,0.2728350833333333,0.2028119389692905,0.1390512301501665,1.3737104934621198,938.6,ST/MT Ratio (Expanding EWM),AMZN,0.7766403843036671,0.23257024281374913,0.000785088060316484,0.026046333581494524,0.02538388576906499,-0.00260797427195262,0.0017947159805037488,1.0549781514871608,1.1213710803148274,-0.9544413276457888,1.1089521550430668,1.0504167164436626
2018-02-01,1.366458736667778,1.6253964252253852,1.1894954319579734,0.3742644182912145,0.2738075052047484,0.1726824693068418,0.280677468310433,0.1726824693068418,0.2338579407819429,1.1692022905385533,1189.01,ST/MT Ratio (Expanding EWM),AMZN,1.1894954319579734,0.2201579857849562,-0.03890373131668363,0.02388643806002238,-0.012789443229133286,0.024489621808588907,0.0031185499442553262,1.1770438840634623,1.2271939084308823,1.3507778781252489,0.9756545945457809,0.9814869573110666
2018-04-26,1.1591385813565884,1.1769200239809108,1.0153402215320209,0.305124943052288,0.2630813638290613,0.3773639534827532,0.4441271931824532,0.3773639534827532,0.209244754023937,1.5119290468332307,1497.05,ST/MT Ratio (Expanding EWM),AMZN,1.0153402215320209,0.05683909091611179,0.04199879850802572,0.039204215724559746,0.00932913095094953,0.004995037101468328,0.001473468312903957,0.9361539350710196,1.0906271774320075,0.1842620401557884,1.0544788486177448,0.9661481702052744
2018-07-26,1.1926008954113791,1.439714761707248,1.2072058366270373,0.2064631621412388,0.1731230872727155,0.2385378594418879,0.3434264774645347,0.2385378594418879,0.1658984705330436,1.3899082033755965,1691.09,ST/MT Ratio (Expanding EWM),AMZN,1.2072058366270373,0.07038020968366146,0.0283176561440371,0.009430646761111208,0.023508600315311403,0.03148888840063673,0.001476424011593417,1.1910851251302,0.9431698219859975,2.7277765586174882,1.1740734034208085,1.1101441927277993
2018-10-25,1.5563030694878963,1.4401584170750756,0.9253714429471388,0.5291166340210701,0.3402831967203692,0.2372808519378449,0.3417220161290321,0.2372808519378449,0.1982355745361056,1.4250979462758198,1974.55,ST/MT Ratio (Expanding EWM),AMZN,0.9253714429471388,0.2285064465496673,0.029686118146506645,-0.034904958438675394,0.0021596858824071744,-0.006684049113820281,0.0012358132133621536,1.0899641087344338,1.0744193191890352,1.5201383101697528,1.0021727812263357,1.0204636079141782
2019-01-31,1.167801454478932,1.1052542630975666,0.946440217948458,0.4012405808913726,0.3434404528271903,0.4155072188664885,0.459241125,0.4155072188664885,0.36291687268885,1.2718363181633117,1501.97,ST/MT Ratio (Expanding EWM),AMZN,0.946440217948458,0.2395666546727969,-0.029828560917815865,0.015990638552579248,0.014368522803528367,-0.024465510629445308,0.0028761739316930752,1.0312919144678054,1.0992518696735922,1.3181454765999243,0.9859981743861069,1.0467831327267982
2019-04-25,0.9335801647018284,1.2796401753890174,1.3706805518920977,0.1522719918585217,0.163110922803934,0.2603369536273932,0.333137625,0.2603369536273932,0.2059808062178711,1.2271939247614894,1783.76,ST/MT Ratio (Expanding EWM),AMZN,1.3706805518920977,0.19458941301388544,0.05109780088276348,-0.01554070681375487,-0.009910741097189294,0.038512607181776584,0.0012905688426715239,0.8335591842515637,0.9209105489088824,0.013828518692065028,0.9222740577991637,0.9415098834538963
2019-07-25,0.9859621683650204,1.247039633051254,1.264794606794262,0.1574466484444486,0.1596766526538695,0.2383168308822456,0.2971905333333333,0.2383168308822456,0.1713575989414844,1.387089152888087,1878.27,ST/MT Ratio (Expanding EWM),AMZN,1.264794606794262,0.08743659856871543,-0.047064787197729836,-0.011858500452492704,-0.0019116645857024295,0.00016298385294646474,0.002644595432415177,1.1251713621575747,0.9155494788066757,1.635771175738971,0.9817673246446201,1.2486182722832506
2019-10-24,1.1334531586436765,1.1991395848200472,1.0579524841193906,0.1364703326827642,0.1203795329789995,0.2539693962475761,0.3045447563733164,0.2539693962475761,0.1151462406256606,1.3369834893818118,1741.61,ST/MT Ratio (Expanding EWM),AMZN,1.0579524841193906,0.1165453739033296,0.02253999828300946,0.021590920562652795,-0.0021464857720085093,0.008538961840605276,0.0016175476023307098,0.9939969138309999,1.0222305837311303,1.0705557427577381,1.0145874057135806,1.125720425867932
2020-01-30,1.6470091714981734,1.3123707854419773,0.7968205691582166,0.490374299106431,0.2976276832775809,0.2039056317666545,0.267599794117647,0.2039056317666545,0.1522597814019319,0.9238454359250606,1847.84,ST/MT Ratio (Expanding EWM),AMZN,0.7968205691582166,0.23289045015106394,0.07866594690334926,0.04114849214300907,-0.015664458663505975,0.03386879785111988,2.403670010838033e-05,0.8458131473305394,1.2987962011250205,0.7022235107868702,1.0044691919122106,1.184083939326506
2020-04-30,1.092091315541148,0.9982306671176971,0.9140542122368756,0.5001602091564882,0.4577524518414759,0.4297152396833387,0.4289549303797403,0.4297152396833387,0.4443471912901963,1.4751878236050335,1949.72,ST/MT Ratio (Expanding EWM),AMZN,0.9140542122368756,0.06478418358642964,-0.032668771379574094,0.00463814730208185,-0.0014193540778945524,-0.022798881052360873,0.0014296859322135338,0.945559762598133,1.233309722011503,0.817082897441701,1.1158675239796305,0.9429812865767546
2020-07-30,1.0323580614553087,1.2489606465607483,1.2098134292670668,0.3654635332090433,0.3539574988462038,0.3024669142038482,0.3777692727272727,0.3024669142038482,0.281045395426208,1.0722538368684256,2758.82,ST/MT Ratio (Expanding EWM),AMZN,1.2098134292670668,0.14933986060879054,-0.017820420536097017,0.013264990377968914,-0.035715457471593666,0.017887272440981435,0.0008208917856371516,1.1384476742220446,1.194287194711244,-0.15313288615213727,0.9435858029237361,1.0265169394902498
2020-10-29,1.1370469990255978,1.2365181550326048,1.0874820091801392,0.3207512130449461,0.2820528298789965,0.40248703019397,0.49768252,0.40248703019397,0.2808585893475621,1.0562578294043958,3144.88,ST/MT Ratio (Expanding EWM),AMZN,1.0874820091801392,0.23198408171603818,0.005487797778067443,0.055066448339057134,-0.009278843678552617,-0.011747368911572274,0.0020339027236823373,1.1904282344127617,1.0027326298268235,0.8245088357865331,0.9090060677152009,1.0588910118264931
2021-02-02,0.9826083845971184,1.1648307759493557,1.1854476251258026,0.2258284691191786,0.2297104970183053,0.3411049600841498,0.3973295553349941,0.3411049600841498,0.2464548607301855,1.095579611559392,3186.63,ST/MT Ratio (Expanding EWM),AMZN,1.1854476251258026,0.09155567616614463,-0.015621647894066974,0.011222595384657048,-0.004121887334241771,-0.0003042338911092964,0.0008095922643255098,1.0285280061732411,1.2812498450031862,1.0669441797602577,1.1457321978533064,1.1188510570275603
2021-04-29,1.005130479072769,1.222415840635363,1.2161762737142736,0.1805060281225954,0.1784560602216996,0.2526860592559304,0.3088874415421753,0.2526860592559304,0.1991767067488398,1.3192846077238023,3055.29,ST/MT Ratio (Expanding EWM),AMZN,1.2161762737142736,0.0742840376365775,-0.05227322008731465,0.08205049342541185,-0.00340449381238451,0.004806974134607222,0.0029259751007146167,0.8163140053742073,1.0260033100759096,1.302198031324413,1.1851781897793372,1.2436521439004933
2021-07-29,1.3858807283639545,1.380827198756078,0.996353560949042,0.3930387022291483,0.2834915781217349,0.2005813110991403,0.2769681299278474,0.2005813110991403,0.1907094979139446,1.099626134947481,3448.14,ST/MT Ratio (Expanding EWM),AMZN,0.996353560949042,0.16685076251403022,0.004399704118210957,0.020965289368946323,-0.003037436146769477,-0.0345055465361734,0.0019089241396469728,0.8913422456715391,0.9880439320076654,-0.19530813154439697,1.1767496688907508,1.2410664612406883
2021-10-28,1.1805277728074024,1.162345905192702,0.9845985261562612,0.2284824543681886,0.19352644739013,0.2571756032445071,0.2989270093467158,0.2571756032445071,0.1717776208287986,1.7529300734837423,3315.96,ST/MT Ratio (Expanding EWM),AMZN,0.9845985261562612,0.2055743733007018,-0.03518062998041367,-0.04882288277467453,0.0014558950034967769,-0.01647092607051087,0.0018224040052412611,1.1099533729011795,1.0570940456896911,1.0175228171950672,1.0392995234385458,1.001359243023749
2022-02-03,1.7019325491277637,1.2298433139484504,0.7226157785035265,0.7827117503858525,0.4596418259980563,0.2413583089189072,0.2968329024898227,0.2413583089189072,0.1977917953568456,1.0730346914784523,3350.44,ST/MT Ratio (Expanding EWM),AMZN,0.7226157785035265,0.18534017731199454,0.018575735072231356,0.026600248633135974,0.014986037952151598,0.03677682231032848,0.0026558921377875825,1.0020112184595067,0.9121986191411018,-0.47275850601016334,1.165976878850684,1.2006719068125693
2022-04-28,1.3950438078949523,1.2306396360658214,0.882151247940229,0.5780041074659995,0.4140964245355524,0.2636088404836234,0.3244074875164994,0.2636088404836234,0.3470471634962185,1.1323326345388585,3386.3,ST/MT Ratio (Expanding EWM),AMZN,0.882151247940229,0.23264798725836489,-0.03017984819818312,0.015434751546483333,0.024862926853313067,0.025154779714619893,0.0029639069340758623,0.9691473636236348,1.106860144913551,0.4799955438399097,1.1222339601482016,1.2136748716928318
2022-10-27,1.410384251822573,1.072852412376393,0.7606809357024487,0.5351978266742425,0.3796280165675266,0.4899472834624968,0.525641125,0.4899472834624968,0.2493504064192772,1.2785430839626108,114.41,ST/MT Ratio (Expanding EWM),AMZN,0.7606809357024487,0.24563837756353674,0.0562477041756139,0.04269258262248237,-0.013244130671206679,0.0014340105668191284,0.0019799012482303482,1.1053140760812636,1.1890446899337799,-0.1819826452288167,1.0013909937721437,1.08793817399347
2023-02-02,1.410436950862748,1.155485960113301,0.8192397110742905,0.5523527953039802,0.3914442715613962,0.4497158367453531,0.5196403353998609,0.4497158367453531,0.3033335050277446,1.117317519399407,85.82,ST/MT Ratio (Expanding EWM),AMZN,0.8192397110742905,0.19750376220071092,-0.0254138652317683,0.024195440538098755,-0.027080021384728613,0.009078086462822326,0.0012287997004507094,0.9323171965710623,1.2019760800633317,0.3174140969998187,0.9414696260356011,1.0596161808193216
2023-04-27,1.3404691201623231,1.2636381163680417,0.9426834959204596,0.4245825607293993,0.3167510674896331,0.3475095,0.43912625,0.3475095,0.2603567019099495,1.2293119852615888,97.24,ST/MT Ratio (Expanding EWM),AMZN,0.9426834959204596,0.05910930337510221,-0.009272153067198646,-0.00015367951951321428,-0.023051110306077576,-0.004356062640911442,0.00022603038388787055,1.191965773112952,0.9903525651734304,1.4486346357729163,1.029891914951912,0.9284098270597306
2023-08-03,1.4560072903022558,1.1771830914112806,0.8085008222499398,0.498710456023131,0.3424045873933274,0.3057872815738889,0.3599676174374023,0.3057872815738889,0.2590732228041025,1.0743636214376378,130.22,ST/MT Ratio (Expanding EWM),AMZN,0.8085008222499398,0.19568259890406958,0.030473102607938445,-0.032728947088680974,-0.009180073029873179,0.03691458464569956,0.00131395024296482,0.9951506423992238,1.180865731459325,1.052879903311275,1.1616318191239743,1.015574806663033
2015-02-11,1.117977968979347,1.0732857706762144,0.9600240795944002,0.3601835413704249,0.3220145116207346,0.4276016168442456,0.4589387308770714,0.4276016168442456,0.3066898253246643,1.2096327318114692,202.21,ST/MT Ratio (Expanding EWM),TSLA,0.9600240795944002,0.05035423812203859,-0.04108025107518844,-0.0022706977185807556,-0.005798032945412728,-0.002008814444854097,0.0013827877533520384,0.834499668521586,1.2746262446632024,0.512785398112876,1.07292166543609,1.2168012504520784
2015-05-06,0.9782464797514148,1.248765966785294,1.276535098907406,0.3257061833234773,0.3329234335701873,0.4107180260537381,0.5128906928811439,0.4107180260537381,0.3489063291541389,1.1591324617211796,203.1,ST/MT Ratio (Expanding EWM),TSLA,1.276535098907406,0.18850962538213076,0.00996109771114453,-0.021515613626278993,-0.016249901654936432,0.008796052303371202,0.0021070574529922967,0.9297254655502323,1.1864658152710446,-0.45832460072868786,0.9873881241616516,0.957884254454608
2015-08-05,1.327747502729996,1.264372317472325,0.9522686466158928,0.530309461621017,0.3992363549275264,0.3079483294866617,0.3893613430147815,0.3079483294866617,0.2586484488355305,1.0898679046317616,279.72,ST/MT Ratio (Expanding EWM),TSLA,0.9522686466158928,0.12229496752999454,0.04774999639988499,-0.01341570349414168,-0.029402916606247363,0.03165075360355163,0.001654853118861973,1.124492223360543,0.9890596940907141,1.8696142216208411,1.1829895191736957,1.111108883627551
2015-11-03,1.4427833014116185,1.1791938476104653,0.8173048901084055,0.7076678094714576,0.4901996934609003,0.4150854129904091,0.4894661652311395,0.4150854129904091,0.328232130509399,1.2436734561283826,246.15,ST/MT Ratio (Expanding EWM),TSLA,0.8173048901084055,0.09977328188223732,-0.05426191320964297,0.02165735213261829,-0.008403020686854706,-0.016434287121147664,0.002687932972051428,1.016011676904275,1.0844134272391248,0.303560573574571,1.0426965092774751,1.1411230129067038
2016-02-10,1.3251007748777577,1.1892165043421845,0.89745363287701,0.6118014288089922,0.4615215410115372,0.4365004245634395,0.5190935090432129,0.4365004245634395,0.3584069029831176,1.1988192002235836,207.85,ST/MT Ratio (Expanding EWM),TSLA,0.89745363287701,0.12362876164406114,0.008462185048630649,0.054097135130542186,0.007535665502849284,0.04196972961242235,0.0013870167287293104,1.1943966288682637,1.2751058237272896,2.448611833172487,1.1667391607114574,1.0871396733168173
2016-05-04,0.9018855823670178,1.131560103195325,1.254660375239087,0.36098147049805,0.400279626067254,0.4670141898679174,0.5284546248806217,0.4670141898679174,0.4357119949700159,1.153660172389524,246.99,ST/MT Ratio (Expanding EWM),TSLA,1.254660375239087,0.15255918650064865,0.011095897798694822,0.015840145894689434,0.01787573664588912,-0.03526153524358442,0.0019429588331470583,1.062977730870986,1.2580266891744858,0.5718030599654123,1.1885287435036407,1.0663144248276732
2016-08-03,0.805568347280537,1.2140019579499874,1.5070129828812833,0.2713872978831618,0.3368674607742373,0.4319645518084801,0.5244058116604837,0.4319645518084801,0.4230948528612537,1.1862222885581422,213.98,ST/MT Ratio (Expanding EWM),TSLA,1.5070129828812833,0.1553136280988516,0.029363800512205853,-0.03187649186105553,-0.01093557632770803,0.04374105327781997,0.0031839874431968894,1.0404330661572863,1.1839218853089488,2.8023680523037533,0.9733848822156799,1.198452391295457
2016-10-26,0.8817114671103067,1.1065483287793394,1.255000496257473,0.2319691306697634,0.2630890360477265,0.3567504597250363,0.394761625,0.3567504597250363,0.2441324113197788,1.1137152217936976,208.99,ST/MT Ratio (Expanding EWM),TSLA,1.255000496257473,0.24441052771961053,-0.04129327488073287,0.017338080046604223,-0.007324945553585852,-0.006316889598799365,0.0023418252139549667,1.008326234457633,1.0074228562482566,2.1064273591855622,1.065666684052154,1.1643895282598704
2017-02-22,1.3280744930590938,1.1491453406295902,0.8652717499171623,0.4474793938837515,0.3370252163596248,0.3478131624160093,0.399687875,0.3478131624160093,0.2717507158432511,1.0796540945079518,248.92,ST/MT Ratio (Expanding EWM),TSLA,0.8652717499171623,0.0694214039377797,-0.04421598145794967,0.03989894459936953,-0.02016745772118277,-0.003067468695632044,0.0019399624583114356,0.9291604274311605,1.092509580731042,1.4694170039522683,1.021473244280953,0.9793490159390805
2017-05-03,1.1448914910211372,1.179650155262881,1.0303597891279133,0.4318104325562319,0.3770191763884691,0.3441086593761767,0.4059278334604087,0.3441086593761767,0.3803690848398406,1.0406862526523963,298.52,ST/MT Ratio (Expanding EWM),TSLA,1.0303597891279133,0.11579170925233202,0.02026795479659142,-0.014293487129581466,0.0022140207406305895,-0.044250254279573575,0.001398055558064823,1.1846561969261216,1.104587016017047,1.935681481150802,1.0233141580668175,1.0420527056102866
2017-08-02,1.178615294213106,1.1997881461699849,1.0179641754700075,0.494744796070781,0.4196722628220804,0.3939513091526341,0.4726581108894774,0.3939513091526341,0.3304636995458878,1.1137267945052711,352.62,ST/MT Ratio (Expanding EWM),TSLA,1.0179641754700075,0.07475337273978347,0.012394463563161514,-2.0515000187530376e-05,-0.018210715854770364,-0.008369867934442323,0.001366768603285023,0.96286571938685,1.06367865751426,1.1767204637678144,1.063040960994409,1.0988615263531487
2017-11-01,1.2742071706508031,1.118060303935573,0.8774556678758306,0.4691714284153625,0.3681494872809905,0.4026377612367769,0.4501732977043294,0.4026377612367769,0.3161074322804396,1.152084750704636,341.53,ST/MT Ratio (Expanding EWM),TSLA,0.8774556678758306,0.21077543713613722,0.010767249762105684,0.004440645841875913,0.017328195331030003,-0.02299516327567211,0.0011493867470480522,0.8539143139669753,1.0984301914002126,-0.32358439831739405,0.9378407358887295,1.273058286936467
2018-02-07,1.2333644468255522,1.1143334985896585,0.9034908550005176,0.4126126307905206,0.3345215516037348,0.3283657461400918,0.3659089507132922,0.3283657461400918,0.345851503263546,1.0373918468535026,336.41,ST/MT Ratio (Expanding EWM),TSLA,0.9034908550005176,0.1071036477798658,0.014125687332394157,-0.0195469493924672,-0.04164666229835278,-0.012191158634336816,0.0014589931342171008,1.0419800052590817,1.1637960232498337,0.6071746813334551,1.1726942675744592,1.1551721958318661
2018-05-02,0.9968550206032512,0.9568028529296038,0.9598214716826026,0.4532711955750096,0.4546740689191272,0.7265953477541878,0.6952085016565844,0.7265953477541878,0.4192596021972141,1.3358447568875416,252.48,ST/MT Ratio (Expanding EWM),TSLA,0.9598214716826026,0.1280155807947941,-0.02180086525524718,0.02344841301531577,-0.005990741811311555,-0.00043277414472199033,0.0027556658387443145,1.107667947809435,1.0474249876110855,2.840047523276502,1.1461383870474944,1.2415793852058175
2018-08-01,1.481232782232895,1.1179336351224474,0.7547319020560768,0.8952016790108357,0.6041743623906366,0.5329174107265626,0.5957662981935885,0.5329174107265626,0.4427652166063094,1.089926004989631,335.07,ST/MT Ratio (Expanding EWM),TSLA,0.7547319020560768,0.1060623042060356,0.010128879400635124,0.0003715555417665532,0.010527683479793548,0.02694479036182264,0.0017781117287077313,0.8688777069703018,1.0083852831484879,0.14250639873430826,0.9812727669740614,1.2421632648417151
2018-10-24,1.030400158024504,1.02840386899264,0.9980626079913542,0.836796754614307,0.811996026142174,0.6097410938508321,0.6270601000000001,0.6097410938508321,0.5876058838906739,1.2227784958764951,299.68,ST/MT Ratio (Expanding EWM),TSLA,0.9980626079913542,0.05003174571246743,0.012257536565453845,0.01658597331721083,0.00759586290806261,0.008190083785015645,0.000650226930618769,0.8127539180834369,0.9304399955923097,0.09565948251961487,0.9599618923948331,0.9927438455531393
2019-01-30,0.9703128525879254,1.0703968449687125,1.1031461060356489,0.5478255559579814,0.5643369571193741,0.6137594827703946,0.6569662139270592,0.6137594827703946,0.5081833650031536,1.259531934521022,332.8,ST/MT Ratio (Expanding EWM),TSLA,1.1031461060356489,0.06923150219230001,-0.023002299630922877,-0.022624765334063,0.07032584159951241,0.010691916335027847,0.0037681692930597835,1.1191772757013199,1.1252506375568188,-0.976917354828128,1.0287968297112586,1.0631539707401436
2019-04-24,0.9589124705772047,1.021399255562131,1.065164221868251,0.4261750032989894,0.4439397319689749,0.6109745984263051,0.624049,0.6109745984263051,0.457631573528111,1.2560998477888845,260.42,ST/MT Ratio (Expanding EWM),TSLA,1.065164221868251,0.1999483404376946,0.06730210789006649,-0.009123749009702312,0.011745000614197684,-0.02438798472113906,0.0023199651911451633,0.8455781077778175,1.170456715440583,1.8083887535179644,1.1162679657156294,1.191388378223437
2019-07-24,1.4562268096873237,1.0398235566521317,0.7140532983837863,0.7671069173454321,0.5266819313661751,0.6107506133489731,0.6350728750000001,0.6107506133489731,0.4478445812735203,1.1578670348301452,223.64,ST/MT Ratio (Expanding EWM),TSLA,0.7140532983837863,0.2294576170297573,0.018584152231912565,0.02567144073483314,-0.02210136492105025,-0.019018852240068253,0.0005930565994868306,0.8000211307729188,1.2815683215386888,2.256835068218652,1.1711945089767855,0.9062573181229737
2019-10-23,1.5329377977960588,1.120449730825175,0.730916631083187,0.9921801889149128,0.6476372536873933,0.4610927521215233,0.51663125,0.4610927521215233,0.3423297347843165,1.191150775458658,241.23,ST/MT Ratio (Expanding EWM),TSLA,0.730916631083187,0.08015693341390957,-0.039695622402092706,-0.007184994562753009,0.0006133938227731739,0.04796812545878279,0.001558151072759176,1.1735435183142957,1.223915411475242,2.3488765718347944,0.9279862154165905,1.1955112115674391
2020-01-29,1.2672899162365043,1.1741650773806953,0.9265165471115216,0.769942846919271,0.5969841563148699,0.4563076438921253,0.5357805000000001,0.4563076438921253,0.4371587420891009,1.1273358354852538,414.7,ST/MT Ratio (Expanding EWM),TSLA,0.9265165471115216,0.14019066233480096,0.024979376302184043,0.05580891553700215,-0.0414061583366613,-0.015380025869081167,0.002110886382828418,1.1839666758568363,1.1714189365672643,1.2822456184984259,1.1836889033246991,1.0771748486937744
2020-04-29,0.8777727569704682,0.9645284360027432,1.098836149041242,0.8390811567356188,0.9552633881839416,1.0707148206951795,1.0327348914100791,1.0707148206951795,1.085493990209098,1.1262689748082275,502.13,ST/MT Ratio (Expanding EWM),TSLA,1.098836149041242,0.12636506237764117,-0.03211385845795625,-0.007989085568438069,0.000985006267580978,0.044405206301432396,0.0037045920932973772,1.0397174265241915,1.0905353173977466,2.7313848854411966,0.9228254180296522,1.1004478803301394
2020-07-22,1.136764376700037,1.1569341121543848,1.0177431100655172,0.7869616724035516,0.6917544809444802,0.5955726477948752,0.6890383125,0.5955726477948752,0.6109930988314599,0.9802804852259838,994.32,ST/MT Ratio (Expanding EWM),TSLA,1.0177431100655172,0.2262781139668512,0.029547961130985824,0.010740541772556577,-0.017826401425018967,-0.0030765299720216625,0.0008918875417411307,1.0747809765541754,1.2167626153688949,1.3320745897765454,1.1726753232364362,1.2767965787535487
2020-10-21,0.3612339640233961,0.915614621366886,2.534685861674912,0.5092553604115987,1.4092665684090318,1.340041401008119,1.2269615000000005,1.340041401008119,2.115674190699912,0.8371121559286483,449.39,ST/MT Ratio (Expanding EWM),TSLA,2.534685861674912,0.19508411095832728,0.042550845265259145,0.031977724956192694,0.025884756889004046,0.0030571984035876014,0.002976040719355947,0.8257276892774335,1.0609482158165497,-0.9061639131153822,0.9988249972123329,1.114747287188241
2021-01-27,0.9012503718007396,1.178833557897635,1.3079978602863391,0.5013105378150781,0.5562255635989032,0.570674711025165,0.6727305,0.570674711025165,0.5933178318210309,1.0027552778019515,663.69,ST/MT Ratio (Expanding EWM),TSLA,1.3079978602863391,0.11173701790893933,-0.02672388114230987,-0.03855097198799095,-0.010738506864888373,0.029759129005748244,0.003399486426972343,1.1643179722039796,1.2386217289861612,-0.4900010933120571,0.9279091124222687,1.1357069355026668
2021-04-26,0.797582881272529,1.027760845970354,1.2885944145774295,0.4761463831785333,0.5968562722413963,0.7179266071828356,0.7378568571428572,0.7179266071828356,0.7038636114467847,1.1183206604860862,618.71,ST/MT Ratio (Expanding EWM),TSLA,1.2885944145774295,0.07916055041169877,0.03571816452355127,-0.048824264359423275,8.085210511883415e-05,0.034797310548466416,0.0013713456949254299,1.0128471889835131,1.0065510565720095,2.597812338215341,1.178209922838466,1.061044575336065
2021-07-26,0.85905761605281,1.0917609477511176,1.2708821007460835,0.3065614053222533,0.3562003681235622,0.5291427131461147,0.57769735,0.5291427131461147,0.4158630130949803,1.1581244477213235,671.87,ST/MT Ratio (Expanding EWM),TSLA,1.2708821007460835,0.2490447119768759,0.01644733244277744,-0.04176968943710284,-0.012888946035110087,0.00022968599302281465,0.0017224863811397665,1.156121022845408,1.0535795577051892,1.9472673273188006,1.0427826652643173,0.9490332626028732
2021-10-20,1.1784789371548172,1.0861578506553384,0.9216608090405348,0.3912680825156681,0.3140694585774561,0.4523133536286478,0.4912837,0.4523133536286478,0.2877993328263967,1.670454983241515,730.17,ST/MT Ratio (Expanding EWM),TSLA,0.9216608090405348,0.2374375174353083,0.030772105599807153,0.041877523102815464,0.046471283796333286,-0.006706076338038465,0.0009636907526262297,1.1711736804948085,1.0816386373510147,1.9379481612896146,1.0101521443293877,0.9075523514304938
2022-01-26,1.1696429836920903,1.0511543364421312,0.8986967400292194,0.767236384855984,0.6548163133603987,0.6181992603795987,0.6498228333333333,0.6181992603795987,0.5760697723468031,0.985434878137416,1093.94,ST/MT Ratio (Expanding EWM),TSLA,0.8986967400292194,0.19954957192895206,0.06838775439288816,-0.012555744376773401,-0.0050310691529477924,0.0016019887869446721,0.0017965388589196952,0.8402121434767345,1.09848779179597,1.7598574285054496,1.0004205979737837,1.1781953836710601
2022-04-20,0.9868450556629148,1.005051599863373,1.0184492429647205,0.50623558654537,0.512853081771114,0.5686253892044417,0.5714978571428573,0.5686253892044417,0.5308552979516502,1.1307109528948738,921.16,ST/MT Ratio (Expanding EWM),TSLA,1.0184492429647205,0.19437329174132567,-0.006588584060100469,0.08074597857004756,0.04881392608698005,0.011448938205802957,0.001963410025657069,1.0794542357727823,1.1815743629311324,0.9700874160820336,1.1744658450364511,1.0956786071922462
2022-07-20,1.0262714415051284,1.0017868765738998,0.97614221351096,0.5456110096134862,0.5314731641088554,0.7611756231104404,0.7625357500000001,0.7611756231104404,0.5773184633671391,1.18925030656995,711.11,ST/MT Ratio (Expanding EWM),TSLA,0.97614221351096,0.12435890228518698,-0.024380765752512138,-0.012927427959721658,0.023353794052956664,0.02528259217174389,0.0026596499980823707,0.9801060773986553,0.9797523276042508,0.23062034942534604,0.912700347755491,1.153414117446468
2022-10-19,0.5143916698310369,1.0900492638594008,2.11910364764937,0.5849948371371301,1.1368484135603776,0.4999693016875918,0.5449911692568581,0.4999693016875918,1.6479214471690709,1.2265739563443363,309.07,ST/MT Ratio (Expanding EWM),TSLA,2.11910364764937,0.09111272792491519,-0.02913300503689332,0.009536539095911109,0.015051668183384654,0.0031057464748537895,0.003090183471020447,0.8994142975708371,1.021662101794186,2.0832580866572847,0.9981663549484362,0.9968783568052569
2023-01-25,1.074068324416681,0.9213358636492528,0.8578000511742339,0.8327897623715096,0.7743157042746546,1.025628152861893,0.944948,1.025628152861893,0.5639285581856808,0.9488057152658153,109.1,ST/MT Ratio (Expanding EWM),TSLA,0.8578000511742339,0.23679394621867378,-0.026553359973790342,0.05026329857703627,0.012218328682937993,0.01847215745057884,0.0012519039353783529,0.8676230996534823,1.2099433608727823,-0.48117496803989246,1.036126128075106,1.102772046430878
2023-04-19,0.9942072247902256,1.0307708858443527,1.0367767002114092,0.5472725615266354,0.5502861570605623,0.614767756837481,0.6336847053039159,0.614767756837481,0.5865152366430073,1.1643604515839177,183.25,ST/MT Ratio (Expanding EWM),TSLA,1.0367767002114092,0.11442964657232285,-0.0006985598294936443,0.06418278664477368,0.012844932455406289,0.043958993306773525,3.267493577400549e-05,1.074955965074286,1.1533133929331982,2.242882691780699,0.9134254301778715,1.018576289911759
2023-07-19,1.2246376843222286,1.026324493272747,0.8380637852417245,0.5875855113909699,0.4797212848030523,0.6291219338837399,0.64568325,0.6291219338837399,0.3644474186856662,0.8503484687255166,274.45,ST/MT Ratio (Expanding EWM),TSLA,0.8380637852417245,0.20085862837711907,0.013940319118582524,0.06584510729909193,-0.04519181448364025,0.012532740306619617,0.001978755220723758,0.9120536475101519,0.9584067622368433,0.15671301542577254,0.9929295942428711,1.1087537847709914
2015-01-28,1.0245834171365271,1.5026344426056328,1.4665808732344576,0.1948280277170459,0.1897009799113933,0.2493206748833037,0.3746378333333333,0.2493206748833037,0.217621807082796,1.182067823683222,80.02,ST/MT Ratio (Expanding EWM),META,1.4665808732344576,0.1844808187353184,0.011684177976550667,0.040250986917794274,-0.003972084853768913,0.010791321400119458,0.0022935375299686406,1.0654817915705024,1.0524402054447257,1.8778809252535247,1.000849601573874,1.016113470925904
2015-04-22,1.1611363756455129,1.3222011455916636,1.138713051562621,0.2238036733255304,0.1927395397830765,0.2158551703934338,0.285403953576082,0.2158551703934338,0.1970077144923496,1.328766005334754,84.43,ST/MT Ratio (Expanding EWM),META,1.138713051562621,0.1342655071001439,0.030951413716260836,0.03472187577434387,0.024128949279608042,-0.034972770627251695,0.002249417687685042,1.0164752223428097,0.9094865441223162,-0.6808435054639985,1.025390863075958,1.2771650845567026
2015-07-29,1.204393755299429,1.1066543021582451,0.9188475922337506,0.2724830589116612,0.226175209080152,0.2925194042182174,0.3237178571428571,0.2925194042182174,0.18176448037733,1.0837467868213129,85.8,ST/MT Ratio (Expanding EWM),META,0.9188475922337506,0.2020407838783887,0.0024550662157267456,0.021775808476035493,0.0017775704131473614,-0.06276825342072659,0.001673326752490956,1.0886047119373694,0.9352506278002232,2.385272051123495,1.1196902311824544,1.1443786102810614
2015-11-04,1.306734962098032,1.3082542136830058,1.0011626317723483,0.3105419817807877,0.2376113582365151,0.3003346121790413,0.3929140218980822,0.3003346121790413,0.2256998436974194,1.508128368004335,94.01,ST/MT Ratio (Expanding EWM),META,1.0011626317723483,0.20287418836097149,0.0528736927005061,0.02735083228499913,-0.03212974617008938,0.012709393230754209,0.0021247520996639344,1.1281171842436708,1.0616439390971828,-0.11399579658458903,1.0536070167326277,1.1195367022373897
2016-01-27,1.7119983074152236,1.3110425887943549,0.7657966617816159,0.8060685925044916,0.4706200631629375,0.2335848603374665,0.3062397,0.2335848603374665,0.1900142201897375,1.560445197360197,105.93,ST/MT Ratio (Expanding EWM),META,0.7657966617816159,0.07280438249131227,-0.007262989163328464,-0.012535571489856002,0.0016898887355632636,0.000629394217978194,0.0035154448083522475,1.0153305488039648,1.1260295165920422,2.794819672956723,1.1706736869288694,1.2502868146235757
2016-04-27,1.3571212130313508,1.419033516461901,1.045620319567667,0.4707403021154118,0.3466849653805974,0.254731650666903,0.36147275,0.254731650666903,0.3106403548630362,1.184189560792578,113.69,ST/MT Ratio (Expanding EWM),META,1.045620319567667,0.23678778164247197,0.09720592083063667,-0.020545966502669214,0.045602637906387286,-0.00986956687286855,0.0023817341689625093,1.1205667243634507,1.2773712429061141,-0.606021433282387,0.9795369784337219,1.098022378261834
2016-07-27,0.930741383353063,1.23108868017929,1.3226968330818214,0.1577287204905465,0.1694516260688353,0.2987186105443215,0.3677491,0.2987186105443215,0.183043791466518,1.488612250671948,108.97,ST/MT Ratio (Expanding EWM),META,1.3226968330818214,0.14338035084930986,0.02389835717177522,0.0038987662776714385,0.03417229288836799,0.009088255104658617,0.0016266315749969159,1.138613797249362,1.102066284609093,1.9921389573663548,0.9416879715746749,1.0009655251906242
2016-11-02,1.577008453571168,1.554311728466566,0.9856077340275476,0.2971601648371983,0.1884011380927248,0.1860931266717046,0.2892467293728448,0.1860931266717046,0.1089960057820061,1.295963296963797,128.77,ST/MT Ratio (Expanding EWM),META,0.9856077340275476,0.20745863871883674,-0.02800051447456989,-0.001105538675747853,0.0014498997658492063,0.0014899067700772928,0.0014998021829040044,1.092710438015069,0.9658936035550897,0.40542373861970704,0.9794598773440715,1.0399446776889913
2017-02-01,1.0546477002191814,1.3403594842038538,1.2709073218718387,0.191826526789059,0.1818603408689529,0.2308425521889793,0.3094120041843215,0.2308425521889793,0.1818531797225923,1.233233032430625,116.86,ST/MT Ratio (Expanding EWM),META,1.2709073218718387,0.14708696552853556,-0.035481237432138935,-0.009596841479818255,0.026786231926452166,0.031194506265847466,0.0018301476423222694,1.0833296196311881,1.0471388724571205,1.2210532904317608,0.9299795631163229,1.2220070772938512
2017-05-03,1.1820186685460998,1.579046774053477,1.3358898772687977,0.124647595937798,0.1054432375429077,0.1421052329398007,0.2243908096497103,0.1421052329398007,0.1002307247079158,1.2595254794569506,142.28,ST/MT Ratio (Expanding EWM),META,1.3358898772687977,0.24693968385615472,0.01888653453351149,0.02489162342370146,-0.006162675509201296,0.005152771706474448,0.0036367399618306403,0.94795545025925,1.159413663613337,1.9015584066473306,0.9628982766335101,1.25386999398134
2017-07-26,1.2045485164560137,1.2653381431809143,1.0504667316379703,0.1990253651484061,0.165015435155811,0.1833869477898309,0.2320465,0.1833869477898309,0.138448794358541,1.3444145697325127,153.59,ST/MT Ratio (Expanding EWM),META,1.0504667316379703,0.12704535225443858,-0.00582119748640478,0.032659156257115324,-0.03959678967066797,-0.015673082126754192,0.0018166992904738027,1.0464897006427811,1.0714900567005927,-0.27065926568712184,1.182690281370362,1.20202728165265
2017-11-01,1.210849794941894,1.2059087318835464,0.9959193426971802,0.2226493006458343,0.1837924357996499,0.2199439645987261,0.2652323474346895,0.2199439645987261,0.1793802423249322,1.2183529985718278,169.47,ST/MT Ratio (Expanding EWM),META,0.9959193426971802,0.0679703404243889,0.026990017293223218,0.00665220658875542,-0.020111649703238862,0.027754155973982227,0.001980205655479292,0.8832098250932996,1.0350843098896898,2.238697032352293,1.1087032989646017,1.2063137170862899
2018-01-31,1.154770493132222,1.4671087910341742,1.2704765143892442,0.2639491681317145,0.2284903385995748,0.176553453303982,0.2590231234297136,0.176553453303982,0.1677582147660702,1.3551216663938883,181.42,ST/MT Ratio (Expanding EWM),META,1.2704765143892442,0.13538373931137848,0.01856331686007407,0.048325902431657845,0.042072219212704945,-0.0024282768736550624,0.001517686429063697,0.9764804408851729,1.1865905050568668,0.5459748914556548,0.9633788750814589,1.153070813936544
2018-04-25,1.3930648626344622,1.0312208513066763,0.740253292554165,0.4772876346226922,0.3424450350902062,0.3795355762095673,0.391385,0.3795355762095673,0.2590975060116279,1.3605643296325118,160.06,ST/MT Ratio (Expanding EWM),META,0.740253292554165,0.06057517767155421,-0.0005490119429905473,-0.03025067342400515,-0.0038498270457326053,0.01616341709180768,0.003098983357441965,1.1904055702395175,1.024240388558132,0.8438783688501585,1.102200411320956,1.1166025128489951
2018-07-25,1.7292160571652329,1.2633328281890048,0.7305812497832298,0.994181850248814,0.5746181041711217,0.2588405388536914,0.32700175,0.2588405388536914,0.2171309039090354,1.3443777651560445,196.35,ST/MT Ratio (Expanding EWM),META,0.7305812497832298,0.18520985783679833,-0.027637780132394176,-0.0018097837783915432,-0.003084599484375452,-0.008935267654820013,0.003959837254744675,1.1373711182836197,1.2046970825878065,-0.7668111845505718,1.1995263701771322,1.2009609814877868
2018-10-30,0.9011942732308816,1.3066235115589104,1.4498799541574092,0.2659538438380636,0.295006114079691,0.2715854647562754,0.3548599536482032,0.2715854647562754,0.3515535927427703,1.280259818623884,162.44,ST/MT Ratio (Expanding EWM),META,1.4498799541574092,0.2001868887305706,-0.05101965286400527,-0.017504669618084147,-0.004495954906872014,-0.01324567213743591,0.002450613049431388,1.1455613265176452,1.1604790848381386,2.425140512187049,0.9337148924786128,1.0390951342237262
2019-01-30,1.4185929009704277,1.1468383776789106,0.8084337493120008,0.5669417345809337,0.3994830650523861,0.4180305347904479,0.4794134603393247,0.4180305347904479,0.3332913642637112,1.3300706722053006,131.09,ST/MT Ratio (Expanding EWM),META,0.8084337493120008,0.22880018209001632,-0.01362802332234574,-0.05199609851219179,0.05060341473932518,0.005104205754642404,0.002082772903785426,1.150568377441797,0.980662084506757,-0.6870316056799091,1.1364356819835657,1.2341944622573184
2019-04-24,1.1930872125811225,1.335790207905256,1.1196081843970234,0.3393544686873599,0.284409183202021,0.2623231911165901,0.35040875,0.2623231911165901,0.3021433120134961,1.1078548268373252,166.29,ST/MT Ratio (Expanding EWM),META,1.1196081843970234,0.113266601552408,0.031973957801321534,0.0015195794247190228,0.04364897288405158,0.003320716088592128,0.002036782833174235,0.8650608872759603,1.2417383931130863,1.7470711823886784,1.0560248049649752,1.232100077112554
2019-07-24,0.7899917696804376,1.2661459581327694,1.6027331001751357,0.1775253952765051,0.2246938466748556,0.2647030261510515,0.3351526666666666,0.2647030261510515,0.2895378985822743,1.152179418085956,192.6,ST/MT Ratio (Expanding EWM),META,1.6027331001751357,0.19567534735742087,0.00949328104455714,0.0003475747485014942,0.05846950583620335,0.014995675884170818,-0.00038430678878574565,0.9676996997275863,0.9775975824893589,0.13941070644245457,1.0515492054879945,1.1125323170692702
2019-10-30,1.1242330569277392,1.2668698165331531,1.1268747247080655,0.2126789240425311,0.1890640883675476,0.2691274904333524,0.340949494429329,0.2691274904333524,0.1512314889219439,1.460436855807559,178.08,ST/MT Ratio (Expanding EWM),META,1.1268747247080655,0.19507675522880724,-0.041600857254919583,0.04940349229726393,-0.0009761302600012824,-0.003716143832743564,0.0027451508642848173,1.1222323305764934,1.2165410894609339,1.3254662288182995,1.134235645009643,0.9767093833174684
2020-01-29,1.5522639399049256,1.3393294347881786,0.8628232611460465,0.3886185989481996,0.2503209185917476,0.2338073007777398,0.313145,0.2338073007777398,0.1767288655214807,1.404139298550006,204.41,ST/MT Ratio (Expanding EWM),META,0.8628232611460465,0.1058415221945977,0.00806133240479137,0.022924350536643327,0.010390612218677377,-0.04290899459425994,0.0021341664159958435,0.8200258108373177,1.2494535290538802,-0.6977820249489217,0.9740065289231992,1.178127579849754
2020-04-29,1.2521677702270892,0.9812590869226424,0.7836482540551928,0.4456077743700128,0.3556863085520707,0.5698134689087687,0.5591346442176418,0.5698134689087687,0.3133635304807979,1.5917660171033143,165.95,ST/MT Ratio (Expanding EWM),META,0.7836482540551928,0.07742523391554304,0.015486108290509289,-0.026725604729876146,-0.03491606373551978,-0.007819347089709718,0.002428342050660725,0.9637791750509237,1.2505255879662036,0.19191917864907815,0.9035614040008078,1.0202622562242978
2020-07-30,1.2991783202476046,1.163222661146472,0.8953525801791232,0.4374799934126104,0.3366804708300342,0.3790566914323655,0.4409273333333333,0.3790566914323655,0.319673945731098,1.323043997087349,227.07,ST/MT Ratio (Expanding EWM),META,0.8953525801791232,0.16175068256927383,-0.02893501026703966,0.05962277699002565,0.03992336065295686,0.0228454616785954,0.0012885378059162953,1.0312300196739326,1.0503753501613173,1.139491023035021,1.1629794356505057,1.2649940216921474
2020-10-29,1.289335303892509,1.248954935899721,0.9686812515946166,0.4375408096584312,0.3392524487492355,0.3711586076290742,0.463560375,0.3711586076290742,0.3093456124536527,1.1146698690420995,261.79,ST/MT Ratio (Expanding EWM),META,0.9686812515946166,0.2197637384193501,0.007380378708093477,0.04063101086576058,-0.026194488781698375,-0.004434401981077661,0.0016155431210229084,0.9063896258616448,1.0848561893079602,1.1965760609658047,1.1847337370664741,1.2994469276657539
2021-01-27,1.0814074199885606,1.1724956612055548,1.084231196802735,0.3179268211364379,0.2938242187363322,0.336947515518984,0.3950695000000001,0.336947515518984,0.2775138224192294,1.1530926557871857,277.0,ST/MT Ratio (Expanding EWM),META,1.084231196802735,0.15038261552239798,0.004037305145609997,0.02146293110405847,0.008419389094065729,-0.0031595850628637007,0.001588975063496827,0.8941628995366107,1.1907919485383263,0.5121242489327806,0.902432459065864,0.903701008974361
2021-04-28,1.2896982409131743,1.147595121193094,0.8898167685958354,0.3784628379749657,0.2933933879771627,0.3400359741807765,0.390223625,0.3400359741807765,0.2860001608813938,1.1205699846468782,290.82,ST/MT Ratio (Expanding EWM),META,0.8898167685958354,0.23179614326237796,-0.03800396042407181,-0.0027945229654949555,-0.024432563190821103,0.02765941264764843,0.003021622984073039,0.9842264030249023,1.095333965201734,-0.9097212137062294,1.1060782250322907,1.0176013554379812
2021-07-28,1.3294257964893728,1.2760439872794664,0.9598459655658312,0.3321778504351332,0.2497590188819802,0.2612148718927085,0.3333216666666667,0.2612148718927085,0.2260462051889735,0.8501386923868782,355.64,ST/MT Ratio (Expanding EWM),META,0.9598459655658312,0.10623301989276637,0.014522557612189917,-0.024783177101704384,-0.011721670668467403,-0.01479933068147307,0.0016212401633969068,1.0239572406143798,1.0203676292661676,-0.33146274052277125,1.0221521215796625,0.9929093459162003
2021-10-25,1.254533383880491,1.2970114747917187,1.0338596736101475,0.3448796364124791,0.2747997926099957,0.2326524006904337,0.3017528333333333,0.2326524006904337,0.2353165955454719,1.29449182631575,352.96,ST/MT Ratio (Expanding EWM),META,1.0338596736101475,0.21326313621342416,0.021627458422888206,-0.007166203282131587,-0.01793156077624251,-0.035570080456072496,0.004082660322109798,1.0139203907676673,0.979531412114592,1.0336239065785082,0.9472135544606602,1.168389883794314
2022-02-02,1.739248018783229,1.1696885941476347,0.6725254716494914,1.2653123999152156,0.7272208395630319,0.2883742021973522,0.3373080151566666,0.2883742021973522,0.2374436192742428,1.1530273307242105,338.54,ST/MT Ratio (Expanding EWM),META,0.6725254716494914,0.07694196045290896,0.0399067935111347,0.036662458591125574,-0.012196881516895448,-0.001015777988137359,0.0024308624190150373,1.1015750737765695,0.9441576936999735,0.8712096481493568,0.9212615101964621,1.139272978216801
2022-04-27,1.4744590317578965,1.2806578794857488,0.8685611820349517,0.9273541735750888,0.6288465099272912,0.3602033434450386,0.46129725,0.3602033434450386,0.4982595881649224,1.1292285923852825,223.59,ST/MT Ratio (Expanding EWM),META,0.8685611820349517,0.20002313992554466,0.03888307182122161,0.060537589178038254,-0.010478067578724465,-0.009104348781218427,0.0007243173400042684,0.9057617191718582,1.1110497827354833,1.0698440375371647,1.1773063038581402,1.1196332890274892
2022-07-27,1.1657285640467665,1.286008552588715,1.103180098911193,0.5741815287072015,0.4923834324920902,0.4971214994745517,0.6393025,0.4971214994745517,0.4685137696413273,1.148773769417451,169.49,ST/MT Ratio (Expanding EWM),META,1.103180098911193,0.23962699099563123,-0.04621842787849819,0.05029730584816566,-0.010706719873126928,-0.021156157993831352,0.0018714537067480433,1.0331993918873263,1.0606612503057522,2.7963184127312672,1.1331557728318828,1.0141621161211367
2022-10-26,1.6658402773009886,1.1362953879018285,0.6821154485127864,1.270484363008746,0.762377496689961,0.548271168424231,0.6229980000000002,0.548271168424231,0.3311046390064059,1.162147130698576,136.37,ST/MT Ratio (Expanding EWM),META,0.6821154485127864,0.09519156107213939,-0.030823876397029302,-0.010665482653588222,0.02383334779450768,-0.001384461397467271,0.0013483248778435844,1.1376838343104927,1.0729585440740361,2.3146685741343758,1.1468664204880505,0.9755480747051418
2023-02-01,1.543083318510277,1.3070028877467617,0.8470073339970832,1.1282403201562807,0.7308360827789987,0.4940858450795498,0.6457716263137707,0.4940858450795498,0.5267042279300482,1.0817011328149382,124.74,ST/MT Ratio (Expanding EWM),META,0.8470073339970832,0.08436948595081901,0.020026234352303093,-0.029588522998670333,-0.024621569826563005,0.0152876411811696,-0.00019438246982002427,1.0804564525534308,1.0162571877226125,0.18997067997067285,0.9889044230641743,1.1902272990239793
2023-04-26,1.3594831445156637,1.3381256622953908,0.9842899985141912,0.6400045969288325,0.4705213935145448,0.3981378692686589,0.5327584999999999,0.3981378692686589,0.4668744333225035,1.2098375841727278,202.84,ST/MT Ratio (Expanding EWM),META,0.9842899985141912,0.06612067311454717,0.01998250828192731,0.008226587407336118,0.008513535675346672,0.0027677859608046065,0.0035994709401137893,0.8919304167170145,0.9003623340984361,1.8609474139305324,0.9513554231505376,0.9417929581231339
2023-07-26,1.285628386842185,1.407889160989849,1.0950980667500398,0.3989067614073618,0.3102655062500339,0.3296401185969114,0.4640967499999999,0.3296401185969114,0.2772779686730416,1.0536780177781595,278.47,ST/MT Ratio (Expanding EWM),META,1.0950980667500398,0.1354234642392154,0.020026669020711676,-0.049053180966885546,0.03344897880763896,0.010674526817155944,0.002703142542220004,0.8950064482376241,1.0519602089290816,0.9036253098928029,0.9133710122137892,1.2882293330509442
2015-02-11,1.4062355500851431,1.1478382117247676,0.8162488934768215,0.3501866668304021,0.2489234839374159,0.2848449712277595,0.3269559423928644,0.2848449712277595,0.1854737446971762,1.2877370784714706,19.69,ST/MT Ratio (Expanding EWM),NVDA,0.8162488934768215,0.10716756787969149,0.13684560217291525,0.013695031425543444,-0.0098299091128349,0.048335192462885576,0.0025332073178993128,1.0864252213678232,1.0292776261297345,0.2747890291415893,1.0345627648105378,1.1504979291052133
2015-05-07,1.4887468729537623,1.1107369663128122,0.7460885302207514,0.4933570348112283,0.3312734038111072,0.2897906452763957,0.3218811822001361,0.2897906452763957,0.2752606300938201,1.4571744083913591,21.86,ST/MT Ratio (Expanding EWM),NVDA,0.7460885302207514,0.09183791066247618,0.021981167874260847,-0.0004280775889600602,-0.014947972268690046,-0.005571971538939103,0.0021654036602997044,0.8585492266355871,0.9755719255059809,2.4377383313342036,0.9768764771667218,1.052077999190071
2015-08-06,1.5487954641049022,1.0604686816004192,0.6847054412141487,0.6501053815700514,0.4195571819368834,0.3629383900927218,0.3848847960438073,0.3629383900927218,0.2562461926560465,1.1180128463437244,19.79,ST/MT Ratio (Expanding EWM),NVDA,0.6847054412141487,0.146204108933292,0.04174479740632096,-0.009981095056047266,-0.002763115629506271,0.00995871586611674,0.0006179824313075624,1.1485087403800467,1.165259131759929,0.36684751736675336,1.1051098637173862,0.9078732861525655
2015-11-05,1.6516667715609754,1.1001681194851611,0.6660956909882023,0.7727686819567042,0.4677408450856528,0.3555879291827369,0.3912065033605943,0.3555879291827369,0.2670761857575855,1.1268193924776482,25.75,ST/MT Ratio (Expanding EWM),NVDA,0.6660956909882023,0.21978397835085448,0.035390061722262084,-0.04384109201800386,0.032493130209017757,-0.009730334064978363,0.0015163828604445634,1.0942570640045461,1.0948064162064959,2.252728589137845,1.1863912956019405,1.2703154197978275
2016-02-17,1.378193703874956,1.0856180222875047,0.78771076898346,0.5374707987688976,0.3898207139195896,0.4242219551860334,0.460543,0.4242219551860334,0.3043379403702453,1.1486890128146885,27.33,ST/MT Ratio (Expanding EWM),NVDA,0.78771076898346,0.14344519258822805,0.02479869379570293,0.019408003197091496,0.007852690773833942,-0.018158992997174325,0.002841780774784013,1.1637060173821363,1.104867982373555,0.44056845655575216,1.0395105974192018,1.1759584013253443
2016-05-12,1.6741103103019086,1.331833848571403,0.7955472470217452,0.8453533006816881,0.5046759447414262,0.2933916652473968,0.3907489506652132,0.2933916652473968,0.247338249671169,1.2606642727810329,35.84,ST/MT Ratio (Expanding EWM),NVDA,0.7955472470217452,0.19821731063876177,-0.009034423562412096,-0.011981025189857341,-0.01028035736518996,-0.011622691335444246,0.0009487799702174976,1.1535991107484747,0.9827945212000478,2.672772633846812,1.1445540695909666,1.291542406071294
2016-08-11,1.0842494601800312,1.5508697801136389,1.4303625107234352,0.3070079123824811,0.2830951172750293,0.2719810879086781,0.4218072499999999,0.2719810879086781,0.3232296204739117,1.3199316828680423,52.8,ST/MT Ratio (Expanding EWM),NVDA,1.4303625107234352,0.1164161187392127,0.028563922717264354,-0.03109750507130864,0.015096916279700992,-0.008968964288042218,-0.0005317693162508133,1.1521007093126747,1.0119749318767628,-0.5761763546238092,0.9336723215974766,1.0164893274313105
2016-11-10,1.8114937646673488,1.4492753618122811,0.8000443557024425,1.640858890930805,0.9055988474539572,0.3040934688642892,0.4407151721130444,0.3040934688642892,0.2036848862265548,1.2575982977091449,66.13,ST/MT Ratio (Expanding EWM),NVDA,0.8000443557024425,0.13452488274251445,-0.025048882508815016,-0.08216786639844947,-0.024557303745910586,0.011986894938678142,0.0017728939922190736,1.0456734895938158,1.221728130438869,2.597001227926259,1.0871260153107698,0.9022525250992215
2017-02-09,0.7777438983642032,1.2088116888779388,1.5542541592680863,0.4003876972948952,0.514353032447852,0.4375230637015301,0.5288829935560966,0.4375230637015301,0.6719422031120292,0.9916135952269224,106.47,ST/MT Ratio (Expanding EWM),NVDA,1.5542541592680863,0.16123055119118168,-0.006288651235900312,0.0031745528484809125,0.0200339877610737,0.06172689466751894,0.0018582424459724612,0.8745267106074134,0.9398904815413472,0.45329790227604017,1.0504052980901237,0.9173588714314244
2017-05-09,1.591741849564431,1.3298893161014615,0.8354930898282131,0.94708235307264,0.5948361806723924,0.3118100656794533,0.414672875,0.3118100656794533,0.3670789682750335,1.2587495279310068,97.77,ST/MT Ratio (Expanding EWM),NVDA,0.8354930898282131,0.15805339132891094,-0.014987724174018623,0.05716754790009232,0.013215182692544188,-0.01490108590689601,0.002135563416414709,0.9393911903182621,0.9716718698501291,1.5882806650354957,1.039281710797302,1.0981270587735636
2017-08-10,1.166604962817776,1.2908127194305363,1.1064694224450693,0.5067889017852162,0.4327530254207183,0.4045097662043774,0.5221463513504829,0.4045097662043774,0.4765802919229194,1.0483953144920628,155.88,ST/MT Ratio (Expanding EWM),NVDA,1.1064694224450693,0.1669069638241048,0.0048655948785212896,0.0538377764364361,-0.0046952117784721,-0.007415632640386563,0.0027285186435145365,0.9710767152133845,1.282407884194627,-0.14105949951374708,1.0549992779531623,1.1944069473461345
2017-11-09,1.199052685848527,1.3023261980328844,1.086129253037179,0.3432631342430934,0.2862409114021354,0.3476968539943328,0.4528147219304344,0.3476968539943328,0.3115099754402284,1.0390106734247784,188.93,ST/MT Ratio (Expanding EWM),NVDA,1.086129253037179,0.24635628332559956,0.08301304983357281,-0.009712887697588156,-0.01796464496118078,0.0014219246722187936,0.002637605812231209,1.022737765253825,1.2716083542867205,0.5118734225651367,1.0391027417319534,0.9354089260858914
2018-02-08,1.2809194150047218,1.2856151617948053,1.0036659189759147,0.4482637303432989,0.3499154125990102,0.3098404604154813,0.3983355936476259,0.3098404604154813,0.3313172362125847,1.0664364722045785,221.94,ST/MT Ratio (Expanding EWM),NVDA,1.0036659189759147,0.18617254277355133,-0.0633542817407112,-0.014066361810853415,-0.019167023057086438,0.01289497121774367,0.0022587698052439218,1.0435996444207714,1.0152847873792425,-0.3587638419377246,1.0633593878713523,1.1129241053519643
2018-05-10,0.9609796340603955,1.1890251684469102,1.237305272977494,0.3013207408515544,0.3133153650095628,0.4097975740208608,0.4872596294792891,0.4097975740208608,0.3510164108686557,1.2768918710434534,227.91,ST/MT Ratio (Expanding EWM),NVDA,1.237305272977494,0.1531837349781514,0.02601910666310798,0.018063227682250712,0.016370433408647755,0.00958877029886962,0.003195531388086709,0.8303486564896191,1.179286181397789,1.4950887626034115,0.9567051848239492,1.0877739448616175
2018-08-16,1.340612294053587,1.349776580299295,1.0068358960203163,0.3263318464329962,0.2434163301577023,0.2760934305531332,0.372664446535109,0.2760934305531332,0.2299598282861505,1.2687182134846904,253.69,ST/MT Ratio (Expanding EWM),NVDA,1.0068358960203163,0.15646498953064722,-0.05444505549163782,-0.025951563175648742,0.03372451256222655,0.035102394848702936,0.0004810302191866853,1.088129166591424,1.1117742962165107,0.5819563047342808,0.9967015374242831,1.1441575466576215
2018-11-15,1.565987351512727,1.1452521992569182,0.7313291503603889,1.167936643426754,0.7462542175377709,0.3980815911642737,0.4559038177645779,0.3980815911642737,0.3348517729042226,1.4256466386622415,245.83,ST/MT Ratio (Expanding EWM),NVDA,0.7313291503603889,0.09070595466026346,-0.014517615302630175,0.013053756994583979,-0.012932693675719876,-0.05765980176338022,0.00250458181447739,1.1756434793240962,1.1686979361909935,-0.701016385454738,1.0382054920446402,1.2563296526042511
2019-02-14,0.7312597486985061,1.25319424401998,1.7137470594414796,0.39897427749022,0.5453301586753228,0.4053095665605385,0.5079316158599,0.4053095665605385,0.5583895349703942,1.1585016288278709,149.87,ST/MT Ratio (Expanding EWM),NVDA,1.7137470594414796,0.20766804396221333,0.04011327089385782,0.02698240835154071,0.014459667588787112,-0.05667324675489182,0.0026265383633369424,0.8377849703204348,1.2955502848550173,2.7962775745816852,0.9234823442189628,1.273365328179822
2019-05-16,0.8377047474801333,1.2735314659412384,1.5202629205243234,0.2615239502638278,0.3122107943354564,0.3206189511675024,0.4083183228888917,0.3206189511675024,0.3367124907771384,1.1726382860836642,188.21,ST/MT Ratio (Expanding EWM),NVDA,1.5202629205243234,0.1422760985183534,0.004249800668341197,0.040807996716529224,-0.04917567546505172,-0.009396954300253732,0.0007604377139197606,0.9452530361037849,1.237883666830345,0.6735333508530861,1.0322565338107548,1.1536972363910172
2019-08-15,1.3149884493548856,1.1764677522094225,0.8946601415294413,0.4520069246781589,0.3433147655829918,0.3470407536363094,0.4082822553555728,0.3470407536363094,0.3055908180379024,1.197392418505864,167.08,ST/MT Ratio (Expanding EWM),NVDA,0.8946601415294413,0.21467567898351275,-0.035721067227525716,0.0009953777056014167,-0.01161544326642999,0.03043250468859272,0.0004971293913176109,1.1097909677103932,0.9135156603792994,1.372623982108537,0.9560198982292113,1.0383798071452812
2019-11-14,1.0927693667888978,1.1841371133967125,1.0836111895013114,0.3159339701928608,0.2884274322237334,0.3401199570960555,0.4027486642043369,0.3401199570960555,0.3089590364519481,1.135874847430044,196.37,ST/MT Ratio (Expanding EWM),NVDA,1.0836111895013114,0.1497963633558345,-0.02303562982409889,-0.002110212505308976,0.002223526678227451,-0.03614120079013991,0.0012540578735243985,0.9391874664620866,1.0876241360884615,0.3365456475046935,0.9322083355352003,0.9582514954101806
2020-02-13,1.3490843803489745,1.225404694597037,0.9083232394107592,0.4056759842759831,0.3009473318625038,0.3007671123923153,0.3685614315059379,0.3007671123923153,0.218748089818048,1.3526775595319047,247.28,ST/MT Ratio (Expanding EWM),NVDA,0.9083232394107592,0.06816601074163474,0.025785921212713656,-0.02233947760269683,-0.019742085424545842,-0.07219080849234394,0.001338458557484708,0.8133751942244392,1.0880996341315017,2.817790779411954,0.934702567094435,1.2785057972012328
2020-05-21,0.9658809350221914,1.016316164006628,1.052216817990385,0.4009268931564873,0.4132447743259253,0.6667296546073442,0.6776081250000001,0.6667296546073442,0.4968644118748875,1.1723287226177084,269.51,ST/MT Ratio (Expanding EWM),NVDA,1.052216817990385,0.1521124520988212,-0.023562832110099786,-0.0208064106211958,-0.020412659369739895,0.01727948515548022,0.002753419463502431,1.0933446058928373,1.1549995211736652,1.5811110212942516,1.1480182945188846,0.9427679457519286
2020-08-19,1.1584682867431944,1.116605375698359,0.9638635675021154,0.3836386140346597,0.3311070921004478,0.4358213198347437,0.4866404285714286,0.4358213198347437,0.3157930124905779,1.0643364418124477,420.43,ST/MT Ratio (Expanding EWM),NVDA,0.9638635675021154,0.13653270484274527,0.009576050635369121,-0.0027943667570458023,-0.01369448891172215,0.00909143059256786,0.001385461216308905,1.0019017294262167,1.1788364553043034,1.3472817802942547,1.1498337213069885,0.9289086836045406
2020-11-18,1.0532456644971278,1.1495183006891727,1.0914056800205394,0.4258602290325641,0.4041839243713627,0.4641848018344768,0.5335889246105081,0.4641848018344768,0.3333925701204297,1.0849295071798677,539.91,ST/MT Ratio (Expanding EWM),NVDA,1.0914056800205394,0.07290546823914235,0.0035950143966334822,0.015020965204485343,0.01030481820815933,-0.024255210169985747,0.001143651481718796,1.0762804157996664,1.113611092153887,0.5166434559197737,1.0020824946702092,1.1483330531096771
2021-02-24,1.2157552898744135,1.1507976168596232,0.946570108675817,0.4725529321938666,0.3886308472714671,0.4183282255256212,0.481411125,0.4183282255256212,0.3525942338811985,0.9983935584543094,546.13,ST/MT Ratio (Expanding EWM),NVDA,0.946570108675817,0.07557252153168154,-0.02080601216620359,0.03140753878699748,-0.0016832254601593676,-0.02163849001802325,0.0013883662633054409,1.1563981498577058,1.0984703704404462,2.2988926563076806,1.0206469145531902,0.9409577851172707
2021-05-26,0.9536901486901528,1.1888884292095248,1.2466191779818692,0.3279653546888428,0.3432874788345442,0.3367666302095359,0.40037795,0.3367666302095359,0.3946108914568106,1.0578447475540955,619.12,ST/MT Ratio (Expanding EWM),NVDA,1.2466191779818692,0.08374860343448375,0.0770380431263864,-0.020095368520410346,-0.05295578083312431,-0.021243592990866863,0.0031186323341542118,0.8246022945834555,0.920533748529471,0.5206005678306798,1.0011713252507526,1.1871748094490278
2021-08-18,0.630119913893219,0.9864545033137024,1.5655028218658529,1.002848962647389,1.5912068908724235,0.4723286195204076,0.4659306937698505,0.4723286195204076,0.3574256342645605,1.1518748018100846,751.19,ST/MT Ratio (Expanding EWM),NVDA,1.5655028218658529,0.06244306848733392,0.024187165781130397,0.04878065706878565,-0.050017503815876656,0.005763382936848503,0.002013043374376952,1.0971286006339462,0.9203415875334959,-0.11550694844394016,0.9822785550476699,1.1190447936571237
2021-11-17,1.316364678342152,1.1366262965103182,0.8634585196723761,0.6150159223740608,0.4672382878946445,0.2979410123838572,0.3386475894843984,0.2979410123838572,0.2622515684851434,1.2467485334376225,222.22,ST/MT Ratio (Expanding EWM),NVDA,0.8634585196723761,0.16968155089243406,-0.06887999053301626,-0.004133708031277063,-0.012171629446429381,-0.012657881904575174,0.0018207489746430879,0.8578060895627801,0.9535764877600001,2.775155556831832,1.1412608721893343,0.9722619608364681
2022-02-16,1.2075683726484987,0.9697410395218208,0.8030526978732779,0.6147699095882172,0.5089374241994666,0.5570120125922838,0.5401574081173828,0.5570120125922838,0.4723398341227587,1.1115968000456933,259.03,ST/MT Ratio (Expanding EWM),NVDA,0.8030526978732779,0.06101402217914753,0.008525901016929969,0.0033589811695469156,0.014442164651338798,0.015351597974387992,0.0018899945012989482,0.9626271231621963,1.0422487997030263,2.164016296261629,1.0530638749434367,0.9511398947973868
2022-05-25,1.0023151910561707,1.0227343842193042,1.0203720280260515,0.5234272368642517,0.5220790278791051,0.6549462014140787,0.6698360000000001,0.6549462014140787,0.489054308952542,1.1862384548870166,199.02,ST/MT Ratio (Expanding EWM),NVDA,1.0203720280260515,0.10140066036069295,-0.02116252626689358,-0.0184163503744347,-0.06568762106813086,-0.06836566657260978,0.003292060334326523,1.0955968252624975,1.0587551912899675,0.05169699052858823,1.012649586606216,1.0991026254427585
2022-08-24,1.0344985356713965,1.0739484959868142,1.0381343800451244,0.4440797149239469,0.4284551889752108,0.5597940704294087,0.6011900000000001,0.5597940704294087,0.4248647568995696,1.2075249721286954,170.24,ST/MT Ratio (Expanding EWM),NVDA,1.0381343800451244,0.19704414225889322,0.03183516671786784,-0.06872720780818825,-0.009493254403790766,-0.018421296628194986,0.0012508282733967582,0.9372462065668038,0.9967623090367032,0.5940081152159213,0.9057518732249695,1.2089991384385257
2022-11-16,1.1301886514567832,1.0061547745173216,0.8902538290580204,0.4939451899410814,0.4369380748166987,0.6429321765960709,0.6468892791729506,0.6429321765960709,0.3979476355032882,1.1969556189491508,118.88,ST/MT Ratio (Expanding EWM),NVDA,0.8902538290580204,0.060484397970898246,-0.025738225845144527,0.030521361890831492,-0.010156196412935529,-0.025151349022776263,0.003315508290940104,0.8683779574270344,0.9175618454522549,1.6147947716203168,1.1321808386471017,1.2255316526371374
2023-02-22,1.374898510429734,1.0374956353171918,0.7545979775575693,0.8008363359544287,0.5821847033261102,0.5208719101436192,0.5404023333333334,0.5208719101436192,0.477866754234002,1.1352851943454283,191.93,ST/MT Ratio (Expanding EWM),NVDA,0.7545979775575693,0.08983761735050254,-0.002015775451341466,0.026105316912773,0.037708444455211196,-0.0034085169593123053,0.0022104962989215036,0.9974036730642399,0.9821472738759941,1.948910708999307,1.109913923146301,0.9985082936412694
2023-05-24,1.6645583520418443,1.139863153915535,0.6847841365953392,1.211954758879114,0.7276962767918285,0.3939203126775273,0.4490152500000001,0.3939203126775273,0.3541194328321203,1.22156908560582,270.42,ST/MT Ratio (Expanding EWM),NVDA,0.6847841365953392,0.054262710271737125,0.019674554764316003,-0.004439826713546402,-0.006625545292821592,-0.010451193962253464,0.0018395806180246522,1.1613631023451172,0.9417485832331316,2.9307529583653027,1.1580743432932394,1.17515945819163
2023-08-23,1.0462326235855806,1.3071813885709267,1.2494175378426258,0.4948071078776402,0.4728778745708059,0.450538563468879,0.5889356249999999,0.450538563468879,0.500023217558096,0.9878449595985924,446.12,ST/MT Ratio (Expanding EWM),NVDA,1.2494175378426258,0.08954706068329028,0.03230143179595425,0.006009721516746157,0.012574724618523212,0.022946094497394168,0.004500900497934282,1.1754999553119332,1.1889244673294832,-0.2381720118798163,1.0326468414338434,0.9286012097326541
2015-01-20,1.474932387109499,1.5511722283743512,1.0516903974251073,0.872025404350754,0.5909796033628562,0.3396985241406089,0.5269309166666667,0.3396985241406089,0.3852078704825223,1.4221815658318089,336.68,ST/MT Ratio (Expanding EWM),NFLX,1.0516903974251073,0.17342547293581878,-0.040010374246952175,0.019478176531122982,0.006531428502186581,-0.04348341929150144,0.0009443605102014037,0.9558629689152461,1.1966412078948836,0.5457734037232695,0.9990882526404402,1.1381422890041248
2015-04-15,1.5496952436025884,1.568030144714145,1.0118312946930994,0.9629616837357252,0.6212027564091325,0.3106100014470297,0.4870458455186468,0.3106100014470297,0.3922399853372006,1.3179098276792192,421.97,ST/MT Ratio (Expanding EWM),NFLX,1.0118312946930994,0.06520087257133732,-0.009707543254433194,-0.042876375706596276,-0.050264161995180016,0.0041372869082688,0.001646314240432994,1.148881811599558,0.919033277018445,0.5418817387989416,0.9474722225445789,1.178141700292748
2015-07-15,1.7461381033482173,1.7557722146924886,1.005517382230992,4.419605760352636,2.529600657275051,0.2685917634828147,0.4715859554183826,0.2685917634828147,0.3609550381424759,1.0330605739242842,654.02,ST/MT Ratio (Expanding EWM),NFLX,1.005517382230992,0.0852486778295297,-0.014623085890633467,-0.011871580320388844,0.022205180415793432,0.016958410580292637,0.0007675687608359998,0.842289824172454,1.1659231034320978,0.1447234831916293,0.9596750441211674,1.2745410231299943
2015-10-14,0.6323861629301578,1.1903847137363828,1.882369956073583,0.6467090183893643,1.022454778051034,0.6090451488481918,0.7249980351641875,0.6090451488481918,1.4427126060788027,1.166513867558947,95.69,ST/MT Ratio (Expanding EWM),NFLX,1.882369956073583,0.08948191366602934,-0.020866523140079918,0.027827940388654812,0.008384912636407199,0.04941618591404887,0.0029524619705361696,0.8074098306983823,1.0751109087558277,-0.9134920301528249,1.0450779144312987,1.1004189511177673
2016-01-19,1.1720836894594169,1.4328901835705188,1.2225152490871962,0.558603399135547,0.4763661629505525,0.4487247225030323,0.64297325,0.4487247225030323,0.391564372658039,1.062834511730999,116.63,ST/MT Ratio (Expanding EWM),NFLX,1.2225152490871962,0.15195122950278475,0.0637908984098384,-0.03362868269507748,0.01570671599186474,-0.00904414927733688,0.0036891889336516785,0.9286649885578988,0.9528647110100095,0.5055501509379012,1.1016788819797698,1.2129583234577836
2016-04-18,1.4691419555732468,1.537000710513157,1.0461893792376464,0.7675524589864305,0.5223086540230856,0.3840655348837893,0.5903089999999999,0.3840655348837893,0.4202406506037477,1.1462154225720378,101.12,ST/MT Ratio (Expanding EWM),NFLX,1.0461893792376464,0.0893509115931994,0.016174359883633443,0.012806737964998878,0.10115594266090817,0.011111465108812927,0.003669922781404639,1.0123002409552568,1.1359337577759023,-0.19753451550138923,0.9861990999682948,0.9647582440209433
2016-07-18,1.5147064445026155,1.4952434217505903,0.9871506305247044,0.7399217086295269,0.4883509256584279,0.3389763402294285,0.506852142857143,0.3389763402294285,0.3182341605211221,1.2728647929083592,94.45,ST/MT Ratio (Expanding EWM),NFLX,0.9871506305247044,0.2413282119299838,-0.04213093840172658,-0.03669745413870215,-0.04910282348746471,-0.042096569814059126,0.0032239487531460047,0.8997181400018446,0.9899547120902127,1.0777951455649504,1.0688066267372187,1.2779789683286018
2016-10-17,1.6245175573523662,1.6547352495716845,1.018601025321368,0.9787157841748872,0.602131522291279,0.2812641869943374,0.4654177646616518,0.2812641869943374,0.3098915913151505,1.1978747445438755,99.48,ST/MT Ratio (Expanding EWM),NFLX,1.018601025321368,0.05519968529009427,0.03412516814691716,0.01799289947300579,0.046117416244027716,-0.0567989051078256,0.0018023795322040343,0.8782282588406093,1.1566702840645984,2.2690370759500915,1.0680724391349157,1.0020014610004304
2017-01-18,0.8995070013280939,1.7822705280113171,1.9813859429441356,0.2822550384406456,0.3137108157684408,0.284049848635227,0.5062536737086407,0.284049848635227,0.376239634797938,1.066582470651363,125.45,ST/MT Ratio (Expanding EWM),NFLX,1.9813859429441356,0.1307483016446956,0.07627546689544216,0.002930755531075493,-0.00418618798500889,0.0241193593945425,0.0016347590225101534,0.9050200920080002,0.9157012212284,0.22177690619392676,1.123381103701014,0.9190071028828442
2017-04-17,1.217954598578502,2.01576207600512,1.6550387661065151,0.2141118276434102,0.1757025205829712,0.1940331821818473,0.3911247301287602,0.1940331821818473,0.1779273058902939,1.0356004558712744,145.11,ST/MT Ratio (Expanding EWM),NFLX,1.6550387661065151,0.07284585179893724,0.03813628411929014,-0.04445395447716528,0.010183222610075232,0.0028609926587982357,0.00032883022750593494,0.8877181130019323,1.182492999412713,2.1306062512915065,1.0365955230185786,1.1792297353914596
2017-07-17,1.5766318354277165,1.4938015788532997,0.947463792933024,0.7092682103650457,0.4496871906888564,0.268688752998972,0.4013676834499886,0.268688752998972,0.2477947311517509,1.1902706702016157,152.38,ST/MT Ratio (Expanding EWM),NFLX,0.947463792933024,0.23451824998560772,-0.051177948808390474,0.03894218063371514,0.0018621938674689457,0.03246281724496057,0.004035873535181793,0.9551808674619569,0.963965298009651,0.5925979740916261,1.0739903460609428,1.2792213127411562
2017-10-16,0.972200714373507,1.5591566708026965,1.6037394827542664,0.2892252270386843,0.2974529566295879,0.2532451244819461,0.3948488251842855,0.2532451244819461,0.2905819586214508,1.1398128935190135,182.35,ST/MT Ratio (Expanding EWM),NFLX,1.6037394827542664,0.22873579306972455,-0.0149481925503188,-0.01803774730394147,-0.007605908334951088,-0.031335072224243726,0.002468978078148468,0.827500380835471,1.1029576375379844,0.3156791128428975,1.0524935082830083,0.9095901789506127
2018-01-22,1.4363149954845886,1.667301305497798,1.1608186997555354,0.5374844318623926,0.3744303677123677,0.2212185636655984,0.3688379999999999,0.2212185636655984,0.2125490719679479,1.3464145652126285,189.94,ST/MT Ratio (Expanding EWM),NFLX,1.1608186997555354,0.2469746887064157,0.0463418902215318,-0.020307573110431423,-0.011245823205968964,0.015997553488218814,0.0015080430951305169,0.9252101418806326,1.227947259010802,1.21576693541855,1.0351747478448352,1.014210028686136
2018-04-16,1.2394526632075198,1.4599120626891962,1.1778683494948166,0.4915115702040433,0.3963914513446669,0.3181783392225019,0.4645123955173454,0.3181783392225019,0.3457173748554016,1.0743956838337714,318.45,ST/MT Ratio (Expanding EWM),NFLX,1.1778683494948166,0.2072837518456977,-0.02276843129665733,0.010017075916928285,0.011237718389325226,0.049720446013596334,0.0033280568889869676,0.9192170091165424,1.0532405734362338,2.3422828398582416,1.1901639620424804,1.0754621525401498
2018-07-16,1.1804665403654644,1.3768664492513,1.1663748206069706,0.431375481584961,0.365373337294597,0.3194496944315667,0.4398395664864039,0.3194496944315667,0.2779608631983592,0.943585154210258,391.98,ST/MT Ratio (Expanding EWM),NFLX,1.1663748206069706,0.19197594368354043,0.017533679985117998,0.03845912048286145,-0.03492934241679198,0.013492640208931648,0.001027235483239999,0.9573411354991047,1.2386203103279452,0.7076212825452144,1.0656054516886952,0.9923766658394978
2018-10-16,1.2371914133242723,1.2714540034380954,1.0276938473261477,0.5062159471882509,0.4090304835407114,0.3714951723302423,0.4723390241172118,0.3714951723302423,0.3640239741905252,1.2306431823537218,350.35,ST/MT Ratio (Expanding EWM),NFLX,1.0276938473261477,0.21380451565247427,0.02911219187002679,-0.026474654569351906,0.02176447918804414,0.00991453763977622,0.002406622034222674,1.0974010143116302,1.1127953273083129,2.2361382009613666,1.1342198190086008,0.9860019073080114
2019-01-17,1.1633373872130248,1.1579797514107797,0.9953945984534373,0.5282956100427008,0.4540629635898477,0.4973169719327145,0.5758829835310065,0.4973169719327145,0.3941040386716437,1.1832874178045003,270.94,ST/MT Ratio (Expanding EWM),NFLX,0.9953945984534373,0.19121021517109463,-0.030442566505232905,0.005850395495439149,-0.007404860122131349,0.003213902020608746,0.0018273708657091654,1.086254220223105,1.2200217631805486,0.3844289631295803,0.9517827338706824,0.9010528622318353
2019-04-16,1.14980815566891,1.3016860092066074,1.1320897340907632,0.3586692471403551,0.3113666418526639,0.3547279554368915,0.4617444166666666,0.3547279554368915,0.2851197289487761,1.260800026936934,363.44,ST/MT Ratio (Expanding EWM),NFLX,1.1320897340907632,0.154013014221244,-8.338746216300297e-05,0.01686449500991719,-0.025251733476008946,-0.03627203642814781,0.002638677139880301,0.9803614612372593,1.0409730926155367,1.2196393353016357,0.9564123277766358,1.2438662190665901
2019-07-17,1.4856403495673398,1.308012824377344,0.8804370618758934,0.554475809084975,0.3730940995189204,0.330603532627891,0.432433660461735,0.330603532627891,0.2579677214688625,1.2758916001515652,350.62,ST/MT Ratio (Expanding EWM),NFLX,0.8804370618758934,0.06626904918145189,-0.11144435690241755,0.02479316821789432,-0.008250321449895343,0.0368893233927587,0.0019364264608138786,0.9031020862512439,0.99057184203506,0.9228562259374238,1.0496553071232824,0.9860340915140372
2019-10-16,1.1643069107811634,1.3892222818602415,1.193175329456884,0.3798212788377419,0.3240602927109056,0.3073182858649309,0.4269334103466574,0.3073182858649309,0.2604815720452575,1.248263977342544,294.29,ST/MT Ratio (Expanding EWM),NFLX,1.193175329456884,0.15088583585927157,-0.03385356744670015,0.009293246658316755,0.03442873042156432,-0.012271440995126646,0.0005490721088887756,0.9087442906903663,0.967882095662098,1.873840713292667,1.1310267093762245,1.084931398983713
2020-01-21,1.3065305919635637,1.6462924900942546,1.2600489419999483,0.4126571682117155,0.3112646303498008,0.2573892564958125,0.423738,0.2573892564958125,0.2786643540391176,1.1115806292937531,333.1,ST/MT Ratio (Expanding EWM),NFLX,1.2600489419999483,0.11359813213555188,-0.006839885298760611,-0.007010835172499669,-0.010383377175405585,0.015612081409575424,0.002075576372670038,1.085634809074007,1.1943741567749782,-0.4468978892887656,1.189853407450361,1.2284127788385724
2020-04-21,1.1677886341239656,1.0478694250406877,0.897310861247389,0.67591424506442,0.5785609602638639,0.6524247999443769,0.6836559999999999,0.6524247999443769,0.3203130093360171,1.292185013968755,360.27,ST/MT Ratio (Expanding EWM),NFLX,0.897310861247389,0.15157645503905115,-0.041672411368769736,-0.020827706619461588,0.011961340455240511,-0.03607585766428134,0.003048864141875362,0.8817933844783294,0.9744660142984282,-0.497355417681669,0.9415135687625755,1.1992647196114785
2020-07-16,1.17711829860443,1.2493157639851613,1.0613340778631404,0.5528369679768752,0.4695408087710448,0.4160471414801181,0.5197742524120763,0.4160471414801181,0.446516255419195,1.1414006280717073,436.13,ST/MT Ratio (Expanding EWM),NFLX,1.0613340778631404,0.1709485675638872,0.05913439563760724,0.006584316491391243,-0.015273906892886832,-0.02648649161269451,0.0019707835941460148,0.9878617027806494,1.213173669095947,1.9850195774008217,1.0813838140515664,1.174546642631472
2020-10-20,1.0658152684918765,1.2287069022998298,1.1528328957404077,0.4560929690588013,0.4277199779559047,0.4756292968698504,0.5844090000000001,0.4756292968698504,0.4341153160516368,1.0319423696305834,487.35,ST/MT Ratio (Expanding EWM),NFLX,1.1528328957404077,0.10956828684286223,-0.04805494822862215,-0.028164170359568207,0.02194804624809049,0.03887718498055589,0.002775115121589086,0.8073422897516568,1.0247110587220087,1.5512887170376408,0.9028034860458732,0.9131907774730373
2021-01-19,1.566752839682595,1.4000132593544656,0.8935763343745343,0.8612005320479869,0.5495306758575498,0.3431961290154418,0.4804791311807443,0.3431961290154418,0.3640643768998327,1.024658778741537,528.91,ST/MT Ratio (Expanding EWM),NFLX,0.8935763343745343,0.08043557479651996,-0.013401557034394433,-0.08364051450483821,0.020137693469755105,-0.005682557223946074,0.0009544705143259469,1.1407551929881532,1.1736099446768287,0.061478932481375814,1.1063888520356127,1.2169826676557054
2021-04-20,1.270706246306265,1.3495124774333342,1.0620176625055129,0.4793362087131498,0.3770956013887933,0.2983432956216511,0.402618,0.2983432956216511,0.3559775113519295,1.2153233675725923,523.11,ST/MT Ratio (Expanding EWM),NFLX,1.0620176625055129,0.16918717269108108,0.006575920205013197,0.017096794124730034,0.04921522083241029,0.039331886901063616,0.0019737392067301477,0.9227177132440405,0.914414950999675,2.731116498750938,1.003553951488689,0.9425927053138826
2021-07-20,1.200933426652586,1.4814701276256763,1.2335988779619886,0.280633123357542,0.2335441849949882,0.2381943067360733,0.35287775,0.2381943067360733,0.2228493190812935,1.1526164718935803,497.0,ST/MT Ratio (Expanding EWM),NFLX,1.2335988779619886,0.24736171252841876,0.052444565117314046,0.031118045232585857,-0.0013890986374803878,0.0010442335235370547,0.0013754895449114225,0.996742748557259,1.2073871182656535,-0.11341074152976338,0.980847015040009,0.9970859947194333
2021-10-19,1.2193886755243826,1.244342861029457,1.020464504883435,0.3058601685141632,0.2498027776887662,0.3099607930252509,0.3856975,0.3099607930252509,0.2093790791282875,1.44551882367776,575.43,ST/MT Ratio (Expanding EWM),NFLX,1.020464504883435,0.07554894593513027,-0.048255175291280386,-0.06688797306625514,0.019716370118947668,-0.043047444323946436,0.0027469808401047098,1.1966692211326713,0.9789614934922171,1.302080867864496,1.1775793924970892,0.9587586275511117
2022-01-20,1.6926422906522889,1.287197494620326,0.7604663440875521,1.0222458098032836,0.6036945391964857,0.2922528217870411,0.3761871,0.2922528217870411,0.2503773094198821,1.2826958304479974,604.92,ST/MT Ratio (Expanding EWM),NFLX,0.7604663440875521,0.11848064907436132,0.04271073132542359,-0.026291921141298125,0.005451688488473614,0.025301689993293016,0.002031491562261996,1.18834167914708,1.27899089375825,2.5382879482330503,0.9643669563990007,1.1536220224043934
2022-04-19,1.6960851068355682,1.1643832432799766,0.6865122738164937,1.820960381430564,1.0731451353112915,0.412940214866226,0.4808206666666666,0.412940214866226,0.525447310537185,1.29812984088177,374.59,ST/MT Ratio (Expanding EWM),NFLX,0.6865122738164937,0.19086984343986335,0.0023581571356855466,0.022574627830155933,0.03539679454657536,-0.011747307943890195,0.0026900736763366124,1.104356589184496,1.294411171278572,-0.2783047116745183,1.129807769855789,1.0355204679708452
2022-07-19,0.8325909790926219,1.2612706642410128,1.5148742851088497,0.4945079201271487,0.5937614900279895,0.5691724388373011,0.7178804999999999,0.5691724388373011,0.6966642117352395,1.1814584168134077,175.51,ST/MT Ratio (Expanding EWM),NFLX,1.5148742851088497,0.05782634332482264,-0.032352802786678285,0.06572486409135096,-0.01497080969021826,0.020467220337926088,0.003087710426157866,0.870250586227201,1.068550776485542,2.1753436485944655,1.0394549411112157,1.1150092400812195
2022-10-18,1.461293393838724,1.2508737676977906,0.8560045319932812,0.8447278501812417,0.5780617730634178,0.5570673856112,0.6968209795010396,0.5570673856112,0.3823245262227623,1.1338738587402313,243.63,ST/MT Ratio (Expanding EWM),NFLX,0.8560045319932812,0.11306358326187743,0.018173621599214478,0.004623811230262237,0.021625132821932028,0.0036302716885020527,0.0026916185751213882,1.1980637640800484,1.0596437198229705,1.4616030188369593,1.0095732604846115,1.057114258531482
2023-01-19,1.0413886905113443,1.492820630419039,1.4334903422909575,0.4490135798585071,0.431075720408796,0.4157209452165622,0.6205968035165872,0.4157209452165622,0.468868219906317,1.0839325276348333,288.19,ST/MT Ratio (Expanding EWM),NFLX,1.4334903422909575,0.07503486574495805,0.008967089345071452,-0.017840088236874024,-0.0018674324029170422,-0.03557795569857176,0.002273118434293644,1.0782563013781632,1.2751547904379534,1.1694358019692856,1.1305199786846338,0.9356826235267856
2023-04-18,0.9634481036109124,1.22533537500221,1.2718229143944224,0.3179024830394746,0.3299071215400631,0.4350830965586574,0.5331227092788253,0.4350830965586574,0.2927308273573489,1.2458402632621637,305.13,ST/MT Ratio (Expanding EWM),NFLX,1.2718229143944224,0.10338333337928546,-0.019007590700557814,-0.0014868932331452045,0.0013952955722875563,0.007107369134264227,0.0010017877414885948,0.8844632149727708,1.100852656367813,-0.9199531054849008,0.9758564936287677,1.1069605159299865
2023-07-19,1.3578395112041737,1.2491023438783362,0.9199189842182408,0.5148946959378181,0.3790971227566777,0.3674984431150646,0.4590431666666666,0.3674984431150646,0.3413298703346977,0.9561960154124286,434.7,ST/MT Ratio (Expanding EWM),NFLX,0.9199189842182408,0.08998740687481793,0.004443072974650661,0.04524629257444554,0.0052938121112093214,0.05790557855381998,0.0019972138893330988,0.8059844793025204,1.0058185144904168,1.056123277903478,1.0719447743943737,1.2703006772221221
2017-09-19,1.4217122692567112,1.3610533782019578,0.9573339188481036,0.2385430308893902,0.1676978147984352,0.1958641955337358,0.266581625,0.1958641955337358,0.1391399006264641,1.3776937721392568,149.26,ST/MT Ratio (Expanding EWM),ADBE,0.9573339188481036,0.07751682602585126,-0.011485975890161598,-0.015378925373736058,0.009306009910666935,0.015324661462861482,0.0014669095979841671,1.0581382493002431,1.0658943210119975,2.7214047085322712,1.1354648950163382,0.9800035684450991
2017-12-14,0.9325830808732092,1.4443878148221685,1.548803366097677,0.2989075470251969,0.3203783056546926,0.179999363160196,0.2599888868243375,0.179999363160196,0.3225348143005361,1.2412742462908877,181.32,ST/MT Ratio (Expanding EWM),ADBE,1.548803366097677,0.17210207057566546,0.0059731070837936795,-0.019975760199507607,9.42739219510512e-05,0.0015620561748634217,0.0016559360432957734,0.8523369445395279,1.1703246542970933,1.2395326623079352,1.1369020841378268,1.1955220200314747
2018-03-15,1.1091350776711348,1.166598767870066,1.0518094606831734,0.1917484541065872,0.1724103907246439,0.2710336867264896,0.3161875649864042,0.2710336867264896,0.1718815692802645,1.529381425960601,193.48,ST/MT Ratio (Expanding EWM),ADBE,1.0518094606831734,0.2342962149009766,0.025174573608236623,-0.010482305665460972,0.008367829579263148,0.029883585048922443,0.001625465849249749,1.050084613543006,1.2945528686515568,1.1343589204416347,0.933931726950516,1.2313094259263955
2018-06-14,1.1524598418490604,1.2155652233472218,1.0547571196900989,0.2212976990649929,0.1920142818273512,0.232913201510041,0.2831211878140696,0.232913201510041,0.199227587000014,1.4165351136176485,236.6,ST/MT Ratio (Expanding EWM),ADBE,1.0547571196900989,0.1833514083577126,0.057510588565087326,-0.02459985824776137,0.042452951439054615,0.00826671163007777,0.0010200744252177555,0.9007413449382836,1.2109208592575673,2.8284283840002056,1.1090386541893023,1.1384120643799205
2018-09-13,1.1064512893418763,1.297612023662153,1.1727692273140915,0.2336089334160812,0.2110832966468433,0.1901086903802039,0.246687322440018,0.1901086903802039,0.1875967411442799,1.2383756299428452,256.05,ST/MT Ratio (Expanding EWM),ADBE,1.1727692273140915,0.1447337870567233,-0.04132354245893972,0.007680109479843866,0.027636242140380463,0.008238355756569858,4.266141086601016e-05,0.9841544702700162,1.0457639463981614,0.412019003887345,1.090911811712877,1.2005092467750984
2018-12-13,1.1124998126741026,1.0635572645900833,0.9560066909437256,0.4088488130987058,0.3674726456982226,0.3909004948986829,0.4157450610813529,0.3909004948986829,0.3361688542386665,1.2929237588873257,238.74,ST/MT Ratio (Expanding EWM),ADBE,0.9560066909437256,0.08955939884537947,0.07665616811296934,0.05274035375408682,0.024728864812422414,-0.024290629303977566,0.0013318569516722332,1.0714068277937658,0.9793640404774251,0.9759487205739648,1.137492021654919,1.0902816312756225
2019-03-14,1.2523328147931765,1.2294596015091357,0.9817355155004716,0.271418107657985,0.2166639104432976,0.2367325737093445,0.2910531357369229,0.2367325737093445,0.2237806216882477,1.0946583546335371,261.37,ST/MT Ratio (Expanding EWM),ADBE,0.9817355155004716,0.17142487312948002,-0.06632307298328757,0.013692378193480872,-0.008388488150596769,0.00884620064473996,0.002193379451924159,1.0146493118941975,1.2084544192683289,1.645061225060366,1.0228034762647178,1.2581650844776877
2019-06-18,1.3801258857018244,1.178738373379544,0.8540803310707629,0.3219804948501429,0.2333532045228515,0.2658241277932062,0.3133371,0.2658241277932062,0.1518830834407483,1.5535097135400222,275.45,ST/MT Ratio (Expanding EWM),ADBE,0.8540803310707629,0.2427989254961593,-0.0033124783262454137,-0.0035706050637886277,-0.019231020705708115,0.02888608541042362,0.0006518229545725098,0.8650268274653915,1.29820657943613,-0.5245896860950512,0.9044849913312717,1.256007560459506
2019-09-17,1.0400572542768964,1.1630964858263069,1.1183004407146353,0.1831185438755335,0.1760179655983903,0.2742257447140384,0.318951,0.2742257447140384,0.1665467007293724,1.4927873663075797,287.97,ST/MT Ratio (Expanding EWM),ADBE,1.1183004407146353,0.1510550067466214,0.022591102226960168,-0.004754338067466323,0.026882513955943828,-0.017901553802500622,0.0020156822364716244,0.8979814033463824,1.1918798509786883,2.2440614997282773,1.157695917309635,1.2966376942656668
2019-12-12,1.1868170059715633,1.233429383292277,1.03927511746645,0.2321963679525337,0.195591225497047,0.1929171753406849,0.237949712606949,0.1929171753406849,0.2122138247819071,1.2783445222910734,291.72,ST/MT Ratio (Expanding EWM),ADBE,1.03927511746645,0.08137950747099981,0.011834715370726145,-0.04289572426089971,0.024901169813244858,0.0386123955311737,0.0039002684243109645,0.9176158840159997,1.1840973367709038,-0.5384005668766871,1.0220427874070548,1.2391886773250362
2020-03-12,1.6804092907632795,1.1833831439935882,0.7042231618798472,0.5199170098184641,0.3095159689138806,0.2400524170527634,0.2840739840151592,0.2400524170527634,0.1176146579072622,1.3897647454680555,369.28,ST/MT Ratio (Expanding EWM),ADBE,0.7042231618798472,0.20527289773464868,-0.019794483193720788,0.03049329331441477,0.03981676689377455,0.0007073493963718505,0.0030230565552522392,0.9470632184236434,1.1364381522142457,1.0150937748985362,1.0937854593336136,1.289157755755078
2020-06-11,0.9424605259625672,1.14458168934426,1.2144611448583054,0.2987440643966778,0.316939535325057,0.3155357037856833,0.3611563888874474,0.3155357037856833,0.3551989148721283,1.6512253717721586,365.1,ST/MT Ratio (Expanding EWM),ADBE,1.2144611448583054,0.10761824471583421,-0.0052842787625046374,0.0016648840896159392,-0.012099515649230739,-0.01919423778846352,0.0036435415091205293,0.8222942106005608,1.1295846070006519,2.452115117001139,1.0444148135245281,0.9314108743766292
2020-09-15,1.0866897898789516,1.238184163500104,1.1394090337758926,0.3766026615443907,0.3463648194710573,0.2922501774079948,0.3618595414466751,0.2922501774079948,0.2613036079250458,1.06793703187135,451.58,ST/MT Ratio (Expanding EWM),ADBE,1.1394090337758926,0.1761714386268377,-0.01525503271305916,-0.0014143974077187693,-0.0027387163840086773,0.027940801923006114,0.0023911278769327264,1.0242157409667083,1.0328295563295282,-0.3802328586482564,1.1547103539850418,1.1086398051964488
2020-12-10,0.8333972237432125,1.0979513476366778,1.3174406109792611,0.2350800142845875,0.2817415994897362,0.3690776820488999,0.4052293383882109,0.3690776820488999,0.3467154505860707,1.2741369168698644,452.0,ST/MT Ratio (Expanding EWM),ADBE,1.3174406109792611,0.1372693033821922,-0.018627766493047412,0.09979322703534582,-0.03798710406313586,-0.004169855893456732,0.003167509822986446,1.1733105649516267,1.2224066018412276,1.7718871750946694,0.9015076510095936,1.0711293826553
2021-03-23,1.1255834557397388,1.1980671303786614,1.0643965352096314,0.25992905673939,0.2308929457464155,0.2922224860305752,0.3501021552707697,0.2922224860305752,0.1830034817066895,1.425657794933167,467.33,ST/MT Ratio (Expanding EWM),ADBE,1.0643965352096314,0.17302722111993357,0.03173607339573588,0.012962587250970587,-0.006811777651521824,0.021987872187152698,0.0012760352695322125,0.878994512660813,1.264319164419547,-0.3016640612945589,0.9858180154977857,1.1067347070937996
2021-06-17,1.219834916500135,1.1831132508872937,0.969896200611964,0.2797019013261645,0.229265053592607,0.2467014877705566,0.2918757991949551,0.2467014877705566,0.1777788734947311,1.1899702757585569,480.62,ST/MT Ratio (Expanding EWM),ADBE,0.969896200611964,0.22249126280411602,0.014495542008776658,-0.01855373150285553,0.02791426276448618,-0.004293965806463429,0.001355659732978016,0.9053454475992317,0.9839458709116485,1.3963973004110097,0.9266788568265072,0.9232671034883699
2021-09-21,1.3744576147749077,1.3130715459100186,0.9553379688067412,0.2517859103961833,0.1831724900994729,0.2102347742283018,0.2760533,0.2102347742283018,0.1506060999750399,1.64180624526555,656.86,ST/MT Ratio (Expanding EWM),ADBE,0.9553379688067412,0.2482548363700716,-0.0222518358341229,-0.008790727886166298,-0.008662384480704948,0.0015043464117524075,-0.0007391402061374728,0.9488981180744286,1.188265781803145,1.219227033095792,1.0268629405400336,1.126300625689833
2021-12-16,1.3935936673682434,1.2127406043177624,0.8702253983458348,0.5786725917904684,0.4150204168548012,0.2296643203245463,0.2785232466206184,0.2296643203245463,0.207103577096237,1.1057456966110812,671.03,ST/MT Ratio (Expanding EWM),ADBE,0.8702253983458348,0.22210680302314034,0.03348599564016378,0.03845337127590264,0.019011994880020595,0.015339005108357291,0.003186145474042299,0.9461805938613095,1.2744585341728452,-0.7803804363569027,1.1020174437089505,1.2565130659311003
2022-03-22,1.302429488000337,1.068809811267817,0.8206277737989455,0.4974514618229926,0.3817640784731399,0.4210087194710891,0.44997825,0.4210087194710891,0.3079238191191918,1.2674328300612612,442.56,ST/MT Ratio (Expanding EWM),ADBE,0.8206277737989455,0.05776279768283887,0.012755483230681328,0.007398112316132934,-0.0017625776499452838,0.010272426439750147,0.003540323979819886,1.1215538834941012,0.9736164139285787,0.18370539592115342,1.1151143816121314,0.9337082236723062
2022-06-16,0.9558234586573215,1.1118529241458135,1.1632408831100167,0.2695621891528161,0.2819988843838412,0.4216516671814857,0.4688146391266922,0.4216516671814857,0.295465717401749,1.342011436428462,409.65,ST/MT Ratio (Expanding EWM),ADBE,1.1632408831100167,0.0733919164799182,0.030450174159363606,-0.039148339349521,0.011101425705539016,-0.04688829451129346,0.0014468227546527304,1.1247446799330336,1.1875627778419162,1.9184265969413703,0.9300724110802774,1.1871042179264923
2022-09-15,1.5798071903337931,1.2473553709622058,0.789561776015626,0.7657422353080436,0.4844471758985425,0.2909395578546691,0.3629050201153909,0.2909395578546691,0.2069687687322906,1.3795921982674624,447.56,ST/MT Ratio (Expanding EWM),ADBE,0.789561776015626,0.12584488885876569,0.02403700946732643,0.0315768680372561,-0.025692284745391685,-0.0250310935023598,0.001746048293602765,1.071927250087988,1.2323689963287403,-0.833616174974122,0.9069332005403377,1.0492028399514244
2022-12-15,0.9473091792972064,1.2202514763087895,1.28812377519035,0.2889625171481733,0.3049435324284917,0.3653370936600776,0.4458031278890722,0.3653370936600776,0.3685492729397549,1.175969290677804,345.96,ST/MT Ratio (Expanding EWM),ADBE,1.28812377519035,0.24478034891959752,-0.02701482538227254,-0.01604432256616982,0.005130236240847527,0.026235249619770393,0.0012461378863090386,0.8595153135396612,1.1233537910280889,2.6693956060269954,1.0174439191002047,1.2379801509090418
2023-03-15,1.1223431729416558,1.0914987083338052,0.9725177954911888,0.3071193360658741,0.2736209467808976,0.3500445869548048,0.3820732145204099,0.3500445869548048,0.2055916233681418,1.2643779334227054,375.0,ST/MT Ratio (Expanding EWM),ADBE,0.9725177954911888,0.07550395801133641,-0.017606336406893942,0.06019893328652637,-0.07177839927251808,-0.00030341472253868145,0.0023826535514774915,0.8000963498071466,0.9674058573836737,-0.8783058413836575,0.9984441541545206,1.2632758382786011
2023-06-15,0.992518870817689,1.217011511878559,1.2261847584579637,0.3181406056331968,0.3205435203472057,0.2753837035318975,0.3351451373820714,0.2753837035318975,0.2579995943690408,1.2919245324261923,345.11,ST/MT Ratio (Expanding EWM),ADBE,1.2261847584579637,0.15400760340682365,0.028155276179314168,0.036401441971439456,-0.0016724039540496215,-0.010093282569285544,0.003124932545303241,0.8387808494395952,1.1425639106975203,0.8059837564777768,1.1815404637097437,0.9490076570148376
2023-09-14,,1.1630951053148706,,,,0.3146518093023893,0.365969979278077,0.3146518093023893,0.237261457702071,1.2298262432224991,518.7,ST/MT Ratio (Expanding EWM),ADBE,,0.2359739385221804,0.02336295929017127,-0.009419656869762531,-0.037761831092878506,-0.03096435038143686,0.000257228026118959,0.8848111402008916,0.9118167874445974,0.735740998525495,0.9833498698693963,1.2479623735561285
2015-02-25,1.6088453381602494,1.2667492222369874,0.7873654428992805,0.6575637212622437,0.408659805729207,0.2657694546719177,0.33666325,0.2657694546719177,0.2223791729548977,1.5598773066463945,59.78,ST/MT Ratio (Expanding EWM),CRM,0.7873654428992805,0.24910667523708832,0.0012684442112548154,0.04243049085205338,0.0331498629136704,-0.023993408031896212,0.0024094385306422522,1.0419763252791021,1.1456362951902808,1.1276427875252097,0.9275551011687603,1.0780074734901421
2015-05-20,1.0133720284921126,1.3713186311742087,1.353223290773791,0.3958502636319254,0.3905965142634304,0.2482217423885913,0.3403911,0.2482217423885913,0.2725787870581145,1.3886755306147731,66.9,ST/MT Ratio (Expanding EWM),CRM,1.353223290773791,0.07936242854735426,0.00610645841580737,0.006035665315822099,0.022435183819112782,-0.047544965999048686,0.0017233282282808546,1.1998020758834065,1.234091716338406,2.5738362166684636,1.1469679077739499,0.9412166773723931
2015-08-20,1.3865212043753636,0.9773428662717424,0.7048885103145908,0.3892854481514747,0.2807455375520232,0.458416145921332,0.44802975,0.458416145921332,0.2341946435894163,0.8808244577400809,73.83,ST/MT Ratio (Expanding EWM),CRM,0.7048885103145908,0.10337651658235172,0.046718271352594876,0.02958321025366659,0.014666774549152025,0.00046798203246167796,0.0021133943919666894,0.8909793016259199,0.9012486605425639,0.21404049951244586,0.9325822207039478,1.0891173381206332
2015-11-18,1.297631040416655,1.1684243116921753,0.9004287623367945,0.2862833666931731,0.2204991387642074,0.3472832993455398,0.40577425,0.3472832993455398,0.2202596247639289,1.1100103379127382,77.93,ST/MT Ratio (Expanding EWM),CRM,0.9004287623367945,0.06436431302785635,-0.01870499860925405,0.018541984518834244,0.0410251556789845,-0.011960939514526174,0.002458994001674291,1.0708509954295609,1.2498021180152308,1.9968686603635928,1.1815756787335516,0.9215593161575155
2016-02-24,1.3288829325620766,1.1575705099347169,0.8710853917755789,0.6781891056668597,0.5101677678077977,0.3474358551365323,0.4021815,0.3474358551365323,0.1342943057606673,1.5820279610900898,69.92,ST/MT Ratio (Expanding EWM),CRM,0.8710853917755789,0.1738896388569323,0.02114840834095132,-0.021390699649726206,-0.02072291302062093,-0.021164697274632882,0.0018117975612271789,0.8048719341666166,1.164535245534485,0.1574096408889849,0.9760503048317319,1.0323548350775178
2016-05-18,0.9468026560296228,1.4188242256999073,1.4985427181306052,0.2509617266242771,0.2650136294467086,0.2417171042904584,0.3429540833333334,0.2417171042904584,0.3185128847680002,1.2932662647091104,77.27,ST/MT Ratio (Expanding EWM),CRM,1.4985427181306052,0.17461460002055557,-0.0050767428351862895,-0.015306494969523856,0.04668407994788896,0.0012969143708011725,0.0018964131465942194,0.9079184231569457,1.104574562520635,0.76059378889653,1.0537285654129969,1.1690854446001746
2016-08-31,1.4097311515890751,1.4768263603815537,1.0475943293987988,0.2924181201770222,0.2073757586557868,0.2024093603086571,0.2989234788917926,0.2024093603086571,0.1171516520187274,0.8899087472569241,81.02,ST/MT Ratio (Expanding EWM),CRM,1.0475943293987988,0.13322269405719875,-0.005618842112952714,0.034898824527434834,0.02630478910650962,0.012099265771318453,0.0017861248324453612,0.9548522035884593,1.0005230748568628,-0.3351978527650181,1.0048422358597877,1.1967225900984688
2016-11-17,1.075662000726209,1.2619272592964932,1.1731633714350154,0.3399566515601422,0.3159786907359784,0.2635811708387665,0.3326202645187253,0.2635811708387665,0.375725386933934,1.2351974527080352,72.77,ST/MT Ratio (Expanding EWM),CRM,1.1731633714350154,0.23804572741206104,0.04045718981955167,-0.0060432599631962255,-0.0029138821804736512,0.05532994830524862,0.0029703162017882816,1.1026819640445877,1.1667621546736842,-0.06388729877250166,1.0764258737564092,1.1282758646307391
2017-02-28,0.8019986284570376,1.260850021484754,1.5721348849567225,0.1243163800844081,0.1550083746909026,0.2819710439364818,0.3555231968053917,0.2819710439364818,0.1926405935353118,0.9459332635476236,78.71,ST/MT Ratio (Expanding EWM),CRM,1.5721348849567225,0.07598739059973919,0.030889572214581048,-0.008109453897259901,0.031390503679573606,-0.034797085489080344,0.0024187599601274965,0.9937064792438902,1.1199915945535457,0.9671625304946723,1.0696369098222325,1.1862023818484515
2017-05-18,1.131739700116115,1.242584994788964,1.097942393168214,0.121509184227765,0.107300541026111,0.2280264374376805,0.2833422295752462,0.2280264374376805,0.1167281489883451,1.375393313964002,83.71,ST/MT Ratio (Expanding EWM),CRM,1.097942393168214,0.22576640950250468,0.03047283726002235,-0.024653677380480587,-0.024657337810290857,0.03198452608251305,0.0022205835377373606,0.8438512777613759,1.1998503008596095,-0.4564553994896232,0.9199883995231124,1.290431874488587
2017-08-22,0.8613845138383013,1.3166116107370691,1.5284830288744,0.1108537175619882,0.1286739348357096,0.1954982108517322,0.2573952142857143,0.1954982108517322,0.1447512951195254,1.2785957700418715,89.67,ST/MT Ratio (Expanding EWM),CRM,1.5284830288744,0.16349223776544455,0.04769175825040152,0.016707971967803832,-0.01761285403819184,0.0273275390253768,0.0007290482789077173,1.1827967075481765,0.9241746179762257,0.7730137658998486,0.9558734814899325,1.0941379588537672
2017-11-21,1.135344982758112,1.20995975631615,1.0657199130582982,0.1513937762377815,0.1332995776084813,0.1976971744318891,0.239205625,0.1976971744318891,0.1221378410027751,1.4718716100875386,98.44,ST/MT Ratio (Expanding EWM),CRM,1.0657199130582982,0.22040476776821868,0.002735134457146567,0.06587574757729435,-0.012214743080992511,-0.016477318484417514,0.0016214202567868458,1.132070897199835,1.280244709897156,1.5370106138061495,1.006171700163545,1.1413302262578393
2018-02-28,1.2607741538316244,1.185713134799852,0.9404643418461156,0.2421143947999982,0.1920325972098599,0.2359931986032322,0.2798202353072825,0.2359931986032322,0.1390041598926182,0.9719816183246044,113.3,ST/MT Ratio (Expanding EWM),CRM,0.9404643418461156,0.0707672132682157,0.02586835399532374,-0.028025987427628185,-0.010224442701600382,0.008080898864650776,0.002898669160339174,0.9248005224433802,1.2639294563328243,2.481601852423348,1.0674695250838984,1.0299195661521443
2018-05-29,0.8620919977716636,1.1370538454290369,1.318947221837223,0.1579050614624794,0.1830929656390142,0.2546838514833873,0.2895892526978633,0.2546838514833873,0.1975280507753553,1.7353645583151232,120.99,ST/MT Ratio (Expanding EWM),CRM,1.318947221837223,0.13734835507828055,-0.008859336480770962,0.004726583700182742,-0.023413941069006322,-0.008440831233440381,0.0020376965731239228,0.9173558702331913,0.9133671978820238,2.263283404101181,1.0351149639117023,1.0300531713601058
2018-08-29,0.9620647081000678,1.1667230193249951,1.2127282182807604,0.1684055126298971,0.1749531357540628,0.2707787493408478,0.3159238,0.2707787493408478,0.202985689009759,1.384825271950591,138.03,ST/MT Ratio (Expanding EWM),CRM,1.2127282182807604,0.12728494459951975,0.013345822337095475,0.046366616662462876,0.033577076677383126,0.0076422145104684735,0.0026595314695891385,0.9884441419991016,1.2274951961818608,-0.5015431691699153,1.1572967964725482,1.2590035340433416
2018-11-27,1.3204022267669984,0.9433492634913968,0.7144408305044935,0.5430078873312358,0.4110469193522581,0.4945561713519636,0.4665392,0.4945561713519636,0.3050458306140556,1.278291944834944,130.99,ST/MT Ratio (Expanding EWM),CRM,0.7144408305044935,0.16819801281763017,-0.002555006902868961,0.001610758262628544,-0.0034713600092457914,0.040728275335113764,0.0037665118003276338,1.1786831660135553,1.0589951969690512,-0.1314383838493125,1.0120922455400096,1.0331648384925614
2019-03-04,0.905098567658112,1.166152876019897,1.2884263854678804,0.2094786755226887,0.231346320902525,0.2931726289601707,0.3418841044322172,0.2931726289601707,0.2693912330404353,1.326071068645326,155.87,ST/MT Ratio (Expanding EWM),CRM,1.2884263854678804,0.203310840884715,0.005394858774745137,0.017571153887492027,0.01181262420892199,0.018140155815782825,0.0030386060692088167,0.870461565001144,1.1429066680405953,0.9064966420345155,1.1597102976972011,0.9128438321928233
2019-06-04,1.3605425839508123,1.230264916876402,0.904245799719033,0.3542739737008353,0.2602385381184089,0.2635070775069906,0.3241835128054814,0.2635070775069906,0.1750855972251401,1.3583454251338198,162.5,ST/MT Ratio (Expanding EWM),CRM,0.904245799719033,0.10345236265825486,0.02283049589029198,-0.02787180584440639,-0.011258784160342015,0.01571520933083605,0.002093158337699742,1.0575471710220505,1.2051795514046244,2.037946276753228,1.1658221901286574,1.1916134971317978
2019-08-22,1.1848626314644763,1.112218479823726,0.9386898111969628,0.2927101453071866,0.2469872469395692,0.2341626260708029,0.26044,0.2341626260708029,0.2287268972421236,1.3204566185441626,156.25,ST/MT Ratio (Expanding EWM),CRM,0.9386898111969628,0.0751636614551916,-0.02663772391317154,0.016849212916229456,-0.04251508251371293,-0.00775773299886606,0.0014890108298042729,1.1711240246590784,1.0330626399283567,1.0128376670061723,0.9042238989848672,0.9027830349213165
2019-12-03,1.2246945065665586,1.0786172055275836,0.8807234781770157,0.2462876531741219,0.2010785007857434,0.2726108283217427,0.294042729840958,0.2726108283217427,0.2101052214649767,0.9727609538884348,157.6,ST/MT Ratio (Expanding EWM),CRM,0.8807234781770157,0.1918594201425267,0.07523355464899112,-0.0016143279501364632,0.009751433959785553,-0.03410141662310838,-0.0005535495960558983,0.896050648180608,0.9403228788556341,0.04084547174301445,0.9531129883585192,0.9114080099354593
2020-02-25,0.8733618883901398,1.1141238369940034,1.2756726069735629,0.1406475029998416,0.1609834230363205,0.2508765100602586,0.2795074999999999,0.2508765100602586,0.1816501169824866,1.7212807273048236,180.71,ST/MT Ratio (Expanding EWM),CRM,1.2756726069735629,0.07373910286383585,-0.033210608352489575,0.03357189987039589,-0.044806374385494424,-0.0022117052635101976,0.0018316150775271474,1.1637216585624197,0.9032892525555566,1.9443285773483416,0.945644366075855,1.26489184879984
2020-05-28,1.089644429967975,1.1080527455923943,1.0168938739263418,0.3722238741219148,0.3415217526829908,0.3840015754597671,0.425494,0.3840015754597671,0.3232393947117384,1.3350852269117284,154.46,ST/MT Ratio (Expanding EWM),CRM,1.0168938739263418,0.12460959796433035,-0.040496601447570627,0.03962158154694253,0.0012841488478632847,0.03316520387159788,0.0016739875041831508,1.1571183758359542,1.161560458547703,1.6889365992024206,0.9016017425909065,1.293948626445441
2020-08-25,1.698237429391547,1.195979471569113,0.7042475044244046,1.3078939625003747,0.7699072303996394,0.3124405634736735,0.3736725,0.3124405634736735,0.285418502874979,1.2903649785699542,190.96,ST/MT Ratio (Expanding EWM),CRM,0.7042475044244046,0.24997599033358517,0.042533880572502375,0.0816869092605584,-0.031207875970820264,-0.03517919641474119,0.0023903661943953758,1.1511330414303258,1.2580424902920369,1.6369781482034877,1.003436078596361,1.2574594596361923
2020-12-01,1.155152339036143,1.0218765510424803,0.88462492479142,0.525484134502334,0.4548280822618229,0.494537327655385,0.50535609874625,0.494537327655385,0.4373362997427995,1.3322158784128093,232.45,ST/MT Ratio (Expanding EWM),CRM,0.88462492479142,0.08562984716700844,0.029708194288702756,0.02138899519640727,0.052681899980770205,-0.02337723420441738,0.0018460947730253125,0.916606771260477,1.1250846173368811,-0.6010761106244704,1.176586689039825,0.9563081831084853
2021-02-25,1.223028427237355,1.184164748486291,0.9682234052082898,0.3546529900584496,0.289879474730654,0.3556988168567123,0.421206,0.3556988168567123,0.2708813496795261,1.037956937094762,226.26,ST/MT Ratio (Expanding EWM),CRM,0.9682234052082898,0.15644341147092605,0.023844193596825432,0.013773889497464994,0.025784068054368045,0.006156693405851704,0.0016796149405632057,0.8899587222921629,1.123253663251286,2.056372000851926,1.0858053917808896,0.9928535651200625
2021-05-27,1.3084989341211342,1.2161908249036986,0.9294549603286952,0.3425607377789901,0.2617377435295673,0.2367971325739971,0.2879905,0.2367971325739971,0.199635757085927,1.0788208312624623,234.21,ST/MT Ratio (Expanding EWM),CRM,0.9294549603286952,0.15326934905697787,0.0239920928242498,0.00983152904732008,0.00564384478178701,-0.02161636962118156,0.00022060106949277935,0.8003772170109962,1.2028602321229758,2.940829303644375,1.1429739360918272,1.0840826472626461
2021-08-25,1.1316917524509045,1.273701481716253,1.1254844607268704,0.2429474202360852,0.2146678352013264,0.2383001467431886,0.3035232499999999,0.2383001467431886,0.1992991754227113,1.1534208491307385,247.6,ST/MT Ratio (Expanding EWM),CRM,1.1254844607268704,0.21664524890260894,0.0015713629503579882,-0.00659498878432065,0.034592666941366715,-0.016813086177880316,0.0010600321708499336,1.1615069045596427,1.06393906924734,1.0997363369738702,1.043138930218705,1.07904954906621
2021-11-30,1.6195793627282784,1.2464158597702828,0.769592332709538,0.6058009859385092,0.3739900998566003,0.2380865554858108,0.296754858755592,0.2380865554858108,0.2017254813861067,1.1073029164089634,302.76,ST/MT Ratio (Expanding EWM),CRM,0.769592332709538,0.15167391292783705,-0.029403903002004107,0.014154515303850734,-0.018157899436643397,-0.007589964543204427,0.0024766510408005577,1.1100763077175622,1.110707562907797,0.2668684881008643,0.9774474502975435,0.9150989267869734
2022-03-01,1.0278235249810534,1.0915418818625,1.061993479748988,0.3361821034821698,0.3270190012377827,0.3607202704331175,0.393741282814515,0.3607202704331175,0.3070450560646863,1.4190962183751905,232.63,ST/MT Ratio (Expanding EWM),CRM,1.061993479748988,0.11849689320215717,0.004653159536780422,-0.0048620423041708825,0.016586984466752327,-0.03114043510475373,0.0037159076311326943,1.0332780647532185,0.9919845661604137,-0.40746431193446764,1.0961489891483034,1.1724837031286195
2022-05-31,1.5037715840235026,1.0222881142240772,0.6798160871538983,0.6434896207479818,0.4280975821724165,0.5029533365471105,0.5141632179614533,0.5029533365471105,0.308982461712071,1.3404587145957618,177.57,ST/MT Ratio (Expanding EWM),CRM,0.6798160871538983,0.22773839605834445,-0.02170065990292391,0.00905382928808843,0.007995260842967837,-0.02135304615540921,0.0019024746162543767,1.1008619569030664,1.1014307585354366,2.5762184208155463,1.1809028260194683,1.222948375916996
2022-08-24,0.9699646421968952,1.1232478617419968,1.1580296980701554,0.3137056384538503,0.3233858373375762,0.4036782667868103,0.45343075,0.4036782667868103,0.3709709378403554,1.314873706815516,177.29,ST/MT Ratio (Expanding EWM),CRM,1.1580296980701554,0.07448996465659467,0.036129190669621294,0.04352792606823879,0.00960050203334175,0.02058569791968272,0.0023278110735741233,1.0542373928032749,1.0214883814364755,2.9317796864808847,0.9822408501575816,0.9810627687961725
2022-11-30,1.373852394014559,1.079123233912575,0.7854724704152891,0.5483017197588397,0.3991821679781124,0.4225919758510856,0.4560288196059282,0.4225919758510856,0.236236764842582,1.1788959826850465,162.59,ST/MT Ratio (Expanding EWM),CRM,0.7854724704152891,0.24687427313527655,-0.003147008352574853,-0.026196276958389234,0.0348088375026692,-0.029684244555774102,0.0029524781569528055,0.9768616455146331,0.9227362282849554,2.913977858687163,1.0765300669249274,1.1227808366656702
2023-03-01,1.4376463535653266,1.1030591003247718,0.7672673447049152,0.5947620877814006,0.4136792058491343,0.3788084362272941,0.4178480928603128,0.3788084362272941,0.3385642956168458,1.1542945957119457,164.75,ST/MT Ratio (Expanding EWM),CRM,0.7672673447049152,0.06790068590601431,-0.026892401887737907,0.03819635683387136,0.021312302569495057,-0.036946803362370946,0.0011891060637997505,1.062318511959888,1.0988094591108828,-0.8717459316218337,1.083693386652119,1.1864695507825722
2023-05-31,1.4112017612048504,1.3151714506086574,0.9319513954445432,0.3832921574407066,0.2715722539250202,0.2584661633133482,0.3399273189380703,0.2584661633133482,0.2378010253449042,1.1331979133291237,197.79,ST/MT Ratio (Expanding EWM),CRM,0.9319513954445432,0.24225940885067165,-0.00924850445785477,0.04351345202019596,0.010218091570625582,-0.01275062448834736,0.002366814043285442,0.9666996242496213,1.2029182288284772,-0.09199480264631754,0.9663829773198552,0.9645667950750296
2023-08-30,1.0355292847247264,1.3129833864304514,1.2679345778033504,0.2248213260210884,0.2171076466281226,0.2604652149710311,0.3419864999999999,0.2604652149710311,0.2428707884088221,1.1099936922803215,225.01,ST/MT Ratio (Expanding EWM),CRM,1.2679345778033504,0.13991289294200196,0.016452600899646858,0.000457944190267638,-0.03837218590570741,0.021298887562746144,0.0012595098936678414,0.9487979039156648,1.2388048141556334,2.3116482485962573,1.0148472623890512,1.1356474943920947
2015-01-15,0.6930847795176193,1.2258148009386614,1.768636157025144,0.1160369445511211,0.1674217545528541,0.2331115154713067,0.2857515459339695,0.2331115154713067,0.2047822293715576,1.3938840475631482,35.56,ST/MT Ratio (Expanding EWM),INTC,1.768636157025144,0.17150835939884734,-0.017730359348139123,-0.05965564697025783,-0.021001157381986595,-0.001923045199922241,0.002864824438491012,1.0883265265899662,0.9964827098512092,-0.3274356564210117,1.1916287979636933,1.1470229252838475
2015-04-14,1.0540123328122313,1.082500637156015,1.027028435490668,0.2921938644492363,0.2770640096039303,0.247508506194047,0.2679281156565894,0.247508506194047,0.2534982777618411,1.3732734434482112,30.83,ST/MT Ratio (Expanding EWM),INTC,1.027028435490668,0.16379873421444952,-0.026777713844825104,-0.014234659612832974,-6.772333989310368e-05,-0.008614526952890464,0.0021514030479517325,1.1925662887334656,1.0351023948528917,1.812126799896526,0.9667810909623713,1.0044800685095652
2015-07-15,0.8924490756326676,1.115990289633224,1.2504806381720832,0.1541268851448634,0.1726953234564235,0.2210873474679151,0.2467313329349598,0.2210873474679151,0.185136914288348,1.3345084031650436,31.39,ST/MT Ratio (Expanding EWM),INTC,1.2504806381720832,0.07549250020473441,0.010529052402216932,0.042909836396833274,0.005334309356916281,0.004108969937890177,0.00229845181398144,1.0047608485078496,1.0278472502032285,-0.32951374463766214,0.9788642105967978,0.9142993577863459
2015-10-13,1.189476382639427,1.1138924886603945,0.9364561624911684,0.2115540170358888,0.1777697810890429,0.2822124529594291,0.3143543315579329,0.2822124529594291,0.1716724920370391,1.4554163643692062,29.39,ST/MT Ratio (Expanding EWM),INTC,0.9364561624911684,0.14788106412635652,0.010573829988805298,0.0033139581310335365,-0.025255093116848096,-0.0406426858214913,0.001217401402581411,1.0817694485909946,1.0968466628343447,-0.6230277343818975,0.9515081979385474,0.9410138152450577
2016-01-14,1.597915527547398,1.1970909740812092,0.74915785812445,0.3924573341301419,0.2454904842455152,0.219792,0.2631110193752571,0.219792,0.1514184677415226,1.734292858969623,35.18,ST/MT Ratio (Expanding EWM),INTC,0.74915785812445,0.19108647610742335,-0.015743011137989545,-0.02597906696884732,0.06329191688946054,0.015367641344375817,0.002707032359610785,1.0450371233103506,0.9376841454449976,2.0171293321408643,0.9061532757961174,0.9997503151983569
2016-04-19,0.8292721521841552,1.2262523709652349,1.478709212332169,0.1166936882811164,0.1407156206853931,0.1971568053399133,0.241764,0.1971568053399133,0.1778082609584771,1.4360988607129732,32.34,ST/MT Ratio (Expanding EWM),INTC,1.478709212332169,0.12524894505517634,-0.014486340696641299,-0.011143247636846522,0.04090985138133933,0.012585875785091108,0.004084712921231016,1.1562666703567628,1.1874125272488985,-0.7081266682972491,1.146337831345554,1.097214048616082
2016-07-20,1.4764635126060996,1.1815118521256578,0.8002309857560761,0.2243347693324993,0.1518833957875132,0.1900573401747965,0.224555,0.1900573401747965,0.1177181555822528,2.410044914460662,32.17,ST/MT Ratio (Expanding EWM),INTC,0.8002309857560761,0.1981795323660341,0.01012174780751727,0.02921860079513659,0.01805295800981209,-0.007232711852393031,0.000992088304571794,1.1387132108675317,1.1402959097801575,1.7273321281314349,1.1980504681187123,0.9929342183696073
2016-10-18,1.560149816287563,1.1966309643968625,0.7669974715917297,0.340585035280566,0.2181897708056867,0.205092887700511,0.2454204999999999,0.205092887700511,0.1485544506889373,1.155921862035421,37.16,ST/MT Ratio (Expanding EWM),INTC,0.7669974715917297,0.09129710572142125,-0.04868295195240635,0.02040200704604138,0.004800921532093623,0.028148112794910418,0.0016602409923524761,1.0495782299045553,1.0841285560229594,-0.8421921883092343,0.9043411924508595,0.9476914311271435
2017-01-26,0.9991003654076608,1.3504624451336886,1.3516784618356756,0.1331983964609002,0.1331433112036744,0.1732426307075174,0.2339576666666666,0.1732426307075174,0.1547236141139155,0.7283746522360088,37.07,ST/MT Ratio (Expanding EWM),INTC,1.3516784618356756,0.12878765641006165,-0.04726123210317944,-0.003167962975090835,-0.0023052242475288046,-0.02518740247382597,0.002231607474168092,1.0596366962154193,1.126865235165357,1.2137182446549097,0.909557028758478,1.087721198544003
2017-04-27,1.4176458984170786,1.2940935775740878,0.9128468392699846,0.2087788106584241,0.1472652986619641,0.1389106139219996,0.1797633333333333,0.1389106139219996,0.1316280168919867,1.8104559532208495,35.6,ST/MT Ratio (Expanding EWM),INTC,0.9128468392699846,0.08552696804151344,-0.023145547743835263,-0.0070047323544406345,-0.020797961500555892,0.031197724831339233,0.0027864062119958167,1.1698491271370113,1.0590367477242586,1.4996898791538253,1.133945602686943,1.213570111656755
2017-07-27,0.9407977598846092,1.2256862517968272,1.3028158697435248,0.1183428992310195,0.1251016671093298,0.1728956598988278,0.2119158333333333,0.1728956598988278,0.1052957281223621,1.4719009507908698,33.65,ST/MT Ratio (Expanding EWM),INTC,1.3028158697435248,0.1412495125853602,-0.005470650309914654,-0.007752744471314656,0.004937012962971564,0.006862341639881278,0.0014404537147105312,1.0077120329581086,1.2431807781609345,0.5655123734549878,1.1666079644354395,0.9960908665582181
2017-10-26,1.5694088218164426,1.2517013248675315,0.7975623097484603,0.3378299230739826,0.215272493499505,0.1574803265101556,0.1971183333333333,0.1574803265101556,0.1114444918088544,1.2153812316715544,37.47,ST/MT Ratio (Expanding EWM),INTC,0.7975623097484603,0.11361547888248169,0.012881764795930162,-0.023672305534955074,0.009443813503568767,-0.005413814746954335,-0.00083303029014274,0.9120865627962285,0.9212482496796005,2.1823273461691315,1.0251165708698116,0.9916466455645596
2018-01-25,1.5026397262900577,1.2622938540356343,0.840050899727092,0.5277719657411432,0.351106766380729,0.2024377082903758,0.2555358749999999,0.2024377082903758,0.221414410085157,1.0615844518141673,46.08,ST/MT Ratio (Expanding EWM),INTC,0.840050899727092,0.23242095706029053,0.053637467593234324,0.05246127068408325,-0.02804401438704061,0.002503159115792211,0.003359189494164025,0.8927161110466318,1.2605599764916933,2.3356664018441475,1.066059265607155,1.1464443201662884
2018-04-26,0.9323474732202832,1.13858581927726,1.221203308831459,0.2478832880409169,0.2656233163767555,0.3281430294267692,0.373619,0.3281430294267692,0.2658121424607093,1.3168499922201342,51.19,ST/MT Ratio (Expanding EWM),INTC,1.221203308831459,0.07977398378448497,0.03201808681207068,-0.005669614076340196,0.011354410431122437,0.00031838085472645633,0.0027605061195841427,0.9897302282201164,1.0566666171515235,2.661907524873326,0.9376838110560907,1.0673787158864911
2018-07-26,1.5094957686005028,1.1289385115034196,0.7478911401984857,0.4254210615763193,0.2817403710688714,0.269978388454575,0.3047889999999999,0.269978388454575,0.2175336458602902,1.4174067028100068,49.67,ST/MT Ratio (Expanding EWM),INTC,0.7478911401984857,0.16762703111292232,-0.0035978485487199495,0.04051475562476489,-0.000881476220618719,0.033507072410442935,0.0002570524695133347,0.9378247631951502,1.0992602881004594,0.8305274981807003,1.0556668594953245,0.9559675908907976
2018-10-25,1.279252713117509,1.2413765499656486,0.9703919618356271,0.3514654425409445,0.2747758980090627,0.2355653085343782,0.2924252499999999,0.2355653085343782,0.2101037469557506,1.2767172779305616,45.91,ST/MT Ratio (Expanding EWM),INTC,0.9703919618356271,0.18642361973125737,0.001334432723405891,0.04963948155767354,-0.04469518894693478,-0.023916978186775344,0.001392431208220444,1.0052566006053107,0.9969675255548843,-0.26267460404723497,0.9194502656358574,1.2050610235024564
2019-01-24,1.3923548759328928,1.0617825280779456,0.7625803927081017,0.4081732911557096,0.2929841155978331,0.4042313221763454,0.4292057551886905,0.4042313221763454,0.2429988755628976,1.251442203872613,43.59,ST/MT Ratio (Expanding EWM),INTC,0.7625803927081017,0.12995268446510494,-0.033088527762323315,0.03394932694443881,-0.01850962526948755,-0.016062980978664956,0.003568182429527326,0.970976768342624,1.1506574733247035,1.9103733732189734,1.1037949995940661,1.088200287635873
2019-04-25,1.5910287149039446,1.3076688981185107,0.8219015067854755,0.5247606230226982,0.3297622635173776,0.2181299489575757,0.28524175,0.2181299489575757,0.1794763456444191,1.142317497935294,53.44,ST/MT Ratio (Expanding EWM),INTC,0.8219015067854755,0.17792851083475184,0.0013520402402663534,-0.008948609381541451,-0.007340138335541105,0.028907572301811995,0.003447796418457866,0.955159411580692,1.0503839638562655,1.5601951877202254,1.048438306482562,1.2396528991954043
2019-07-25,0.9805558929380568,1.1438658283450256,1.1665483187476855,0.2213884200224359,0.2257571780844657,0.2727568586006329,0.31199725,0.2727568586006329,0.2451634325327763,1.2738941555129537,46.85,ST/MT Ratio (Expanding EWM),INTC,1.1665483187476855,0.1127574615297236,-0.008103052362204826,0.016111902710098283,0.05019219143350475,-0.011888373379596482,0.002938640022678945,1.1498807937306847,0.9682241512026074,-0.45506539381709743,1.0891202778107998,1.0204902992249119
2019-10-24,1.599150452836721,1.2051888234785093,0.7536431743121067,0.4157501252574163,0.2598882508382358,0.2614465831922964,0.3150925,0.2614465831922964,0.169142022747748,1.308569596808662,49.82,ST/MT Ratio (Expanding EWM),INTC,0.7536431743121067,0.20730308650201779,0.013295149611833134,0.0032741318082725153,0.01691382811334395,0.025513326933289792,0.0018238875660401375,0.8074282875060396,1.2554570677451822,-0.09239693102476698,1.1787841955057428,1.1869737803513014
2020-01-23,1.62085433630606,1.409844095562268,0.8698154201662033,0.5113659583283695,0.3154691280743674,0.1741584766520416,0.2455363,0.1741584766520416,0.16530209480708,1.240430800676074,59.41,ST/MT Ratio (Expanding EWM),INTC,0.8698154201662033,0.1209381059606411,-0.026953083024331307,-0.023111055821903842,-0.030387039227497276,0.045485899575217745,0.00208298741881251,1.1050613959645936,0.9805845983172642,-0.06322229753274833,1.0563803261472198,0.9688399410599449
2020-04-23,0.8514831440636158,0.8176168048232704,0.9602266474956606,0.4053540362373924,0.4758231798709893,0.7136899236386538,0.5835248749999999,0.7136899236386538,0.5818538575657395,1.2525675884259644,52.4,ST/MT Ratio (Expanding EWM),INTC,0.9602266474956606,0.2045516137999652,0.02017712799844103,0.01373077845164809,0.015150907235440925,-0.007044875673540842,0.0018690741948738736,0.9221726770732129,1.0285849911791218,-0.36148026698894364,0.9615548500185482,1.2154207368033028
2020-07-23,1.6779765314937614,1.1709243810887893,0.6978192835905839,0.8179057086058195,0.4872257361568639,0.3215848999999999,0.3765516000000001,0.3215848999999999,0.2408742065712583,1.2578021347737434,59.92,ST/MT Ratio (Expanding EWM),INTC,0.6978192835905839,0.21625273203105533,0.05564586195509023,-0.03137119373479407,-0.03568259972345914,0.020034058164382636,0.003128239783268837,0.8668783418189073,0.911382956737569,1.5174197705157537,1.192794935817735,1.0324855258492487
2020-10-22,1.5336107028407149,1.3719069772907757,0.8945601219068082,0.5984005107942317,0.3900084403445101,0.2827967795354171,0.387970875,0.2827967795354171,0.2925057819532593,1.2045190246029729,49.95,ST/MT Ratio (Expanding EWM),INTC,0.8945601219068082,0.17458641381662418,-0.001806605195990016,0.03963038165384691,0.030067276347176833,-0.025842307033496464,0.00112415759350489,0.847462281278501,1.1281549301470124,2.6254168443825847,1.1352185339485437,1.1490063473650864
2021-01-21,1.4777665603290584,1.317212340343179,0.8913534625183775,0.7101496766713337,0.4803985317405413,0.2951741249999999,0.388807,0.2951741249999999,0.3122694708935049,1.092144462924716,46.17,ST/MT Ratio (Expanding EWM),INTC,0.8913534625183775,0.19062412423369532,0.016059910273462954,-0.009938518918951792,-0.008778116295446966,0.02186833245169523,0.0011942003451157954,0.9260225986430398,1.116752069310488,-0.6350206347829785,1.103683627284201,1.1900384075590604
2021-04-22,1.078902776626614,1.070236761931199,0.9919677519762152,0.3544074220074156,0.3283161612948526,0.3638465,0.3894019,0.3638465,0.3318385756819313,1.202655932691045,63.48,ST/MT Ratio (Expanding EWM),INTC,0.9919677519762152,0.11064528670437664,0.02615503970988894,0.010034789676185178,0.0006590952815207281,0.007985599649669177,0.003010274586836016,1.1860126491639675,1.0041589434980287,-0.9261743238279094,1.0636825393281453,1.1827162017587258
2021-07-22,1.5231890936240544,1.435750479098012,0.9425950363667562,0.3697343123058249,0.24274727390598,0.2242297702050934,0.321938,0.2242297702050934,0.169358610163348,1.186247378233512,55.87,ST/MT Ratio (Expanding EWM),INTC,0.9425950363667562,0.09115106929798988,-0.01204271651600427,0.012498636146384265,0.03614491618855476,0.01482595705400538,0.0019556385444884383,1.116162990353195,0.9774955732099243,0.047011476148094644,1.0537772775801888,1.0322403239880007
2021-10-21,1.6995760580652124,1.3084852122274884,0.769889176785098,0.6159046599022274,0.3622546388589137,0.2466619393050407,0.3227535,0.2466619393050407,0.1618271077728828,1.1311997659985755,52.87,ST/MT Ratio (Expanding EWM),INTC,0.769889176785098,0.2211002522332398,0.009843236863364588,-0.0037671492111223197,-0.02917908921460625,-0.013139301800884877,0.0033784673554538083,1.144204594634978,1.089504061495488,2.198314576408012,1.0741859281447061,1.2092360566468447
2022-01-26,1.3796911931631286,1.4027329924159766,1.0167006931457043,0.4144665780451137,0.3004494256268422,0.2529882749736899,0.354875,0.2529882749736899,0.2270878057471563,1.1512747986771854,51.94,ST/MT Ratio (Expanding EWM),INTC,1.0167006931457043,0.10041418891356715,0.0024407340273628203,0.021600814044258242,-0.03192795462782478,-0.038527085389179316,0.0013284877930194543,0.9330691946121296,1.2325666487721245,0.09828926220408629,1.0638296424009872,0.9856028452695497
2022-04-28,1.0235566804076237,1.3442771391613242,1.3133392267304398,0.2663691356674014,0.2601324275783256,0.2625580244712047,0.35295075,0.2625580244712047,0.2914654379645407,1.2605992399406305,52.25,ST/MT Ratio (Expanding EWM),INTC,1.3133392267304398,0.0794628981714418,0.005418663449209111,-0.010247109698675733,-0.011589983158650122,0.01558130161873762,0.001945221639661175,0.9902106086504774,1.0272700838034814,0.06681372254885698,1.1900955054084112,0.9640296421946922
2022-07-28,1.6021697099176364,1.1914228348200169,0.7436308572337602,0.5610352472310174,0.3501437845735181,0.3283624323509795,0.3912185,0.3283624323509795,0.1716030297075639,1.2145123558435993,37.78,ST/MT Ratio (Expanding EWM),INTC,0.7436308572337602,0.11419829370708395,-0.02505534243494133,0.030138918923717326,0.028959471275482915,-0.048585078811986364,0.0010775870151560466,1.114930334982958,1.293665983793286,-0.9203940650396887,1.1097082242126284,1.0011647222225148
2022-10-27,1.5082398120303588,1.0867194105074156,0.7205216317983929,0.5018001740379278,0.3325786440515001,0.4502993093419681,0.489349,0.4502993093419681,0.2308601758085157,1.2995646421102052,26.89,ST/MT Ratio (Expanding EWM),INTC,0.7205216317983929,0.23137515348777726,0.0028578560990629946,-0.03637939040740246,-0.03498365188692107,-0.00493376230606337,0.0020073626814235673,0.8161951297313218,1.0611558315826524,2.7408712406835,0.9035295283100994,1.1351542767719127
2023-01-26,1.3722569715146231,1.1437883288287432,0.8335088489776745,0.3943275425130965,0.2872200321223415,0.3594179007063053,0.4110980000000001,0.3594179007063053,0.2248102120258853,1.192368405162871,25.94,ST/MT Ratio (Expanding EWM),INTC,0.8335088489776745,0.22028972463896135,0.019429940193590733,0.007791387386392355,-0.06780388995276425,0.026529546660499243,0.0005214530630012011,1.0005585914381296,1.249353665748419,-0.6639931419174974,1.104457808965995,1.172043879373311
2023-04-27,0.9350661997829844,1.1588752859862936,1.2393510601230715,0.29016249548747,0.3102679395465835,0.3803722499999999,0.440804,0.3803722499999999,0.343803074090257,1.1427938287890191,29.29,ST/MT Ratio (Expanding EWM),INTC,1.2393510601230715,0.055112273265803396,0.05279002627282647,0.06216786997174854,-0.00827897146022497,0.007797443396825902,0.0015123665790450372,1.0676320067449132,1.2769337979740147,2.2923501160275217,0.9125918178730518,1.0884331402818053
2023-07-27,1.0478447201348595,1.2195723894038888,1.163886562549962,0.4034145645359714,0.3849143015345202,0.3394099469588075,0.413935,0.3394099469588075,0.4319372716799953,1.0713330813020157,34.1,ST/MT Ratio (Expanding EWM),INTC,1.163886562549962,0.22772360941929035,0.035574478912982245,-0.026009939738167242,0.01679351999777301,0.05170856611974532,0.0005637461350718822,0.9591812224805334,1.0240588884363209,0.8053469006163891,1.0152582554777931,1.0729335599514662
2016-01-19,1.3911170065520346,1.1161708438225868,0.802355832446533,1.0211163389229196,0.7248001481484548,0.6875555872537928,0.7674295000000001,0.6875555872537928,0.4124441637154638,0.7313074600536011,2.53,ST/MT Ratio (Expanding EWM),AMD,0.802355832446533,0.06461978615517579,0.07736138601290447,-0.016332349115745545,0.033006543743470736,0.028627728814544333,0.0026939232331912584,1.191704746243457,0.9354531898998323,2.6889234793549193,1.044071014041308,1.1494968981998166
2016-07-21,1.0506161366020967,1.125086904286127,1.070882946767678,0.9372103303082384,0.8891927983437738,0.6254067995275985,0.703637,0.6254067995275985,1.019926689936688,0.9284880999974076,5.45,ST/MT Ratio (Expanding EWM),AMD,1.070882946767678,0.11355376352350788,-0.024857164701081735,0.01941723548976745,-0.008579034052134974,-0.013347459708139412,0.002716589339759652,1.1320731866470775,1.0441852116597024,0.7216876323518675,1.0228555440836142,1.049892409014304
2017-01-31,1.3817248742700237,1.0555384829790264,0.7639281181332687,0.9174180996935574,0.6636606688271316,0.7330305928934799,0.773742,0.7330305928934799,0.5654999647618898,0.9986188630095676,11.34,ST/MT Ratio (Expanding EWM),AMD,0.7639281181332687,0.05736577992037298,0.03253122228522374,0.009387453458187938,-0.007285665177900063,0.0036828344962859666,0.000269737269515655,1.1702117286587579,1.231571956477205,-0.5640000405480956,0.9324370057431288,1.0711478059411965
2017-05-01,1.5618426870413726,1.3506248437233648,0.8647636890254794,1.311437310181664,0.8392640485051225,0.5051987627585471,0.682334,0.5051987627585471,0.5560615344301206,0.9826654108422064,14.55,ST/MT Ratio (Expanding EWM),AMD,0.8647636890254794,0.09893228063212045,0.00841697020084231,0.014518902978206776,0.03184751835639369,0.0018157324363891013,0.0033338857455005727,0.8394629506931237,1.1476372381084479,-0.42523357095306435,1.0567119791900403,0.9028879788014871
2017-07-25,0.7851948319566951,1.1420646479719323,1.454498427003044,0.4805658915984438,0.6119614122631961,0.593071505367747,0.6773260000000001,0.593071505367747,0.7448400475719527,0.9884370028866996,14.08,ST/MT Ratio (Expanding EWM),AMD,1.454498427003044,0.21876397995879773,0.07864310266261854,0.018675613904429907,-0.04374354249238552,-0.03655441908365318,0.004497415126419854,0.9266385393650587,1.1708762894690623,0.9361557609113937,1.1934808457996964,1.2496415184264844
2017-10-24,1.4492360485758045,1.2297346514282392,0.8485399273891413,0.7294911889337206,0.5031836546219496,0.4837852615676389,0.5949275,0.4837852615676389,0.3802622057103297,1.0230288523939317,12.61,ST/MT Ratio (Expanding EWM),AMD,0.8485399273891413,0.17548169925291648,-0.026290439987430303,0.0230416440568531,-0.006713019379575232,-0.020509972912108834,0.002046006386736341,0.9436283116172605,0.9181946165889099,2.3825052004600753,1.1733702930944014,1.2282509573676148
2018-04-25,1.4890267964132322,1.2628753554687848,0.8481213088379598,0.7434020489581071,0.4990259868565452,0.4997967513315697,0.631181,0.4997967513315697,0.3716761523808186,1.0385008349966922,10.44,ST/MT Ratio (Expanding EWM),AMD,0.8481213088379598,0.16483112469216696,-0.027390264476327166,0.0372909952586867,0.007760597248126444,-0.011019022674496507,0.0013588857397753553,0.851179976367906,1.2991660537649152,0.03433688621109532,1.117261473842511,1.2632139505342888
2018-07-25,1.5074766680852278,1.278554903624875,0.8481424161933294,0.8304139090481474,0.5507241341368175,0.4905870668687619,0.6272424999999999,0.4905870668687619,0.4235230003702633,1.066197998032749,15.11,ST/MT Ratio (Expanding EWM),AMD,0.8481424161933294,0.05642253232542893,-0.018978742590540776,0.016294559707855375,0.014230468032125857,-0.04790551257139842,0.004824330591003047,0.8942748457322838,1.2633034218708266,0.23792631677946785,1.1929239667152167,1.0125040081521899
2018-10-24,1.3007943466408054,1.3014947126307443,1.000538414078865,1.1075431930903925,0.8513286995782826,0.6684828028034981,0.8700268333333334,0.6684828028034981,0.6363301175218076,0.9275818648738046,32.61,ST/MT Ratio (Expanding EWM),AMD,1.000538414078865,0.11754052863234993,-0.07233635035084325,-0.0032377296385562734,-0.009745167329772065,0.004187336706291074,0.0006810315016974892,1.181374329903134,0.92141786035707,1.837088046679252,1.059633340151101,1.0911508308490923
2019-01-29,1.355988904569052,1.137160416370706,0.8386207383696168,1.159186948276964,0.8545277858458841,0.7570717267381113,0.8609120000000001,0.7570717267381113,0.6986526067787797,1.0511299676264858,18.46,ST/MT Ratio (Expanding EWM),AMD,0.8386207383696168,0.0652376811813599,-0.016401425758826638,0.024177211036081933,0.003861025292646034,-0.0032267961163260184,0.0020201064668690983,0.889397725702336,1.182238315910597,-0.2367620342147716,1.0658525387954305,1.0012981452161003
2019-04-30,0.7989417828277405,1.2132333135500128,1.5185503369919475,0.3957639722386585,0.4943154942712298,0.4956002406416394,0.6012787221498399,0.4956002406416394,0.6001496121371755,1.122614233026694,26.36,ST/MT Ratio (Expanding EWM),AMD,1.5185503369919475,0.12674429519800828,-0.02456964315437943,0.060996458046856446,-0.05920818383532474,-0.03882234753278936,0.0021796222726319235,1.1822485519125423,0.9114524775342612,-0.20108687955505378,0.9726931819162343,1.0656271303071265
2019-07-30,1.174526199671451,1.2582507847221371,1.071283710039083,0.5232313239161815,0.4452298383453905,0.4860921168656429,0.6116257874934401,0.4860921168656429,0.4667923734267591,1.121199035836275,31.2,ST/MT Ratio (Expanding EWM),AMD,1.071283710039083,0.09069880988619224,0.007263782526667268,2.0987608522793642e-05,-0.01345621030834621,0.013105321631933299,0.003345147620452415,0.8930920967480215,1.0965396361075141,2.489862093034156,1.1136190264227512,1.1319847922140445
2019-10-29,0.8355769326797039,1.2200793112984505,1.460163946108042,0.2696056174784456,0.3226383881521346,0.4800263127718424,0.585670173091804,0.4800263127718424,0.3956761586479437,1.1611617661227458,28.99,ST/MT Ratio (Expanding EWM),AMD,1.460163946108042,0.13801214756312813,0.013961459152200581,-0.025235879140119242,0.014337717813861686,0.020896818617273983,0.0023597389751267885,0.8356012711930719,1.1775968433557102,-0.3343428627562406,1.1359102157885093,1.0000227034040614
2020-01-28,1.1896908789668537,1.2916100184540271,1.0856685894538267,0.4036923587492669,0.3393281438947964,0.4103800624235141,0.530051,0.4103800624235141,0.3167956431119429,1.104599662505495,45.52,ST/MT Ratio (Expanding EWM),AMD,1.0856685894538267,0.21788711424973958,0.06766597937255603,0.037212420078609185,-0.02155735085636699,0.008675861971622222,0.0015013661042115485,0.9668194913283603,1.0401880809271713,2.435255658699427,0.9379633376140225,1.1262579529539154
2020-04-28,1.0152165762618972,0.9978650118592576,0.982908509564994,0.4948287308093418,0.4872330935512654,0.7297715279157428,0.7282134743581913,0.7297715279157428,0.4777749190282792,1.321478930358502,47.86,ST/MT Ratio (Expanding EWM),AMD,0.982908509564994,0.16630610279542776,0.035264834336511765,0.000388565081392053,0.004474605539739934,-0.005101704380224255,0.001048815629612044,0.8568246437772249,1.1819183344528748,2.6203125111779246,1.030382296160176,1.0952369041059904
2020-07-28,1.3902936824962344,1.1062937823573384,0.7957266844304566,0.9779000303854803,0.7031665696296816,0.5310738967980813,0.5875237500000001,0.5310738967980813,0.3876055393974296,1.0721978570014157,50.28,ST/MT Ratio (Expanding EWM),AMD,0.7957266844304566,0.22324762888002012,-0.01819162794818411,-0.061180086380421085,0.014171812520067443,0.017786053793796372,0.0016581781797538645,1.1709691345931048,1.1083965554597428,0.9503937521982437,1.0734987308112913,1.1756918945451809
2020-10-27,0.7826264466426344,1.213967807268628,1.5511459042515008,0.3402021125496383,0.4346388486699591,0.5348642658497785,0.6493080000000001,0.5348642658497785,0.5409295240180884,1.1812422056753624,79.48,ST/MT Ratio (Expanding EWM),AMD,1.5511459042515008,0.12067817474277527,-0.029444513497192532,0.029422650314512647,-0.0055637300214441245,0.020005509011917277,0.000993072639054856,0.8427533500348126,1.2284442110966065,0.742020109813037,0.9217045529692457,1.2144730676792852
2021-01-26,1.021672969311916,1.176046728680193,1.1510989954762587,0.3648780382954221,0.357063666185933,0.4546569219357,0.5346977857142858,0.4546569219357,0.3507086452129435,1.0067499453103328,91.6,ST/MT Ratio (Expanding EWM),AMD,1.1510989954762587,0.1612150104566791,0.0192171710027277,-0.012059845578617681,0.0072615942749142725,0.010685089242992211,0.002047825319784683,0.9507799886745089,0.9401469980380216,1.5351161581730022,1.1640394060300925,1.2551014037655945
2021-04-27,1.0074755434822509,1.1855915714841692,1.176794393823473,0.3542904380120134,0.3516003358102715,0.3701300632426037,0.4388230833333335,0.3701300632426037,0.3428573598837604,1.0611422239825925,77.14,ST/MT Ratio (Expanding EWM),AMD,1.176794393823473,0.21116240359919558,-0.04420816224572248,0.001284001530875177,-0.02106831413211531,-0.017615306260869025,0.0014358038201395134,1.1830653899235892,1.2470821839066752,-0.9914363226180991,1.014072349924017,1.2274170319622013
2021-07-27,1.2747086579045404,1.2490742263754813,0.9798899682918928,0.4752691619478519,0.3730416941757502,0.3181528878876868,0.3973965723074377,0.3181528878876868,0.3025530580805078,0.9330793461713232,87.08,ST/MT Ratio (Expanding EWM),AMD,0.9798899682918928,0.2004061296898035,0.06610105680490239,0.013959409917070446,-0.0021652819924011663,0.009915019137779516,0.0005059622067102494,0.9465012023993897,1.1406194025518825,1.425267789498128,1.009507591211647,1.261789570912515
2021-10-26,0.816622340534435,1.1609715541575378,1.4216749855235955,0.2407606451311489,0.294787808162591,0.3624347198630009,0.4207764,0.3624347198630009,0.3136544050656111,1.001900398494413,108.16,ST/MT Ratio (Expanding EWM),AMD,1.4216749855235955,0.16113621970675235,0.043280404225245046,0.009714990393371998,0.018255404239730565,0.03288701627063697,0.0032551457883749036,1.001291338154447,1.0859136823750004,2.9900549826475835,1.048050109221785,0.9713593007714324
2022-02-01,1.132797116609032,1.0584170501982957,0.9343394635101216,0.5622733435158244,0.4961771694907341,0.5073942745539085,0.537034751360852,0.5073942745539085,0.4714534639149679,0.913173961774422,150.24,ST/MT Ratio (Expanding EWM),AMD,0.9343394635101216,0.06841797781444081,-0.01442114782366467,0.025283554514171185,0.0069243240242108555,-0.011915726465293257,0.0015023274765709606,1.0052277691453753,1.225606694207972,2.1074413075931258,1.1365745295325413,1.1832095135991647
2022-05-03,1.04103074971781,1.0648346703905225,1.0228657229185256,0.4894724276127388,0.4701247655872174,0.5051477663556789,0.537898855285858,0.5051477663556789,0.5137302010241094,1.03495882036623,110.53,ST/MT Ratio (Expanding EWM),AMD,1.0228657229185256,0.1846567689343203,-0.05795970851818073,-0.0090645911170953,-0.01166328173909839,0.05544848347831079,0.0007318631950246875,0.9016871316266754,1.2448336343360926,2.5737738615050603,0.9582458089855648,0.9521822546205576
2022-08-02,1.0199643598756547,1.066742590133559,1.0458626125559989,0.4214685354534582,0.4124460107574435,0.5811990295229684,0.6199897581364422,0.5811990295229684,0.4446648292779218,1.1961580391714597,73.67,ST/MT Ratio (Expanding EWM),AMD,1.0458626125559989,0.17550960375860936,0.04938553309578947,0.01939317394528248,0.008605410107269826,-0.010140773349634612,0.0018317408655124585,1.1902419874356447,1.2473295854601472,2.572944588839787,1.1659129153873184,1.1166747296134913
2022-11-01,0.9412430402548716,1.0480215654886753,1.113444159124821,0.3714635327875211,0.3945146781241891,0.5832347496596807,0.6112425953857342,0.5832347496596807,0.3542157964445471,1.2349634667660063,66.11,ST/MT Ratio (Expanding EWM),AMD,1.113444159124821,0.06682879260303554,-0.0020088945838416263,-0.0037864003275175154,0.02086524476591545,0.0038101753335034057,0.002068371565967659,1.05856069466632,1.1181451408534566,-0.7951746032386837,1.1236509256058318,1.1021328133343522
2023-01-31,1.3764951279590427,1.0323011978643284,0.7499490386100693,0.7006029828336788,0.5088559817798427,0.5560867762347231,0.5740490452236174,0.5560867762347231,0.3706619564599275,1.095426625694379,64.77,ST/MT Ratio (Expanding EWM),AMD,0.7499490386100693,0.18395073316490695,0.04532357091907117,0.02616431442662509,-0.04824853196443695,-0.013812139900158405,0.00025353327442096643,1.059083629916092,1.101055921990214,0.9672452892898238,0.9515367328433301,1.0114854860564597
2023-05-02,1.342595802305576,1.1568834542817084,0.8616766507798158,0.6105149592732023,0.4538951559466755,0.4322055562711329,0.5000114568986955,0.4322055562711329,0.4191785261726692,1.1556961875303684,96.56,ST/MT Ratio (Expanding EWM),AMD,0.8616766507798158,0.1509971664833961,-0.053804968057802854,0.0224610245203916,0.03197685162389744,0.008581770898006522,0.0023316476671257627,0.8635410767775823,0.978266518250137,2.8919095216812196,0.9459340337316595,1.007708169722083
2023-08-01,1.0777692537368817,1.1805099740029938,1.0953271954176518,0.4657908954461787,0.4321254183525229,0.4047993189878753,0.4778696335348064,0.4047993189878753,0.4921476922276133,0.9542724907319992,115.82,ST/MT Ratio (Expanding EWM),AMD,1.0953271954176518,0.17588030779063024,-0.018978125803382054,-0.024063161061337855,-0.0054063684670268,-0.04055554231588188,0.0009528424313097355,1.036235863095434,1.1440714304946569,-0.3841034810246837,1.1381152277355637,1.21408114716513
2015-01-28,1.665234185815634,1.4026812001070876,0.8423326953380149,0.6136504025607624,0.3684930789850622,0.173212844074228,0.2429624,0.173212844074228,0.2014014832229947,1.5253805091513677,74.985,ST/MT Ratio (Expanding EWM),QCOM,0.8423326953380149,0.12244027549612808,0.0021835294901364107,0.03657946348525096,0.013637248331005757,-0.01065104497041803,0.0037110288091907876,0.8949270816815564,1.0154665210701843,2.751951461837988,1.1477014337938434,1.1791188132250097
2015-04-22,0.7225029787889053,1.5600239812487104,2.159193840091426,0.1526269480387192,0.2111182558423407,0.1487441877747684,0.2320445,0.1487441877747684,0.2635689917920254,1.5214819235450976,70.065,ST/MT Ratio (Expanding EWM),QCOM,2.159193840091426,0.09172881793809351,0.003644320781765972,-0.01207890335342144,0.0329311730911307,-0.024303030008714182,0.0025239605120767348,0.8328932886042403,1.0673056323610304,1.237207488307308,0.956223386395133,1.0792906328432899
2015-07-22,1.4928957765494102,1.5282985579610415,1.0237141681072066,0.2355414983270204,0.1577941126542424,0.1462661852525927,0.2235384,0.1462661852525927,0.1120629770531831,1.1777670515724203,67.365,ST/MT Ratio (Expanding EWM),QCOM,1.0237141681072066,0.21070355455009343,-0.013752291501773529,0.028241733948434353,-0.03129184243076165,0.0063834586973072725,0.0016001000098906837,1.040410350995476,1.0309506720461596,2.1237792758019487,1.1521348744916415,1.0294437877736284
2015-11-04,1.7803026811579603,1.259023422446303,0.7071962738534988,0.840814039288205,0.4723009355320804,0.2329029347446522,0.29323025,0.2329029347446522,0.1426892337808285,1.245054121646388,56.23,ST/MT Ratio (Expanding EWM),QCOM,0.7071962738534988,0.24814097513713484,0.023799747632162457,0.015018619402040218,-0.014736025060688666,0.027861184387722684,0.0012548322296826498,1.1354628617969829,0.941430626441206,2.3509163944906253,0.945825129500285,0.9331708610038905
2016-01-27,1.239706209699479,1.415320391868178,1.1416579031343803,0.516401929699204,0.4164893678717246,0.2380453054557413,0.336910375,0.2380453054557413,0.4339262144466048,1.1249317414455688,49.58,ST/MT Ratio (Expanding EWM),QCOM,1.1416579031343803,0.23690573636777437,-0.035366715028390804,0.05914551030385367,-0.004213717396892621,0.01915015467786379,0.0018950322924363762,1.0567101617764045,1.0887749463021177,2.631562401651331,1.0089567588272548,1.0148609053750515
2016-04-20,0.6994221236861368,1.4711543293302505,2.1033854656711224,0.1400241008427882,0.2000654677268339,0.2054154815542547,0.302197875,0.2054154815542547,0.2645966948446602,1.2991691439896331,52.21,ST/MT Ratio (Expanding EWM),QCOM,2.1033854656711224,0.14139602621290848,-0.0029832819757452727,-0.002703979471155564,-0.016593838028110708,-0.05629148402147231,0.00261279074158329,1.0002939624576794,1.0823784743074645,0.377712184868753,1.1081223896094985,1.2038247335655634
2016-07-20,1.5604414144264498,1.2760751574505125,0.8177655025386147,0.4097489711899376,0.2625033709305731,0.2027945795269788,0.258781125,0.2027945795269788,0.1384033775351407,2.0297751456497664,53.89,ST/MT Ratio (Expanding EWM),QCOM,0.8177655025386147,0.13243679335991818,0.00621034710991646,-0.006479503883545924,0.046373414395920215,0.05405174132319701,0.0019745058714148002,1.1411935876120547,1.2891426418841372,0.06662476853001786,1.1148280447469885,1.0577032941982982
2016-11-02,0.9172248027313122,1.372515690484836,1.4963787355049258,0.2023700526550054,0.2205118389514831,0.2110617532681879,0.289685568021827,0.2110617532681879,0.2603156023638052,1.2060866487274444,67.11,ST/MT Ratio (Expanding EWM),QCOM,1.4963787355049258,0.07107847458012635,0.02000535919205622,0.0034174118233680226,-0.01841930234566982,0.01038199851552171,0.0017828411928631435,1.0708327887804432,1.0903926761396883,2.9750924110717265,1.1186706407372249,1.28099652017373
2017-01-25,1.448423317937192,1.437632797333017,0.9925501609435958,0.6159602877508646,0.4250740840812764,0.1939200565335702,0.2787858333333333,0.1939200565335702,0.2347190130915619,1.5592375234970606,67.25,ST/MT Ratio (Expanding EWM),QCOM,0.9925501609435958,0.15187663531939832,0.026906520733111138,-0.005095393485028251,-0.010888669487171666,-0.016412478512325007,0.0020583702908178957,1.1339878197924742,1.2611604044653484,2.2576767888586997,1.0377477391127734,1.0007153813387537
2017-04-19,0.6923885126349644,1.3676083841236126,1.97520374640391,0.1396283583765235,0.2015674960981051,0.1643638468508267,0.224785375,0.1643638468508267,0.2635825611069948,1.1697929549722872,57.81,ST/MT Ratio (Expanding EWM),QCOM,1.97520374640391,0.10321744420536672,-0.03736247321432542,0.027998257058261502,0.008109725790074419,0.006928197974773512,0.0013961410687630454,0.948128070180209,0.9080944930559802,1.0959726698586687,1.0515173400811226,1.1101001859321953
2017-07-19,1.416929320388314,1.392108844744498,0.9824829119655638,0.2680491562897292,0.1890902629779446,0.1688612956522224,0.2350733032124745,0.1688612956522224,0.1603643712659866,1.1720492744885571,57.61,ST/MT Ratio (Expanding EWM),QCOM,0.9824829119655638,0.14590750304569922,-0.05169399597574679,-0.04448931825309763,-0.02705373815190222,0.007404745562567301,0.0016567940731569623,1.1896124899888254,1.2645816013819358,-0.353148886679568,1.0106647564667668,1.0695824717853049
2017-11-01,1.67888552879438,1.3723793568624918,0.8174347406806273,0.674272455458962,0.4003913688223779,0.1806829462612884,0.2479655455860871,0.1806829462612884,0.1336984223750274,1.0863299303658362,51.88,ST/MT Ratio (Expanding EWM),QCOM,0.8174347406806273,0.18264386934022506,0.04671868876644782,-0.02761047257439063,-0.006892017793906597,-0.013671217923789093,-8.579243890500398e-05,0.9442131671406592,1.2193983854415653,1.0961506794703477,1.0716299450914875,1.2412054235951702
2018-01-31,0.8927616465067584,1.3127236530436042,1.4704077602124752,0.2291589201216113,0.2565873399554595,0.1986354294819732,0.2607534266134611,0.1986354294819732,0.2960165254849718,1.058916929699398,65.2,ST/MT Ratio (Expanding EWM),QCOM,1.4704077602124752,0.21431790064109243,0.01363099041928571,-0.02803408764737579,0.010936331531254373,0.007947916683551888,0.002973726230852368,1.1223712613661434,0.9528846091281199,1.8556583363345371,1.0306308386706107,1.0178595612250003
2018-04-25,0.956634672964342,1.0561261251855942,1.1040015117923296,0.2238316616418364,0.2339703934077709,0.370393971582946,0.3911827499999999,0.370393971582946,0.2680574901977987,1.2136807803493224,56.13,ST/MT Ratio (Expanding EWM),QCOM,1.1040015117923296,0.12719655809456065,-0.02419702877947938,0.03250922775920727,-0.005321510109562774,-0.012186807190507682,0.002298797780321762,0.8200075283608745,1.0948998241381804,0.42174672289812554,0.9754539119029203,1.177868691838783
2018-07-25,1.539173850794132,1.119007343953636,0.7270181619680502,0.4055041473751098,0.2633735854489925,0.3118323910682822,0.34894273568803,0.3118323910682822,0.1731264865749728,1.3104549661542928,57.05,ST/MT Ratio (Expanding EWM),QCOM,0.7270181619680502,0.24929427471025914,0.05629031914328831,0.05531840117745775,0.0006653285275012914,-0.007109049817250569,0.00122654415596657,1.1077941549262347,0.9979158076117699,-0.802210253282611,1.1546258101695706,0.9039838964817214
2018-11-07,1.4040642368452187,1.1949150797040409,0.8510401791793275,0.4149171351638041,0.2953999453008264,0.2537419607644068,0.3032000952710607,0.2537419607644068,0.20700713238892,1.2170858080734035,70.93,ST/MT Ratio (Expanding EWM),QCOM,0.8510401791793275,0.21857731933500485,0.006048612200250054,0.0008665234438758554,-0.010233302811209278,-0.014156978393877112,0.003898734981355239,1.1748449975685888,1.1510479495930823,0.28738654080528114,0.9739433728730209,0.9036022657057902
2019-01-30,0.949877695159204,1.0957330242398031,1.1535516938906047,0.2298764848414039,0.241940086477445,0.3470454566570681,0.3802691677715327,0.3470454566570681,0.2182327145509982,1.2437706705597158,56.91,ST/MT Ratio (Expanding EWM),QCOM,1.1535516938906047,0.14496061004874805,0.04327540144223393,-0.0010646516957003185,-0.034861757729519174,-0.03281678224349132,0.0020870164803923866,0.8941885668043509,0.9550913206068564,1.4486648828925826,0.9499636765781404,1.1114519350146477
2019-05-01,1.05449653955172,1.2649622663902418,1.1995888264630945,0.695111239502701,0.6588783640364664,0.2498857377090497,0.316096029111037,0.2498857377090497,0.1638021271639022,1.139961790324405,57.81,ST/MT Ratio (Expanding EWM),QCOM,1.1995888264630945,0.057288015809398685,0.004363146849353814,0.006101564893395441,0.011039830283480965,0.006645911755384598,0.000963856428024803,1.0360465689377882,1.0192166793387658,-0.8597402039251252,0.9111761641842588,0.910538932877567
2019-07-31,0.58017354714793,1.194765635033286,2.059324560567478,0.2093645357479686,0.3607398472852069,0.2816350684021773,0.3364879013471703,0.2816350684021773,0.4846467224488152,1.1071983754859829,77.52,ST/MT Ratio (Expanding EWM),QCOM,2.059324560567478,0.18460062142719183,0.07412617737086956,0.03885634907824571,0.046873326791181044,0.017632485912908454,0.0028567374214704586,1.0956498668546184,1.0272038819257192,2.1852007438706544,1.0295198471528548,1.0811992403319857
2019-11-06,1.3877181057656764,1.1597877130190644,0.8357516618111349,0.4054242763145887,0.2921436747985262,0.3188918449213519,0.3698468435217649,0.3188918449213519,0.2017571816902506,1.6039456890895063,76.34,ST/MT Ratio (Expanding EWM),QCOM,0.8357516618111349,0.1310993354665389,0.06343692948551216,-0.02382059402571722,0.0034600407695859533,0.015872089901909303,0.0023980482165092626,1.0051530410038294,1.1852125825500417,0.09401146331882826,0.9364762048600581,1.1224229340765846
2020-02-05,0.998574498786397,1.2300445064166114,1.231800439437947,0.2329162848023676,0.2329045169481879,0.2623318482082804,0.3226798487467117,0.2623318482082804,0.2155600456143676,1.0914838315364723,86.51,ST/MT Ratio (Expanding EWM),QCOM,1.231800439437947,0.06293819790907473,-0.006713745196767573,0.011151069482043554,0.00863160293118874,0.023498131315880855,0.0023945799854842194,0.9307910492970958,1.076996525467215,1.5877868333492215,1.048237722342381,1.1481115268403372
2020-04-29,0.7834326280602877,0.9021591675989644,1.1515465852279263,0.2850052749422281,0.3636532100882958,0.7229608072422151,0.6522257200683121,0.7229608072422151,0.4283544924665609,1.2026212778447272,69.03,ST/MT Ratio (Expanding EWM),QCOM,1.1515465852279263,0.1296255334007784,0.036004983283402445,0.03325592889347288,0.020318068877921494,0.011108505250371705,0.0015742443953484094,1.0176800008454512,1.1959185487744397,1.82374647084648,1.0602569675425857,1.1715612083438829
2020-07-29,1.6552139175733005,1.1195017566460148,0.6763486850613907,0.851216544130018,0.514183113081458,0.385420565388566,0.4314789999999999,0.385420565388566,0.2880435101889974,1.0238567587858554,89.01,ST/MT Ratio (Expanding EWM),QCOM,0.6763486850613907,0.1882793897643924,0.024588158235480165,0.01903282509819535,-0.02873326241366748,-0.010318137455422588,0.002450495723778035,1.1494238409090451,1.0729085151152675,0.6510522909951746,1.129273686255714,1.1330215348167976
2020-11-04,1.4909575063773726,1.251936312683858,0.8396861126684475,0.5939968703199519,0.3983727073421602,0.3745285646923461,0.4688859102757136,0.3745285646923461,0.3384864543156168,1.149466100405614,120.52,ST/MT Ratio (Expanding EWM),QCOM,0.8396861126684475,0.18313412878314678,0.04990210451363221,0.009687448497962301,0.04556286645324014,0.023991596610779722,0.0017382417097789055,0.8284027120890355,1.2568448062764326,-0.8768675910494395,1.1245189068629229,1.2035176570817252
2021-02-03,1.3999515949130192,1.1291507349955792,0.8065641262873341,0.5722741001703042,0.4086043889698221,0.3746176833814859,0.4229998325325459,0.3746176833814859,0.3273158924198544,1.1872947071719386,148.5,ST/MT Ratio (Expanding EWM),QCOM,0.8065641262873341,0.07250663809590352,-0.03177232112030366,0.03403138277701424,0.00805821991057005,-0.030937938496048378,0.002555941451645842,1.1812444341127721,0.9216537633609283,1.3874274431379638,1.0283521711881158,1.0322531819438168
2021-04-28,1.0350723365018937,1.178889741555625,1.1389443036800435,0.300650249815345,0.2904538405704488,0.3208867518864152,0.3782901,0.3208867518864152,0.3274809205062122,0.9040118973931554,131.27,ST/MT Ratio (Expanding EWM),QCOM,1.1389443036800435,0.1616798849360993,0.02601180109994538,-0.07709696878997711,0.043796422477227724,-0.019516784562812004,9.505554598936118e-05,0.8361274241196293,1.1250616478685238,0.9161629026984546,0.9313663374453073,1.1449958028388334
2021-07-28,1.399520160364766,1.3279662670379295,0.9488725526410516,0.3291019034056082,0.2350597844485666,0.2260004068748642,0.3001209166666667,0.2260004068748642,0.1844088917931576,1.0968146764381854,139.72,ST/MT Ratio (Expanding EWM),QCOM,0.9488725526410516,0.05869126061682775,0.03904485703973558,0.02433625958592723,-0.015325824888099734,-0.02110500178558112,0.001566126537020811,1.0951812481011753,1.2069113204214594,2.6214927530497096,1.0228412225666332,1.2812291074488549
2021-11-03,1.619967539450249,1.1864840848696274,0.7324122588729597,0.6420037460982905,0.3963707892825189,0.2805548989500143,0.3328739225363984,0.2805548989500143,0.1710862301682739,1.5796510367747991,126.68,ST/MT Ratio (Expanding EWM),QCOM,0.7324122588729597,0.22554546724192562,-0.059555882024809007,-0.015622270493822714,0.048451548063945624,0.030001401478482757,0.0037221550978081947,1.1461717620330745,1.0186006284095757,-0.3628678506021661,1.030616818838404,1.0607594831823868
2022-02-02,1.165373509468566,1.3413958519545008,1.1510437135010942,0.4148984903018657,0.3559562453888081,0.2955933398478099,0.3965076799372292,0.2955933398478099,0.3326675504159099,1.1921632623347629,186.21,ST/MT Ratio (Expanding EWM),QCOM,1.1510437135010942,0.11506540213944752,-0.03941404794330213,-0.05091898690569371,0.022378887350869573,0.02656971285350189,0.0012329325445997,1.0302877221324818,1.1333544929310992,1.999947937519901,1.0529669844616831,0.9419290563763062
2022-04-27,1.1681633812743666,1.128244660812045,0.965827793353038,0.4603824862768337,0.3941358302375692,0.3648570334945964,0.411648,0.3648570334945964,0.3349884558093053,1.2108382635296526,158.45,ST/MT Ratio (Expanding EWM),QCOM,0.965827793353038,0.09135937236539143,-0.06937312622160352,0.01933607798574942,0.01682600214630896,0.015182630926124872,0.0013961617025068137,1.1433165342212424,1.023905833274075,2.885189841226368,0.935358032603931,1.2833004688930014
2022-07-27,1.137806807334364,1.1534960420286482,1.0137890146140367,0.422867721739134,0.3716473889098377,0.4160100967109188,0.479866,0.4160100967109188,0.3048264718319746,1.2475327400053091,127.18,ST/MT Ratio (Expanding EWM),QCOM,1.0137890146140367,0.09227409967731606,-0.007429239205559519,0.04520975635488873,0.008850611358828699,0.02979824663029493,0.001552038661550025,0.8364047227530068,0.9924144551788238,-0.8136802316538336,1.1115339439916985,1.2401194946287168
2022-11-02,1.3300629346059003,1.113992806030864,0.8375489437730567,0.4040492858677495,0.3037760835947249,0.4416244549688947,0.4919664658026501,0.4416244549688947,0.2289856200339577,1.352803273528486,117.22,ST/MT Ratio (Expanding EWM),QCOM,0.8375489437730567,0.18285894880509523,0.027113978952858674,-0.00012345543883075487,-0.0032132154518612344,-0.018982069560299703,0.0007851938641113567,0.9736284327263922,1.271408830016972,1.3611962870223984,1.089002140633957,1.238167680680308
2023-02-02,1.05643714461409,1.1027960362541227,1.0438822999327302,0.3272365900831998,0.3096823909881736,0.4233487967419728,0.4668673749999999,0.4233487967419728,0.2616129141288085,1.1820440159839236,107.2,ST/MT Ratio (Expanding EWM),QCOM,1.0438822999327302,0.08988511374075572,0.05458249682336099,0.032586236416088155,0.03301329146184682,0.01171487799652451,-0.00020828077622825214,0.9187200820207356,1.0417062885310504,2.6238076767785774,1.170289048811629,1.2905931104803483
2023-05-03,1.2439452616620883,1.213943034284803,0.975881392612728,0.3016422241518195,0.2423837666627223,0.3138405762115261,0.380984581367911,0.3138405762115261,0.2320349147911346,1.2725537023733244,124.74,ST/MT Ratio (Expanding EWM),QCOM,0.975881392612728,0.21400214364495956,0.004593317314692132,0.052368347739659364,0.006508996746201174,-0.00012936070957910578,0.0017694136014763872,1.1607353265766684,0.9509488144133443,2.2948971445479494,1.0229515434328782,1.2963205423783752
2023-08-02,1.4325719420182594,1.2857743463080002,0.8975286396413394,0.5107693393505063,0.3565877038218073,0.2614704721982252,0.3361920254695172,0.2614704721982252,0.2877594314776426,1.1031085753803596,120.09,ST/MT Ratio (Expanding EWM),QCOM,0.8975286396413394,0.13777625860513074,0.05900154409499522,0.043447433607521416,-0.04617674258967882,0.02417205259712285,0.002135859424081657,0.9889123857315204,1.1215344330008883,1.1190996610271942,0.9965211089574834,0.9300088355571673
2015-01-26,0.6557100086449569,1.1902065921899996,1.8151417188973444,0.0823073844377803,0.125506484099465,0.1826348899647998,0.21737325,0.1826348899647998,0.1634841462216235,1.5621669668112608,54.745,ST/MT Ratio (Expanding EWM),TXN,1.8151417188973444,0.23214079761170606,-0.0463035510375212,0.05319893588114179,-0.024929661542675067,0.00011939418619506017,0.0019474949314613479,1.1582604921607673,1.2210703250105148,-0.4418928777613229,1.1330304814050218,1.150338666420244
2015-04-22,1.6013435560554132,1.1437031386997352,0.7142147194928096,0.404037940405596,0.2522837870595153,0.1705259812626981,0.1950311,0.1705259812626981,0.1196060402347369,2.0456784410038353,58.66,ST/MT Ratio (Expanding EWM),TXN,0.7142147194928096,0.1125548575196534,-0.05761838537743042,0.026263824732156767,-0.0016461438048186777,-0.00662357221025203,0.0018551214380521132,0.9636575151670489,1.001608459638225,2.43891513400893,1.1100564777882158,1.1190959637876547
2015-07-22,1.282484685173546,1.148532756253026,0.8955528042797694,0.2498732134484619,0.1948239005458851,0.1849466624643692,0.2124173,0.1849466624643692,0.1706397931117563,0.8197981892703324,55.5,ST/MT Ratio (Expanding EWM),TXN,0.8955528042797694,0.24178531770712278,5.58305386183426e-05,0.0062630091670477835,0.010749974579138871,0.01652271296402475,0.0020430408708503878,1.0438274135593857,0.9364264728328724,0.8956790436447677,0.9581100878357106,0.9833534716035301
2015-10-21,1.60356250850758,1.093713167796541,0.6820520946292572,0.5624484971319369,0.3505713144081375,0.2674883219970731,0.2925555,0.2674883219970731,0.1735322481098179,1.2872706648532426,47.45,ST/MT Ratio (Expanding EWM),TXN,0.6820520946292572,0.1135106255898155,0.015442290712875756,-0.044058974356915054,0.001585287777502604,0.024904229179780822,0.0030228414715507642,1.0645215849147467,1.2645024607337152,0.6150264419133862,0.9623247819036571,1.1594987748946617
2016-01-27,0.8939169405592464,1.2120898280217856,1.3559311531376572,0.1778798931702097,0.1989340597346868,0.2207234099444908,0.2675366,0.2207234099444908,0.2117776492862372,1.1391572388916216,56.42,ST/MT Ratio (Expanding EWM),TXN,1.3559311531376572,0.19046333065713236,0.0008556838167067411,-0.0033818746438984536,0.033474269744841585,-0.013708629871170042,0.0018095538140707832,1.148474818540127,1.1993275204489964,2.4750289221463486,1.0609664013032398,1.2007504977476764
2016-04-27,1.1255008517988814,1.2249935358488544,1.088398586185834,0.1529925903303885,0.1351968849685645,0.1947831502920197,0.2386081,0.1947831502920197,0.1345210512180015,1.300120305746726,56.52,ST/MT Ratio (Expanding EWM),TXN,1.088398586185834,0.14299635449613632,-0.07036047350139568,-0.021297397859485742,-0.04577754660096563,0.0014731082161905974,0.0014259174229127305,0.8560258237435746,1.0393098461452766,0.5581966579260897,1.0533887238738104,1.2716305441027296
2016-07-25,1.6843024714394597,1.057484135221615,0.6278469296063283,0.4138273626349507,0.2456792244126381,0.2541512359839576,0.2687609,0.2541512359839576,0.1037469336092604,1.84459301011772,60.54,ST/MT Ratio (Expanding EWM),TXN,0.6278469296063283,0.07418871329742942,-0.0011192013829475944,0.06912828152493442,0.006589698412629005,-0.02346101584104132,0.0017188745151119136,1.1497186240888697,0.9538101969156738,-0.3088413924701472,1.0072921648766735,1.0162975463562696
2016-10-26,0.9874914022025428,1.3022886687866002,1.318784817652002,0.1355454982196253,0.1371868635905283,0.1790268206950085,0.2331446,0.1790268206950085,0.147791938616123,1.1055562821978728,68.42,ST/MT Ratio (Expanding EWM),TXN,1.318784817652002,0.0936332736141812,-0.04365643251766987,-0.001276574372970098,-0.04244948063467887,-0.05945152543732349,0.002579346759756776,1.045908381262505,1.261110419105818,2.849166166690347,1.096080885760568,1.2352636805604347
2017-01-24,0.9573043277904046,1.3022913990541396,1.3603734583129008,0.1324603825383615,0.1380760507978821,0.1762991883640029,0.2295929166666666,0.1762991883640029,0.1516329612787073,1.9362676768812248,74.38,ST/MT Ratio (Expanding EWM),TXN,1.3603734583129008,0.2275726571788792,0.02543853920905135,0.007696144203534571,0.021992807387104213,0.008011490785343226,0.0034120268785432497,1.010080880092319,0.9833307787440159,1.0987536483739095,1.0665247804312954,1.1969830256854226
2017-04-25,1.218896451802213,1.3176035536223445,1.0809807114248196,0.1461280577815563,0.11976275047151,0.1537943296034869,0.2026399552125205,0.1537943296034869,0.1161834083394616,1.9901679272653463,80.53,ST/MT Ratio (Expanding EWM),TXN,1.0809807114248196,0.05851187307462511,0.01483093861338969,0.02054456128121403,0.0006385321389499311,0.0182226339063658,0.0013718562608308216,0.8879531958829396,1.0473241528346928,0.4561098768582652,1.1878318787223494,1.0775779841306876
2017-07-25,1.0050499725106097,1.1896180408275054,1.183640687891216,0.160525824663291,0.1595738469329421,0.1843513288636031,0.2193076666666666,0.1843513288636031,0.1742494630718942,1.6934136220718805,78.31,ST/MT Ratio (Expanding EWM),TXN,1.183640687891216,0.08346058125567944,-0.030895792521457438,0.005308073391173612,0.013490249300602955,0.009551670227168138,0.0020989337870288838,1.1020375869192585,1.2003245525497757,0.062176739212965515,1.0715609068115197,1.2577211573274594
2017-10-24,0.9477419675424048,1.2503949006354136,1.3193410690441618,0.1073854999955112,0.113251183735857,0.1712182086564857,0.214090375,0.1712182086564857,0.1353446973657051,1.2261514721584343,87.5,ST/MT Ratio (Expanding EWM),TXN,1.3193410690441618,0.17248396908130673,-0.015985342106784275,0.05485153121292259,-0.018597074014744152,-0.04573904294385918,0.0023383574419359597,0.9900790877827798,1.2780470029370186,-0.14216708270335365,0.9222477317322092,1.2565815492578998
2018-01-23,1.6742773830617974,1.3022407154540754,0.7777926935097408,0.5179385066455137,0.3092809176051347,0.1499193833237853,0.1952311249999999,0.1499193833237853,0.1319973376179911,1.109916128985328,104.13,ST/MT Ratio (Expanding EWM),TXN,0.7777926935097408,0.20605574114556613,-0.03507247326611331,-0.014679480852033558,0.03498662329144378,-0.005771235751911865,0.0010074219932711772,1.1390724791848865,1.297035950373538,1.7175739524497042,1.1810063780001447,1.2307796100336443
2018-04-24,1.3243853854039065,1.1503314723734182,0.8685775945969035,0.3336442123112841,0.2518482381893902,0.2583949775682661,0.2972398749999999,0.2583949775682661,0.207838918497266,1.6168611738873164,106.6,ST/MT Ratio (Expanding EWM),TXN,0.8685775945969035,0.22599078614359425,-0.00019376840456101588,0.00983822365711728,0.029043116601471283,-0.052458694001277034,0.002020417167212918,1.1377705332480348,1.1276566281817073,0.5294583916668434,1.1803674217629845,1.0728468702463578
2018-07-24,0.9323816692357996,1.219549505067553,1.307993867004188,0.1561519035328553,0.1674136822728765,0.2406933041916494,0.2935374,0.2406933041916494,0.1683053593563332,1.114255027366837,110.19,ST/MT Ratio (Expanding EWM),TXN,1.307993867004188,0.15212788492022933,0.035429981217543344,-0.018274117570941446,0.01758860757529719,0.037242527691354624,0.0005343261426579049,1.0155277468998676,1.0784457228500752,1.2592732558407884,1.0411515236976983,0.9191870234317904
2018-10-23,1.417544593983928,1.2256414902122197,0.8646228805879216,0.3308656921694506,0.2334009669110194,0.2111958326045083,0.258850375,0.2111958326045083,0.1836064391858079,1.2468610405581877,109.8,ST/MT Ratio (Expanding EWM),TXN,0.8646228805879216,0.12255630678664658,-0.03250041162174403,-0.035600675336621174,-0.00023793117158601927,-0.024151364552952158,0.00023094969626060124,1.1528192744030794,1.077757527566308,1.3557745940293948,0.9417563408273961,0.9013551391930557
2019-01-23,1.3628844551019843,1.023825199932363,0.7512193686703621,0.4075951739828973,0.2989756770173495,0.3978860356503353,0.40736575,0.3978860356503353,0.2614594765114507,1.1661232447630832,87.8,ST/MT Ratio (Expanding EWM),TXN,0.7512193686703621,0.162290193590281,0.019641628043124557,-0.014353072727158562,0.017496432132378305,0.03438509023649741,0.002366746407892257,0.8981160374574572,1.1818344128533402,-0.6032218795484856,1.1726662321159402,0.9860090277424739
2019-04-23,0.8973885789741206,1.097131934119637,1.2225829031319515,0.1684162398138308,0.1876622798395195,0.2388618832887087,0.262063,0.2388618832887087,0.2039319403932621,1.521441206591565,107.11,ST/MT Ratio (Expanding EWM),TXN,1.2225829031319515,0.11572210001271416,-0.01655901664303543,0.0028888960885476394,-0.014672314199683723,0.026646741092103642,0.0016161252586692173,0.8818374457167103,0.9726031846485982,-0.944073148114541,1.1315416405434704,1.2500138124981035
2019-07-23,1.4414731619049337,1.1068814192785994,0.7678820865563915,0.3769143812979368,0.2614053376662955,0.2522035062996539,0.279159375,0.2522035062996539,0.2011260179032948,1.321344063832714,112.73,ST/MT Ratio (Expanding EWM),TXN,0.7678820865563915,0.13228778690622797,-0.025750549129182048,-0.0088790667355178,0.0243888914755178,-0.019514758813401548,0.0022022804076212194,1.0456650810464796,0.975279992671945,0.14111198776351896,1.042778009209489,1.2817383806493203
2019-10-22,1.5556532100207072,1.2841511626604154,0.8254739259293671,0.418201015090474,0.2687683583213571,0.2177576192982408,0.2796337,0.2177576192982408,0.1715952961649688,1.736026308348083,127.77,ST/MT Ratio (Expanding EWM),TXN,0.8254739259293671,0.08724043441251483,-0.0017460625984095242,-0.01677262939621568,0.044237022358098024,-0.025319623781693633,0.00198210502299165,0.8989405487270972,1.1926583615679553,0.7577928931716813,0.9893542045080066,1.0823663748088455
2020-01-22,1.045932829894274,1.3891333356146662,1.3281286292113843,0.1775270076752847,0.1694107814860789,0.1642602099332445,0.2281793333333333,0.1642602099332445,0.1829050598868525,1.2428267582038564,128.55,ST/MT Ratio (Expanding EWM),TXN,1.3281286292113843,0.22087867184388854,-0.0342334812846781,-0.03818952391015502,0.029765263999479655,0.011759255409658461,0.0010235999513362026,0.8284826870164931,1.219474948372145,-0.026792288068131498,1.1176236369578911,0.9273393485792779
2020-04-21,0.9316454734406544,0.9656482944617316,1.0364975969834338,0.3105801185217446,0.3333374776117843,0.6640989923508606,0.6412860593173632,0.6640989923508606,0.2755551417727643,1.4179696646460442,98.44,ST/MT Ratio (Expanding EWM),TXN,1.0364975969834338,0.05184726856602795,-0.017377725687151374,0.0015068328211391572,-0.015240061745185239,-0.018108100929576786,0.0019547456980356635,1.1820394224662745,0.9772059941622795,2.530968304828322,1.1428419628846302,1.2871439696325664
2020-07-21,1.0100063115099285,1.1227189980236054,1.1115960219547292,0.213235504292034,0.2111241507687008,0.3412987583487418,0.3831826,0.3412987583487418,0.2433531500927382,1.2474510515620956,125.23,ST/MT Ratio (Expanding EWM),TXN,1.1115960219547292,0.06690665502699487,-0.0399257262406097,-0.04114161122093007,0.012035432931827572,0.005562116053955188,0.0007668986949851449,0.9911562643782998,1.1909589175383806,0.4828426281511362,0.9553104714059082,1.0772303731733797
2020-10-20,1.2926274728311682,1.1017893068665576,0.8523641420473382,0.1879027253283157,0.1453577702277603,0.3277108406750316,0.3610683,0.3277108406750316,0.1332936835580939,1.4050898684069757,136.98,ST/MT Ratio (Expanding EWM),TXN,0.8523641420473382,0.18093964375258537,0.07076537965207363,0.026801678910688076,-0.029328538593966197,-0.009070689770172958,0.0033909723580014006,0.8662996061553819,1.2928178491145537,-0.6150140354371345,1.076763517035786,1.1505855421016224
2021-01-26,1.3141856977988002,1.188717310410404,0.9045276572416288,0.2358263883125005,0.1789545542974421,0.2591396182273547,0.30804375,0.2591396182273547,0.1547767365332579,1.2138348413270343,161.47,ST/MT Ratio (Expanding EWM),TXN,0.9045276572416288,0.13943542500473902,0.0032342243190105016,0.006473192588035099,0.017309757779391893,-0.04152896036164084,0.0006440296551400361,1.0152318171496217,1.1648743542847335,-0.5352768999524362,1.0665055572615874,1.0148850284509447
2021-04-27,1.1370818920970505,1.063019292375487,0.9348660811184196,0.2845412653147395,0.2502409369393109,0.2879179479888722,0.3060623333333333,0.2879179479888722,0.2718579479793446,1.210590371069639,186.18,ST/MT Ratio (Expanding EWM),TXN,0.9348660811184196,0.13437530617075163,-0.02249039277974049,-0.03972654498394792,0.014265085321563472,-0.052761700478111476,0.0018042147290314187,1.1760704253204226,1.2048286613758903,2.8900579286389707,0.9112668209220569,1.0140532700722835
2021-07-21,1.5304445870528562,1.0944737872666812,0.715134540986084,0.3491768709266208,0.2280655041287706,0.2184745486356756,0.2391146666666666,0.2184745486356756,0.1716555659220067,1.1053020628401156,186.11,ST/MT Ratio (Expanding EWM),TXN,0.715134540986084,0.21019378522985713,0.009489296875697769,-0.005276272311495903,-0.043745408488304105,0.00866710621236493,0.0009577284119527519,0.8781690346553396,0.9044618349247322,-0.0306970790147143,1.1036327950561287,0.9924355688538274
2021-10-26,1.3452732296001306,1.2089742172110565,0.8986830263250033,0.2593551737684749,0.1926827077203744,0.2049005648536129,0.2477195,0.2049005648536129,0.1512242728279265,0.7527514906998131,200.33,ST/MT Ratio (Expanding EWM),TXN,0.8986830263250033,0.1819772032832416,-0.0019314817391790373,-0.018564692167717493,-0.026044596097809097,-0.011038943658265635,0.0025704211733607956,1.0036013781930473,1.2551272459859995,1.775031681396301,1.0183887209718097,1.0489875755648435
2022-01-25,1.3127009038532276,1.1646604621701342,0.8872245450212277,0.2739206318340438,0.2086615675519937,0.2203936325971916,0.25668375,0.2203936325971916,0.1486714787326157,1.0468318147790767,191.84,ST/MT Ratio (Expanding EWM),TXN,0.8872245450212277,0.06073460448542008,-0.005733935983662792,0.013575235312575413,-0.004078472418594179,-0.010827245422853307,0.0016685686287184972,0.9822943256033939,0.9708165764239626,1.5360030696639524,1.0092458457313815,1.2409461397048176
2022-04-26,0.7197882698074217,1.1085659891178972,1.540127889850848,0.1177531229233597,0.1635700170930328,0.2539411300395407,0.2815105,0.2539411300395407,0.1907723882127686,1.1408565128244808,185.68,ST/MT Ratio (Expanding EWM),TXN,1.540127889850848,0.17732573580366653,0.023495834501519885,0.04421351338069433,-0.004521493678520657,0.020396595977344636,0.0014813332803787899,1.1026210640231264,1.144205265636864,0.4568088905980643,0.9629795495020453,1.2104607456422491
2022-07-26,1.1824436857494758,1.1620144677173267,0.9827228828921352,0.2510368110380412,0.2122197578543645,0.3040839936305822,0.35335,0.3040839936305822,0.1640975912756471,1.423427233917479,155.62,ST/MT Ratio (Expanding EWM),TXN,0.9827228828921352,0.2214188324421289,0.02851276985165568,-0.05225517408937234,-0.027236923385470135,0.03233605691581112,0.0028532015450515543,0.9945636395964346,0.9899000152709431,-0.21930153983997513,0.9496202713504077,1.210864478482238
2022-10-25,1.081187698512698,1.0333796753589166,0.9557819394175988,0.191665726825413,0.1772004329717866,0.379645070785565,0.3923175,0.379645070785565,0.1725199898609249,1.394678498699195,160.46,ST/MT Ratio (Expanding EWM),TXN,0.9557819394175988,0.064374581744101,-0.016567540166368463,0.007450782374422515,0.012724468233804602,-0.0038136180340452297,0.002029430591677552,0.8915948741201247,1.110656905410079,0.8061854438922258,1.0738832697684852,1.2508619601484778
2023-01-24,1.0643362468073931,1.134974031525385,1.06636792172575,0.186889291428577,0.1755811708365806,0.2734476660958376,0.310356,0.2734476660958376,0.1523674198993411,1.216026448239968,164.38,ST/MT Ratio (Expanding EWM),TXN,1.06636792172575,0.13494012697968275,-0.018153638422563803,-0.0008039838669992099,0.009286840223512807,-0.005514967672746541,0.002516644445935967,1.1470989560326923,1.080430428729944,-0.9385349970611068,1.027933141714291,1.1424774149696562
2023-04-25,1.0384240982106352,1.1134802832696242,1.072278932267002,0.1796296503961628,0.1729856764641874,0.2687977546590518,0.299301,0.2687977546590518,0.1661429656744646,1.3021039866715125,177.05,ST/MT Ratio (Expanding EWM),TXN,1.072278932267002,0.18138904562497743,-0.0076268094003075415,0.02414020229351396,-0.0018567282994629828,0.0155035758278471,0.0010186740634825352,1.0231059036392247,1.1605344423200823,-0.38369707010766607,1.0939605296342199,0.9730606474975089
2023-07-25,1.396740552872723,1.2469862882141818,0.8927830481111638,0.3545182225876198,0.2537748867621082,0.2020956464251953,0.2520105,0.2020956464251953,0.1804108344627486,1.2092683692916293,168.745,ST/MT Ratio (Expanding EWM),TXN,0.8927830481111638,0.0754144942911168,-0.07856724076574548,0.010395898847130674,-0.015894787503959073,-0.030923389242489385,0.0005951830560724931,1.1002095922786996,1.035635045305072,1.8395817335258142,0.9143596796718322,1.0631440102363654
2015-12-02,1.258169595403559,1.1960560449042994,0.9506318140843828,0.5914359679221848,0.4698564445740014,0.4493132027030153,0.5374037721482523,0.4493132027030153,0.3860388030102693,1.2477967237709704,123.8,ST/MT Ratio (Expanding EWM),AVGO,0.9506318140843828,0.20572652076102352,-0.05103168717694933,-0.018559079952164572,0.02921767816041409,0.008578826368692425,0.0021072079620401336,1.082013808905333,0.9907482065325977,2.1811481791888903,1.0892339199314796,1.1350247088599195
2016-03-03,1.1020681660691956,1.0969876792658446,0.9953900430483608,0.3893306461342131,0.3532712563172854,0.4212862171955484,0.4621457897080311,0.4212862171955484,0.3452130952456366,1.345036127358865,133.24,ST/MT Ratio (Expanding EWM),AVGO,0.9953900430483608,0.2420584604364979,0.04984059936055836,-0.005571618069998545,0.044385177827207384,0.016797149295553853,0.0016811536445052687,0.9414195416817349,1.092980588152447,1.3893972039114124,1.0417386341744672,1.179325329576224
2016-06-02,1.2324454653284034,1.141657189337686,0.9263348533101012,0.2858550333347032,0.2318600296402798,0.3508625237378294,0.4005647226944575,0.3508625237378294,0.2200161212030582,1.314963241946401,143.2,ST/MT Ratio (Expanding EWM),AVGO,0.9263348533101012,0.07894671578266946,0.059573869972544935,-0.01988077570410467,-0.009089037096163427,0.02000575521044073,0.0026264346724539445,0.9734787732427839,0.9809092726968122,-0.14426486879581102,0.9017411306528823,1.020383086223469
2016-09-01,1.029552351982993,1.3110109133858523,1.2733795526383382,0.1844842386485741,0.179212756978846,0.2741807466765457,0.3594539511332332,0.2741807466765457,0.1979228869558048,1.2558271010080109,162.89,ST/MT Ratio (Expanding EWM),AVGO,1.2733795526383382,0.05994509803432076,-0.006716261384473242,0.03628021415795795,-0.012304172928870519,-0.04541881756256162,0.0019200915473374504,1.099567056191408,1.2176650835350438,-0.19012983161699992,1.1877131990614223,1.1009611173920508
2016-12-08,1.252909255180801,1.2297296917937657,0.9814994076456954,0.3279161708209631,0.2615862562797263,0.2711648694080573,0.3334594912824671,0.2711648694080573,0.1728771206348194,1.1034691209477752,177.0,ST/MT Ratio (Expanding EWM),AVGO,0.9814994076456954,0.14604445334251254,0.02217949370695183,0.004639349460158267,0.015280191635299912,-0.016033881745223518,0.00220507533923463,1.166791499607401,1.1827061127446525,1.8897336920896524,0.9255130863918214,0.9879964507587723
2017-03-01,0.8272058253060907,1.2856630504126758,1.554223883683293,0.1570602756046104,0.1897571729241795,0.2433485754579819,0.3128642718368882,0.2433485754579819,0.2270656223870918,1.214082722483106,203.22,ST/MT Ratio (Expanding EWM),AVGO,1.554223883683293,0.1733883925639828,0.012893755409023764,0.06103572057259022,-0.005950734493674659,-0.01895658132058667,0.0003766174700587561,0.8035259333177891,1.1864510561906951,0.37775315371403995,1.135995754822904,1.0355744879748106
2017-06-01,1.6206226726628117,1.3589342038116516,0.8385259732167112,0.4838419647534245,0.2984269821579641,0.1986193782668791,0.2699106666666667,0.1986193782668791,0.1484066604051285,1.1674322375564758,225.45,ST/MT Ratio (Expanding EWM),AVGO,0.8385259732167112,0.051691712423791274,0.10976082829593332,0.002180175585561377,-0.00048493001658085416,0.005497173860230325,0.0038884369396142565,1.1277335009195444,0.9522793014993253,-0.3065073729699672,1.002262961875181,1.0633949555529094
2017-08-24,1.112531639935407,1.2316881568376996,1.1071039354073655,0.2609353894425942,0.2344514402074628,0.2256176804634307,0.277890625,0.2256176804634307,0.237604001097395,1.283298252389688,254.3,ST/MT Ratio (Expanding EWM),AVGO,1.1071039354073655,0.19615621775213676,0.04118512190021019,-0.017252203007313883,0.021491328793116785,0.0150186144941996,0.001835758014967968,0.9394811243371913,1.205458813009288,-0.6121944294931412,1.0053651058915465,1.2348959998061837
2017-12-06,1.0164491792692938,1.1012359365236082,1.0834146546463503,0.2618897985131942,0.2576160771346434,0.2870988199666202,0.3161635378807637,0.2870988199666202,0.2539759884065906,1.1117344035921328,277.52,ST/MT Ratio (Expanding EWM),AVGO,1.0834146546463503,0.08757600087233473,-0.002477115701826829,-0.041411431778384813,-0.04473390218768232,0.04041776018614954,0.0026975869703391993,0.8267188309048689,1.276937403068543,2.9452673690880515,0.9265704521475241,1.0165090089022948
2018-03-15,1.323610161659493,1.0370938061628123,0.7835341826497788,0.3978372711146178,0.3005576888945409,0.3386829880299845,0.3512460291386109,0.3386829880299845,0.2730123540612112,1.194355035429768,245.86,ST/MT Ratio (Expanding EWM),AVGO,0.7835341826497788,0.06631226240548518,-0.031443915421014906,-0.05009419028767835,0.035957558121316735,-0.009374137009201833,0.0011639083297803735,0.9489602664141424,1.2105565474610904,1.3837072484669353,1.0933097101477702,1.2030039291274024
2018-06-07,1.012697903241824,1.0843260627017774,1.0707300363026913,0.2228254633268573,0.2199446363915873,0.2763335380389512,0.2996356572942278,0.2763335380389512,0.2444760776161812,1.2948305217603715,238.85,ST/MT Ratio (Expanding EWM),AVGO,1.0707300363026913,0.054382433594471216,-0.05422562120901504,-0.04352407829016469,0.0048170131082335334,-0.009439312457730352,0.002308009902217341,0.8471915997748103,1.233283782764105,1.8224792167205761,1.073202517558911,1.2558941339132228
2018-09-06,1.2329149649245077,1.2034563681493782,0.9761065461826612,0.483178065168091,0.391762008903983,0.2394587624455579,0.2881781725742758,0.2394587624455579,0.4071821215058569,1.1274104657392594,220.31,ST/MT Ratio (Expanding EWM),AVGO,0.9761065461826612,0.05417556593980022,0.00912122725535281,0.012013799530344503,-0.007287328614054506,0.03174180047196868,0.0006971552364752547,1.080122541553523,0.9806799850524102,0.7189815243026669,1.04821286008072,0.9220870507001623
2018-12-06,1.129530680345457,1.1130499270296743,0.985409202598426,0.3337615552420428,0.294690141153925,0.3372657648942293,0.3753936350051293,0.3372657648942293,0.2719729351433258,1.4164711600194406,228.25,ST/MT Ratio (Expanding EWM),AVGO,0.985409202598426,0.05745098957048059,-0.02447227608495062,0.019261750696898016,0.0007691461444637768,0.010414423463257627,0.002452067838259671,1.1818550053440222,0.9514309043187514,1.7898450689069074,1.051869310827264,0.910252899953769
2019-03-14,1.3945996885688896,1.2060366735233308,0.8647905799842401,0.4380988430028713,0.3140179237033676,0.2553553585361946,0.3079679271753496,0.2553553585361946,0.275550207476781,1.121572103138546,279.39,ST/MT Ratio (Expanding EWM),AVGO,0.8647905799842401,0.19446676879520405,-0.0477788798359186,-0.043435721060964,0.0020607338755129685,0.03469128777969935,0.0016440259156141673,1.1698989903457446,1.2407347235275734,1.097031711615342,0.9686827008418336,0.9486491562720377
2019-06-13,1.2956915485577716,1.216699924716274,0.9390351631687164,0.3761256945209623,0.2901313416238579,0.2658729975904591,0.3234876561524017,0.2658729975904591,0.1994548692979662,1.4020974111768327,302.0,ST/MT Ratio (Expanding EWM),AVGO,0.9390351631687164,0.16770451551235943,-0.020630050948488438,0.030851149422283463,-0.040280032586123136,0.010218200075245909,0.0020291905039355675,0.9453569917728507,1.0021713124184362,1.0267648040251949,1.1899227888370287,1.1299813972918566
2019-09-12,1.0015028063369749,1.093483870425728,1.0918430417835536,0.2463152492676777,0.245799401800538,0.3240629366854317,0.3543575942683134,0.3240629366854317,0.2685335177622757,1.4155178317775974,283.7,ST/MT Ratio (Expanding EWM),AVGO,1.0918430417835536,0.1755600250682911,-0.035854180126503835,-0.010491831550503185,0.0403734556863309,-0.025927915467831773,0.0026979740301300978,1.155972422356039,1.160351534998311,0.9009861063488018,1.1563822688200114,1.088547244069199
2019-12-12,1.2621924591949925,1.3142379616870463,1.041234204905049,0.2644499236860973,0.2094871224337082,0.225621892102723,0.2965208555890574,0.225621892102723,0.1994262887845658,1.0695081424898123,315.53,ST/MT Ratio (Expanding EWM),AVGO,1.041234204905049,0.18355270472146884,0.061049957227539774,0.00840379035956648,0.004033140806765462,-0.030328208869445164,0.0007674596887797198,1.1474512682041444,1.016630707830306,-0.48474770494804753,1.1565943393088816,1.1349660655170668
2020-03-12,1.2864399685924437,1.165031542027451,0.905624491208998,0.3471373016023847,0.2608740535789906,0.263935406206731,0.3074930732886695,0.263935406206731,0.2187844500221291,1.385543846079474,320.16,ST/MT Ratio (Expanding EWM),AVGO,0.905624491208998,0.1139451435042847,0.03285739149323077,0.05236661884766273,0.01407505326118438,-0.035787806226473234,0.001315508269387203,1.155636959299584,1.2751308827969534,-0.7854864385142033,1.0502907905576604,1.0499858196298117
2020-06-04,0.6254842796465265,1.0787501398011443,1.7246638723050998,0.2058350885980377,0.3290504249889861,0.437839191684729,0.4723190892403214,0.437839191684729,0.4481682802676544,1.1828446151038736,264.87,ST/MT Ratio (Expanding EWM),AVGO,1.7246638723050998,0.1428874822420814,0.0017209575539183918,0.030905179475965956,0.026788744264351082,0.019551295868961833,0.0024573242810867657,1.0503433588280469,1.2174364788809295,0.1223608638974758,1.0670395153119514,1.1834914319619598
2020-09-03,1.3478067943135763,1.1976385494533466,0.8885832557798399,0.3038059087161752,0.2253322431984414,0.3164114593386175,0.3789465611927183,0.3164114593386175,0.1978393191118336,1.30800312566598,328.39,ST/MT Ratio (Expanding EWM),AVGO,0.8885832557798399,0.13907555047608608,0.053798044861150925,-0.004055919437174969,-0.022529061439007517,0.032714920577175205,0.004098221474546747,0.8537724331342936,1.2256267623805068,1.4244383994118923,1.1848612311340956,1.0358115676522774
2020-12-10,1.0746550390335192,1.1393926918529955,1.060240403169465,0.2118308270254831,0.1970803893202091,0.3145958405447996,0.3584482016040949,0.3145958405447996,0.2015617820606833,1.4542977580777317,363.13,ST/MT Ratio (Expanding EWM),AVGO,1.060240403169465,0.2318501856639904,0.0047078907676666405,-0.02273576676245862,0.014836797475880712,0.049234053534659525,0.0018619176653385183,0.8432583769348795,1.1026004804147702,-0.6567569131622446,1.190857956997202,0.9154739833028767
2021-03-04,1.3638091977280329,1.1259235324669774,0.8255726199402756,0.3904489506273492,0.2837470658947087,0.3012250609682725,0.3391563847129781,0.3012250609682725,0.1914781094043241,1.7676911766689598,476.88,ST/MT Ratio (Expanding EWM),AVGO,0.8255726199402756,0.2074688824149442,-0.028144947046489233,-0.060554462039879145,-0.0036910272724698396,0.024077633308081006,0.0025911361179239327,1.1014015604429233,1.1100409592568976,0.4744826099931547,0.9197526493525964,1.1488667696694432
2021-06-03,0.9123489350377312,1.1333378108400805,1.2422196895458757,0.2092550435719842,0.2292102796014749,0.2764536905774354,0.3133154204776916,0.2764536905774354,0.2549880236435152,1.2420084509407034,444.54,ST/MT Ratio (Expanding EWM),AVGO,1.2422196895458757,0.07994331037579126,0.05530934270443801,-0.0175745995772726,0.024169269380412344,0.03207096443837465,0.00189302853014152,1.0340881317563821,1.01235330922704,2.6408868056412484,0.991233002202851,1.0798901642368426
2021-09-02,0.8909700030018848,1.1545966815424111,1.2958872662966283,0.1188291489919262,0.1333105477253355,0.2313078200615509,0.2670672414578758,0.2313078200615509,0.1597283602410793,1.4067736711495669,486.79,ST/MT Ratio (Expanding EWM),AVGO,1.2958872662966283,0.05497305677821736,0.020861851528963055,-0.0023339071648308314,-0.05018068550878739,-0.011500408316342118,0.003942245594756299,1.0175049823674622,0.9400927512705145,2.7286468768545293,1.0123608457353124,0.9323116855497374
2021-12-09,1.591269658360157,1.1933649887587088,0.7499451664204425,0.4121180279527484,0.2589233949247522,0.2413619358956866,0.2880328839169362,0.2413619358956866,0.125566486322813,1.1678090457814367,557.8,ST/MT Ratio (Expanding EWM),AVGO,0.7499451664204425,0.17523500279384058,-0.03430361540142598,-0.02561538581453551,0.000522642493968275,-0.02591039541859642,0.0002527783330347444,0.954916469470132,1.1400810188370323,1.0546106872853183,1.1083625922111822,0.9221935768271643
2022-03-03,1.0508299056132,1.1199001319316009,1.0657292164502072,0.2662345924453139,0.2533526568347192,0.319744579162571,0.3580819963885774,0.319744579162571,0.2877978000352025,1.5959175694267704,592.72,ST/MT Ratio (Expanding EWM),AVGO,1.0657292164502072,0.09050824985842859,-0.004661853732926287,6.229098723085859e-05,-0.01207051639459904,0.024251983310438832,0.002094621044669358,0.9138162441088225,1.227692230736041,-0.6804252488345566,1.1566457864087871,0.9367584368308425
2022-05-26,1.261143694139215,0.9491943766115278,0.7526456985216059,0.3564742939897303,0.2824997723898807,0.4301442465952356,0.4082905,0.4301442465952356,0.2157828226640585,1.4318440023435313,560.07,ST/MT Ratio (Expanding EWM),AVGO,0.7526456985216059,0.17738804190177918,-0.028646638868466513,0.006305556488763046,0.01380657376585389,0.013442018805985017,0.000374455966437939,1.1337816859566785,1.0443153604314908,1.4488362530288632,0.9458661346943995,0.9264674886900723
2022-09-01,1.1553525625821437,1.1255362990492253,0.9741929308000316,0.2476610000627613,0.2142392508746599,0.2982198464936273,0.3356572623254653,0.2982198464936273,0.1807743719330494,1.1734679466860825,531.21,ST/MT Ratio (Expanding EWM),AVGO,0.9741929308000316,0.16806094520123932,-0.046397990583751776,-0.0027456794542423564,0.014751104684205056,0.005686109358522314,-0.0005065715705367167,0.886375281608054,0.9511415271634782,0.24962359071852713,1.054314973953306,1.135503785426004
2022-12-08,1.1134450080301963,1.084348376322173,0.9738679220813083,0.2358556202810448,0.2117906838326386,0.3638169956346759,0.394504368494872,0.3638169956346759,0.2114672630411095,1.2409077100166392,482.11,ST/MT Ratio (Expanding EWM),AVGO,0.9738679220813083,0.207655116737674,0.034416214163607455,-0.015500077424703792,-0.014690647370550656,0.012684287015824747,0.002297462053117817,1.115947242951897,1.1624959572993434,1.4350333005182119,1.0235346082457324,1.0895233739840555
2023-03-02,1.1940076498524703,1.018835747105988,0.8532908036492678,0.2281465967574417,0.1909919429843455,0.2988613486623577,0.3044906254455164,0.2988613486623577,0.1860494609857923,1.246798614579991,585.01,ST/MT Ratio (Expanding EWM),AVGO,0.8532908036492678,0.15370378773452087,0.06882958241645458,0.00905964015900183,-0.014804346604401093,0.011079637061455148,0.002139497796147459,0.9658083317560724,1.2368664120245534,-0.07999818980640061,0.9017162794625894,1.1605279588904958
2023-06-01,1.4248431367647274,1.0941687266429263,0.7679222353748808,0.5299316143775198,0.3718902004183922,0.2714214991362457,0.2969809160934201,0.2714214991362457,0.1739055842195892,1.3803932238340038,612.34,ST/MT Ratio (Expanding EWM),AVGO,0.7679222353748808,0.1375347481001212,-0.046949865083669946,0.017258219487082272,0.00023336578606676374,0.035095421496339034,0.0017151630622577988,0.8809848734555326,1.2560460545239238,2.4361853188266243,0.9230182115784618,0.942555362165631
2023-08-31,,1.1843598638585655,,,,0.2866278267153768,0.3394704938267002,0.2866278267153768,0.3008482360236759,1.022780159584383,920.0,ST/MT Ratio (Expanding EWM),AVGO,,0.2464782046895152,0.021703923284169983,-0.02871197232328538,-0.019416055682880205,0.0353746396204239,0.0018938059099602468,0.9980686368986665,1.1436890651077418,0.099633349928963,1.1150393150098112,1.1379664083675487
2015-01-14,1.2574094170054189,1.0544929538701484,0.8386233947424016,0.1895057552215707,0.1506736965968806,0.2140492914584283,0.2257134696238104,0.2140492914584283,0.1245936509754196,1.8400415122869795,59.16,ST/MT Ratio (Expanding EWM),JPM,0.8386233947424016,0.22542704375015177,-0.02077248991926395,0.046327971392388104,0.024049592386303175,0.016605508808508678,0.005098299434071258,0.9299296438994219,0.9101485952169263,2.0006011251940707,0.9644260997475248,1.2337894973850514
2015-04-14,0.9934952720634244,1.1065061509830656,1.1137507969060838,0.1228077617423098,0.1236213077459962,0.1818789549263132,0.2012501823603373,0.1818789549263132,0.1368692993099575,1.2112263218877497,61.85,ST/MT Ratio (Expanding EWM),JPM,1.1137507969060838,0.10443134343681865,-0.01504938843176437,0.0010423560314721482,-0.0062301800111861545,0.024145071814073205,0.0017418248619685656,0.9681161040217021,1.1308309770527063,2.4917949216360076,1.159086900275986,1.0486078300974293
2015-07-14,1.0261499055193484,1.1271483375696472,1.098424637089629,0.0991702405041284,0.0966384649829022,0.160505032539085,0.1809129805979918,0.160505032539085,0.0951971577069595,1.3005490110529376,67.99,ST/MT Ratio (Expanding EWM),JPM,1.098424637089629,0.1593567391353184,-0.018733787348360422,0.00456548868834543,-0.06967470548304104,0.015851563810619397,0.002510124361250075,0.8835555570859372,1.210058431091438,0.7323208144085247,0.9576125980677013,1.2617701369268601
2015-10-13,1.2475010308416423,0.9995107778364246,0.8012103822969124,0.1760472732561934,0.1409486990310847,0.2785393041439721,0.278403036542958,0.2785393041439721,0.0975091526294965,1.3552609294463136,62.38,ST/MT Ratio (Expanding EWM),JPM,0.8012103822969124,0.17622408278318138,-0.028239676938793565,0.02524643269769672,-0.006370551415545153,-0.008529243300865474,0.001350635180386119,0.879241677696435,0.9103228672764925,-0.9188801049303201,1.0866946069362793,1.1646700242870123
2016-01-14,0.8496636164347224,0.9700382481661004,1.1416732803465006,0.1064437620020292,0.1252188004784418,0.2480193,0.2405882072833825,0.2480193,0.132057452925821,1.50208743742206,66.1,ST/MT Ratio (Expanding EWM),JPM,1.1416732803465006,0.12261190592742306,0.003698256978068945,0.010996483937905054,-0.02296359552109931,0.0219141168728285,0.002295232575040603,0.9244166820227936,1.0280043956988254,0.357975660239771,1.1040475640276635,0.9232535164107315
2016-04-13,1.0305945226342934,1.018774469512944,0.9885308403433618,0.2114582678771257,0.2051541143725576,0.2326363548940334,0.2370039790465938,0.2326363548940334,0.2225421857769466,1.6838821810202111,59.12,ST/MT Ratio (Expanding EWM),JPM,0.9885308403433618,0.06706134439700406,-0.027083254074386325,0.03259409901739735,-0.03778189538652364,-0.031862376721481546,0.0017617663249443825,1.1716465410765302,0.9890084176709786,2.998692820968369,0.9514568081361561,1.208618582924951
2016-07-14,0.9108127557671256,0.9667016658411124,1.0613615803249423,0.1508057033885861,0.1655129785611117,0.2701274734187867,0.2611326785433919,0.2701274734187867,0.1527103315056777,1.7903468245012668,62.08,ST/MT Ratio (Expanding EWM),JPM,1.0613615803249423,0.15276298114300016,0.011465988902294359,0.012613724956054726,-0.027935665955564314,0.02934728880739708,0.00158948151727027,0.8893650179718501,0.9323387206573016,2.4997332974025954,1.1576253777572676,1.0614281569798405
2016-10-14,0.8362483622306295,0.9748965234321232,1.1657978268939864,0.0837126008863495,0.1000920421725503,0.2196176,0.2141044347245066,0.2196176,0.1115685577806631,1.5015665002489655,66.4,ST/MT Ratio (Expanding EWM),JPM,1.1657978268939864,0.15660561330984468,0.00024166616928020652,-0.014373121239213136,0.005735211795824252,-0.026863073494150878,0.003818898532200325,1.0809584570161708,1.1228263730735668,2.411824454694995,0.9945167907955963,1.1094689599995942
2017-01-13,1.112622763764672,1.0931632149679351,0.9825102007342604,0.1965841708977898,0.176606009416793,0.2165220833333333,0.2366939767282219,0.2165220833333333,0.1860138665218648,1.2756729426081292,84.73,ST/MT Ratio (Expanding EWM),JPM,0.9825102007342604,0.21666529670449108,-0.006363181640324342,0.01484510575618305,0.03621602070620578,0.010145082169868324,0.003177184963184339,0.9941489484818202,1.0415623305027435,2.565820258225489,0.9497633773987607,0.9598034558082785
2017-04-13,0.8146488850867976,1.0796616847450895,1.325309227704959,0.0896940678714334,0.1100901868468572,0.1757754013292115,0.1897779659358407,0.1757754013292115,0.1281567837253038,0.8164653710285523,91.51,ST/MT Ratio (Expanding EWM),JPM,1.325309227704959,0.10346370837363457,-0.02976472817145593,-0.03031178621961985,0.0108296118466245,-0.018128848960653973,0.0021367466473992307,1.0307638141291005,1.1629976919939768,-0.2215229827017393,1.0172152326763872,1.2786255371914976
2017-07-14,0.9912010434033296,1.0234567419445892,1.0325420344903071,0.1471552270815471,0.1483922046038802,0.1730202142857143,0.1770787048034118,0.1730202142857143,0.1465431675488791,1.613120177009568,87.09,ST/MT Ratio (Expanding EWM),JPM,1.0325420344903071,0.18044793071928356,-0.018186996569891648,0.007256791173295694,-0.012162584705393498,0.01683472457686067,-0.0003042119359439668,0.8986469690762696,1.1673442808469576,1.9605975747903632,1.034438609839548,1.2750103947038331
2017-10-12,1.0506319031144622,1.1344017310357717,1.079732804298998,0.1232603188494033,0.1166981594911175,0.1538849159987012,0.1745673150892209,0.1538849159987012,0.1207622244938412,1.0384754755556571,90.89,ST/MT Ratio (Expanding EWM),JPM,1.079732804298998,0.09102755225952286,0.028438692903901462,0.0030031002806661764,0.014397604879267573,0.0021518693518022777,0.0016389907767474304,1.0946626940875162,1.0831698319443592,1.277340807104376,1.1077840330275301,1.1368760721716873
2018-01-12,0.8284708944267982,1.1454041157573582,1.3825520286380604,0.1061526335636074,0.1280903548133531,0.154825,0.1773371922221329,0.154825,0.1581529799381719,1.272669342364241,105.51,ST/MT Ratio (Expanding EWM),JPM,1.3825520286380604,0.19175931847379887,0.019532101566853328,-0.0022435057181761906,-0.008477257755474794,-0.03686889895408332,0.004703027564405084,1.1514790335304304,1.0427554649121604,0.1995429602232197,0.9641516668485793,0.9151131872258381
2018-04-13,1.3540278506077963,1.057307645856476,0.7808610771055201,0.1751631250674512,0.1293858359988747,0.2079994,0.2199193559535595,0.2079994,0.0993875244855228,1.575427257824424,114.95,ST/MT Ratio (Expanding EWM),JPM,0.7808610771055201,0.17566209220169487,-0.03221443356794929,0.00014387465683207785,-0.014365009229078615,0.013517490775461972,0.001769338333360292,0.8172055857520222,1.2480220772437132,1.7135725856236292,1.0981597246309458,1.1458571275739544
2018-07-13,1.3646427975418876,1.0986401873949263,0.8050752837107937,0.2570647184808443,0.1883027000325964,0.1678608,0.1844186207682622,0.1678608,0.147676383009064,1.4480819633071242,109.97,ST/MT Ratio (Expanding EWM),JPM,0.8050752837107937,0.13703042760056738,0.005476630690022906,-0.052455471364929174,-0.02585906670582461,-0.011448019420817766,0.003103217572053658,1.1396876578776418,1.092106770266251,2.4816433142332013,1.0078335078546719,1.2706830017356363
2018-10-12,1.1293222411236032,1.0893941970383458,0.9646442418015856,0.1679055770731744,0.148656818730342,0.1720278999999999,0.1874061959886928,0.1720278999999999,0.1321884312818852,1.3458805184898506,113.08,ST/MT Ratio (Expanding EWM),JPM,0.9646442418015856,0.09351985294197887,0.02829854931801262,-0.012461747232228844,-0.04079572016879298,0.025028668020334228,0.003441942401952601,1.079462792032496,1.0028708544097709,1.2563396867545005,1.0599091684464768,0.9551595286921336
2019-01-15,0.903780552037281,1.035042625651022,1.1452366653806094,0.1230680760550801,0.1361147358453718,0.2989394167252711,0.3094150387979097,0.2989394167252711,0.1582766258216769,1.528862553610646,99.01,ST/MT Ratio (Expanding EWM),JPM,1.1452366653806094,0.20180490417473518,-0.05642918483924802,0.006785347034233441,-0.006748092663986133,0.0030331422183601806,0.0022189639158559753,1.0364971623002457,1.0259142494867832,-0.7906049327615903,1.1845968473119695,1.1565961476257152
2019-04-12,1.3552669180449162,1.0718080248403663,0.7908464455005938,0.2479031130920939,0.1829524689427395,0.158478,0.1698579921606516,0.158478,0.1060192580216348,1.2251529975439868,104.39,ST/MT Ratio (Expanding EWM),JPM,0.7908464455005938,0.23055643247660024,0.02101760673329773,0.00879569175992201,0.006951337248003297,0.012885524634700957,0.0011581783681318476,1.1507675727483389,1.1704224020053013,0.42793476856045176,1.0538064216986434,1.1702987041388708
2019-07-16,0.9845448184382356,1.0626068207368529,1.0792874035155104,0.1404592727822086,0.1426005595192692,0.2023070630434345,0.214972865073194,0.2023070630434345,0.1465887410889959,1.4572275200689615,109.22,ST/MT Ratio (Expanding EWM),JPM,1.0792874035155104,0.1694998848886436,-0.021191831563104637,-0.02683025422777874,0.0005844082496277569,-0.020939223875380306,-0.0004353123317828884,1.184100930080575,1.0014677836486787,2.4999082344964707,1.1772233415882807,1.1681662058635827
2019-10-15,0.9818542287506076,1.044507660717023,1.063811337907197,0.13392788877263,0.1363334518977072,0.191339447077248,0.1998555182695449,0.191339447077248,0.1495857828679601,1.4048977980487762,119.16,ST/MT Ratio (Expanding EWM),JPM,1.063811337907197,0.06553653649995332,0.02197095340076058,0.04197123522594101,-0.007399173198683966,-0.011733305785684049,0.0026841632086089546,1.172506650960535,1.0591514349909474,2.812064704161771,1.1108348631497924,0.9168023069675247
2020-01-14,1.1836178591820763,1.2024302331310488,1.015893959188798,0.1418127315943178,0.1197707414835898,0.1385407346364641,0.1665855678470703,0.1385407346364641,0.1131208011170491,1.7375080483669938,137.34,ST/MT Ratio (Expanding EWM),JPM,1.015893959188798,0.1376461053520589,-0.024714070478988093,-0.021985245446435018,-0.02064365151741953,-0.008465965902527113,0.001185243997176452,1.1627491327276211,1.093789123613277,0.8413079391113314,1.0699399817938902,0.9597538187084912
2020-04-14,1.3160221662707323,0.8092657759348799,0.6149332410016547,0.6176914343826209,0.4686948008428741,1.1556879534136573,0.9352587083578968,1.1556879534136573,0.3789862515071824,1.3661496502351371,88.36,ST/MT Ratio (Expanding EWM),JPM,0.6149332410016547,0.20357670714235734,-0.061170873523258174,0.0330837160158021,0.018206154792124212,0.024417562006063893,0.002176150451887692,0.9876664194269594,1.2324508866870982,-0.9380701634499387,0.9818751480973114,0.9009818345775377
2020-07-14,0.8961210653913723,0.8767550122795377,0.9783890214617634,0.3027522763256315,0.3378108726747591,0.575253436265356,0.5043563335766784,0.575253436265356,0.4046491490391316,1.2028090388598291,101.25,ST/MT Ratio (Expanding EWM),JPM,0.9783890214617634,0.13179917953213757,-0.0549639853259107,0.016815830856150547,-0.029928297998664626,0.04493442719513723,0.0007501796604106359,0.9662845236599393,1.191326204197494,2.195087316458514,1.183556928338102,1.1434018451883146
2020-10-13,0.7472655008316726,1.1310145217903764,1.5135377192331354,0.1724779004105215,0.2307866766217264,0.306111122651145,0.346216125,0.306111122651145,0.2807279235381961,1.135099391590672,102.47,ST/MT Ratio (Expanding EWM),JPM,1.5135377192331354,0.054684181360385775,0.00368297313314837,-0.015386819295314087,0.022400697846086885,-0.017129293793571906,0.0017347624595297978,0.9018507466611582,1.2696591796546797,2.1012630155215044,1.0723285449009434,1.1782560862875744
2021-01-15,0.9014775032366672,1.112986448349618,1.2346247625188076,0.2661386190927643,0.2949744770588982,0.257607,0.2867131,0.257607,0.3227764423519943,1.097291259055576,120.67,ST/MT Ratio (Expanding EWM),JPM,1.2346247625188076,0.21411862533949932,0.011090287560251866,0.057259326778285345,-0.02205542547316812,0.02992120361644201,0.002033719054901053,1.1697265420029717,1.1849576113891687,0.473498030338936,1.1139084606867289,0.9161112650941552
2021-04-14,0.7689502203103453,1.0480438743353824,1.362954124536691,0.1696004797953286,0.2204981993923092,0.2730039613924624,0.2861201294066635,0.2730039613924624,0.2299415596597262,1.109014906190542,155.37,ST/MT Ratio (Expanding EWM),JPM,1.362954124536691,0.1071669671635222,-0.029651081878654305,-0.0318091049526944,-0.015810880933825877,-0.05124193544314255,0.002268593581044298,0.9545662247322325,1.0625292127382318,-0.3326470623166613,0.9069256441655311,0.9533524946550972
2021-07-13,1.0232958486799848,1.104822520427196,1.079670675740919,0.1765376339961962,0.1725041496276379,0.2048333424915977,0.226304489719094,0.2048333424915977,0.1623877364986944,1.1704063785471628,157.57,ST/MT Ratio (Expanding EWM),JPM,1.079670675740919,0.24530459137719932,0.02435073605720809,0.031574625208300046,-0.03366962976539193,-0.026854735027307234,0.0008851778126475857,1.061848598318822,1.220915526545475,2.9528139709078967,1.0039090509325483,1.1397516889044408
2021-10-13,1.1469271353388344,1.041899922911054,0.9084273017947628,0.2035530670017897,0.1774510151667191,0.2238788542409489,0.2332593609750597,0.2238788542409489,0.1525032710256781,1.5768711976221832,159.86,ST/MT Ratio (Expanding EWM),JPM,0.9084273017947628,0.12390200666375811,-0.0561532021794136,0.03401746954128935,-0.009535053672140918,-0.02096946140466937,0.0031969109487613523,1.1748579867260487,0.966816712535261,1.8705823453709707,1.1264936199447488,0.9355902143477354
2022-01-14,1.406535043672994,1.041240038170892,0.7402873059257885,0.3745145522514728,0.2661266740097326,0.232638,0.242232,0.232638,0.1834628095315337,1.350774434153498,157.94,ST/MT Ratio (Expanding EWM),JPM,0.7402873059257885,0.06723101486391017,-0.00031279295265608016,-0.016118606272299347,0.02738281146194947,-0.030812717236018056,0.0014031052152680289,1.144499754073226,1.2252420188443376,-0.8663879736902622,0.9273253244640155,0.919650757556741
2022-04-13,1.1636925865409025,0.943384246732932,0.8106816676878204,0.2796411379352821,0.240275179759443,0.4003072232194941,0.3776435282386741,0.4003072232194941,0.2563860295702714,1.436325180411542,130.17,ST/MT Ratio (Expanding EWM),JPM,0.8106816676878204,0.21871979621411697,-0.04038556699168598,0.04577395900192986,0.015890702211098912,-0.0365897097446895,0.0003255305395467549,0.9338974127197449,1.1037155962719705,1.1293909118185153,0.9803000279308328,1.2646387546241098
2022-07-14,1.1867817533596463,0.9640316168513604,0.8123074138292864,0.2515695718665264,0.2118493280730611,0.3738029103373291,0.3603578240362394,0.3738029103373291,0.2124453213106744,1.4146494803759306,114.06,ST/MT Ratio (Expanding EWM),JPM,0.8123074138292864,0.11973087457325832,-0.020814263773075572,-0.003501395437968583,0.02746055280070088,0.01332497280344494,0.0018909765800365363,0.9473051159487653,0.9182200623861411,0.20090844616554548,1.0593328267632467,1.0632887290352928
2022-10-14,1.312843335094273,1.046754220743288,0.7973184558751044,0.2920593834065567,0.2224511336923409,0.3062733,0.3205928694759753,0.3062733,0.1552977301170891,1.415400740889642,116.12,ST/MT Ratio (Expanding EWM),JPM,0.7973184558751044,0.175669740574524,0.003658953496074491,0.012660808878395711,0.016053563648348396,-0.002351692443196535,0.00203437530902646,0.9095370076397037,0.952529299905727,2.276658000384919,1.1988435726372575,1.0318168534095529
2023-01-13,1.0387115544521597,1.2149338004675982,1.1696546507643135,0.1739800560113121,0.1674754208141258,0.21619925,0.2626677764607444,0.21619925,0.1847868477886445,1.133738683443302,133.41,ST/MT Ratio (Expanding EWM),JPM,1.1696546507643135,0.05064329968986312,-0.028114467784938337,0.011809655163136621,-0.02459174571325923,0.012485134940127743,0.00216058943317176,0.9526484176706416,1.147215009870783,1.8737658989421653,1.0176088604410773,1.2619718067927261
2023-04-14,1.344552500579984,0.8941427419736918,0.6650114008846778,0.4094759900406545,0.3043911338447042,0.4172048,0.3730406438365857,0.4172048,0.2515686446501441,1.5641711908623,128.26,ST/MT Ratio (Expanding EWM),JPM,0.6650114008846778,0.11818399054938199,-0.01145944404804389,-2.92622441164339e-05,-0.005269730608188934,0.020261817153037827,0.003362132403685079,1.0240015956915673,1.0801560305623725,1.5866910126396205,1.185841154474752,1.2178209177686823
2023-07-14,0.937467404277462,1.146827040865,1.2233247104190237,0.1613477509289009,0.1720652168864463,0.174885,0.2005628470416755,0.174885,0.17319152067986,1.3760555660647331,141.49,ST/MT Ratio (Expanding EWM),JPM,1.2233247104190237,0.19521164513051825,0.03722024832250542,0.028324248194793462,-0.01650497822793657,0.009640424829313337,0.0017635511632641406,0.8160052522140497,1.032923964295984,0.8821787398048908,0.9943552716627316,1.1800750243321827
2023-10-13,,1.126055886045107,,,,0.1757231339294248,0.1978740692755214,0.1757231339294248,0.1396139018697757,1.351646481110859,160.0,ST/MT Ratio (Expanding EWM),JPM,,0.21444529144851823,-0.018191215433310207,0.02780466161656639,0.03626437260097601,0.019444079403759345,0.0018803803756312287,1.1305076599450323,1.1925380380741086,2.957333147313101,0.9817642943679087,1.2499957980097687
2015-01-15,1.241847148233526,1.0427555793488943,0.8396810999100568,0.222414477875982,0.1790724362672856,0.237651027869788,0.2478119352492211,0.237651027869788,0.1299623466890448,1.2562628236839757,16.72,ST/MT Ratio (Expanding EWM),BAC,0.8396810999100568,0.09329297324327948,0.031249223922279967,-0.04845595919714542,-0.02691971616065779,0.0012616928439432653,0.0008968156187669066,1.1066490660697945,1.0448715030232585,1.9364981746278747,0.9312227869254741,1.215733392936221
2015-04-15,0.8254882304022955,1.072596201379162,1.2993476610277537,0.1406235423680032,0.1703141263773127,0.212136710242893,0.227537029579599,0.212136710242893,0.2133505473348274,1.265906552939285,16.13,ST/MT Ratio (Expanding EWM),BAC,1.2993476610277537,0.12736702640910275,-0.03753973991301664,0.04313020728634458,0.02534244223472777,-0.026674834707643622,0.002820553502887897,1.0129322410348411,1.0169160690837014,1.6231092071367206,1.0924859996143226,0.98379448908784
2015-07-15,1.2191948183017003,0.9876467736593106,0.8100811772109328,0.1997728156536293,0.1637773716590608,0.1857966885469713,0.1835014999999999,0.1857966885469713,0.1359488273864853,1.5548224684961924,17.47,ST/MT Ratio (Expanding EWM),BAC,0.8100811772109328,0.07979577570320327,0.0205431462270349,-0.045874759641070226,0.02532384675271923,0.029445354520519905,0.0021843090640781037,0.8121589659246105,1.0734490347606696,1.2780474773776849,1.1629815835111794,1.2712867182590377
2015-10-14,1.1216965924332356,1.0167405014969615,0.906430944299654,0.1872389167699345,0.1668787249694288,0.29829394781393,0.3032875380938437,0.29829394781393,0.1387362984185358,1.2777848147875397,15.96,ST/MT Ratio (Expanding EWM),BAC,0.906430944299654,0.23242308226857775,0.05245490172302652,0.03497638613024972,0.048740505042902185,-0.011727803319528175,0.0015799722727058373,1.0115220872627066,1.201521393507418,0.7572130893119877,1.1238246469718678,0.9819206099756668
2016-01-19,0.9645027639493,1.0909798672275264,1.1311319241433246,0.167832635098672,0.1738231292462507,0.2451305546816533,0.2674325,0.2451305546816533,0.1788853217700368,1.2366027610069557,16.97,ST/MT Ratio (Expanding EWM),BAC,1.1311319241433246,0.05122829720300018,-0.08450755750445513,0.0378011541048275,-0.007242164815737435,-0.02038990746906065,9.53253065345363e-05,0.9484258939214126,1.153691199525446,-0.9273681375716847,1.116738393101686,1.2342142005072667
2016-04-14,0.9248280217917202,1.0452726316766152,1.1302346025929784,0.2407220237085504,0.260230764365384,0.32333,0.337968,0.32333,0.2975801070976908,1.2629774447089084,13.57,ST/MT Ratio (Expanding EWM),BAC,1.1302346025929784,0.17288486068443554,-0.025891333941466692,-0.028728992906455947,0.020808053989504055,-0.0014479468951099543,0.0034444121950550875,0.9596566644375806,1.0791769668708657,2.405128848866124,1.13269639059781,1.01525979561335
2016-07-18,0.9471167425126524,0.9642378868865518,1.0180771214417323,0.2430739771901829,0.2565498058677181,0.346484,0.334093,0.346484,0.2181482737347528,1.334462415103027,13.4,ST/MT Ratio (Expanding EWM),BAC,1.0180771214417323,0.2375704320790889,0.022197524451318902,-0.008324428638637544,0.06004129591347107,-0.019820272982412828,0.0007723200355439428,0.9295904426246157,1.1715512929562386,1.2527923697926449,0.9486688713289491,1.0239719636916667
2017-01-13,1.1160826693215855,1.0170300517002964,0.9112497484783106,0.2751649515414598,0.2464758731973592,0.3203095,0.3257643873450961,0.3203095,0.2595829675590808,1.0410547377609496,22.67,ST/MT Ratio (Expanding EWM),BAC,0.9112497484783106,0.1910596540984486,-0.005106588511504744,-0.02917114005457807,-0.012441041923342416,-0.007435759549735806,0.0014087219906302943,1.1599933107514615,1.1752697746889054,2.943897270742078,1.1301037589942309,1.2767897728574362
2017-04-18,0.795319437685858,1.1090165427464405,1.3944290686184502,0.1383614171448903,0.1739729704149512,0.1893019552982442,0.209939,0.1893019552982442,0.166476890903039,1.35400824964132,24.44,ST/MT Ratio (Expanding EWM),BAC,1.3944290686184502,0.2238469298711453,0.01499010556799581,-0.0024476309086620593,-0.035376006188308995,0.011601348039086662,0.002358344511076003,0.8864754295481901,1.2085939499267704,-0.9191299194088103,1.10122800651346,1.0877129112480965
2017-07-18,0.8893462848329602,1.061069320597847,1.1930890573148798,0.1744070316726643,0.1960078633602573,0.214415538724475,0.22750975,0.214415538724475,0.1965608421725431,1.2290687659600186,23.91,ST/MT Ratio (Expanding EWM),BAC,1.1930890573148798,0.11402259940786084,-0.019139481535053723,-0.005241028525572237,-0.04400025084769409,0.011708543481153176,0.0008034420713833135,0.9387040287680275,1.2449617409172358,2.4170707706301227,0.9066905114695931,1.1438020489797724
2017-10-13,0.9999495091324456,1.037122031685444,1.037174399520681,0.1614602264806397,0.161432485962061,0.21290675,0.2208102811195448,0.21290675,0.1817198324443674,1.4214560641278065,24.33,ST/MT Ratio (Expanding EWM),BAC,1.037174399520681,0.24190299450140373,0.005030642561551497,0.027389815968080194,0.020817800721533285,-0.019445751660640744,0.0005064902217468565,0.9471328897283826,1.0662644006001798,2.328162956875104,0.9929519314583035,1.2772195242550481
2018-01-17,0.8378516434426255,1.113717612068126,1.3292539565739854,0.1277865990782377,0.1524385897123799,0.1932903197369615,0.2152708333333333,0.1932903197369615,0.189921992780138,1.175146255271129,29.48,ST/MT Ratio (Expanding EWM),BAC,1.3292539565739854,0.08436726299762938,-0.003448703238722782,0.04330926238358826,-0.0440787552014646,-0.009192634323718616,-0.00012394758270066486,0.8718535305488563,1.1650889693472712,1.6884202680550588,0.9756585484283755,1.029900243586881
2018-04-16,1.296861509024038,1.1698785348218768,0.9020843988979802,0.2083487003023247,0.1597985850944479,0.1703701815104238,0.1993124183227518,0.1703701815104238,0.1021491066801769,1.4727651537861983,32.17,ST/MT Ratio (Expanding EWM),BAC,0.9020843988979802,0.14129400696195524,0.04287237215809326,0.04587051432369869,-0.006307976323448071,0.029858325119256096,0.0027209969529056357,1.133919397031976,1.204722101981981,0.31638352125903824,1.0601869640804802,0.9246721185012382
2018-07-16,1.3066673248839689,1.0276028125851522,0.7864303277625792,0.2691150596880882,0.2059008383465929,0.2200145687686886,0.2260875896764138,0.2200145687686886,0.1711623874140505,1.0324774606638338,29.28,ST/MT Ratio (Expanding EWM),BAC,0.7864303277625792,0.18068613823856586,0.01090472951554246,-0.012865040797349063,0.013932829675974019,0.015410002943348529,0.0014548137552736783,0.8834983529594517,1.0943282235441596,-0.6561050588831536,1.1529997064675812,1.1872024840430593
2018-10-15,1.028154299995009,1.162297331902057,1.1304697474957788,0.1645430864547718,0.1600059942075107,0.1656086725476848,0.1924865182420155,0.1656086725476848,0.14783352774966,1.029697881409051,30.37,ST/MT Ratio (Expanding EWM),BAC,1.1304697474957788,0.12774339419349626,0.013816093172632077,-0.002276656212335833,0.0076293884207478515,0.054876625983713546,0.00492727009247333,1.1774534682593978,1.177386762385611,2.7616054890487423,1.0663537667072895,1.1400874444247877
2019-01-16,1.3602614351705784,1.0321609699153411,0.7587960249611185,0.3514001252261536,0.2582213824760357,0.3382565494452775,0.3491352081556542,0.3382565494452775,0.203279921347523,1.36410393589728,24.47,ST/MT Ratio (Expanding EWM),BAC,0.7587960249611185,0.07713908976554316,-0.012415693814286359,-0.0465031457666285,0.013636121604604307,0.03250320434353819,0.0010056449343691265,1.1907884218505043,1.1568516587457043,-0.8768537245570136,1.117140832989157,1.2621874768549664
2019-04-16,0.9389945415443072,1.115963356646663,1.1884662873665972,0.1835162534187643,0.1953376139809124,0.178492195835663,0.19919075,0.178492195835663,0.1749515348990104,1.66983764799311,29.82,ST/MT Ratio (Expanding EWM),BAC,1.1884662873665972,0.0640760662914052,-0.015066217842537276,-0.02017610199488566,0.008557246395021352,0.031607326713998476,0.0010785489765710787,1.1182320999177306,1.1335333090501691,1.6852140523740653,1.1970575367755014,0.9362648354037354
2019-07-17,0.8704785377584198,1.0394516745852695,1.1941152245545017,0.1434498978533058,0.164704833576687,0.2508659659617647,0.2607630484154075,0.2508659659617647,0.1772662600893265,1.3554862233582678,27.93,ST/MT Ratio (Expanding EWM),BAC,1.1941152245545017,0.11883736555476139,-0.013139536573686734,0.03294554899292373,0.03497164533283483,-0.03169671376139505,0.0014346070297145985,1.0668979314532958,1.0133590778282375,1.5603615863446803,1.0822870727651817,0.9613827328432648
2019-10-16,0.8392359696007374,1.0614529108182735,1.2647848153163106,0.1375160024364023,0.1638425518168934,0.2347301033170593,0.2491549514225667,0.2347301033170593,0.1942994789133252,1.6391489806677615,30.13,ST/MT Ratio (Expanding EWM),BAC,1.2647848153163106,0.06427653902263886,0.01580582498324039,0.05246748470644695,-0.020807909518469926,0.022096508790835565,0.002243134655138489,0.8826986582960957,1.1486518312172855,-0.4870802107849035,0.9795542625390968,1.234098219095201
2020-01-15,1.0526499976804715,1.2531414583290752,1.1904635549236584,0.1323527829973034,0.1257198022816275,0.1562972196792972,0.1958625258016943,0.1562972196792972,0.1274258574289766,1.3075567982092855,34.7,ST/MT Ratio (Expanding EWM),BAC,1.1904635549236584,0.1944163776923317,-0.012734456828709205,-0.03303046615639766,-0.013924878461463284,0.0016723299575772338,0.0015297966612146886,0.9308366024006555,1.0952240625078653,2.764561340583361,0.9681447266510839,1.0558504069432042
2020-07-16,0.915385391295374,0.8959481414654499,0.9787660475961734,0.3611062173034862,0.3943719311192999,0.6173340763636138,0.5530993183812699,0.6173340763636138,0.4597458257793625,1.1245121790753654,25.8,ST/MT Ratio (Expanding EWM),BAC,0.9787660475961734,0.05424084738527846,0.012142119991374451,-0.013773927774586827,-0.0163164861317706,-0.010774545088456239,0.002612332214002512,1.0425831102174183,1.202135571801589,2.6066135468508205,1.1746418962720544,1.2106560297490492
2020-10-14,1.1451968962596224,1.0617972260697857,0.9271743833202551,0.3109311737562739,0.2713686833110585,0.3437125619026679,0.3649530447935923,0.3437125619026679,0.2838965014181998,1.2105544108383957,25.75,ST/MT Ratio (Expanding EWM),BAC,0.9271743833202551,0.19738377415695732,0.07463902795259035,0.00320782729123219,0.023754795296565254,0.007200383513313211,0.0010214116100113455,0.8913323346373242,0.9099237320170264,0.5350957214224952,0.942464655296347,1.1841550589753194
2021-01-19,0.9594333124601612,1.086484861619587,1.1324235332559411,0.325187010706443,0.3388441782041081,0.3119546456402183,0.3389339999999999,0.3119546456402183,0.346245587844289,1.0231805617863707,29.74,ST/MT Ratio (Expanding EWM),BAC,1.1324235332559411,0.0634107049962654,0.032489364620109235,0.01240483476458819,0.02550996470987659,0.02663028836528708,0.0006184082815364189,1.0644522347302867,0.9175886566485819,2.3463751165238045,0.9746229798873547,1.0728908301964168
2021-04-15,1.038860867589515,1.0796796370378654,1.039291853915975,0.2867745529919196,0.276023132342294,0.2903810599424145,0.3135185174012967,0.2903810599424145,0.2745135582913851,1.0991150492695396,37.64,ST/MT Ratio (Expanding EWM),BAC,1.039291853915975,0.10584106624119637,-0.009410823625874441,-0.020288105597649382,0.014280632982962706,0.015520789775105287,0.00020178526059089254,1.067173494182297,1.0717675147409014,0.7651512111997736,0.9196883986007222,1.0605774197040017
2021-07-14,1.066042195477468,1.0305746314136592,0.9667296808566536,0.2368382068466629,0.2221151114662628,0.2460027222545072,0.2535241648141956,0.2460027222545072,0.1820118012515283,1.1447720834406383,41.36,ST/MT Ratio (Expanding EWM),BAC,0.9667296808566536,0.24756904720305123,0.044042487275738076,0.01672183133392269,0.0325873416722482,-0.018961845033551493,-0.00022357416793719677,1.1059391572879933,1.266070534874639,0.6539885482534871,1.0270757480637236,1.1810508425294608
2021-10-14,1.061436056357346,1.0489775531079852,0.988262596531612,0.2256419728365028,0.2125357968728067,0.277220440464551,0.2907980193100226,0.277220440464551,0.2014958956311666,1.3235121840615218,39.84,ST/MT Ratio (Expanding EWM),BAC,0.988262596531612,0.05986533083218357,-0.0122826380557543,-0.010215180412127484,-0.02645102168440952,0.021561472839815507,0.0014819309805249431,1.1771088004421106,1.006824376095744,0.7605768261517474,1.1387919730656904,1.1438774277496155
2022-01-19,0.9906911816558008,0.9970307669741704,1.0063991538793895,0.2341168065354879,0.2362491053543122,0.2965132946428156,0.2956328775757646,0.2965132946428156,0.2304730788139496,1.3155591872877794,43.16,ST/MT Ratio (Expanding EWM),BAC,1.0063991538793895,0.07493514110438751,-0.06933435873122488,0.003566431873651627,0.04468060278877842,-0.012939688551899095,0.0016990196876067781,0.844234537585582,1.1510930942249062,-0.2530148616106924,1.0530647802235211,1.1116413070641755
2022-04-18,1.0306355679397672,1.0437082190966231,1.0126840675438633,0.2643905945618736,0.2563914092360431,0.3061104570744236,0.31949,0.3061104570744236,0.2812249745210486,1.4036993590152969,42.9,ST/MT Ratio (Expanding EWM),BAC,1.0126840675438633,0.06835840457588123,-0.033283020882109146,0.020388527440110986,0.04108096554280645,0.008417077974107156,0.0013685629725168167,1.150481344889994,1.0849977096049752,0.11776968894357687,0.9692899044648094,1.2497007506737345
2022-07-18,1.20229025230541,1.0415737717583613,0.8663247246337793,0.296062661713285,0.2461283507961818,0.3678956886108091,0.3831905,0.3678956886108091,0.2115652187583896,1.3055657922655142,31.92,ST/MT Ratio (Expanding EWM),BAC,0.8663247246337793,0.055224352368458976,-0.06347771723590495,0.004192668094328135,0.02139054993114367,-0.004583751686928356,0.003243405797187162,0.8684043417672914,1.0703474243532576,-0.25130754029221203,1.1319912120343125,1.0897490559898477
2022-10-17,1.2811556065361145,1.045811496843948,0.8163032589550375,0.3081543437677331,0.2404369564043574,0.3342366201317045,0.3495485,0.3342366201317045,0.1994585086168659,1.432863210452939,34.12,ST/MT Ratio (Expanding EWM),BAC,0.8163032589550375,0.0686683230632613,-0.010302971941445804,-0.009091576715797058,0.047544972719276504,-0.002471656293390643,0.003228030209608135,0.9404574762227248,1.0444398562505868,2.4088568268919177,1.0661321862883315,1.1871471404525056
2023-01-13,0.9809532932028012,1.2139942345972938,1.2375657872900518,0.1923820136666706,0.1960532182592122,0.2560358123143041,0.310826,0.2560358123143041,0.2078452065162742,1.2029603106561095,32.28,ST/MT Ratio (Expanding EWM),BAC,1.2375657872900518,0.15052003790251178,0.0026446432716343096,0.0007117058822250752,-0.03841558019194435,0.02215607437601274,0.001665197012555498,1.1588154065002738,1.2606966704162568,0.3140362173514526,1.1857353789439156,0.9099503528058422
2023-04-18,1.0329480802181157,0.992968368257956,0.9612955261490804,0.286959875258562,0.2776475368284019,0.453216481133013,0.4500296297382606,0.453216481133013,0.2461045659856157,1.442800960972694,27.75,ST/MT Ratio (Expanding EWM),BAC,0.9612955261490804,0.06196187219415392,0.0606753059296349,0.0013491112238399384,-0.010111203406566297,-0.02300484299539745,0.000206078886808037,0.9507342244064663,1.2583195430035368,0.0985475192679317,0.9819244350963955,1.0210489140327554
2023-07-18,1.1098208805443222,1.104369222396778,0.9950878035878452,0.2550550621627296,0.2297232292767636,0.2271323710521506,0.250838,0.2271323710521506,0.2111902677116342,1.3732986499891435,29.19,ST/MT Ratio (Expanding EWM),BAC,0.9950878035878452,0.19579440081053934,0.013442458081745694,-0.00710033089646384,-0.015382586517048808,0.05162987685692333,0.001433294891944947,1.0449253539387688,1.0753331102457415,1.9069393454133703,1.1684731927693996,1.1696797499771443
2015-01-14,0.9372158967630734,1.0741686408900446,1.146127209963013,0.0850570619313157,0.0907499514872142,0.1750955599284175,0.1880821596341895,0.1750955599284175,0.0791935297329761,1.8839563328200248,53.19,ST/MT Ratio (Expanding EWM),WFC,1.146127209963013,0.22240422185335637,-0.005668518508310249,-0.003763881880013071,0.021036983093933582,-0.04252715173236241,0.0014001786060829384,0.8817866880790303,1.273072760944201,0.05797149338991403,0.9449682885984475,0.9359869115443844
2015-04-14,0.9419966536311508,1.072925960831825,1.1389912657289976,0.0993566701429495,0.1054200078275933,0.1564906226620437,0.1679028516808438,0.1564906226620437,0.122195431453108,1.0600051193047737,55.73,ST/MT Ratio (Expanding EWM),WFC,1.1389912657289976,0.1790339034702454,0.031029195341422122,0.05195941511514151,-0.02325351849005364,-0.011941692081371427,0.001342865037721942,1.0253534962664663,0.9455049849922608,-0.444896463549477,0.990009144178649,1.0126612038737857
2015-07-14,0.9741966470613964,1.0768014273222344,1.1053224526796912,0.0802157033808832,0.0823332847354514,0.1582600345933017,0.1704146311381335,0.1582600345933017,0.0932160298191557,1.2925243207972474,56.98,ST/MT Ratio (Expanding EWM),WFC,1.1053224526796912,0.17652871228975134,-0.07538973581527598,0.020827583438237162,0.021937378733437138,0.012255297248543523,0.0013022810961017552,1.041695804132857,1.2266981117890727,2.0453986248115696,0.978745336414943,0.998124199194392
2015-10-14,0.9126667350925736,0.9628109659389922,1.0549425424619343,0.109201891700212,0.1196139171296218,0.2602488161423854,0.2505704140545293,0.2602488161423854,0.1011327628987119,1.299913574745883,52.77,ST/MT Ratio (Expanding EWM),WFC,1.0549425424619343,0.21199102666094183,0.010246509533799809,-0.00486440954087481,0.03726340359991784,0.01760785416088274,0.0013465371042751927,1.186316612042787,0.9032944966367841,2.518882132240863,0.9599185557367215,1.2789137292359072
2016-01-15,1.1884832883531324,1.0789672579267229,0.9078522756696352,0.145131986251854,0.1220779217538097,0.1700182499999999,0.1834441249999999,0.1700182499999999,0.1127247223770191,1.1029270466350105,55.85,ST/MT Ratio (Expanding EWM),WFC,0.9078522756696352,0.10641410138326007,0.02898028178604384,0.02490863213532207,0.020380072502099986,0.0004881069857073501,0.0016134583841022404,0.9369229139310079,1.076140709557301,1.8284824557775239,1.0763007154419781,1.0271757318827293
2016-04-14,0.9764101200270074,1.0994345419646978,1.1259966682179487,0.1552275628444316,0.1588082023076481,0.19969725,0.2195540545853597,0.19969725,0.1689387909615879,1.2924003870517855,49.98,ST/MT Ratio (Expanding EWM),WFC,1.1259966682179487,0.2431418305653224,-0.04975051860229446,-0.006014584692680298,0.010093775591537528,0.0015652324249614278,0.0013644589011844433,1.0215323663471294,1.1922827537451546,-0.8306602163900316,0.9033597915767112,1.0832267756291565
2016-07-15,1.1713961936222848,0.9340571103171816,0.7973878653547744,0.1584784278040526,0.1352251358229037,0.2660464999999999,0.248502625,0.2660464999999999,0.141991847058103,1.7270510794418883,46.78,ST/MT Ratio (Expanding EWM),WFC,0.7973878653547744,0.13053195138135185,0.04203139151224252,0.039193739127599235,-0.021696833522518732,0.013263752133190414,0.002208322508625592,0.8527346471214057,1.1657377165858858,-0.14379017509026326,1.0298553320387014,0.9790683747497076
2016-10-14,0.8659659720373659,0.9743197065227016,1.1251247023372188,0.1337552783468463,0.1544110586854271,0.2427445,0.2365107499999999,0.2427445,0.1446472558177076,2.0848306877220364,46.52,ST/MT Ratio (Expanding EWM),WFC,1.1251247023372188,0.18973404749630818,0.013847374262304495,0.015089265765942817,-0.018171274153134114,-0.002776736936442008,0.0023603687159048613,1.0193934342996498,0.9464213837538276,-0.907572588850079,0.9153394914320092,1.281703376606124
2017-01-13,0.8765117879912427,1.0237999920808565,1.1680390453471976,0.1903146026648737,0.2171180535826889,0.258146375,0.2642902566807018,0.258146375,0.2729982279198334,1.2169305982029015,54.7,ST/MT Ratio (Expanding EWM),WFC,1.1680390453471976,0.15611849809478343,-0.012535076986528046,0.0007809356798731354,0.03424047263241667,0.03782953144837265,0.0010893549128175102,0.8569144874443744,1.1833913012547341,-0.728295183108695,0.9324481056705547,1.1035505005637338
2017-07-14,0.9615532318780804,1.012603134170025,1.0530910828433653,0.152185665515762,0.1581834675345632,0.1807346,0.1830124224129658,0.1807346,0.148654042051761,1.344900174324902,54.53,ST/MT Ratio (Expanding EWM),WFC,1.0530910828433653,0.06629383529580508,0.02414736531371997,0.01743150777430832,0.02248372509763331,0.023983727855790057,0.0032710653260070335,0.9859483720617375,1.280632123775948,2.7793418120829494,1.1338825927627394,1.14084073205094
2018-01-12,0.9693277917867889,1.1066570649926997,1.1416747506566052,0.1560070010508442,0.1609221261224658,0.1791904999999999,0.1983024328045743,0.1791904999999999,0.1827740688805501,1.2644732442942863,59.4,ST/MT Ratio (Expanding EWM),WFC,1.1416747506566052,0.07355707870834885,0.08147425002315387,-0.04312628456205498,0.0020245120155613972,0.02482060877514087,0.0010199376981593863,0.9819841269572044,1.0424714137313684,2.7883501879022217,1.0808726434274056,1.1316290110743978
2018-04-13,1.0645545085547978,1.067953995943929,1.0031933427192434,0.1774544734501584,0.1666624112222501,0.1943042,0.2075079468186883,0.1943042,0.1741464942532568,1.5212324393358876,56.63,ST/MT Ratio (Expanding EWM),WFC,1.0031933427192434,0.12100361188410547,0.008365318927047331,-0.029803024067294157,-0.007447738644147265,-0.02115391808426043,0.00038219938618466287,0.892760448707566,0.9186791271540452,2.7807543190381776,0.9941205776533962,1.0770356093297835
2018-07-13,1.21115966807648,1.0864764723167757,0.8970546996848715,0.2367471461468011,0.1954259950540673,0.18103,0.1966848357835058,0.18103,0.1717239817978812,1.2275529522877036,55.16,ST/MT Ratio (Expanding EWM),WFC,0.8970546996848715,0.19755073710722224,0.010687720520511763,-0.03181775019197166,-0.047645196827784425,0.0010152893898574282,0.002380778071365052,0.8458559774342828,1.2347697319637168,-0.8894726685762775,1.1501972286297288,0.9561140051151867
2018-10-12,1.1641437640566994,1.0548833610968755,0.9061452663036366,0.2060151334504566,0.1769682757359659,0.1932155,0.2038198160560134,0.1932155,0.1547228628592403,1.3010226930001738,55.94,ST/MT Ratio (Expanding EWM),WFC,0.9061452663036366,0.22372374153983435,-0.014077631483908545,0.008288292842911202,-0.023771310467110972,-0.0045116487180175925,0.0011825918655856602,1.1546256450524608,1.191909054934463,-0.3413189499707796,1.0697453978578404,1.0250625257420878
2019-01-15,1.1814115184689864,1.0768993639281708,0.9115361980927232,0.2422260979956825,0.2049128902697386,0.3177265732296813,0.3421595446141212,0.3177265732296813,0.1869162680380344,1.5663240813094166,46.61,ST/MT Ratio (Expanding EWM),WFC,0.9115361980927232,0.1150871012837811,-0.027744552931267714,0.055975449984552755,0.05078547717849309,-0.022140034392236645,0.002321291470757388,0.8712932395646334,1.2436728797644434,0.6140910660289176,1.0195631143096147,0.967954669922648
2019-04-12,1.2035258162863407,1.0999835210878244,0.913967532895961,0.2231497498445005,0.1853136552803978,0.1688617499999999,0.1857451423420519,0.1688617499999999,0.1533178603002035,1.5172611078690512,49.92,ST/MT Ratio (Expanding EWM),WFC,0.913967532895961,0.07945565690757027,0.031061753579048598,0.07093900438577896,-0.02901138927506167,0.012004104598644174,-0.0004036686011005304,0.9532262704343115,1.24864673853154,0.45251484195854363,1.1854810687499364,1.278523559683355
2019-07-16,1.143024729305017,1.058727819019142,0.9262510179135588,0.1965498325944374,0.1719511843818647,0.2211167928838618,0.2341024998784384,0.2211167928838618,0.1548779943099261,1.1108887983469629,45.27,ST/MT Ratio (Expanding EWM),WFC,0.9262510179135588,0.11754200176295893,-0.027962933906810355,0.023141533043222716,0.007736995530527016,-0.010441143944495412,0.0033924559414830677,0.8579594637229384,0.970924501409058,2.4506962813275566,1.0178282756774157,0.9017495929132038
2019-10-15,0.8403212748017483,1.0905895014801077,1.2978244561729126,0.1405417390123265,0.1672316846597281,0.2075382164350758,0.226339,0.2075382164350758,0.1717045893218533,1.7169742708411166,48.98,ST/MT Ratio (Expanding EWM),WFC,1.2978244561729126,0.160669877686074,0.004504818302678737,0.01902533424833371,0.028186099329879963,0.019385095746255927,0.0026722934080404023,0.9095487278821485,1.139051597278224,2.197063863839872,0.9400165851279779,0.9442165457666941
2020-01-14,1.3946225675569828,1.213376044419482,0.870039014602354,0.2694639148008682,0.1931889288879178,0.1420117908908675,0.1723137050920874,0.1420117908908675,0.1359616006605041,1.5864441264203322,54.22,ST/MT Ratio (Expanding EWM),WFC,0.870039014602354,0.23420990234205769,-0.014718010636779084,-0.050031732024582165,-0.028373066700057313,-0.023754789072358295,0.0004995234508369984,1.1688370614289325,1.200459347129033,1.3591184031123138,1.1307560369987784,1.0715417445226554
2020-04-14,1.3548381798797084,0.781883248094289,0.5771045278364607,0.6866709464140118,0.5068973883112334,1.3303825550280788,1.0402038333333334,1.3303825550280788,0.3496906715050369,1.716102918619586,26.5,ST/MT Ratio (Expanding EWM),WFC,0.5771045278364607,0.13578772487564866,0.018764293901123722,-0.012280213992020651,0.007617761869527083,0.045976015321045526,0.0005212228761537144,1.1033822989236506,1.0487211965098144,-0.02362171002959057,1.1187040263878905,1.0678689168629074
2020-07-14,0.9992279818693456,0.8742977316797464,0.8749732268747309,0.5091996289848649,0.5094205274796342,0.7346207438580716,0.64227725,0.7346207438580716,0.5997260789702039,1.0947201796097523,28.21,ST/MT Ratio (Expanding EWM),WFC,0.8749732268747309,0.14730761816723661,0.013678173685043198,-0.019633512557247167,0.026447888437766378,-0.019408316464801546,0.003672265904097528,1.192550841730478,1.0397940729232404,2.6869096821242637,1.1798887645701237,0.9967411788258985
2020-10-14,0.9974435131073516,1.1076734921171891,1.1105125027746543,0.3297435496315353,0.3304388073073344,0.3649579659644423,0.4042542646358201,0.3649579659644423,0.3520784570118298,1.1235837627970249,24.81,ST/MT Ratio (Expanding EWM),WFC,1.1105125027746543,0.12323905841367,0.03831389804902648,-0.01462542794753348,0.0033124830476812584,0.008482558430010901,0.0012626200965020413,1.1192884726352053,1.0732298020578261,2.6700989089213922,1.0350372817905715,1.1977214869349464
2021-01-15,1.2006405617703697,1.1179737382817967,0.931147733867429,0.4959707705708805,0.4130040969997955,0.35540325,0.3973315,0.35540325,0.3718245065343038,0.9571095750066582,29.65,ST/MT Ratio (Expanding EWM),WFC,0.931147733867429,0.05192994106581553,-0.015850573959916153,-0.0010443145575436863,0.07471007639166921,0.02279648275970169,0.001165815151267376,0.9867869636655191,0.9911203022851425,-0.20259948422125484,1.0276293582769036,1.202197862805686
2021-04-14,1.104686351399086,1.113357080481121,1.0078490415592205,0.4029141273354868,0.364686619440911,0.3659546983404209,0.4074382545326404,0.3659546983404209,0.3656493632399752,1.06606459392859,39.7,ST/MT Ratio (Expanding EWM),WFC,1.0078490415592205,0.10168830512595124,-0.007445622735267995,-0.010162717330913815,-0.03871498147195489,-0.01126601075500282,-0.0002660520941492828,1.0420285940723066,1.1754517159602174,0.12930540292776982,1.0444306037872817,0.9177581059877308
2021-07-14,1.097413245565,1.08341476200347,0.9872441091647998,0.3233503207509813,0.2945550401070669,0.2772734729744066,0.3004021737324423,0.2772734729744066,0.2308655548433872,1.1019188269115936,45.15,ST/MT Ratio (Expanding EWM),WFC,0.9872441091647998,0.05119515724971342,-0.032256730052380764,-0.05537899431127363,0.029468213247096975,0.024311716085823765,0.0016492217943984459,1.1270129663832482,1.2959568648959499,0.6275162504986835,0.903289095939463,0.967917055820379
2021-10-14,1.297581494290857,1.0689915379017438,0.8238338344105006,0.4118615325151556,0.3173170372056766,0.3106586799104524,0.3320915,0.3106586799104524,0.3297835068393953,1.4774094755407272,46.05,ST/MT Ratio (Expanding EWM),WFC,0.8238338344105006,0.1577880882947684,-0.0135502641026639,0.026437307683526014,-0.0013200434349116095,-0.027729589945010406,0.0017722803851642473,1.0610107511001676,1.1448317272815438,2.1514588783421758,0.9761652032883205,1.2054527662188537
2022-04-14,1.0049291703613183,0.9616381469286652,0.9569213187262858,0.3099778023041654,0.3083948170805399,0.4467678423242399,0.4296290000000001,0.4467678423242399,0.3312212916476014,1.303692943792916,50.11,ST/MT Ratio (Expanding EWM),WFC,0.9569213187262858,0.17898058534799471,0.015205517256569821,-0.028182290772194193,0.022298003870916877,0.039302942479564014,0.0027154930967694855,1.075193608609468,1.0291257990855374,1.181952592227848,0.9441821425494981,1.081025801374233
2022-07-15,1.036696565164699,0.9970658071832156,0.961772075539589,0.2764643809619108,0.2666446743298101,0.4258299672310207,0.4245804999999999,0.4258299672310207,0.2457920892576638,1.328479222531987,38.17,ST/MT Ratio (Expanding EWM),WFC,0.961772075539589,0.0964604559955902,0.02849460158258732,0.011177405923334487,0.014032678792481146,0.0033537316241439574,0.0006009215718155245,1.1524789358222562,1.0684765519301564,2.358266825901688,1.0770760095779084,0.9767506852409428
2022-10-14,1.276548019081997,1.0508170535418688,0.8231707995579687,0.2850360029141485,0.2232548742690686,0.351703817708063,0.3695763694434134,0.351703817708063,0.1845801829642346,1.35848544898129,43.28,ST/MT Ratio (Expanding EWM),WFC,0.8231707995579687,0.21585548047097866,-0.030275786346216894,0.0662224800924992,-0.015328904927749916,-0.011910285199222,0.0004797132077593904,1.0324424978791586,1.1023933316628254,0.594565340785536,0.9358891318548211,1.066683465538892
2023-01-13,0.9587211935817256,1.2284468665318908,1.2813390115456678,0.1963969672569212,0.2047433681745286,0.2546507616395916,0.3128249301961158,0.2546507616395916,0.2120128130341115,1.2812801593972791,42.18,ST/MT Ratio (Expanding EWM),WFC,1.2813390115456678,0.2279600375682289,0.03243620720369811,-0.0235815377475927,0.008724909811483507,-0.004479544310685865,0.0024509626347764767,0.8291049504958509,0.9395076205595005,0.6636661317308641,0.9916144445905392,1.2702177303448894
2023-07-14,0.8345894209408818,1.056211005389617,1.265545643028746,0.1936737371912479,0.2320168974533585,0.2775463411232524,0.2931475,0.2775463411232524,0.2698276484131967,1.2923533324183654,42.08,ST/MT Ratio (Expanding EWM),WFC,1.265545643028746,0.1372091600277701,0.049447325058173286,-0.07190862568238988,-0.043447536284957185,0.023222981734817988,0.003006730071227065,0.9502823221521082,1.20314324882884,1.120990105464971,1.1112257005927006,1.0040463932061596
2023-10-13,,1.0720590600662638,,,,0.2260139007500421,0.24230025,0.2260139007500421,0.1798934488488621,1.3381189369543511,160.0,ST/MT Ratio (Expanding EWM),WFC,,0.14668473809048413,0.01647022161282953,-0.004580126656403324,0.018081187514284846,-0.011611382296260957,0.0004288476488821169,1.1767619891353316,1.1120353987657696,2.3252962851409986,1.009513708042834,0.9400845396202099
2015-01-16,1.1659118604936989,1.0981419475898828,0.941873896989847,0.150203141280996,0.1287234741257087,0.2151124999999999,0.2362240597009286,0.2151124999999999,0.1156566117729478,1.415970093009712,185.03,ST/MT Ratio (Expanding EWM),GS,0.941873896989847,0.09855605566389072,0.06768785343953232,0.03702878904995713,0.010453961649763142,-0.01573394223556944,0.0030815140862997413,1.0694846590883396,0.9031038593349698,0.9011719062620331,0.9578405707999378,1.1509502017741449
2015-04-16,0.9587369696142192,1.045270804746652,1.0902581603453263,0.1187506026771652,0.1238570041785459,0.181028115571175,0.189223404044852,0.181028115571175,0.1249020627676225,1.59773714855778,190.57,ST/MT Ratio (Expanding EWM),GS,1.0902581603453263,0.19778203753916346,-0.025082621968625058,0.06275042362661781,0.01896650421607756,-0.0025384149395934544,0.0020375418414868215,1.1917679492551407,1.0857611625282584,2.2699930261026666,1.0523352560853363,1.0983360124416097
2015-07-16,1.0965981526243804,1.0911303549658804,0.9950138547603656,0.1049638388595289,0.0956617599953667,0.1691759151150842,0.1845929763111995,0.1691759151150842,0.0915883543018401,1.2137720374245378,213.56,ST/MT Ratio (Expanding EWM),GS,0.9950138547603656,0.2141738488633752,-0.0415629146158996,-0.0328864878335725,0.029452958127178755,-0.026424052819249203,0.003091805339074646,1.172169397271511,1.2559863474986726,2.1432018607518977,0.9888767259950353,1.1180033662895763
2015-10-15,1.102770464562367,0.9690599079732456,0.8787503284809279,0.1431356945890628,0.1297274259614655,0.2679777468916772,0.2596864907417264,0.2679777468916772,0.1035457818543463,1.3190774567557852,187.45,ST/MT Ratio (Expanding EWM),GS,0.8787503284809279,0.22522618693166335,-0.06025520871164976,0.018900976697095652,0.012190496005242774,0.048513597698545394,0.0019297796384823835,0.889558893322274,1.077566679218616,0.9368522630391625,1.1494920120507992,1.2584113461299973
2016-01-20,1.1165330273710712,0.997832961648473,0.893688710667088,0.1794064039280455,0.1603961113737297,0.2621801544497017,0.2616119999999999,0.2621801544497017,0.1651645124611306,1.2270348072168196,177.75,ST/MT Ratio (Expanding EWM),GS,0.893688710667088,0.23079181711759778,0.054361550902121414,-0.0099593137034016,0.006702235494956905,-0.011159864780368081,-0.0005222779174879504,0.9658480249585911,0.9070817780292949,2.4470953591574185,0.9522836035504082,1.1487527855561575
2016-04-19,1.0923296837226155,1.0803712956055591,0.9890524003007016,0.2273587722825133,0.2080773829474587,0.2228259404699064,0.24073475,0.2228259404699064,0.2092011798997513,1.4927352919049053,156.29,ST/MT Ratio (Expanding EWM),GS,0.9890524003007016,0.0827524221439763,0.024902797972392022,0.0008215493708759305,-0.01902670841653231,0.023790419654510092,0.0018480326176839612,0.8099883601736525,1.0598025901042258,2.943841208461399,0.930208080331141,1.069477260799857
2016-07-19,0.964983107760698,0.9698049704980444,1.0049968364197956,0.1844245702049406,0.1910658255482523,0.2873341463595801,0.2786580833333333,0.2873341463595801,0.174752800175343,1.8394595782073817,147.75,ST/MT Ratio (Expanding EWM),GS,1.0049968364197956,0.24431176600748625,5.453651813407247e-05,0.08333030041051104,-0.014805519091226274,0.008236752091194314,0.00306014381867127,0.9228599800759809,1.2620352493553058,2.4773604316294207,0.9713096280918686,0.9324751148201725
2016-10-18,1.0435426366733822,1.0627593248164666,1.0184148567272189,0.1531121014996298,0.1466500527457327,0.2062738899400936,0.2192195,0.2062738899400936,0.1245699216197737,1.8830468818332895,166.21,ST/MT Ratio (Expanding EWM),GS,1.0184148567272189,0.17806426274080026,0.01179890192119371,-0.04108910985185459,0.03266836550443328,-0.021613351262049205,0.0011062539809162857,1.050855357624447,1.034547484753484,1.6883375624242523,0.9096359268203443,0.9533596940709957
2017-01-18,0.8777991697020272,1.1007584526298773,1.2539980563020292,0.1815890769446158,0.2068035662969269,0.2268232639081559,0.249677625,0.2268232639081559,0.2349084401234971,1.2830411765917564,239.07,ST/MT Ratio (Expanding EWM),GS,1.2539980563020292,0.141941469349368,-0.03739211665544318,0.011612189844837204,0.038908385142649465,0.0028511322696817653,0.0016120350310925478,1.0745488931090574,0.9849482621209992,2.4303507030496063,0.9175772663130406,0.9861927931142299
2017-04-18,1.3144227588218096,1.05691980310114,0.8040942657205024,0.2340216777093442,0.1780158915695056,0.1953753959327032,0.206496125,0.1953753959327032,0.1461522881947105,1.4111990457183492,242.14,ST/MT Ratio (Expanding EWM),GS,0.8040942657205024,0.10370992048315042,0.08760131928658893,0.018030795152962995,-0.002952760907801352,0.0226000694827687,0.0018238664964490218,1.1994240993940275,1.073230441034717,1.811862654178574,0.9547989146571041,1.1439474939942151
2017-07-18,0.9948196827482424,1.1330975644103147,1.138997935063038,0.1878235371605908,0.1887210018320579,0.1743336198086366,0.197537,0.1743336198086366,0.1946400771466784,1.5829977077222646,226.13,ST/MT Ratio (Expanding EWM),GS,1.138997935063038,0.1545234628100679,0.006522741369132963,0.03657358974818041,0.004150068681331853,-0.0017065333771576646,-0.0008995138798684819,1.0904424273477673,1.0257906543466042,2.315588447903511,1.081025273541685,1.0556492038460121
2017-10-17,1.3364518159361702,1.1287407024894138,0.8445801704408946,0.2381375597093793,0.1781897641145563,0.180046370453778,0.2032256666666666,0.180046370453778,0.15931127496753,1.5116241012161071,227.53,ST/MT Ratio (Expanding EWM),GS,0.8445801704408946,0.12285523975246247,0.005828817811171253,0.006939494604126863,-0.019615359374844155,0.032827823646275706,0.0036713475754374765,1.0230569573372634,1.1307043389743698,-0.3378588292245359,1.0208197109600898,1.0373722352077972
2018-01-17,1.197990813320558,1.1055177772809437,0.9228098955255756,0.2064693846799647,0.1722496219834056,0.1859434594580566,0.2055638,0.1859434594580566,0.1524660817819956,1.1225776957869098,260.02,ST/MT Ratio (Expanding EWM),GS,0.9228098955255756,0.10082095934405343,0.027401831836454234,0.013241516185123064,0.03231892113168612,0.028537884819546597,0.0010986243201028256,0.9603610890316504,1.2044442353941032,0.9301536298666906,1.1820948459717793,1.0174705653433744
2018-04-17,1.1455229179339257,1.0404852808823315,0.9083059488316124,0.1807298788854758,0.1577196591174952,0.238434992362046,0.2480881,0.238434992362046,0.1568511457657421,1.3309522056116063,262.53,ST/MT Ratio (Expanding EWM),GS,0.9083059488316124,0.17555352025922338,0.018835323110784966,-0.007749457022653724,0.019635420592294468,0.025972871366458233,0.002505735432472799,0.9662814313139716,1.2147827241916167,1.184098373283001,1.0641084439273343,0.9213360652020735
2018-07-17,1.1591392300422971,1.0781985577345292,0.9301717427812236,0.1563086560711732,0.1348367705455948,0.1941028148282207,0.209281375,0.1941028148282207,0.118157056786825,1.0387985666957662,231.39,ST/MT Ratio (Expanding EWM),GS,0.9301717427812236,0.11453646191374367,0.009835940849769598,0.01207380823735322,0.05153043591159373,-0.008491419306824925,0.0019132988638517912,0.9594398650873823,1.008293492968693,2.9973404913244615,0.9925065211896931,1.2537986139175454
2018-10-16,1.19418949200657,1.0956778777104004,0.9175075522305568,0.1971111690958366,0.1650011623798204,0.1858893719408827,0.2036748725371056,0.1858893719408827,0.135733437474219,1.1686343278666929,227.89,ST/MT Ratio (Expanding EWM),GS,0.9175075522305568,0.24844109393353625,-0.02566660594058592,-0.006295768264922314,-0.018958076929493473,-0.023996061194537177,0.00325761905635936,1.070493494016191,1.0363665636768362,1.1741375134964946,1.1521607639847582,1.2533473192123648
2019-01-16,1.4297528833308728,1.0223236275283656,0.7150351920582767,0.4755583743928635,0.3324958405512298,0.3596689694465436,0.3676980855539793,0.3596689694465436,0.1977990270670201,1.346813764980563,168.01,ST/MT Ratio (Expanding EWM),GS,0.7150351920582767,0.23223951597842218,0.018501392499759853,0.022647156695681524,-0.00645019747545543,-0.012339690134069861,0.002406056122428081,0.8641575500024581,1.0358292564832678,0.3408927208542867,0.9126134388227835,1.1392951039407586
2019-04-15,1.2579357274991618,1.1258632996837232,0.8950086042329006,0.280849424472027,0.2230045420428074,0.2014185274556152,0.2267697279386155,0.2014185274556152,0.204075661364023,1.292621114533744,198.26,ST/MT Ratio (Expanding EWM),GS,0.8950086042329006,0.14232674603267592,0.06787085737662618,-0.007088310081309019,0.008786148063139305,0.007906023516668012,0.0017650757284790254,1.1419280211968752,1.052629755130207,1.960143779936708,1.088310124080222,1.0502594941972003
2019-07-16,1.085040598472138,1.06801515847711,0.9843089373623424,0.1889805450521761,0.1740664522057551,0.2417150439329116,0.2581553309523102,0.2417150439329116,0.169962385128765,1.4080024913098734,190.83,ST/MT Ratio (Expanding EWM),GS,0.9843089373623424,0.13562949415974515,0.049089701615424225,0.015313011817065594,0.019162238443144262,0.01664466783830889,0.00110648490748072,0.8564239197969189,1.183729541110387,2.418260675764962,1.1057563477204475,0.9071513936139273
2019-10-15,0.9307325253972965,1.0841973193684302,1.1648860330798316,0.1374160957106575,0.1476190683642562,0.2260145176528728,0.2450443341775934,0.2260145176528728,0.158091408771433,1.757619028191424,217.22,ST/MT Ratio (Expanding EWM),GS,1.1648860330798316,0.2221733211961845,0.05776153193237891,0.0031221155894506497,-0.0023916909386908084,-0.051289285119011194,0.0027978507013821387,0.8864931577563965,0.9277919939534128,1.281544398304907,1.1269433036521237,0.9442316748274638
2020-01-15,0.8865940321564206,1.2186371182092857,1.3745153633002158,0.1113963018364102,0.125462403091621,0.166874963415792,0.2033600245183008,0.166874963415792,0.1452451992747842,1.5513014813567454,228.04,ST/MT Ratio (Expanding EWM),GS,1.3745153633002158,0.08857629951836686,-0.015892548675091486,0.037781507523165045,-0.01882402726134251,0.002797169959706243,0.00012655869604538328,1.135335128237354,1.1222035913581934,1.7598760485668996,1.1914205545825938,0.933472395299079
2020-04-15,1.0277726716647455,0.8122008078538601,0.7902533607342267,0.4110560297492744,0.3997318247007801,1.126751812343496,0.9151487322361884,1.126751812343496,0.3154489763781793,1.3439677251890263,154.66,ST/MT Ratio (Expanding EWM),GS,0.7902533607342267,0.08265870252504387,-0.03263616870905033,0.002458188292345413,0.02503518822308928,0.006952230633079611,0.0026458904202758923,1.1604896091911157,0.9504410783949637,0.571835226546729,1.1554316088993342,1.2625016946951473
2020-07-15,0.9072784942117132,0.9081607082168472,1.0009723739852343,0.3260094828049748,0.3592693107933943,0.5231614531069289,0.4751146757653434,0.5231614531069289,0.3836878243380583,1.177708594376331,206.31,ST/MT Ratio (Expanding EWM),GS,1.0009723739852343,0.1847878858640906,-0.0024025422034876856,-0.04919097404620644,0.021028384063639542,-0.0039386064078887895,0.0009009552484451274,1.002548669418058,1.1376418553101701,1.8325893383942287,1.1498276005358141,0.9486044678150665
2020-10-14,0.8809866507848415,1.0665883993177183,1.2106748704620334,0.2139268502141374,0.2428258251192615,0.3096594520884574,0.3302791793366295,0.3096594520884574,0.2382775170617127,1.2153535451551667,201.34,ST/MT Ratio (Expanding EWM),GS,1.2106748704620334,0.24036115015919446,0.0039503719301043115,0.04185764502141975,-0.019906852514093125,0.03528184597539697,0.00325228366195664,1.124027723291691,1.0925104602046467,0.802493700432676,1.0271699255990994,1.103684634098417
2021-01-19,1.1336874434731978,1.0637233307032967,0.9382862417920436,0.3459642539408325,0.3049997964549155,0.3089358299424781,0.32862225,0.3089358299424781,0.2199899682805869,0.9718359857274488,256.98,ST/MT Ratio (Expanding EWM),GS,0.9382862417920436,0.07928342548006335,0.040296703146483204,-0.023171969025878567,0.03688607002763739,0.013544501856271773,0.0021612995426626954,1.1780202213578415,1.1192815091168606,2.812710153052557,0.9540870391846922,1.1896543915330533
2021-04-14,0.9231471501302768,1.0250763871845665,1.1104149398499523,0.2411824560243164,0.2611617125554477,0.3105086130523154,0.3182950472573579,0.3105086130523154,0.2776769328724108,1.1057986356151497,346.05,ST/MT Ratio (Expanding EWM),GS,1.1104149398499523,0.1227110047501056,-0.057236262040018686,-0.015612990159464595,0.032254967729915096,0.035754797702022424,0.002644123767850109,1.124895815443499,1.1716515325339447,1.4276891209061615,1.0694438343258548,1.2443721930314784
2021-07-13,1.0393749195310693,1.0231367465826773,0.984376982123334,0.220256952659378,0.2118771584604439,0.2499308734556567,0.2557134607379874,0.2499308734556567,0.203621330831398,1.287092949323802,372.92,ST/MT Ratio (Expanding EWM),GS,0.984376982123334,0.16706028032516232,0.05553426118112149,-0.013869838821304763,0.006357412431194823,-0.0023990130087558057,0.0020819888138247193,1.1286586388658,0.9489154884722398,2.3943506281235125,1.0242205858321327,1.0014787319983243
2021-10-15,1.166960499458833,1.0816082891692749,0.9268593835617062,0.2212897814434899,0.1896181513089339,0.2457493185487235,0.2658044999999999,0.2457493185487235,0.168540428046316,1.4916626611488215,401.95,ST/MT Ratio (Expanding EWM),GS,0.9268593835617062,0.1012593773502014,-0.00353027645026463,0.04523314279512452,0.00498994655940091,0.026436937312673124,0.0002476229048590033,1.1479074272055703,1.0728099198534966,2.2334587607072667,0.9790210835867533,0.9015717285688871
2022-01-18,1.2761626737993594,1.0201012865868109,0.799350511913807,0.3533908505004568,0.276887228293235,0.308399885367252,0.3145991198463587,0.308399885367252,0.237150230379921,1.3528608616952125,371.61,ST/MT Ratio (Expanding EWM),GS,0.799350511913807,0.1357073940206729,-0.012940837448159702,-0.06007022641936088,0.01685144427789768,0.04387665986318799,0.0011392708366046616,0.9981836771611777,0.9400913026571537,2.0175038220996386,0.9828225408208231,1.0774582586413914
2022-04-14,1.075809815041543,0.969776912081516,0.901438989050372,0.2124781056854741,0.1974849066154366,0.3869051345647293,0.3752116666666666,0.3869051345647293,0.1981213937172942,1.4183670944881672,329.16,ST/MT Ratio (Expanding EWM),GS,0.901438989050372,0.20288564088211378,-0.03342365313410588,0.09813245600979983,-0.018542576756406453,0.035792336231816525,0.0026723893376113823,0.8348134260366218,1.014663699378901,2.125960973034288,0.9454763735706958,1.158863824450783
2022-07-18,1.2508141617823954,1.0331513281853997,0.8259830754659597,0.2887873473411171,0.2307454631361855,0.3651036620122733,0.3772073333333333,0.3651036620122733,0.1948514634147194,1.37066268614026,279.79,ST/MT Ratio (Expanding EWM),GS,0.8259830754659597,0.06191438721318126,-0.055919983515301946,0.03568170427198155,0.0037507869791020545,-0.024303539835718327,0.002166655817359844,1.1669703411218004,1.171934703903088,2.2440867571689074,0.9326914887911748,1.0002927304008218
2022-10-18,0.9795975057809436,1.0614308130000465,1.083537684340942,0.1634405161224955,0.1666828797987598,0.3052938404463406,0.3240482892688657,0.3052938404463406,0.1511532684108446,1.5754717319880072,328.66,ST/MT Ratio (Expanding EWM),GS,1.083537684340942,0.15074919192078742,0.030810970438667012,0.01069716742387479,-0.05080958861522951,-0.003341901938559525,0.003180989905305672,1.1578155408962363,1.1860422454472357,1.5582153055092447,1.09913002083651,1.0656802217218575
2023-01-17,1.5537397062934526,1.2549947769786554,0.8077252398810914,0.3797305193006385,0.2443672861318474,0.2337844612764413,0.2933982778407025,0.2337844612764413,0.1650892803400463,1.4262970164323283,344.61,ST/MT Ratio (Expanding EWM),GS,0.8077252398810914,0.23848691154323798,0.004566128851594136,0.0023531799815114086,0.024911391137573388,-0.005629117636244916,0.002403274563037172,0.8178226526470613,1.2137766168282917,1.7148529448614154,1.0418413392338175,1.259903846147303
2023-04-18,0.8617131841017692,1.0072444455809046,1.1688859636409463,0.1747275653568171,0.2027413304107282,0.3695115587416969,0.3721884651205164,0.3695115587416969,0.2421563088380376,1.575737797615467,309.53,ST/MT Ratio (Expanding EWM),GS,1.1688859636409463,0.17899096132023518,-0.04314863149093689,0.012566622245729709,-0.036037330561046486,0.015231363376908197,0.0010332981092973403,0.9344638659940395,1.0177286976924944,2.4911853003177713,1.1390962964276956,1.105991924259338
2023-07-19,1.145268667706152,1.104853642918447,0.9647113154080676,0.2450719861730604,0.2139391626535578,0.2182571132495838,0.2411421666666667,0.2182571132495838,0.1754987392350857,1.6263356518078715,330.72,ST/MT Ratio (Expanding EWM),GS,0.9647113154080676,0.06545085025035738,-0.04332775702222657,0.019633672851380155,0.04058549571072498,0.02015883887536333,0.0012039358622793661,0.85229389578314,0.986028588586021,1.6249119616352266,1.0155123713521235,1.2345892766663886
2015-01-20,0.8528206301276208,1.1459519369566065,1.3437197652982666,0.1160796494796564,0.1361106098750262,0.1941067446430111,0.222437,0.1941067446430111,0.1393443650808546,1.0229152245142832,38.57,ST/MT Ratio (Expanding EWM),MS,1.3437197652982666,0.06188224016257737,-0.00975246447515449,0.023356467578501718,-0.005253002349161259,-0.01797231685064341,0.002102917390523237,1.1799820037328816,1.2222547701099673,0.5101816919822286,1.1366059287694272,1.0405766693882734
2015-04-20,0.7961108013937807,1.073083875479894,1.347907695262024,0.125830028662289,0.1580112191664968,0.2022338032395487,0.2170138333333333,0.2022338032395487,0.195392679855039,1.7274116345331554,36.5,ST/MT Ratio (Expanding EWM),MS,1.347907695262024,0.09290827260174524,0.06041575338512876,0.020668133980103455,-0.0022916745482794224,0.004695962847923442,-0.00031404406600010537,0.8668400351062536,0.913357281946343,0.5428668510440802,1.1710677911091845,0.9955946351022706
2015-07-20,0.9752516943865688,1.1756362188135414,1.2054695475848562,0.1094959607721844,0.1120203265496778,0.15814897813739,0.1859256666666666,0.15814897813739,0.1128548705529318,1.8505537451924976,39.37,ST/MT Ratio (Expanding EWM),MS,1.2054695475848562,0.2201694553009822,-0.0070856972977261685,0.006687420437657464,-0.012693347652112642,-0.047498183303903416,0.003673441885622985,0.8826052659719136,1.2879283140964162,-0.8999835485976315,1.1357346451181263,1.0285479822963481
2015-10-19,1.4581221785323033,1.0385335080102631,0.7122403892488735,0.2816115919128016,0.1931629115679151,0.2904719308588281,0.3016648333333333,0.2904719308588281,0.1391717376313546,1.699227262219224,33.03,ST/MT Ratio (Expanding EWM),MS,0.7122403892488735,0.14071456651704356,-0.05061000335913372,-0.0019201526092197825,-0.00420097184805191,0.03904862514504725,0.0024417467363775573,0.8149951827478638,1.2671210160838335,-0.44143067916166556,1.0655337851177087,1.0096216829718192
2016-01-19,1.0845439704333195,1.0559500670695938,0.9736350907448212,0.2296851477183406,0.2116911285542236,0.2770590287587134,0.2925605,0.2770590287587134,0.2124959013292168,1.1799406325227972,31.68,ST/MT Ratio (Expanding EWM),MS,0.9736350907448212,0.057648073919673526,-0.006601007243008043,-0.0005381985096053507,0.03846328362870092,-0.00980935601691734,0.0032270345970488723,0.8260771208738764,0.9199689942653516,-0.5377732046546448,0.921410104166814,1.2042232462079692
2016-04-18,1.0593927671462957,1.059576119295578,1.0001730728724685,0.3093690947987227,0.2919345904755888,0.2877499732654389,0.304893,0.2877499732654389,0.3062229313228139,1.2587506918689242,26.28,ST/MT Ratio (Expanding EWM),MS,1.0001730728724685,0.14701575079800785,-0.007545324941168458,-0.00184724841058043,-0.05919521641337699,0.004396598496112423,0.000419396059190831,0.9942264809133716,1.037156836539592,0.6734756405280287,1.178684020671787,1.264300725095259
2016-07-20,0.8343017940380809,0.986705081949257,1.182671653111919,0.2222037610470554,0.2662402176766194,0.3215699967544277,0.3172947499999999,0.3215699967544277,0.2161302433482213,1.5437902251396087,25.9,ST/MT Ratio (Expanding EWM),MS,1.182671653111919,0.10312293339705875,-0.09239103250295502,0.03801310290601193,0.034924134652204696,-0.0047412428497015215,0.0032445651603552556,1.0862705920490308,1.2538729509686752,0.27859211035049913,1.0143327978024848,1.1454848727416913
2016-10-19,0.9292440995341122,1.0483204226590894,1.1281432114389294,0.1514081595967346,0.1629121966560037,0.2575805966987367,0.2700270000000001,0.2575805966987367,0.1745302738163651,2.458281855215707,31.6,ST/MT Ratio (Expanding EWM),MS,1.1281432114389294,0.15249383047865306,9.967967187657261e-05,0.021806701668425854,0.011450587027542704,0.03165068937533538,0.004231498911027748,1.0494503789189056,1.0926799352049363,0.6026313937518131,1.1958540934826085,1.2284494504470898
2017-01-17,1.1101091869693007,1.1291684298910494,1.017168800281513,0.240395685019377,0.2164432622122026,0.2422156365338602,0.27350225,0.2422156365338602,0.2243851357756244,1.07570013860824,42.83,ST/MT Ratio (Expanding EWM),MS,1.017168800281513,0.13060603722878736,-0.006082708557303729,-0.0842116590399284,-0.02717554119643039,-0.06793766103493448,0.0006791216446226825,0.9739920791552181,1.1909169908958275,0.07824677300983796,0.9300507978711989,1.0409724102210962
2017-04-19,1.015758811275994,1.0822412641748986,1.0654510225861489,0.2008100248887901,0.19671548285399,0.2091188051053886,0.226317,0.2091188051053886,0.199090289543783,1.3636470012091373,44.59,ST/MT Ratio (Expanding EWM),MS,1.0654510225861489,0.20576291209652667,0.026367222768469645,0.02367702329589283,-0.02388280982623095,0.0025847414418522755,0.0027714017949037667,0.9611891200493576,0.9066148498242683,2.259168006543584,1.0077580207167545,1.1321672663120588
2017-07-19,1.0542664753775923,1.078101057832825,1.0226077400845892,0.2009181079071942,0.1904643090595517,0.2169695719158379,0.233915125,0.2169695719158379,0.1798428457313283,0.7336531050341748,45.72,ST/MT Ratio (Expanding EWM),MS,1.0226077400845892,0.18884322657624997,0.06671346332308709,0.009842085841563245,0.04490982568020508,0.00035453106255755283,0.0020011099446872933,0.8295852749083824,0.9699987315002336,2.55877490131024,1.0826062583648401,1.2801136200681942
2017-10-17,1.058613865145388,1.0854765105160271,1.0253753009053497,0.160666737743337,0.1517701468375075,0.197049634817355,0.21389275,0.197049634817355,0.1688691182801581,1.4624348533431704,47.32,ST/MT Ratio (Expanding EWM),MS,1.0253753009053497,0.16989755815449503,0.041429776034171514,0.0034387373066230775,-0.02063767199856828,-0.00834090968979207,0.000455566151751756,1.1995000137565268,1.0487440461332378,0.19521225633309847,1.157506816547729,1.2994445708149818
2018-01-18,1.2013937113354174,1.137655440861025,0.9469463924498628,0.1762470546736287,0.1466767984803949,0.1923541541139892,0.21883275,0.1923541541139892,0.1408196297648414,1.2550353783066657,52.93,ST/MT Ratio (Expanding EWM),MS,0.9469463924498628,0.11478721894708806,-0.007411104169419068,-0.0076555535926665745,-0.02583376276489899,0.04615566364089081,0.00249288397185187,1.0518564936929828,1.218056289004609,2.126983435261098,1.006601912465864,1.129708152102835
2018-04-18,1.2971800481858182,1.0462409555075418,0.8065502988353627,0.2416197794885848,0.1862450976939837,0.2290963651711799,0.23969,0.2290963651711799,0.1400178011800439,1.1796061544099845,56.95,ST/MT Ratio (Expanding EWM),MS,0.8065502988353627,0.19244193119563338,-0.03672840680595846,0.037723381599580406,0.03143286355911824,-0.01918323647139428,0.0028336032048373485,1.1332227765056855,1.1752455505044221,-0.915344744071847,1.00101170066926,0.9577902786378422
2018-07-18,1.043968551415761,1.0046355048248583,0.962323533081948,0.2034937412457356,0.1948790713146865,0.2264169576288481,0.2274665145283664,0.2264169576288481,0.1913707157130784,1.103043957049504,50.77,ST/MT Ratio (Expanding EWM),MS,0.962323533081948,0.05940339831324229,0.09206759311374513,0.032425793863685735,0.011463821907147856,0.02229490443089153,0.0013988734473311532,0.8931888848312156,1.2621957909965302,-0.8524268443569274,0.9659402135885772,1.0238277408952927
2018-10-16,1.3209487897023275,1.0901035750068009,0.8252428735352055,0.271274791229419,0.2053280022446023,0.210130117680268,0.2290635924998599,0.210130117680268,0.1505552483643721,1.273441093764375,47.68,ST/MT Ratio (Expanding EWM),MS,0.8252428735352055,0.0892421583130469,0.004072645190507089,-0.019186330034708272,-0.020448139413409974,0.011906319717652089,0.003165916520255223,1.046753628786558,1.1136406760343462,-0.1269220685864556,0.9492723201669464,0.9947192138384475
2019-01-17,1.4499090244072352,1.0222663357443948,0.7050555024735616,0.3600119439366159,0.2482516989250527,0.3730937997711747,0.3814012315810317,0.3730937997711747,0.185106890309931,1.3191517854702677,39.89,ST/MT Ratio (Expanding EWM),MS,0.7050555024735616,0.18866801740956207,0.0024875252169531173,0.016211568613736054,0.008415624385115476,0.0345379813133879,0.00033323659321080236,1.0010118506806622,1.0084711142844813,2.7904100064308888,1.0391595664286544,0.9235184066178549
2019-04-17,1.2545699399534551,1.0961192722279816,0.8737012081356322,0.2656078155037083,0.2116754284612703,0.2085179102228774,0.2285605,0.2085179102228774,0.174160783171095,1.1856272618967338,44.03,ST/MT Ratio (Expanding EWM),MS,0.8737012081356322,0.23613454727383376,0.0011556219511498853,-0.025149702036238574,-0.022643817091006935,-0.013679727119437636,0.0005052438535503559,1.0917065623346534,1.0315381152835958,1.6139557282329902,0.9838783111569696,1.128297496693328
2019-07-18,0.929270525092294,0.9982702723773808,1.0742515181768344,0.1449086722538214,0.1558776629648281,0.2579810642256953,0.2575348272527914,0.2579810642256953,0.1755585350712526,1.347247576990675,43.34,ST/MT Ratio (Expanding EWM),MS,1.0742515181768344,0.2039427982936416,0.008932966626874938,-0.03738854494366791,0.03052053496056513,-0.015324222478093974,0.0021365973955887524,1.1088610019229859,1.2712034967098216,0.04450857773230821,1.0004570852996943,1.0857065681143758
2019-10-17,0.9509358261172336,1.0645434397926192,1.1194692749554478,0.1497686531472174,0.1572062475602797,0.248309044932171,0.2643357648237134,0.248309044932171,0.1626376503345838,1.3299681827481356,44.21,ST/MT Ratio (Expanding EWM),MS,1.1194692749554478,0.16175627481070579,-0.0030526144173379966,-0.014801516737698953,0.02953427412182834,0.030401747686934964,0.0020253852779722717,1.1708699350943954,1.260554742724263,-0.6404868795974479,0.9395789477261433,1.0982036709322553
2020-01-16,1.5427312695947153,1.2643126739128163,0.8195287791404907,0.3185455887326938,0.2063647256493139,0.1651796839165236,0.2088387678485738,0.1651796839165236,0.1363313805435135,1.5685833881849598,50.9,ST/MT Ratio (Expanding EWM),MS,0.8195287791404907,0.12435505159157599,-0.01807817024080827,0.02987180417148276,0.01630015497054858,0.01363303270825276,0.0012834265115758948,0.8426477091221695,1.038232349339479,-0.40645848713008936,1.0908121065395657,1.2797981726956646
2020-04-16,0.8567374166934383,0.8473386279590587,0.989029557305138,0.3786784063829524,0.4417417976884648,1.1099393059224625,0.9404944485981692,1.1099393059224625,0.4295595873764935,1.026242835689774,33.79,ST/MT Ratio (Expanding EWM),MS,0.989029557305138,0.18166702398624823,-0.017140062943413727,0.0325937513612826,0.012041526531175415,-0.03562343366691897,0.002809594435971886,1.1986935081177525,1.050096452998766,1.3960505484584491,1.1568802960572244,0.9469848291185536
2020-07-16,0.8765281454803868,0.9330427078718248,1.0644754679959134,0.2969092202559705,0.3386966525205302,0.5403072805862218,0.5041297681610302,0.5403072805862218,0.4118628814488775,1.4352174196218663,48.56,ST/MT Ratio (Expanding EWM),MS,1.0644754679959134,0.24415123669628347,0.0008536355424400564,0.01939256260291879,0.04702970312168435,-0.01048262536158176,0.0025308943142159494,1.075825764420786,1.0635374646900273,-0.17541535887934367,1.0208260856242326,0.9303841147859667
2020-10-15,0.8760758675823879,1.0657346211626195,1.2164866772367702,0.1968226819862113,0.2245507907280749,0.3170171825595159,0.3378561869571067,0.3170171825595159,0.2235194123013831,1.1363257648587393,50.39,ST/MT Ratio (Expanding EWM),MS,1.2164866772367702,0.0972261472104135,-0.017019866989681776,0.025752873605439913,0.0029921581847056323,0.012659566346201525,0.002858139070934016,1.0781628594357222,1.0010970674993813,0.245622580179512,0.9363243894724388,1.2458636455559566
2021-01-20,0.8895812129984368,1.0267165651870724,1.1541572036198977,0.2527279684869991,0.2839686946517561,0.3269274546789592,0.3356618333333333,0.3269274546789592,0.3125855373422633,1.0739389790474,67.83,ST/MT Ratio (Expanding EWM),MS,1.1541572036198977,0.10159846388387278,-0.022949602393700756,0.01948534861344875,-0.02654685313552003,0.02394410553866473,0.0018768635646477325,0.9973777117130954,1.1288587511145602,1.2777307323794185,1.0231479343624026,0.9770119661752558
2021-04-16,1.1297304746226935,1.0742609015854856,0.9509001710733404,0.3056384309326747,0.270503214016085,0.2960081666666666,0.31799,0.2960081666666666,0.2536414916925472,1.1732594169863766,83.86,ST/MT Ratio (Expanding EWM),MS,0.9509001710733404,0.1989049890662946,0.00572505796921639,-0.015244447856688567,0.014236847820807672,-0.013980766329823877,0.002602580267978341,1.09805309939936,0.9508225061430697,-0.584504838884758,1.113043511278951,0.9835348081807935
2021-07-15,0.9853627871466027,1.037639280948062,1.053053042476711,0.2183797132847561,0.2215981360132434,0.2559684764020616,0.2656029457992062,0.2559684764020616,0.1861691796059375,1.228888888888889,90.7,ST/MT Ratio (Expanding EWM),MS,1.053053042476711,0.13520569802336632,-0.006924202609729933,0.01695767634021822,0.05515117623842784,-0.06985639974542353,0.0015543496969700054,0.922709100541133,1.090090986800696,0.7974052669181848,1.1125737375194997,1.1493727173773445
2021-10-14,0.9724607074259244,1.0421590811118018,1.071672174673635,0.1767554598024654,0.1817292073811291,0.2920753765621944,0.30438900605344,0.2920753765621944,0.1705397891120761,1.4755054339481002,101.91,ST/MT Ratio (Expanding EWM),MS,1.071672174673635,0.18284154354244686,0.0546397546003941,0.028012285756830475,-0.022368987329646303,0.01608057964342583,0.004053818690086596,1.0577584649127463,1.185621732262183,0.17045090969386134,0.996699993540142,1.0751990991582216
2022-01-19,1.3918078528241449,1.0081661747556698,0.7243572973884147,0.4388810318385798,0.315211582859719,0.3215900891324529,0.32421625,0.3215900891324529,0.2389214577063889,1.2420882219300011,95.37,ST/MT Ratio (Expanding EWM),MS,0.7243572973884147,0.17108410054385076,-0.09078394329375543,0.026628739894407234,-0.006036569167349641,-0.027508017248599397,0.0011874542298780145,0.9229848692134105,1.2939751475883454,2.2562077056857186,0.9493964064768089,0.9022376623527478
2022-04-14,0.9098511165620544,0.960192390569358,1.0553291336252046,0.2248125848074853,0.2470897718238181,0.4086471407749165,0.392379875,0.4086471407749165,0.2629193402069765,1.2812283266290374,86.33,ST/MT Ratio (Expanding EWM),MS,1.0553291336252046,0.07021772423732964,0.040202739817286164,0.039667401144239285,0.013411150952536312,-0.04743346995306029,0.004105297429458312,0.8171133072989072,0.9976253804171701,-0.5428348566525738,1.0600014344677715,1.2431980890909435
2022-07-14,1.1032330911944517,0.9660008568674162,0.8756090300206129,0.2097578999612406,0.1901271460012989,0.4255022421603511,0.411035530525906,0.4255022421603511,0.1680291998960539,1.3438456031529378,74.96,ST/MT Ratio (Expanding EWM),MS,0.8756090300206129,0.19644916970590884,0.04561298173741702,0.025249115416031913,0.0016523787748565207,-0.06780814812460352,0.0020348879470894086,1.0947000883652909,0.9862436252328762,0.5971970241031435,1.0523682628593833,1.2240823398013343
2022-10-14,1.2074822946878845,1.027750555702042,0.8511516568180405,0.2015928092539454,0.1667741897947099,0.3224741666666666,0.3314230039912195,0.3224741666666666,0.1303925983743838,1.4864017501628584,87.18,ST/MT Ratio (Expanding EWM),MS,0.8511516568180405,0.23418507761954466,-0.07056865813428524,0.014543446226247488,-0.021557589509432873,0.02334952150494353,0.0006244891104312573,1.1356486412424658,1.2638873247631104,1.0369810020115007,1.108282423930759,0.9447201484935749
2023-01-17,1.450335984813219,1.1070010930962144,0.7632721691303683,0.3216927537687533,0.2217719169888055,0.2691466402862026,0.297945625,0.2691466402862026,0.1597851269865363,1.354163245509851,85.55,ST/MT Ratio (Expanding EWM),MS,0.7632721691303683,0.08271295892565156,-0.009994065792812208,0.03610450714949282,0.031046446405761773,0.006215436260124163,0.003368079350488601,1.0261155839815927,0.9994767237884541,0.7268675401064444,1.0902151524920158,1.0027943751415125
2023-04-19,0.9071393497866346,1.0167226008558985,1.120800901311401,0.1906401758772875,0.2101420298622961,0.3712612955414172,0.37746975,0.3712612955414172,0.2116450467358821,1.5749727430475575,85.64,ST/MT Ratio (Expanding EWM),MS,1.120800901311401,0.12406964781142689,-0.011000430309852703,0.003204362222528198,0.06100101805043149,-0.0026414095178062913,0.002125901388394959,0.8208740231187045,0.904093542563503,-0.9113618578219138,0.902504921254131,0.9441420226231502
2023-07-18,1.3194205992383452,1.1668077939799943,0.8843334677763491,0.3035281676297159,0.2299618233032626,0.2042815736432829,0.2383573322934807,0.2042815736432829,0.1725129539617814,1.5332694628430352,88.09,ST/MT Ratio (Expanding EWM),MS,0.8843334677763491,0.13176841099474101,-0.047262909315123745,-0.022456239536831544,0.007903286475597685,0.03772560907406904,0.002851124098380238,0.895795485828052,0.9884886056729197,2.947186376719587,0.991801831562683,0.9509683133437596
2015-01-15,1.063837583354204,0.9779463906429396,0.9192628705215926,0.1630336033004745,0.1532404634273441,0.253356423594045,0.247769,0.253356423594045,0.1379193286725733,1.5373776649111912,51.17,ST/MT Ratio (Expanding EWM),C,0.9192628705215926,0.18484711237933174,-0.02522358406568064,-0.0008920089183129162,-0.01960170724340002,0.018933117075576815,0.0032238559185425934,1.0182250176671033,1.2431829821590035,1.7122415071507007,0.9888246267406351,1.124646463916582
2015-04-16,0.9045168986440006,1.06507990373691,1.1775124437515938,0.1302503802343987,0.1439718286089109,0.2104852642636815,0.224183625,0.2104852642636815,0.1659923860495153,1.2496264663183885,53.84,ST/MT Ratio (Expanding EWM),C,1.1775124437515938,0.21501509528184506,-0.03687015459130401,-0.01834707934419347,-0.03572401312633688,0.043407501068047916,0.0023379555541450255,1.0859423896801637,1.191241796947097,1.6661538211907554,1.1612431274326853,1.2480421833376418
2015-07-16,1.2656983926170733,1.0926843965355246,0.8633055101509538,0.1799835746431213,0.1421437247005405,0.1850310191499085,0.2021805075001709,0.1850310191499085,0.1061028778349442,1.1804878212170744,57.07,ST/MT Ratio (Expanding EWM),C,0.8633055101509538,0.22618909865272552,0.0633294655198268,-0.016255348249231444,0.009449399530529522,-0.03181838680417491,0.0014077591551871855,1.0315746237628014,1.071942547644485,1.5662811822603993,1.145463600411139,0.9022608419364739
2015-10-15,1.184252920851412,0.989288644991692,0.8353693941328414,0.1898416417934937,0.1602138845363273,0.2726917839387485,0.2697708854331317,0.2726917839387485,0.1286647562651578,1.3279447119196686,52.0,ST/MT Ratio (Expanding EWM),C,0.8353693941328414,0.1338762193247335,0.03474874376016114,-0.00033556012146553456,0.03059693358290644,0.0021362344011509123,0.00297571337766925,1.1967988036059405,0.9731575089316797,0.8809959426399048,1.16160892045286,0.9900161596176797
2016-01-15,1.163848662703897,1.0983076626088788,0.9436859772277,0.2301792713047054,0.1978137838919987,0.21368375,0.2346905,0.21368375,0.158935085754724,1.1530251578871031,53.9,ST/MT Ratio (Expanding EWM),C,0.9436859772277,0.06891914883577832,0.04650442832479556,-0.019772597629998837,0.014879193662384542,-0.03741783437370036,0.0020007555074545956,0.9907180895601533,0.9530328720724717,0.5803053015527704,0.9531406364379008,1.045451099508463
2016-04-15,0.9702087356620852,1.081627910792532,1.1148404163300103,0.259376697189976,0.2673192679711353,0.281876625,0.304885625,0.281876625,0.2967436972911896,1.2993873660309456,42.23,ST/MT Ratio (Expanding EWM),C,1.1148404163300103,0.06405898865959539,0.027258522241513223,-0.005238845889171208,0.002939903977028654,-0.0027345582963866806,0.002685857818608419,0.9493856867170888,1.2972683158393332,2.979252117215089,0.9344358835981837,1.190387511731339
2016-07-15,0.8730852060202041,0.9297820382999435,1.0649384869756084,0.2330863145875516,0.2668329556979847,0.357494,0.3323915,0.357494,0.2299877242104748,1.3909183123186355,42.01,ST/MT Ratio (Expanding EWM),C,1.0649384869756084,0.08266854895081632,-0.03751681199260302,-0.052808440008613566,-0.011731791294732655,-0.0032153963441669316,-0.00015373057379146137,0.8206981918676405,0.9120768061348755,-0.5786644230201428,1.18964569710238,1.276345419157879
2016-10-14,0.7910785448705585,0.9741344939094864,1.2314004724636802,0.1214263012573288,0.1534377130834727,0.2842155,0.2768641222537316,0.2842155,0.1662438080804696,1.4067460470571893,46.75,ST/MT Ratio (Expanding EWM),C,1.2314004724636802,0.23336484285214631,-0.01635820931979208,0.010398811221188157,-0.024304090817952245,0.018665340931576766,0.002446981717009852,0.8775711281122722,0.9646689342214846,-0.037859653936211934,1.0546640982225426,1.127881852814164
2017-01-18,0.8400687781567715,1.151780239027402,1.371054690967767,0.1488805767344412,0.1771940412401452,0.2208691305685335,0.2543926999999999,0.2208691305685335,0.1871178631824139,1.2117732552303944,59.66,ST/MT Ratio (Expanding EWM),C,1.371054690967767,0.20909395912421452,0.019128109642977134,0.004036164260866728,0.023868783158122055,0.004139097028547458,0.00136141417485497,0.888637372175779,1.2026491152359782,0.23821267761060305,1.176639397658823,1.1626890825826923
2017-04-13,0.7821430041371352,1.0773741667208736,1.3774644291671945,0.10411694348029,0.1331169406472297,0.2034674815348379,0.2192106083733907,0.2034674815348379,0.1473131804827589,0.8620384867922624,61.44,ST/MT Ratio (Expanding EWM),C,1.3774644291671945,0.13926478212808133,-0.04077447331121809,-0.020512658932045718,0.025844290534639644,0.018585178456997888,0.0036533096371785304,0.9745404777214447,1.215964800681138,2.271658504186659,0.9871444816826831,1.0358858175344339
2017-07-14,0.9330702222312102,1.0128938374725067,1.0855494188319694,0.1453234761882794,0.1557080224095552,0.1911497499999999,0.1936144038094102,0.1911497499999999,0.1492535894833078,1.3701144887485197,64.72,ST/MT Ratio (Expanding EWM),C,1.0855494188319694,0.1721597508219774,0.026954945056033585,0.02377737005297215,-0.03564324466726833,0.020586003328472356,0.002623087347889095,1.1743820614914413,0.9658964153453088,-0.8313983321482632,1.0362165967828647,1.2204839600974515
2017-10-12,1.2018391374277342,1.1236982068591082,0.9349822050762392,0.1937537393728154,0.1611683721241698,0.1735793067069564,0.1950507556944541,0.1735793067069564,0.1448391676533805,1.609849593587463,68.79,ST/MT Ratio (Expanding EWM),C,0.9349822050762392,0.2324457340165556,-0.0064113889355347205,0.03212710412879675,0.0427459744545171,0.05687321693457855,0.002239857745849297,1.1086672425242983,1.267812251565133,1.132802657476161,0.93001940146996,1.1354755897344064
2018-01-16,0.9135278162019098,1.1439856145590808,1.2522723383676746,0.124843510668742,0.136627973083185,0.1792894777023796,0.2051045833333333,0.1792894777023796,0.1523576247946384,1.4966123040395056,75.67,ST/MT Ratio (Expanding EWM),C,1.2522723383676746,0.23642016581286293,-0.011118728264235904,-0.04422679593106922,0.017351780522350032,-0.00488241638215311,0.0024863099933502214,1.1113582457412845,0.9373312481079306,-0.30937039560964097,0.9036871983467013,1.1374610317787242
2018-04-13,1.321790278169287,1.1277484237568671,0.853197698895794,0.2200221783278014,0.1664786615569716,0.2031937999999999,0.229151487667168,0.2031937999999999,0.1093092678930548,1.0631520767364124,73.47,ST/MT Ratio (Expanding EWM),C,0.853197698895794,0.24566178825971097,0.026883598887122214,-0.018881743356986426,0.03798986612864484,-0.020525567516659477,0.0010015591471232818,1.1546937567783617,1.1682653264008398,2.928160350363928,0.9189100957499284,1.2612004340605985
2018-07-13,1.3237592980085608,1.0622434122603412,0.8024445334271576,0.2689080997018646,0.2030487078124538,0.1885899166666667,0.2003283965978934,0.1885899166666667,0.178770702609849,1.1734500850111451,67.29,ST/MT Ratio (Expanding EWM),C,0.8024445334271576,0.1982328776537701,0.0175492159020114,-0.01907427049361894,-0.030553193712127877,0.00915209038291022,0.003623256690528054,1.1256273149546723,1.025696608199802,2.894106207349007,0.9863813244514246,1.2557218895312874
2018-10-12,0.8756609457603016,1.1204972354848175,1.2796017007609426,0.1299041683138081,0.1482694674277784,0.1844219,0.2066442291128574,0.1844219,0.1485489485035345,1.349812508500262,70.51,ST/MT Ratio (Expanding EWM),C,1.2796017007609426,0.05548075216937649,-0.010633815803667799,-0.024197093033265935,-0.031145603885385974,-0.017057000678488587,0.003991370418416905,1.1522994308296757,1.2030630466411891,1.2538818952514075,0.9360008248850664,1.1127886937985993
2019-01-14,1.196506701742435,1.0544019141677337,0.8812336049871191,0.2794408265530702,0.233477425879412,0.3293744792339327,0.3472930813822591,0.3293744792339327,0.1833218760690757,1.3030234773207023,55.02,ST/MT Ratio (Expanding EWM),C,0.8812336049871191,0.06544228715334777,0.04257654311774869,0.028884245257952454,-0.000724232744182423,0.0400490192109134,0.0023929135105482165,0.9427185022619738,1.2168868132621407,2.0325168259873796,1.1731837522117816,0.9059320649726832
2019-04-15,1.090741580019294,1.120151041717068,1.0269628134074191,0.2027882903697387,0.1859040640243336,0.1946432654296723,0.2180298565342592,0.1946432654296723,0.1510490264082643,1.1531450150441815,65.19,ST/MT Ratio (Expanding EWM),C,1.0269628134074191,0.1640260871088989,-0.035837216465996406,-0.0018147841631841054,0.015569610672379856,-0.004080450973630814,0.0035904035685736385,1.1236412867292185,1.2753848212498675,2.1572017964326005,0.93905833796111,0.9325116419363552
2019-07-15,0.7105982880673555,1.0508523918689208,1.4788276435719665,0.1149767754410644,0.1617908241419983,0.2491387498603479,0.2618080511979793,0.2491387498603479,0.1961771249761858,1.685517171689334,67.48,ST/MT Ratio (Expanding EWM),C,1.4788276435719665,0.10732326428066413,0.023557746243049234,-0.003935445239318322,0.047909020573174095,-0.011139409196849755,0.001430851801327466,0.8083380959230804,1.1514980903312284,1.5186906074395492,1.1960741142654636,1.0592172696416384
2019-10-15,0.9880019600054264,1.017670904758765,1.0300292367367123,0.1726098791335959,0.1746302664016467,0.2478653111237952,0.2522453154296655,0.2478653111237952,0.2036142409851766,1.6505492493592089,69.83,ST/MT Ratio (Expanding EWM),C,1.0300292367367123,0.20289193951748072,0.022758544028893435,-0.056115870932202605,0.02065197284537829,-0.008782893028777945,0.0012028864337750192,0.9327625139589987,1.149769970873757,2.302434690030376,1.1810321848569005,1.2212496664716155
2020-01-14,1.1682807527878143,1.2067010803657312,1.0328862112007209,0.1494817885519139,0.1279364625498598,0.1704107268889783,0.2056348082428397,0.1704107268889783,0.130206241599871,1.029613272984401,76.91,ST/MT Ratio (Expanding EWM),C,1.0328862112007209,0.0808763190541403,-0.008834125375989661,0.02306254090627679,-0.0030670319203008334,0.020960435586791025,0.002040924748728923,0.9706695922463219,1.1539656941248257,2.425197306864468,1.0471829064935219,0.9866746574821571
2020-04-15,1.2325849752087987,0.7187759665790134,0.5831451632430076,0.7740025604429185,0.6261176464336206,1.4330508362744063,1.0300425,1.4330508362744063,0.4890093295510311,1.1875381514948309,41.19,ST/MT Ratio (Expanding EWM),C,0.5831451632430076,0.1056947042934364,0.01341465577847413,-0.033177751845604175,-0.022659230191647305,-0.0009436745807871315,0.0024349410383678986,0.8678893758991492,0.9000630978312227,1.872951979925137,0.9333291626537972,0.9975356398783762
2020-07-14,0.8898116034492204,0.9141235850551068,1.027322616958067,0.4693161894185667,0.52728547033194,0.7223816623711092,0.660346114984746,0.7223816623711092,0.6708632429530408,1.4546488469959145,52.98,ST/MT Ratio (Expanding EWM),C,1.027322616958067,0.07593908896875685,-0.041788975173485614,0.0057979789079898505,0.033750014317978756,-0.013041670503259557,0.0016060133187568797,0.9191505326091174,1.1241519440547074,0.591829109183077,1.1024021976069485,0.9222554637314812
2020-10-13,0.8735916008441124,1.0426210356423289,1.1934879349056138,0.287490141780993,0.3290498611409309,0.386831201317899,0.4033183477368341,0.386831201317899,0.2895752718403254,1.1548167632458517,48.15,ST/MT Ratio (Expanding EWM),C,1.1934879349056138,0.07858103470139342,0.03434094567224154,0.012321308138745763,-0.02111763564376788,0.04463379794058827,0.0025377681903684837,0.8495756777057758,1.0996846014133068,0.34785915138731927,0.9887440088254079,0.9268112316150091
2021-01-15,1.180927353041512,1.077474503822589,0.9123969404616828,0.4552942119319177,0.3855346806269159,0.3351936623267579,0.3611626249999999,0.3351936623267579,0.351358864754867,1.081118970065311,59.75,ST/MT Ratio (Expanding EWM),C,0.9123969404616828,0.24860693813353563,-0.004471574775504617,0.04481975787515953,0.043711713869308055,-0.01840424601654375,0.002306389482073414,1.1582876698992006,1.1767274344500203,-0.5135273727214025,0.9195137873211422,1.2899490133724973
2021-04-15,0.7475615102475626,1.052311591371238,1.4076588708034932,0.1969792414924918,0.2633790468119655,0.3329789714819181,0.3503976313732952,0.3329789714819181,0.3252428227701487,1.069348798832154,73.33,ST/MT Ratio (Expanding EWM),C,1.4076588708034932,0.18073094811468104,-0.016295305718166384,-0.03526461197357336,-0.004109616240162735,0.0038891518508248385,0.0010016932247089451,1.072469020175802,1.0669824284374967,1.8069241630231394,1.1268995359440477,1.2119848809555118
2021-07-14,0.9775693615249345,0.997678303558006,1.0205703480740265,0.2053571709533922,0.2100431567393984,0.2574722483591455,0.2568744759562179,0.2574722483591455,0.1820505162773422,1.2976183845119398,75.16,ST/MT Ratio (Expanding EWM),C,1.0205703480740265,0.19007506524086398,0.038715322904291125,-0.08658536467462476,0.042764551815446264,0.01930765379025576,0.002518793017451721,0.991150922261223,1.0719531032499392,-0.9558876629243986,1.1779671345425513,1.1413231513555773
2021-10-14,0.9247272598489314,1.0322380541142555,1.1162621660822325,0.1673691894296157,0.1809713410088594,0.2803546080332118,0.2893926950581674,0.2803546080332118,0.1864006794782734,1.3796268550790922,68.78,ST/MT Ratio (Expanding EWM),C,1.1162621660822325,0.16681552225512697,-0.022652029168996574,0.009515486342610846,0.01997328225148196,-0.03778337776042683,0.0028635282425215213,0.8812615748759872,1.2678413677685747,2.6597276070811855,1.1967552493098288,1.2496226252555915
2022-01-14,0.9924083408991736,1.0049701921727237,1.012657946085145,0.2261317807548703,0.227839388311113,0.2602076660431646,0.261500948148215,0.2602076660431646,0.2061059177305924,1.2009786185627402,60.24,ST/MT Ratio (Expanding EWM),C,1.012657946085145,0.17636738529615775,-0.04729614537272459,0.05801533544532561,-0.0004248872360614567,0.015006512535148123,0.002171469317590391,1.1991137551280258,0.9978744752493091,2.3689983407969364,1.1469084926387294,0.9923761436882935
2022-04-14,1.12272067151815,0.9636552015742392,0.8583214204751202,0.2713030975991985,0.2415268599552419,0.4110598887993272,0.39612,0.4110598887993272,0.2510738235854524,1.3335732675602374,55.11,ST/MT Ratio (Expanding EWM),C,0.8583214204751202,0.11447642645024095,-0.05248202107333664,0.04116839058818312,-0.009984909295653167,-0.023377691887011234,0.0031526481032616927,0.8393750196003964,1.29176820547104,0.18409820608244143,1.1612675371403418,0.9016508618698416
2022-07-15,1.5112411328810886,1.0203311128711654,0.6751610253791641,0.5942378579190842,0.3930023810813405,0.3793175520355511,0.3870295,0.3793175520355511,0.2587463763355859,1.2696435619309443,47.58,ST/MT Ratio (Expanding EWM),C,0.6751610253791641,0.08939937688356746,0.023210348297097387,0.010289782458238774,-0.005522696933651996,0.023569569520850063,0.000782596206503048,0.808409922887841,1.0863485234785475,-0.04514126425974574,1.1069523850307892,1.1262257302271819
2022-10-14,1.184081952272132,0.959249542812446,0.8101209050368045,0.2658563559553838,0.2244563246294656,0.347729140960478,0.3335590194889031,0.347729140960478,0.2323823291060555,1.2963550069410572,48.43,ST/MT Ratio (Expanding EWM),C,0.8101209050368045,0.1548954032290876,-0.042815027337369915,-0.01074908556896142,0.013707917309380938,-0.02106627529797441,0.0024679504221318516,0.8309943189801966,0.9650513185262869,0.5521970802336571,0.95568121918663,1.2168889388975714
2023-04-14,1.0186983813560195,0.8655794323557957,0.8496915752468335,0.2981222987019569,0.2924853808979846,0.5319728601578847,0.4604647663241509,0.5319728601578847,0.3290510725261779,1.3899490674732358,44.82,ST/MT Ratio (Expanding EWM),C,0.8496915752468335,0.1621680379979232,0.06341779636945277,0.02821367789911931,0.0049289124054429185,0.02031922579622152,0.0008297192936032252,0.966428094221312,0.9373727467369998,0.9373716090884994,0.9272514543184243,0.9515749221679269
2023-07-14,1.1969117385518566,0.9462982809454624,0.7906165930750988,0.2564544777614649,0.2142325897488668,0.2594433012756887,0.2455107499999999,0.2594433012756887,0.2065293623455397,1.3430074683920925,48.24,ST/MT Ratio (Expanding EWM),C,0.7906165930750988,0.15602009086847327,-0.07086752927593028,-0.025206385991134058,-0.01184528520171763,0.030645826657367824,0.0008859186417669125,0.8958439328112822,1.243811082098996,2.6984501293318877,1.1478773187996207,1.033630886967139
2023-10-13,,1.1432137493141463,,,,0.2109239551108334,0.2411311655424245,0.2109239551108334,0.1614060951969219,1.397669290764633,160.0,ST/MT Ratio (Expanding EWM),C,,0.13760121343629939,0.06137597289015134,0.018290733080686572,-0.001140785257940806,0.024535913140820126,0.00136906916626221,0.9089785764435326,1.1196622763160957,1.8874126421324493,1.1980118364480523,0.9526282847515705
2015-01-21,1.372153063941716,1.2332102925828443,0.8987410551999659,0.1569693616377685,0.114338836175086,0.1128029427232946,0.13910975,0.1128029427232946,0.0871873599772277,1.2642432191877078,45.64,ST/MT Ratio (Expanding EWM),USB,0.8987410551999659,0.18225238501965263,0.009385611352091644,0.019164104774998802,0.004964425742978745,0.009282916205952561,0.001057939816425755,0.8197167996095218,1.1777423555981084,2.328903134015622,1.1539046339599268,1.1713854196308644
2015-04-15,1.0962260443574847,1.0348848005198552,0.9440432526180468,0.1235196522048656,0.1126162289293524,0.1526562541714632,0.157981637146343,0.1526562541714632,0.1011641123211028,1.1025509346018931,44.97,ST/MT Ratio (Expanding EWM),USB,0.9440432526180468,0.21999877990455147,-0.0013849589154637338,0.035806297224966394,-0.050218352360370304,-0.002782523573242489,0.0014520041812588623,1.1816063216476749,1.104401905417835,2.65525919334485,1.1903436410974568,1.2388629828012432
2015-07-15,1.4240476416584211,1.050671969910389,0.7378067553180977,0.2044762265373484,0.1435149881883505,0.1544984374402462,0.1623271776134205,0.1544984374402462,0.1140546007532574,1.2581232523356385,44.4,ST/MT Ratio (Expanding EWM),USB,0.7378067553180977,0.1817670515178354,-0.017072168038313233,0.08678980116733233,0.014454202869717468,-0.011410489408371104,0.0017858496892888113,0.9239034253034483,0.9784862604681182,1.1924802599272737,1.0359044251140566,1.2511033368770932
2015-10-15,1.0194256304459532,0.9956550826038644,0.9766824110242448,0.1380356977793592,0.1352372015212036,0.2319129331240975,0.2309052905865778,0.2319129331240975,0.1193423887180316,1.213549881053481,42.0,ST/MT Ratio (Expanding EWM),USB,0.9766824110242448,0.12947063570500322,0.015969764002322476,0.015772479015363012,-0.02149303061792017,0.0397758672704276,0.0028371544863313846,0.8400126684268615,1.0030960245246074,2.007195778074834,0.9284959934931937,1.02830576560868
2016-01-15,1.046696708814781,1.065705839541916,1.0181610685951807,0.1186554838131173,0.1132205455855864,0.180512875,0.1923736249999999,0.180512875,0.1125553820902463,1.0042616352659426,44.36,ST/MT Ratio (Expanding EWM),USB,1.0181610685951807,0.22712300882257833,0.0006827854151303067,-0.011268908771224962,-0.025833310080143626,-0.01448738050419108,0.0016788409612942977,0.9548621576215932,1.149037518625076,-0.36746941712254166,1.1581813471049127,1.0790168941865097
2016-04-20,0.9773754354423368,1.1001837519854458,1.1256511183827012,0.1532719288441462,0.1567939065946766,0.1642778608638498,0.1807358333333333,0.1642778608638498,0.1657820086778618,1.3790687035599425,41.38,ST/MT Ratio (Expanding EWM),USB,1.1256511183827012,0.24596243808340273,0.04061556587057827,0.003232770634240167,-0.03918360867776776,-0.022926651839249905,0.0004143742932304073,1.1668086847522225,1.0871479654535727,0.10016103576293345,0.9425486486063025,0.901498037884514
2016-07-15,1.0464662751391691,0.961001454454248,0.9183300764531996,0.1310620164438503,0.1252028357563259,0.2312436666666666,0.2222255,0.2312436666666666,0.1155591906408422,1.5205925808008198,41.02,ST/MT Ratio (Expanding EWM),USB,0.9183300764531996,0.13134122551514368,0.005997967703171388,-0.049072277146673546,-0.04184731244669726,0.019634223375820752,0.0031400678464951603,1.0128629939939342,0.9428626787707693,0.5669110545247129,1.076781528371126,1.01027435876108
2016-10-19,1.0036814832195065,1.078005293512636,1.0740511920721316,0.0977579099759308,0.0973714559891995,0.1592422607134329,0.171664,0.1592422607134329,0.1017878560508852,1.686202676562315,42.86,ST/MT Ratio (Expanding EWM),USB,1.0740511920721316,0.05845470816766654,0.007260561651165716,-0.016841393932671745,-0.03088618757780723,-0.016903420079662387,0.0011629098663849605,0.8700897169464461,1.2098886490437366,2.7871646891264823,0.9301321253585898,0.9622361297540032
2017-01-18,1.1040100463367797,1.1479953181474076,1.0398413691583477,0.1466791526580811,0.1328155025394744,0.1520390564672915,0.174540125,0.1520390564672915,0.1304402161477507,0.9170417275531744,51.87,ST/MT Ratio (Expanding EWM),USB,1.0398413691583477,0.22103895910228885,-0.010726427427484957,-0.00827847314339312,-0.014725523940762262,-0.020751587436653184,0.0019412795728953713,1.1840050629010874,0.9151136887248985,2.910529346201889,0.9013933449254966,1.2494674622605326
2017-04-19,1.1301531742547306,1.084583504938594,0.9596783247136504,0.1194424110978203,0.10566642390532,0.1409258709025394,0.152845875,0.1409258709025394,0.0899701833311038,1.4425028123327617,54.24,ST/MT Ratio (Expanding EWM),USB,0.9596783247136504,0.07106143491421701,6.903169762638874e-06,-0.011722651938037775,0.05183147843816421,-0.033090106554244124,0.0024465365069407117,0.9229300723950998,1.2754355432709186,0.26778115454234186,1.0962918964602169,0.9320130279063746
2017-07-19,0.983257310213764,1.1056031519219538,1.1244291198624206,0.1118036677215115,0.1135091796984885,0.1481129292753201,0.1637541214471873,0.1481129292753201,0.114644854563073,0.67056936039558,52.57,ST/MT Ratio (Expanding EWM),USB,1.1244291198624206,0.0948670076871341,0.012773061911222072,0.00857064616101166,-0.010146991897380098,-0.009072745986512943,0.0021996104184027828,0.8969319245814956,1.2094717385917004,1.1147434147152788,1.1783907185361133,1.0715005633365418
2017-10-18,0.9653658129514524,1.1069788421893862,1.146693644355371,0.1045094416023491,0.1082474633242251,0.1398715113041826,0.1548348036387837,0.1398715113041826,0.1152932638391619,1.131577043646009,52.38,ST/MT Ratio (Expanding EWM),USB,1.146693644355371,0.07413309704732211,-0.05785589374298189,-0.020672597971466016,0.007443752656700784,0.00093212440258767,0.0030941795475214755,1.1479249463255692,1.079582174991295,2.916993114807941,1.187950314419663,1.0316546822224322
2018-01-17,1.097181593046667,1.1061893315255251,1.0082098884413886,0.1410622073013288,0.1285344381363617,0.1491573325630041,0.16499625,0.1491573325630041,0.1449289377221361,1.903858159570483,54.78,ST/MT Ratio (Expanding EWM),USB,1.0082098884413886,0.11950095731175514,-0.04518648977369996,0.03763092001973414,0.013012034662658219,0.00907729319151747,0.002479003143392759,1.1543694681667211,1.2390445496862597,-0.15727841068974868,1.087287120234981,0.929072926235926
2018-04-18,1.344692685737397,1.0810173779060808,0.8039140759609894,0.1881166266393939,0.139833728621241,0.1629415295258124,0.176142625,0.1629415295258124,0.1160337531995666,0.9922540286938194,52.8,ST/MT Ratio (Expanding EWM),USB,0.8039140759609894,0.05472978692996664,0.028014243290795028,0.004006211947545921,0.006276629655396219,0.026782656107487087,0.001138690420302892,1.1346842882333845,0.9698183534013987,-0.716741194456942,1.0200657286616432,1.1307688554398574
2018-07-18,1.2007022921594837,1.057020515910524,0.8803352194901324,0.1617685772907568,0.1347071588254532,0.1581918207670383,0.167212,0.1581918207670383,0.1211623866849188,1.7714268911426785,51.28,ST/MT Ratio (Expanding EWM),USB,0.8803352194901324,0.243047858701207,0.007980290334477965,0.0037209903658412097,0.0010639134818501588,0.016172448091644843,0.004178562173991662,1.1419667834239084,1.2896970102086946,0.7579700502794546,0.9181340768955811,1.1996462316103482
2018-10-17,1.4646091048971013,1.1005245791329072,0.7514118104640805,0.2798908031996273,0.1910984432027469,0.1333371483793632,0.1467408091029807,0.1333371483793632,0.1015653307218576,1.5728099502273634,54.13,ST/MT Ratio (Expanding EWM),USB,0.7514118104640805,0.1015689908044374,-0.00443941677234377,-0.005836841495387535,-0.02688234408998112,-0.0017718054888294949,0.0021943334633382334,1.026069302489575,1.0791565379377852,0.2370755151687587,1.0507195583530606,1.0354718417828124
2019-01-16,0.9575808091354648,1.0186588280263305,1.0637836705875598,0.1645508271137836,0.1718261019419539,0.2578110329791382,0.2626214847067865,0.2578110329791382,0.190132626946171,1.226860811313733,47.94,ST/MT Ratio (Expanding EWM),USB,1.0637836705875598,0.21795116108404555,0.0026451876572887605,0.008655720515769374,0.0392731887069803,-0.0019548919094929972,0.0018526597733784938,1.1028047470989442,1.1175574785970566,2.507391096616448,1.0630631743948327,0.995304965335972
2019-04-17,0.8922584486100263,1.125635459332306,1.261557636227304,0.1093132523625365,0.1224536955246896,0.1386054860892051,0.15601925,0.1386054860892051,0.0986864137119085,1.4106149160951549,52.45,ST/MT Ratio (Expanding EWM),USB,1.261557636227304,0.21336309154402855,0.014165359687658488,0.028752947940029038,0.048179916090947135,0.015753936722879586,0.002963925423055571,1.1404367528928578,1.1228876179720175,-0.172635847425755,1.0870523429868666,1.043086705976971
2019-07-17,1.286022813984551,1.0025757053913489,0.7795940277956785,0.1735098424843845,0.1348419705366924,0.1975158331511804,0.1980245757475047,0.1975158331511804,0.1234568000809851,1.3395160800265946,51.51,ST/MT Ratio (Expanding EWM),USB,0.7795940277956785,0.06355025670827452,-0.016891588810827654,-0.022013906471327005,-0.039066467353067146,0.034814254073214236,0.002249450945930072,1.1377622449168263,1.0813198954586172,1.905765432429667,0.9286608622908712,1.0584097385209386
2019-10-16,1.0323637439544242,1.036561723452733,1.0040663763357558,0.1298733794040598,0.1257563327713164,0.1926989880969267,0.1997443952093479,0.1926989880969267,0.1423972320360492,1.19106827206807,55.86,ST/MT Ratio (Expanding EWM),USB,1.0040663763357558,0.06680906870160737,-0.025240665389080947,-0.015743494672257698,-0.02260071477215949,0.006157854987080005,0.002399228192939327,1.1932965745889594,1.2233841157908594,-0.3602367905322854,0.9833292148431765,1.0319263235425444
2020-01-15,1.1662861761800334,1.1851031555618423,1.0161341013604748,0.1446093278451845,0.1239957005575571,0.1303344984508508,0.1544598253926733,0.1303344984508508,0.1008510039036809,5.3429631682472305,60.66,ST/MT Ratio (Expanding EWM),USB,1.0161341013604748,0.16519389666326376,0.008854583928418855,-0.005111780863299939,-0.0039952585594251536,-0.008728271355260225,0.004492183998600687,1.0601462241981783,1.2027979037958623,1.998106435231639,1.0529622168919208,1.2243282151352606
2020-04-15,1.2983857838849426,0.7379090235546059,0.5683280213887464,0.6882784604680582,0.5288686842191234,1.132654338226305,0.835795856745461,1.132654338226305,0.3667627980488634,1.1226402551903154,32.57,ST/MT Ratio (Expanding EWM),USB,0.5683280213887464,0.2253433013753702,-0.03224304721652613,-0.036376127704196445,-0.021113444872754787,-0.021821650027138637,0.0017248785717449535,0.97483123310299,0.9495522261182248,1.2577673666152531,1.185690415380332,1.2171974605570046
2020-07-15,0.96320053491082,0.9201743568803884,0.9553299894767862,0.4383018258459236,0.4549172632406601,0.5948604514356027,0.5473753333333333,0.5948604514356027,0.5389492697333202,1.143736246583384,38.78,ST/MT Ratio (Expanding EWM),USB,0.9553299894767862,0.11664985294769431,0.016288846450006517,-0.020577735791644933,0.015649138836396632,-0.03313013161030564,0.0016822391059826043,1.031480259076897,1.1587222641396389,2.7222481081422907,1.0285028383304882,1.032557655577055
2020-10-14,0.9174367854781716,1.0857533462068802,1.183463932766748,0.2638132802609452,0.2874380558787377,0.3632746540602183,0.3944266712380289,0.3632746540602183,0.3243055539764218,1.2575318826442174,37.87,ST/MT Ratio (Expanding EWM),USB,1.183463932766748,0.1913138085642697,-0.05759042614832442,-0.010286626206339765,-0.015206805060165328,0.01965674180108808,0.0021165785120124637,1.1908966260001796,1.2453772534041334,0.29217433847440955,1.0391341792082769,1.0660312516031196
2021-01-20,1.1050579888830243,1.110788632962891,1.005185831094402,0.37960807191746,0.3433695067076561,0.3034763905540089,0.337098125,0.3034763905540089,0.3382815110205923,0.9795296653794712,45.33,ST/MT Ratio (Expanding EWM),USB,1.005185831094402,0.11748146328448446,0.03802044730639753,0.030231675421381814,0.057126401695165065,0.01744946309098893,0.0030715159355810388,0.8596382714685736,1.2831277295253036,0.6172497248790352,1.1625987247913723,0.9757424910722661
2021-04-15,1.0424939247065028,1.0056367559737387,0.9646451956608374,0.2944123253173735,0.282365130020928,0.2999338461012623,0.3016244999999999,0.2999338461012623,0.2908679915524689,1.3049994257305528,53.84,ST/MT Ratio (Expanding EWM),USB,0.9646451956608374,0.117381407442015,0.018540911884456508,0.011876839870057759,0.0327637148585899,0.01743408812766654,0.0004934659698096009,1.019148324254888,0.909584554049708,2.0568819353692342,1.0742741694738835,1.150235833387901
2021-07-15,1.2706690734756962,1.0689962419736496,0.8412861100409051,0.3089673177840051,0.2430503029913058,0.2289446966599126,0.2447410203492437,0.2289446966599126,0.1917870149850135,1.0604065356581236,58.51,ST/MT Ratio (Expanding EWM),USB,0.8412861100409051,0.22185000653156883,0.010961040700985648,0.009807697341026338,0.008314350765805372,-0.0002164861588013975,3.4444108523494774e-05,0.8206883530218614,0.9844153320834462,-0.7026765105856794,0.9866742947411435,1.1509756030728604
2021-10-14,1.0995398200729716,1.0680622769250594,0.9713720753234538,0.2304621379147575,0.209512456421699,0.2449867257937324,0.261661080167669,0.2449867257937324,0.1996103279795487,1.2059196641552767,55.91,ST/MT Ratio (Expanding EWM),USB,0.9713720753234538,0.12035552607025245,0.03639418443809299,0.029526938865039164,0.028674656582993306,0.03817336864729377,0.0014128847293798524,1.02647439372695,1.1448599286453562,1.1970050855115772,0.9819086387027578,0.9978029989377701
2022-01-19,1.415479042666297,1.0067469566606626,0.7112411602818804,0.4118507479650908,0.2909714717926343,0.2833542213489429,0.285266,0.2833542213489429,0.2220673094717323,1.5836623326807626,54.87,ST/MT Ratio (Expanding EWM),USB,0.7112411602818804,0.21317459782913128,0.06029160555619019,-0.00012115365198189924,0.030647510608932726,-0.009102962364620442,0.0003660770409407128,0.8548238734146325,1.239628349961397,1.4659174341649779,0.9559533037512179,0.9708837519284959
2022-04-14,1.2086260127981368,0.967331698018104,0.800356510430052,0.3347806123564923,0.2768998069386774,0.3562663672720359,0.34462775,0.3562663672720359,0.2753715810846314,1.0571332484770568,54.4,ST/MT Ratio (Expanding EWM),USB,0.800356510430052,0.1618111782865307,0.03750295227563457,0.015713945497866685,-0.011098687201456082,0.026881730930180137,0.0015751686524743615,1.1492142406104546,1.1970923455053277,1.6375963196214856,1.0220592322617899,1.004790225711407
2022-07-15,1.16170491588777,1.010280483285391,0.869653273794868,0.249277409922421,0.2145711025604733,0.3116584999999999,0.3148625,0.3116584999999999,0.2139247854808858,1.4516165098967049,46.36,ST/MT Ratio (Expanding EWM),USB,0.869653273794868,0.18661199248288982,-0.062430598096607594,0.0009033474120251132,-0.01740543111354912,0.0020314276252614244,0.00250249969612929,1.1917803052451295,1.2188958300091202,0.2071168925451059,1.1542694388835484,1.2035727794458726
2022-10-14,1.5202459283523115,1.0447246950626448,0.687207691583788,0.406428540231166,0.2673567665755679,0.28029325,0.2928292801343676,0.28029325,0.1681126903565707,1.3631110049647546,45.1,ST/MT Ratio (Expanding EWM),USB,0.687207691583788,0.13722547430938078,-0.04278519383574956,0.011960870481988854,0.004953576574241186,-0.01220876911698344,0.0011092511364477367,0.9188322199511993,1.070621141696656,-0.2561862184358934,0.9333157333134329,1.1891048131358788
2023-01-25,1.3645476252534,1.1447965591998392,0.838956836693221,0.3399971632833338,0.249050797319462,0.2396513142839629,0.274352,0.2396513142839629,0.1954400307609199,1.3128194072367163,43.65,ST/MT Ratio (Expanding EWM),USB,0.838956836693221,0.10412337006744166,-0.01986865021934876,-0.013482759728347461,0.024540903112448602,0.017813257682944034,0.0005731734232186577,0.9070047429415466,1.2280237462985015,2.9824348460577044,0.9229859441788946,1.0892140500334802
2023-04-19,0.8413080554352437,0.9370043231416432,1.1137470003860737,0.3443750459887684,0.4092952543446671,0.5715571281510969,0.5355515000000001,0.5715571281510969,0.4628646592861395,1.263084155316288,34.45,ST/MT Ratio (Expanding EWM),USB,1.1137470003860737,0.054922255478336846,0.0029131867573791827,-0.06916451474829287,0.0064765099663354414,0.013240902967099838,0.002069337161715348,1.1208250237243211,1.2155803586164935,2.039988633323874,1.0046984805905732,1.081541302274021
2023-07-19,1.0783337869833565,1.1004883898685087,1.0205452181435677,0.371593535843244,0.3445774265497261,0.3558145216296071,0.39156975,0.3558145216296071,0.3609215812121626,1.5741877638073452,33.58,ST/MT Ratio (Expanding EWM),USB,1.0205452181435677,0.14819645750796742,0.020118065716419307,-2.8374865589124153e-05,-0.03642491205477493,0.01192431898167315,0.0028625434846151704,1.037987342936588,1.2895762334293028,0.3101890837539716,1.1769431663150574,1.0077427672721977
2018-04-12,0.9442478030379884,1.022994032962175,1.0833957247989685,0.1474359148237665,0.1560999260959673,0.2131284977723677,0.2180291814753243,0.2131284977723677,0.1586305800920399,1.4171529912326934,564.06,ST/MT Ratio (Expanding EWM),BLK,1.0833957247989685,0.16005667825067862,-0.0234010334603713,0.0466824440829982,-0.017070611098771057,0.005031960551404969,0.00030502656148338736,1.1956297861894818,1.1681054747310367,0.8540459214342038,1.0840171284190814,1.0090124676160828
2018-07-16,0.8756975451883849,1.0740772923934805,1.226539115354513,0.114418186475021,0.1306244014824659,0.1851051410894039,0.1988172287494201,0.1851051410894039,0.1545217347025297,1.588331984004318,524.52,ST/MT Ratio (Expanding EWM),BLK,1.226539115354513,0.10332827976631898,0.008536836756697742,0.031786462067247764,0.0011506784101405492,0.002052672957079228,0.0028202323983059843,0.9096695430045867,0.9454218175373975,-0.543798809178405,1.0043015224406735,1.2051421911585487
2018-10-16,1.4900552016751485,1.0992236985079045,0.7377066952097723,0.3744961911524232,0.2512517905505103,0.1912126866817408,0.2101855166559363,0.1912126866817408,0.1411649423963321,1.3445211961401269,470.9,ST/MT Ratio (Expanding EWM),BLK,0.7377066952097723,0.22185611889990559,-0.024438402632366293,0.03296192453773512,0.0011083598918542434,0.06270929982176096,0.0028173062037383264,1.043188467039265,0.9410338241324083,2.408946099903644,1.0804102880970199,1.2843422307139118
2019-01-16,0.9711279518810922,0.974589123990868,1.0035640742325165,0.171592664510445,0.1765930597195458,0.3430359891278961,0.3343191441414972,0.3430359891278961,0.1999347238731725,1.3018571021244776,378.25,ST/MT Ratio (Expanding EWM),BLK,1.0035640742325165,0.21338214365747843,-0.01940312310471819,0.041083921654186534,0.05231355441974521,0.03260641612990432,0.002954085102156628,1.068074186964483,0.9700699454816725,0.895133449231289,1.0945492792641611,0.911305880419991
2019-04-16,1.238918658979855,1.1568097774943171,0.9337253653495318,0.1816397022876965,0.1466008443758683,0.1642704328353382,0.1900296428571428,0.1642704328353382,0.1157077411912446,1.4776859250271657,440.48,ST/MT Ratio (Expanding EWM),BLK,0.9337253653495318,0.248410004072933,-0.04723313838968778,0.00665972772884313,-0.03164969855997495,0.021070672374637806,0.0032184802148716865,0.8059641056619232,0.9517612002394272,0.006657740181883032,1.0288647370562027,1.0949761895039154
2019-07-19,0.7312383648070871,1.1136554095584683,1.522971801202292,0.0818496536302511,0.1119138498891996,0.1816355,0.2022793571428571,0.1816355,0.1350333106723765,1.3791791591360567,454.95,ST/MT Ratio (Expanding EWM),BLK,1.522971801202292,0.23429984693573594,-0.030313163613881654,0.009919471222167882,0.015639731045896867,0.005794978955084707,0.004202013924659616,0.8552110435751588,1.1693566316463324,1.3845522467861393,0.9883392296523481,0.9054639533741168
2019-10-15,1.0391813113531614,1.084454161249822,1.043565881528132,0.1489629010919514,0.1433375556090191,0.2247948088656915,0.2437796659017575,0.2247948088656915,0.1466685119537636,1.4224460530957166,435.71,ST/MT Ratio (Expanding EWM),BLK,1.043565881528132,0.23777300760238762,-0.045308961196571684,-0.014529556863030504,0.040227827708207244,0.02817893001491673,0.001643907951380945,0.8310591661413164,1.0566779102043358,-0.3841025953372643,1.0130458818443913,1.1512730418041421
2020-01-15,1.2687327554276115,1.2085917045363923,0.9525975422058452,0.140996828751263,0.111126291875715,0.1549896194538252,0.1873191683611454,0.1549896194538252,0.1013054468682153,1.254554273124856,502.05,ST/MT Ratio (Expanding EWM),BLK,0.9525975422058452,0.14723668648518248,-0.03215556385420665,-0.005482185680811493,0.059786243635569905,0.015949869409786297,0.0021095715800778583,1.0188949711517135,0.9924703532549577,0.37528996503500966,1.0842093595345952,1.2443420112173795
2020-04-16,0.9746753581813364,0.8657524461843377,0.8882469828720816,0.3987753179185507,0.4090599766855269,0.954734640202927,0.8265638502126075,0.954734640202927,0.2420230693672701,1.2968465598315484,386.76,ST/MT Ratio (Expanding EWM),BLK,0.8882469828720816,0.09419978299547178,0.03887746288127439,0.022473134493134247,-0.007109935579599032,0.0036551188193508907,0.0015835615667519744,1.101285375495551,1.121360010733366,0.4491719932659448,1.0095153832625416,1.2517669241057585
2020-07-17,0.8774851609972614,0.9613237000872216,1.0955441103923371,0.2300752564288624,0.2620467756192015,0.3814429,0.3666901,0.3814429,0.3389399813926596,0.9935245930847167,555.23,ST/MT Ratio (Expanding EWM),BLK,1.0955441103923371,0.13529699238263926,-0.03122896110911801,0.04011653311506449,0.015285736318004992,-0.004589108131647868,0.002001976844755811,0.8156974304162186,1.2951930577681043,1.657501643406249,1.1043413097217172,0.9151991349218969
2020-10-13,1.1869190581401214,1.052285106057803,0.8865685480749739,0.2425624043782573,0.2043427435422874,0.2735545961156404,0.2878574271861461,0.2735545961156404,0.1426591166998593,1.392871328363907,547.38,ST/MT Ratio (Expanding EWM),BLK,0.8865685480749739,0.21115821144420585,0.0941333722693087,-0.00018338827042998606,0.01724400892996617,0.000977066558432795,0.003532873355636312,1.042211709956509,1.0939112240361788,-0.576884372423732,0.9833766032308078,1.2561257824854606
2021-01-14,1.3309786391089418,1.0743464906719464,0.8071853740576901,0.2741430177924341,0.2058518301184811,0.2413761188003731,0.2593215861651957,0.2413761188003731,0.1794954216272621,1.1823779240088914,698.18,ST/MT Ratio (Expanding EWM),BLK,0.8071853740576901,0.1952121261700726,0.019266126530831124,-0.009505677945542346,0.00788704328883227,-0.07626064339695139,0.0006549855160693312,1.0199953663463812,1.0653666300695634,-0.7092713766367562,1.1142364582206916,1.181140329358413
2021-04-15,0.8747077612950312,1.1039050094670144,1.2620272259075989,0.1328390639098905,0.1517952523058086,0.2455512913656767,0.2710653006196649,0.2455512913656767,0.1692323928340808,1.341816273345881,723.07,ST/MT Ratio (Expanding EWM),BLK,1.2620272259075989,0.2026975211525506,0.008469264329320587,0.004015838765697919,0.0005288699690173485,0.008265020982441045,0.0011389503278344244,1.0456174427890255,1.1041050584882597,0.7351376088294908,1.0779813278963977,0.9933581806913627
2021-07-14,1.3350293832553315,1.1016037350826184,0.8251531755776574,0.2181250279754286,0.1633953403514095,0.1852170527583709,0.2040357971196158,0.1852170527583709,0.1268848316267964,1.744012198179483,876.78,ST/MT Ratio (Expanding EWM),BLK,0.8251531755776574,0.19746686869655128,-0.02804252230634247,0.022036202467873453,0.013899384737501148,-0.009211902002758994,0.0033771809365045614,1.176503625671059,1.1355178116720919,0.24476977741750616,1.0349039552655472,1.222273915550757
2021-10-13,1.2726216991218966,1.1484122217037829,0.9023987430798815,0.20757227187007,0.1630701740320582,0.202892113102263,0.233003782373945,0.202892113102263,0.1312382687715143,1.6102088826949563,916.26,ST/MT Ratio (Expanding EWM),BLK,0.9023987430798815,0.16173011856129144,0.02651084577931469,-0.039315644484006255,-0.06030615213049213,0.0428167499570721,0.00302003650690209,0.864646424292119,1.0171342489841042,1.7180320909462217,0.9946467619446672,1.2170006727445863
2022-01-14,1.0751064035248514,1.088320690244902,1.0122911431619477,0.1598552683490504,0.1486438743442076,0.256546625,0.279205,0.256546625,0.1466768881617803,1.29956630286944,914.91,ST/MT Ratio (Expanding EWM),BLK,1.0122911431619477,0.10454899534623784,-0.01814732391832209,-0.06488542859411714,0.020051737251565782,0.003483601770293857,0.001636868353182922,0.8521813948709444,1.2050744681818435,-0.726593140597735,0.9037777838002484,1.259289407532865
2022-04-13,0.9984519459721104,0.943533016189524,0.9449959209312608,0.2029427302409516,0.2031743931550868,0.4064071531690509,0.3834585670305925,0.4064071531690509,0.2315152115609442,1.4113427160881655,697.53,ST/MT Ratio (Expanding EWM),BLK,0.9449959209312608,0.2118988449320563,0.0062703435125876505,-0.012516105484747506,0.00615444759154918,-0.026724085488374048,0.00285440200112072,1.0325356867729194,1.0407307588347245,-0.06962145214459836,1.0850657349782449,1.1036008734146954
2022-07-15,0.9120450144557888,0.9965350972940152,1.092638062265645,0.1737330000165615,0.1899928580473173,0.3643949262995156,0.3631323333333333,0.3643949262995156,0.2021867900379997,1.3985620261701603,599.9,ST/MT Ratio (Expanding EWM),BLK,1.092638062265645,0.09275766134777452,0.09160295883940782,-0.03262137277742476,-0.0025618724194566346,0.0017529961467970575,0.0023412158424920334,1.196639110211994,1.2932863946614983,1.5400982645664385,1.0328611518317672,1.0964563876538649
2022-10-13,1.284829387908448,0.9964639667685636,0.7755613127675188,0.2530574443319824,0.1969091201483641,0.3407145605706827,0.3395097825620705,0.3407145605706827,0.1879063376090195,1.6524174014782775,644.91,ST/MT Ratio (Expanding EWM),BLK,0.7755613127675188,0.16487464610609537,-0.0013620964903627458,-0.011244205929419326,0.05417155489298895,-0.023153027126562607,0.003500274609000988,1.0729916264947448,0.9406298176941525,0.3134082952428727,0.9225816723010811,0.9293443038067678
2023-01-13,0.8823068195583952,1.1263109642467526,1.2765524863680464,0.1999202060737126,0.2265746550307253,0.2929803673008606,0.329987,0.2929803673008606,0.2688774134277413,1.238922562866225,711.52,ST/MT Ratio (Expanding EWM),BLK,1.2765524863680464,0.05001660290050152,0.04222456641999866,-0.00043340956452414563,-0.013873350469763807,0.01483518539281166,0.0020745095938267725,0.8783356967576935,1.0941013018372907,2.1390972846511573,1.0456487673497619,1.034190644224348
2023-04-14,1.2326883559149924,0.9460242328911996,0.7674480158360792,0.193710870426498,0.1571017262168742,0.39389882455177,0.3726378333333334,0.39389882455177,0.131105279060036,1.4052834448551776,631.74,ST/MT Ratio (Expanding EWM),BLK,0.7674480158360792,0.15862436165959004,-0.022611174879406063,-0.009597452270690402,-0.00707689972662577,0.010273684108487134,0.0030256321138725823,0.8329411961347033,1.1201182092732518,0.08507434593270702,1.0844802533751443,1.2908750956529673
2023-07-14,1.054073435742921,1.1395248584474582,1.081067807808201,0.162459825624648,0.1541011717909829,0.2044197031828717,0.2329413333333333,0.2044197031828717,0.1481109912817085,1.2867881504956618,692.45,ST/MT Ratio (Expanding EWM),BLK,1.081067807808201,0.1908769486632119,0.0007754028326063404,0.04757402603412236,0.052788832555118355,0.026945990777706694,0.00464201191049262,0.8445257285910202,0.984850159488776,0.892378152397499,1.1905841446037788,1.2087239105079983
2023-10-13,,1.1011856578135966,,,,0.1818363673123424,0.2002355997532766,0.1818363673123424,0.1317149619057919,1.1558520933075278,160.0,ST/MT Ratio (Expanding EWM),BLK,,0.20180650125908733,0.06397802224724285,0.013802342938069602,-0.017801532621246417,-0.016772044792364136,0.002598099155047466,1.159291677265132,1.0334859393903173,2.968153895114378,0.9308498448192473,0.9211891624184404
2016-10-17,0.8354962916310714,0.9890717905603166,1.1838135015888966,0.155970828238644,0.1866725272796171,0.28668329209345,0.2835503570345948,0.28668329209345,0.2256418791971665,1.071040254252318,30.53,ST/MT Ratio (Expanding EWM),SCHW,1.1838135015888966,0.24024510647142552,-0.01994384702257186,0.01301423078832485,-0.010752882073413473,0.0038502024057036704,0.0020493281657948436,1.1422410508216112,1.2709059480827944,-0.637658569815593,0.9340282280237525,0.9132696631023095
2017-01-18,0.964563829924376,1.0492349125283358,1.0877817309514894,0.1841283645176381,0.1908319284847609,0.2511746862911243,0.26354125,0.2511746862911243,0.2048887915164285,1.727457063711911,38.75,ST/MT Ratio (Expanding EWM),SCHW,1.0877817309514894,0.10735517273842227,0.0654356995298925,0.02266621432130206,-0.0006756355857712497,-0.031125544885665882,0.0027224469852209798,0.8418030250570897,0.9837679267201124,2.880306475640004,1.1003580666719042,1.2114212102074169
2017-04-18,0.813222142942157,1.078804525941883,1.3265803634402715,0.1692567663759885,0.2080432465193897,0.2262732674270874,0.244104625,0.2262732674270874,0.2375742744717062,1.8377782758105483,42.25,ST/MT Ratio (Expanding EWM),SCHW,1.3265803634402715,0.15464981078690462,0.026771317740941644,-0.03016499353342307,0.024018362053238734,0.020537369548117863,0.0016347191417961152,1.1104557614766088,1.114029499911686,2.1899559108520688,1.078742259716991,1.0258184390413432
2017-07-18,0.8259428634747964,1.057715414880747,1.2806157201127306,0.154699440186361,0.1872080537203757,0.2366408422769245,0.2502986666666666,0.2366408422769245,0.225231846093121,1.3408691141066895,42.46,ST/MT Ratio (Expanding EWM),SCHW,1.2806157201127306,0.07849746249964729,-0.01768633715629937,0.03517335362260806,0.008195062683832835,0.01597177951100305,0.004387967705524732,1.0244440435073603,1.1134034344538055,2.2938122150372826,1.1945181652144976,1.0644170261683723
2017-10-16,1.0725819234352598,1.0862618811771234,1.0127542311155586,0.1752883460017316,0.1633496021190956,0.2022036915624745,0.2196461623776124,0.2022036915624745,0.1517331700574892,1.2011253630203291,40.21,ST/MT Ratio (Expanding EWM),SCHW,1.0127542311155586,0.09511981064913798,0.024134270866943232,0.0017270714039362037,-0.029315633678806567,0.015395125525689272,0.0021800710376959813,1.105356271376544,0.9399052016152535,2.1073254777931543,1.0114250735979697,0.9157560651558747
2018-01-17,0.8516979256912193,1.1289963096649358,1.325583021408285,0.1449802670621705,0.1702042545684431,0.2122847948645014,0.23966875,0.2122847948645014,0.2114809219237088,1.1116516009064203,51.74,ST/MT Ratio (Expanding EWM),SCHW,1.325583021408285,0.23418731503651197,0.036039405736935544,0.024114418517236377,-0.01030421407817974,0.003040475783923528,0.0017270666797744871,0.9452984714248709,1.144257100368658,-0.5229993292741337,1.1772103477290763,0.9310689653091354
2018-04-16,1.3402422351942411,1.0899068000268586,0.8132162764359523,0.268378183491297,0.1992084050767185,0.2336298514412658,0.2546347637751004,0.2336298514412658,0.1556318615051327,1.3480962529605554,55.71,ST/MT Ratio (Expanding EWM),SCHW,0.8132162764359523,0.1709681550688832,0.023763348677601877,-0.02815571699120466,-0.012183860830305286,0.013369322269719774,0.0011643109949799637,1.1720026879332663,1.1828550071742747,0.31884870165681445,1.017225104312728,1.1963237458930978
2018-07-17,1.2881545791360465,1.038221417970554,0.805975800409668,0.2782586929837028,0.215983626425455,0.2432645827069262,0.2525625,0.2432645827069262,0.1837896729898214,1.5186670120855486,55.48,ST/MT Ratio (Expanding EWM),SCHW,0.805975800409668,0.20030661059112,-0.05295786519616598,-0.04261276298048193,0.0010694738694238606,0.04310847770771491,0.0030972201916064385,1.040588440352483,1.1686571685819782,0.55665846605392,1.0463440445422796,1.2959469936151573
2018-10-15,1.033390726336609,1.162374475822193,1.1248160508879677,0.2045568887462095,0.1978963928556735,0.2058250202291925,0.2392457499999999,0.2058250202291925,0.1804871549850031,1.277419878296146,51.16,ST/MT Ratio (Expanding EWM),SCHW,1.1248160508879677,0.21017317612788433,-0.023449801153870402,0.028536689740750857,0.013646091465745728,-0.004127356426050349,0.0028671874128277388,0.8855691481998871,1.0671424746088527,0.1672927502958692,1.129533453131955,1.2056050502662883
2019-01-16,1.2679301704444288,0.992164576555644,0.782507270260692,0.2632464995143097,0.2075118017100971,0.3713695581275684,0.3684597203852955,0.3713695581275684,0.1906213353076988,1.3405104154785177,40.7,ST/MT Ratio (Expanding EWM),SCHW,0.782507270260692,0.15109054816075682,-0.006663152244302667,0.015292285782925498,0.013455143897199304,0.006466129592752112,0.0015026456285859068,0.9169781843989584,0.9325561266531932,-0.9542692933111838,1.0282351599727457,1.0641350377343084
2019-04-15,0.9272493324875378,1.1202421686773112,1.2081347803961533,0.181309340119527,0.1955267544625646,0.2067060896751668,0.2315608781765156,0.2067060896751668,0.1898896021795713,1.5358293477570355,45.45,ST/MT Ratio (Expanding EWM),SCHW,1.2081347803961533,0.12056610298095097,-0.0006051700185016202,-0.02306154663072531,-0.04140029385121006,-0.024153157479535246,0.002576451345122423,1.195355951455945,1.087920830279072,0.02567347830168254,1.1673688323094402,1.0964271798614313
2019-07-16,1.123482872685642,0.9891735870839562,0.8804527520026854,0.2846319350549229,0.2530899521379634,0.3027571525066058,0.2994793785602836,0.3027571525066058,0.2299122893104459,1.3916868320225853,40.61,ST/MT Ratio (Expanding EWM),SCHW,0.8804527520026854,0.09868696273659612,0.02372352341427373,-0.02208989243824083,0.029598524689021403,-0.01870652403995831,0.0004914440317871436,1.039670254084231,0.9382674841712851,0.5316656293190962,1.183267102342136,1.1358021536701701
2019-10-15,1.1492173207727363,1.0531775072888645,0.916430241915172,0.3868057476857292,0.3364653853130166,0.2753301551121629,0.2899715264424842,0.2753301551121629,0.2355322576638246,1.6636896223708648,43.6,ST/MT Ratio (Expanding EWM),SCHW,0.916430241915172,0.060673319569258144,0.008219535032663886,0.03776304353244308,0.009314221149915588,0.005445332327332685,0.0021849705750731563,0.9378007420569847,1.1502668722526372,2.6416443583124645,0.982197180141777,1.1020466873882697
2020-01-16,0.9536551972565652,1.2366797818656698,1.29677873661602,0.2263260960421426,0.2372590856454556,0.1978100549683543,0.2446276956291006,0.1978100549683543,0.281503202030102,1.357563210458719,49.49,ST/MT Ratio (Expanding EWM),SCHW,1.29677873661602,0.05601210744445191,-0.04473705255485355,-0.031682356786019834,0.03761330118984766,0.03059833866754768,0.0024527563520766946,1.183476261564702,0.9689584573193811,1.8786557023868462,1.0843443024608947,1.171870052456254
2020-04-15,0.8453112067679572,0.7968534031668816,0.9426745993509849,0.4240578180616683,0.5015669172635345,1.2324154548610715,0.9820544493215052,1.2324154548610715,0.517488293347974,1.176738190783342,30.56,ST/MT Ratio (Expanding EWM),SCHW,0.9426745993509849,0.0529755291648387,0.015306924785208714,0.0532801885976789,0.014104958182266798,-0.0034070206062893115,0.003707329809559223,0.9404878522670279,1.025551749393506,1.7368386823534818,0.9646629855313636,1.067861897943602
2020-07-16,0.9785648539152736,1.1314396801181743,1.156223499741732,0.3641588717179786,0.3717760179260236,0.5031953363274546,0.5693351703712923,0.5031953363274546,0.4330858426860933,1.3025660782256667,36.92,ST/MT Ratio (Expanding EWM),SCHW,1.156223499741732,0.22366897842563147,0.023370501084933812,-0.02301862203943606,0.030533073943394055,-0.002897913232803098,0.0012291811972713106,0.8752698584211672,0.9033219364493319,2.8802294401522777,1.0295108935969257,1.28773984576793
2020-10-15,1.078352137365335,1.10812867415961,1.027612999281502,0.3372215332032897,0.3125369981070351,0.3327304802200074,0.3687081858986872,0.3327304802200074,0.3052257276047949,1.438068419971813,34.75,ST/MT Ratio (Expanding EWM),SCHW,1.027612999281502,0.18055024889053914,0.021592665677586397,0.02315175776825149,0.014663632786253175,-0.007172131112609368,0.0007216473711976756,0.8561294079071304,1.1349467117829946,-0.1961038688350416,1.1370222380889823,1.21348119550439
2021-01-19,1.0093089039155896,1.119676081999546,1.10934925636323,0.338581214851855,0.3352638294948933,0.3302292117731867,0.36974975,0.3302292117731867,0.318361970553598,1.4754629425579742,51.75,ST/MT Ratio (Expanding EWM),SCHW,1.10934925636323,0.22547172358735415,0.039827325394411764,-0.0058585542724695384,0.03665564390506871,-0.010368916771108079,0.0011045720390749584,0.8450428596157248,1.2648257811505557,-0.22148141118710152,1.083893202476808,1.2942534480350816
2021-04-15,1.0699639745258895,1.064143876210837,0.9945604726386872,0.3028098794363589,0.2828858255723523,0.3205600950570412,0.3411220621125143,0.3205600950570412,0.2975443675708147,0.9995254627353016,65.47,ST/MT Ratio (Expanding EWM),SCHW,0.9945604726386872,0.10578849390424915,0.031187275409211644,0.02209562293247029,0.016056265900444466,0.01037428639272054,0.0006634314996850801,1.1529586139065455,1.2826255714244676,0.37039508487247774,0.9316726926658391,0.97533874931578
2021-07-16,0.9960259024480989,1.0714152285297238,1.0756901260261686,0.2493090447116089,0.2502882287489109,0.2685573333333333,0.2877364166666666,0.2685573333333333,0.2525828460791966,0.809162797218601,73.75,ST/MT Ratio (Expanding EWM),SCHW,1.0756901260261686,0.21528888021844564,0.018071302772995287,-0.012323420063425777,0.0005521188389273985,-0.03443144112946612,0.0033366573577589833,1.0001979580306455,1.2172918713093288,-0.3993854232644991,1.0979194596782271,1.0294310416158048
2021-10-15,0.9528483465520492,1.0764901516962475,1.1297602137754714,0.2301983266343061,0.2414751313529329,0.2795828333333333,0.3009681666666667,0.2795828333333333,0.2338074047200312,1.358035059410298,71.15,ST/MT Ratio (Expanding EWM),SCHW,1.1297602137754714,0.1035223779892264,-0.0004557999010526452,-0.0008837871821688262,0.059810868011172046,0.03502348941666819,0.0035486392950240366,0.9364808289568615,1.1647670920631705,0.8679976781328809,1.143609987907798,0.9623674038651309
2022-01-18,0.9597418132352918,1.0200643336883548,1.0628528627399445,0.2224161745852871,0.2316873260045843,0.3267901729243702,0.3333469999999999,0.3267901729243702,0.2365620170846774,1.1908652071775463,80.68,ST/MT Ratio (Expanding EWM),SCHW,1.0628528627399445,0.11058737368333485,-0.05613363267305969,0.005227575261871634,0.025225928056997304,-0.01363555745323651,0.002320216577948829,1.1159793079068154,0.9256940992229684,-0.22378447901758003,1.0968449143509496,1.2419702626044284
2022-04-18,1.3374544093738667,1.042312932180465,0.7793259530008405,0.5453302498655078,0.4076017086980695,0.3244989959900443,0.3382295,0.3244989959900443,0.3422746816276709,1.342948156854899,90.0,ST/MT Ratio (Expanding EWM),SCHW,0.7793259530008405,0.06729682898291452,0.017036637669640507,-0.026065623673444182,0.01734361052511033,0.021047587135953533,0.0032212949456851482,0.9010718510957396,1.0308766423315652,1.1484829931469598,0.9634718419467907,1.2244625046350024
2022-07-18,0.61995168294452,1.0423557380224568,1.681349961131952,0.1340788166980741,0.2162437144102691,0.4158623435242806,0.4334765,0.4158623435242806,0.281226433051874,1.273798191032138,59.99,ST/MT Ratio (Expanding EWM),SCHW,1.681349961131952,0.1103182214835302,0.009269069050708892,0.026224730362603768,-0.0289076104134584,-0.028749964934846897,0.0021339583805802353,1.1094546580023044,0.9581166847863126,0.8553189272665285,1.1324483299963863,1.034931812441366
2022-10-17,1.3272369822348908,1.0961207028459132,0.8258666067307675,0.3410219258714615,0.2568446434728231,0.337139645849903,0.369545745566218,0.337139645849903,0.2060245037966366,1.2803274707739272,71.87,ST/MT Ratio (Expanding EWM),SCHW,0.8258666067307675,0.07597210683297553,0.011505259301838074,-0.011396406994147552,-0.029207690436588444,0.019721003263655456,0.001904888352299234,1.0532427290870927,0.9200852485830291,1.434755042117272,0.9457958940001822,1.2322333300457806
2023-01-18,1.17779636120623,1.1571672669490225,0.9824850076493016,0.333224080879528,0.2827731612394528,0.2650866268471284,0.3067495674934269,0.2650866268471284,0.2674407517171014,1.276245009455768,78.26,ST/MT Ratio (Expanding EWM),SCHW,0.9824850076493016,0.12302126454994589,-0.04268620015371084,-0.002857997460200557,0.010317887053546335,0.01979861519536244,0.0016669623809462384,0.9421797854321914,1.0126215450912783,2.36355590684594,0.9150432069215431,1.058643519733738
2023-04-17,0.8328951601011907,0.9517109262607736,1.142653927950725,0.4655968774519545,0.5589983971691913,0.7739323491789968,0.7365598729003194,0.7739323491789968,0.6611813694750645,1.2367682398425732,56.41,ST/MT Ratio (Expanding EWM),SCHW,1.142653927950725,0.09604572967285126,-0.035836978914289185,-0.025830481238255366,0.00663802994420602,0.012605051800147413,0.0016896090086224345,0.9480014162300126,1.0139201496998205,2.647017328005908,1.1252785180550167,0.9255692656767756
2023-07-18,1.4473962905939917,1.2087105113632626,0.8350930005957279,0.6274185707051064,0.4335060753971793,0.2920204784365313,0.3529682218195643,0.2920204784365313,0.3110714681004622,1.1389857334691753,54.4,ST/MT Ratio (Expanding EWM),SCHW,0.8350930005957279,0.21280604910448053,0.03886034986665163,-0.07287000976385931,-0.012353064125207905,-0.021860713044994807,0.00045219844369096874,1.0858749797739817,1.1109196532515175,2.603471577606317,0.9938836852045075,1.1296647998438332
2015-01-21,1.5190437322615804,1.0640565915363938,0.7004779184021296,0.2919395019209175,0.1921307436541051,0.1762695250345478,0.18756075,0.1762695250345478,0.1252039345419945,1.184879517414366,93.62,ST/MT Ratio (Expanding EWM),AXP,0.7004779184021296,0.2072809275434256,0.0006155696150170735,-0.0017308328780050702,0.006524567490301499,0.009238704739951925,0.0022642547636073387,1.0003021098963945,1.0958243624910424,0.8244215980688505,0.9616888426596844,1.202283968996957
2015-04-16,1.0639116269095177,0.9481912257008968,0.8912311903717333,0.2172219572932571,0.2041014507393478,0.2315005099762109,0.2195067523047261,0.2315005099762109,0.2341384199487775,1.196988449518485,81.06,ST/MT Ratio (Expanding EWM),AXP,0.8912311903717333,0.19746207458212006,0.025852524408041856,0.07637846264838748,0.04271567320108989,-0.026576404618359726,0.0019596660897859565,0.9805344130957154,1.2834065100010423,0.04323370877110522,1.1048231518881122,1.2762868318556435
2015-07-22,1.0919427800159236,1.1546756963966749,1.0574507359990386,0.1110945402837002,0.1017130183462059,0.1423278419324607,0.1643425,0.1423278419324607,0.1143346561233038,2.3755872864935608,81.25,ST/MT Ratio (Expanding EWM),AXP,1.0574507359990386,0.23502966532974848,0.002991143164566076,0.027538128636940714,0.020385061863757468,-0.0033190813774046342,0.002745360724077876,1.065383329206437,1.2485091630469578,2.3099238390280243,1.0080353146467012,1.1400495759757987
2015-10-21,1.5991073552507948,1.145647691750166,0.7164295054915116,0.3776011651644409,0.2361062627694826,0.1937858688426072,0.2220103333333333,0.1937858688426072,0.1514630104450302,1.7527791650481843,76.74,ST/MT Ratio (Expanding EWM),AXP,0.7164295054915116,0.16171430561395533,0.0030414648823510132,0.003422188607968161,-0.025525212743818457,0.02873532752388315,0.0020935234964386098,0.8625045359245422,1.11421035307824,-0.07831211274265115,1.1231210444857336,1.1112233687568498
2016-01-21,1.757139844257014,1.1458284896143005,0.6520986325358756,0.7621331757927611,0.4335833550907865,0.1813631666666667,0.2078110833333333,0.1813631666666667,0.1338872764248428,1.2371112370280262,68.85,ST/MT Ratio (Expanding EWM),AXP,0.6520986325358756,0.10074220009188187,0.03483993320915992,-0.0038867248762480297,0.00021227932142640733,0.022917548176768554,0.0018372962984309082,0.9644909450526642,1.007518838466791,2.9947939273651474,0.9215131562654798,0.917424272228968
2016-04-20,0.7025861712516122,1.28575423305741,1.830030657687044,0.1545679679661832,0.2199294321520349,0.1837209584278713,0.23622,0.1837209584278713,0.2781614286211699,1.1126189177830492,61.21,ST/MT Ratio (Expanding EWM),AXP,1.830030657687044,0.22539414516382894,-0.01606156548760809,0.004673976784361392,-0.017124162021314022,0.003379573563510828,0.0011288069699923696,0.8869029601975459,1.288428983451128,2.916952673279938,1.0964783204316408,1.252042666882562
2016-07-20,0.8734595044443161,1.047930153106822,1.1997466943513335,0.1314654837043573,0.150489294985559,0.2259087586115751,0.2367366,0.2259087586115751,0.1577016787390682,1.6548664408029683,62.3,ST/MT Ratio (Expanding EWM),AXP,1.1997466943513335,0.22657242254042642,0.00536422719293442,0.0204135734552563,-0.0066924979102140295,-0.02137016439807105,0.002072153236821761,0.8855846923363182,1.2888168376706495,-0.4288605994417414,0.9303375564544974,0.9448846156989091
2016-10-19,1.6842202849332275,1.2565702013470996,0.7460842341041614,0.5026033480600226,0.2983039961614997,0.1771997296778917,0.2226639,0.1771997296778917,0.1033603596831381,1.5604648953035372,64.06,ST/MT Ratio (Expanding EWM),AXP,0.7460842341041614,0.23992115822249957,-0.014179635104676498,-0.03142438445926535,-0.0073403916407410695,0.019139692804354836,0.002738237230816162,1.0292511693090258,1.212389760287221,0.4666687114985324,1.193368796335838,1.0737680552473319
2017-01-19,0.7495804006880764,1.271841213868281,1.696737551703321,0.1191862980102948,0.1589900944495217,0.1851705208417554,0.2355075,0.1851705208417554,0.2011505573079127,1.2851085240980695,75.06,ST/MT Ratio (Expanding EWM),AXP,1.696737551703321,0.1900869212873923,-0.013207367960131047,0.037429650840066164,-0.00894113956510013,0.0034845309424506306,0.0008566610089161393,0.8601794203092865,1.0863866992744546,1.7161486616897594,1.1496677341513135,1.0835073159826372
2017-04-19,1.6400082457059122,1.3114095156362715,0.7996359280936413,0.2863248902728844,0.1744967312729669,0.1395765379292611,0.183042,0.1395765379292611,0.1053750265116269,1.0575569622456498,78.85,ST/MT Ratio (Expanding EWM),AXP,0.7996359280936413,0.10258425820312361,-0.008821024321402379,0.025461439463237322,-0.028378384299334872,-0.055007889955760586,0.002087473753680739,1.037442730419667,1.0069378848635413,1.583666105622056,1.1957915831851031,0.9196214290351176
2017-07-19,0.7609464959230879,1.3449416140080972,1.767458843971122,0.0715621892893456,0.0940416702373867,0.1361480237877749,0.1831111428571428,0.1361480237877749,0.1105363194304829,1.1328763807976212,81.88,ST/MT Ratio (Expanding EWM),AXP,1.767458843971122,0.1632187801029452,0.009774682007179947,0.025545571771238035,-0.0001913670379547511,0.022565745657912955,0.002233042951529484,1.154612268282067,1.1249130011070092,0.008394638249199726,1.1864669130027774,1.0933417212235597
2017-10-18,1.0650452114278612,1.323706547739847,1.2428641841084,0.0958295642790199,0.0899704261532023,0.1337824030254376,0.1770886428571428,0.1337824030254376,0.0875173143540376,1.076449125567468,87.87,ST/MT Ratio (Expanding EWM),AXP,1.2428641841084,0.1811663566001157,-0.014756201758221699,0.017154272164291818,-0.011015190921182742,0.0023941791532576966,0.0012819352163817358,0.9326761006693542,0.9725990513083365,-0.022191158973351666,1.1498547124774328,1.1457640037268664
2018-01-18,1.1305269297859442,1.5009909352669366,1.3276914469884735,0.133793442980825,0.1182875981233168,0.1266332002734465,0.1900752857142857,0.1266332002734465,0.1027919085202477,1.3147268242414634,99.15,ST/MT Ratio (Expanding EWM),AXP,1.3276914469884735,0.07159944803116727,0.04595146439507323,0.0045884997308196975,-0.0702362172500567,0.033061281199576804,0.0014121436950919998,1.1652982477953264,0.9927873808631144,-0.5154457046043941,0.901826259292677,1.1031448150463976
2018-04-18,1.646110175494723,1.08970117919495,0.6619855678052963,0.4416475965593928,0.2682009021531211,0.2198855104268298,0.2396094999999999,0.2198855104268298,0.149586631994401,1.402556086190024,94.84,ST/MT Ratio (Expanding EWM),AXP,0.6619855678052963,0.2071249001983452,-0.02931125557768264,0.02418583707900459,0.05432430061254158,-0.024381762971070118,0.0022306108487662145,1.1993227721527953,1.1779861075274556,0.23357836786058428,1.1630575749078516,1.212688906395184
2018-07-18,1.0744397528248075,1.1093685724841065,1.0325088675911955,0.1810134635757811,0.1684269120844012,0.1943783334359814,0.2156372142857143,0.1943783334359814,0.1722594035462653,1.2221010111926938,98.47,ST/MT Ratio (Expanding EWM),AXP,1.0325088675911955,0.143992282589585,-0.004540507545647567,0.021754424012241338,0.0302192413554168,-0.07641759532990001,0.0008665789817073771,0.8061660664306157,1.226744192216409,0.2021070289539839,0.9449020393750803,0.9905323358948298
2018-10-18,1.485757633217024,1.3192990187638018,0.8879638167546889,0.2259551704099691,0.1520565555157135,0.1397345751640878,0.1843516879013577,0.1397345751640878,0.1204216485705199,1.2586374038522663,109.64,ST/MT Ratio (Expanding EWM),AXP,0.8879638167546889,0.12893327696529067,-0.013390587039596124,-0.0066212213282307135,-0.006407518123124902,0.009977096458629625,0.0023499237152493926,0.9874319217500556,1.0699471708272044,0.155549197496907,0.9516654966621099,1.2048923158568678
2019-01-17,0.924987474190906,1.046435964110165,1.131297442730769,0.1336817226207043,0.1445016920218474,0.2874804569607101,0.3008298891425115,0.2874804569607101,0.1535267775662284,1.562489747302203,101.02,ST/MT Ratio (Expanding EWM),AXP,1.131297442730769,0.22398584875834837,0.052644225952380656,-0.013208053186907027,0.0034704762435149605,0.010289091917049312,0.0011046456263408,1.1960439134939669,1.2111166321678761,0.18374787068616483,0.97344268842364,0.9870663504263754
2019-07-19,1.3492536602005394,1.3088178514544877,0.970030980875722,0.1409701062094278,0.1044859957516346,0.1634287,0.2138984,0.1634287,0.0921275202925544,1.3480184349719977,124.68,ST/MT Ratio (Expanding EWM),AXP,0.970030980875722,0.0844977001164034,0.008879417177905113,0.007055688857859601,-0.026291358682939046,-0.0392667906901613,0.0030628536930332167,0.8546780297956146,1.1205322198769205,1.4216014878133767,1.1116507981989412,1.1720853483734672
2019-10-18,1.182499622823148,1.2106114291305297,1.0237732053057798,0.1514298964347223,0.1277217006800327,0.1819246,0.22024,0.1819246,0.1236586812323471,1.402688349370695,118.74,ST/MT Ratio (Expanding EWM),AXP,1.0237732053057798,0.08592808894864501,0.03811455888140222,0.05047060454485562,0.04539307194527163,-0.02146248864666516,0.0043378277453882995,0.916933324513353,1.0321244021587386,1.7260581417693515,1.0048342922350886,0.9850492758477253
2020-01-24,1.445856429946151,1.338460405384154,0.9257215154024686,0.225255420945789,0.1557300614588105,0.1363497188754124,0.1824987,0.1363497188754124,0.1236129264428602,1.5949131699709067,124.74,ST/MT Ratio (Expanding EWM),AXP,0.9257215154024686,0.12562226084811248,-0.049994613056294025,-0.033173212269617024,0.05043221736932779,0.07188044359299754,0.0011392431982981802,0.9497344614786959,1.0088336630311912,-0.6467491151256888,1.149041670682996,1.2412445556628147
2021-01-26,0.9928684487372564,1.0441492133776935,1.051649102865195,0.3686232845305463,0.3711495288571418,0.3101872757747739,0.3238818,0.3101872757747739,0.4294188974491563,1.2294055171941234,118.36,ST/MT Ratio (Expanding EWM),AXP,1.051649102865195,0.22822784753990683,0.01134675930542406,-0.0400257579725732,0.0069173432061631155,-0.0046402653538450845,0.002534207862374675,0.8879001200667518,0.9259088798100807,1.955309749404718,0.9634585877590242,1.0573741957747442
2022-01-25,1.4319383897901812,1.1555576360503297,0.8069883762384854,0.5313478414075313,0.3709526949524788,0.2542041096314524,0.2937475,0.2542041096314524,0.2671121967685673,1.2662981237314148,164.39,ST/MT Ratio (Expanding EWM),AXP,0.8069883762384854,0.19155886683751075,0.0331370778468203,0.008942825237095503,0.02858826610463362,0.021273974409405406,0.0012732580951179808,0.8256541008949534,0.990507833903374,2.171609113318543,1.1413189340745604,0.9828339299550842
2023-04-20,0.6920457651434138,1.0702589719743176,1.546514733389816,0.1627173552117037,0.2350440404322692,0.2874134591610924,0.3076068333333333,0.2874134591610924,0.2969495208789551,1.506806183244439,164.56,ST/MT Ratio (Expanding EWM),AXP,1.546514733389816,0.1813064971330176,0.004879939624639847,0.0055266310556805415,0.007382169473348097,-0.013266495684209595,0.0030409541737977898,0.9343655380426759,0.9536953676374974,-0.7033094788603105,1.1976515143345228,1.1622375804979357
2015-04-23,0.9880677411144372,1.21572752131323,1.230409081002904,0.1351686336292142,0.136756309474557,0.1532303333333333,0.1862863333333333,0.1532303333333333,0.1548087945282509,1.960814783704326,80.14,ST/MT Ratio (Expanding EWM),COF,1.230409081002904,0.146307763832167,0.039291813127287294,0.009200249931112247,-0.03041813597189827,-0.04925757247132892,0.0007347415909147848,1.0168386036793275,1.20619940016212,2.3603086387508965,1.1420144304134183,0.9066157797159506
2015-07-23,1.7604936504287731,1.1693778414634344,0.6642329219299536,0.6378977226923394,0.3621586525862175,0.1321470714285714,0.1545298571428571,0.1321470714285714,0.1028991610399771,2.410543372286228,89.38,ST/MT Ratio (Expanding EWM),COF,0.6642329219299536,0.08614751196193085,-0.016105095753513026,0.011318595937255007,-0.007295584224091433,-0.0012564561698976378,0.002480586758427713,0.8747231592761994,1.1619621208471325,0.5030373912158517,1.194744795318332,1.1661619170553017
2015-10-22,1.4841964412243858,1.149475370621837,0.774476571088918,0.4053675232233387,0.2730631709499273,0.2475415515103523,0.2845429166666667,0.2475415515103523,0.222827497897473,1.0537625984985806,73.68,ST/MT Ratio (Expanding EWM),COF,0.774476571088918,0.2143014111538055,0.0513271604064953,-0.002696067639044153,0.006298199169298926,-0.00364011400715263,0.0011270110331106473,1.1826195634916825,0.9805785926583176,2.4558281124600922,0.9964056917445676,1.2958259232951228
2016-01-26,1.5368358309867791,1.2343129583680932,0.8031521217042158,0.3908803393156091,0.2543213446936264,0.2225755076707254,0.2747278333333334,0.2225755076707254,0.1729640566269542,1.0300846998156603,73.15,ST/MT Ratio (Expanding EWM),COF,0.8031521217042158,0.13109158827941989,0.08246143432667377,0.048695903158062465,-0.008363692968586104,-0.006996955966709287,0.0017930154109016313,0.8630754688292589,1.1065359275353306,2.171378135348488,1.0297927441812107,1.0872336240750586
2016-04-26,1.1238639744146968,1.210008283010075,1.076650120082585,0.2373829689864954,0.2111527765947402,0.2288336263653725,0.2768905833333334,0.2288336263653725,0.1968093434915723,1.3388269337961187,69.2,ST/MT Ratio (Expanding EWM),COF,1.076650120082585,0.21052052693732265,-0.010699349615388069,-0.044027119354295464,-0.0024663319358758998,0.0001339791123401886,0.000968974724852693,1.1945423182022963,1.0701232601204613,1.4162884023962543,0.9163618982025452,1.2368840320841041
2016-07-21,0.8751717774991583,1.0336280803311333,1.181057372856299,0.2194112406646914,0.2506145042428412,0.2942022110789081,0.3040956666666667,0.2942022110789081,0.2455344875724407,0.8216306702996785,64.25,ST/MT Ratio (Expanding EWM),COF,1.181057372856299,0.14745828107227774,-0.013592588249027013,-0.020854910743407378,0.0007150110622721213,0.009606706791140915,0.0028223504708957538,1.0592672195918174,1.0616080411451254,-0.935321840181921,1.0775006461780512,0.9050631313936649
2016-10-25,0.8871214764008292,1.136461346336024,1.2810662085950169,0.1180394999454048,0.1330427240761421,0.2269349070529183,0.25790275,0.2269349070529183,0.1432655694647648,2.029894011749751,70.81,ST/MT Ratio (Expanding EWM),COF,1.2810662085950169,0.060648279501968896,0.052868456699119534,0.000902357195528579,0.0009780375533634516,-0.0007529237813451647,0.001163019645560413,0.8004814455636072,1.1464394248597418,-0.24393173066178298,0.9575662649154286,1.1613086263330976
2017-01-24,0.9473050150228532,1.25096801246887,1.3205546182384469,0.1907256124574082,0.2013179788169689,0.221523135988062,0.2771183571428571,0.221523135988062,0.2142541311472686,1.4596804962676684,89.68,ST/MT Ratio (Expanding EWM),COF,1.3205546182384469,0.14069600972216906,0.05728502510057494,-0.04529566433462501,0.00430646226243708,-0.028600154198684096,0.0025519642593318276,0.8214788751757498,1.0253622245898226,-0.4022723914319237,1.07405291093896,1.1647060618909584
2017-04-25,1.187840091689072,1.0648542568973558,0.8964626336051393,0.2257028072199965,0.1900076554294834,0.251221645819112,0.2675144389752412,0.251221645819112,0.1657772108191594,1.6809594738084004,82.13,ST/MT Ratio (Expanding EWM),COF,0.8964626336051393,0.15455998447874986,-0.016300100950364393,-0.0012756321329621342,-0.023515126659915023,0.015154619789048474,0.001655901971737667,1.0884543414396175,1.0020924867674261,-0.643000993453664,0.9236050970825693,1.0704606193802895
2017-07-20,1.6507631940993066,1.0876447549957926,0.6588738826281113,0.4756083096713237,0.2880005594613161,0.2050429753302395,0.2230139166666667,0.2050429753302395,0.1548612505391795,1.253421732188266,81.22,ST/MT Ratio (Expanding EWM),COF,0.6588738826281113,0.0927627539350091,-0.012706538598355015,0.053844104971840535,-0.014925403728198406,-0.045734293883060585,0.001885527628201137,1.178337763625086,0.9870916136988098,0.02696640536619732,0.9302666406317577,1.1422281095575721
2017-10-24,1.0175708264489016,1.2861058113159942,1.263898077546327,0.1780863605145556,0.1750155221223565,0.1902376799494701,0.2446657857142857,0.1902376799494701,0.1859771418454205,1.3376494581110423,82.48,ST/MT Ratio (Expanding EWM),COF,1.263898077546327,0.06600815405420184,-0.007862461310117759,0.004626594648878854,-0.029114606642499236,-0.04825893643210501,0.0021477559074001285,1.07194914957887,1.157172483264304,2.444520972179125,1.0459277505078215,0.9537828163068258
2018-01-23,0.7641110580169918,1.2265052989201584,1.605140098486684,0.1162840647344951,0.152171706975611,0.1932673400395129,0.2370434166666666,0.1932673400395129,0.1787601524229142,0.7707023486434686,100.5,ST/MT Ratio (Expanding EWM),COF,1.605140098486684,0.08666754577247926,-0.0450557678861997,0.010921027171560505,0.02744538874215501,0.0214795123675392,0.0012381753283411514,0.9157620522817651,1.1649719893685409,1.4524878949662394,1.0593009389228887,1.1731857674754749
2018-04-24,1.577963108871521,1.0545848671123077,0.6683203562765755,0.3035113666144113,0.1924027825206788,0.275949815965839,0.2910125,0.275949815965839,0.1240737372669907,1.2939436602697347,95.07,ST/MT Ratio (Expanding EWM),COF,0.6683203562765755,0.143204062214895,-0.03015281812694694,-0.03380494295517741,-0.04964117354600812,0.01567550680338392,0.002210367113540887,1.0549563401493198,1.2525299557859808,1.3440655099131864,1.133580407610167,0.9994828623865871
2018-07-19,1.1761257443275612,1.1414436758124444,0.970511598200798,0.2167755779390766,0.1843018069424652,0.2116067508351485,0.2415371875,0.2116067508351485,0.163953875923915,2.150170102061237,96.34,ST/MT Ratio (Expanding EWM),COF,0.970511598200798,0.1320621550358931,-0.03314492683632238,-0.014490842241184323,0.03183975858292315,0.0015651158731490996,0.0035303345643544113,1.071273033835627,1.2608776473530703,0.542929311599333,1.133731256201594,1.1899157204781743
2018-10-23,1.3161187111702723,1.1470157215883718,0.8715138777781399,0.2177990703050408,0.1654858829459049,0.1831213457206456,0.2100430625,0.1831213457206456,0.1424492804839529,0.9558304519609908,97.63,ST/MT Ratio (Expanding EWM),COF,0.8715138777781399,0.16245930340589698,-0.0248729147786445,-0.007255891409718109,0.0376587349315711,-0.031886212618876794,0.0012219052141672858,0.823810478748729,1.132603323849629,-0.47924260319679046,1.1901957516691772,1.2245630010802626
2019-01-22,1.5671228728718425,0.9638173236398976,0.6150234549723897,0.3994193459271672,0.2549057639079243,0.4276288824561428,0.412156125,0.4276288824561428,0.1622153331726225,1.2657946710336732,70.78,ST/MT Ratio (Expanding EWM),COF,0.6150234549723897,0.20309975970396393,0.0007860289414626612,-0.005531452902687021,-0.004554514674565535,-0.014697773516851882,0.0031718101432738448,0.8438895204988481,0.9487007990590713,1.3778954196504758,1.003466752251955,0.9139623436292438
2019-04-25,1.4652158836287368,1.1543436097802604,0.787831760956226,0.3369819933013824,0.2299542421568942,0.2264227604780701,0.2613696666666667,0.2264227604780701,0.1777905137851304,1.2347817752698609,80.66,ST/MT Ratio (Expanding EWM),COF,0.787831760956226,0.21525268553548185,0.010197515638778208,0.04244931385011306,-0.06207842719568247,-0.003568668692162602,0.0034980976334877843,1.0166566031332211,1.0551380398743389,-0.5956940305130294,1.1405761176767948,1.2660307061115224
2019-07-18,1.156258586590037,1.1339999531994052,0.980749432999866,0.2292708629752055,0.1982767795634968,0.2247693144506488,0.2548883920676982,0.2247693144506488,0.1792574289672126,1.5101218054102523,91.29,ST/MT Ratio (Expanding EWM),COF,0.980749432999866,0.10201483848177002,0.056267517248492695,0.020730731821753737,-0.006032764049182263,-0.036897349214352844,0.0011838450109719562,1.102637573605652,1.228968924006511,-0.1340377309355305,0.9790718852755803,0.9834110161196751
2019-10-24,0.8736044563463521,1.1050495670751803,1.2649312386715537,0.1391400906582252,0.1592459101157896,0.246645104795376,0.2725550662753427,0.246645104795376,0.1870547971533868,1.648556086253845,91.35,ST/MT Ratio (Expanding EWM),COF,1.2649312386715537,0.09617509760578025,-0.032942391425857684,-0.029343738708110956,0.001395395967779518,-0.015475716450580823,0.0005449453949094483,1.1060253725462255,1.279166831573799,1.8673488269356104,1.1644400294638668,1.155479637953269
2020-01-21,1.5323889749195665,1.342200153883753,0.8758873731483247,0.2741237167539231,0.1788507375860011,0.1625132059244956,0.21812525,0.1625132059244956,0.1342461758055493,1.12268268885123,102.93,ST/MT Ratio (Expanding EWM),COF,0.8758873731483247,0.07883056675435483,0.036451283946680436,0.011395143352960147,-0.02226495549822284,0.019308258454417,0.002301960900171765,0.9550639602235196,1.0703046459721222,-0.6987142713303807,0.9094371585738078,1.178190241675631
2020-04-23,0.999641858029829,0.7951026021255837,0.7953874637589037,0.7361170008648025,0.7361601678185355,0.9227425467337592,0.7336750000000001,0.9227425467337592,0.6824614690029766,1.237124084252258,50.91,ST/MT Ratio (Expanding EWM),COF,0.7953874637589037,0.20087002035292942,-0.005489609547892814,0.018946652454903554,-0.009880459845206073,0.03868263410723041,0.001452592477233127,0.9753715568044723,1.120886027221852,1.2306449904896652,0.9832127439999905,1.0903570043317963
2020-07-21,0.8155305118637841,0.9239459947682866,1.1329385980381457,0.439018986482909,0.5382386936873044,0.6279528585991481,0.5801945286059791,0.6279528585991481,0.6452950461385663,1.1146409860141306,68.3,ST/MT Ratio (Expanding EWM),COF,1.1329385980381457,0.10787782555498733,0.00026877016216484713,0.03820447115563799,0.04125487997158379,-0.007485868816463766,0.0038686032191630024,0.9883040886670809,1.0553708884911428,2.282701533604282,1.0353492011062788,1.141457809802395
2020-10-22,0.9341092943804356,1.052857975019763,1.1271250391723056,0.3497628571313355,0.3743707336047351,0.4679682461357159,0.4927041,0.4679682461357159,0.4627632240838653,1.0949514695610985,69.96,ST/MT Ratio (Expanding EWM),COF,1.1271250391723056,0.07256016106849628,0.025618682225831125,0.051416220597051206,0.019623179057543527,0.02191220885790246,0.0020348075404998324,1.1582080481523305,1.246493449143569,2.5616888151166606,0.9810014989395042,0.9139929953232252
2021-01-26,1.1928222406105784,1.098299730949558,0.920757254146572,0.4677099719802142,0.3920471967145775,0.365203756494794,0.4011031875,0.365203756494794,0.3664181298613956,1.1651072455798432,97.55,ST/MT Ratio (Expanding EWM),COF,0.920757254146572,0.11869212730253027,-0.037295270754680455,-0.026452825754836057,-0.020114102859452494,-0.044851501764686684,0.0011978005919648209,0.9044267199581317,1.0114829382482835,2.637441306899872,1.094772819851391,0.9326815838408915
2021-04-27,0.9946220764843084,1.1238558748284846,1.1299325657449502,0.2752557731603597,0.2767159741657799,0.3351366117630351,0.37664525,0.3351366117630351,0.3028809687202664,0.9267662049380572,126.49,ST/MT Ratio (Expanding EWM),COF,1.1299325657449502,0.11514345897183038,0.015384341116441772,-0.020325725336310146,-0.036939979239885797,0.01948628102784029,0.0008528404889882886,0.8541514384044405,0.9622704502167901,1.5216869926756926,1.120624207652101,1.2438575642261585
2021-07-22,1.0406304611574817,1.0977882046717424,1.0549260718840432,0.2773298148475093,0.2664184967033982,0.2846499279219089,0.3124853333333333,0.2846499279219089,0.2645089632978489,1.362934778596651,154.89,ST/MT Ratio (Expanding EWM),COF,1.0549260718840432,0.23486840933558184,0.00782582728745696,-0.033727335767438485,-0.005175432940244271,-0.017098710368187026,0.0030899049590908303,1.1762546203224973,0.9806818229545767,0.23908993889619623,0.9720968642234492,1.0435046269864552
2021-10-26,1.2991085761332557,1.1458004488956717,0.8819897504688182,0.4350790171021952,0.3347217968929679,0.2786811615475936,0.319313,0.2786811615475936,0.2703702709401915,1.422909624773806,169.76,ST/MT Ratio (Expanding EWM),COF,0.8819897504688182,0.1983411523576903,0.01923579424028521,-0.0030205957732094366,-0.0023364194837609516,0.010683640417699251,0.0014288160259158136,1.1658660429694998,1.1300450267757447,1.9527675892979963,1.0470357708380347,0.9115431653344498
2022-01-25,1.2965745853705295,1.1007435487802324,0.8489627678963539,0.3862316933782699,0.2978654629714024,0.2852453692305833,0.313982,0.2852453692305833,0.2632410571832952,1.149898389738068,145.89,ST/MT Ratio (Expanding EWM),COF,0.8489627678963539,0.06366444620203471,0.012120902536773635,0.017990751233390025,0.015404979684082908,-0.0031938104559927315,0.002043828799460428,0.8256781943991258,1.1151692125071544,1.8751561392801026,0.9645991582586194,1.1887638295969216
2022-04-26,1.2472705908611923,1.1335369527840402,0.908813982378416,0.3914225835454687,0.3137317108357519,0.3267748784812402,0.3704114,0.3267748784812402,0.3103568092210215,1.15532854505753,133.25,ST/MT Ratio (Expanding EWM),COF,0.908813982378416,0.1808825186152355,0.0879355048968813,0.033620035497673055,-0.010382917814191477,0.036010350244595854,0.002955802745112481,1.1242663093934049,1.0647589913448445,1.9856769313764198,1.021208985098538,1.171340251782008
2022-07-21,1.114748345985036,1.0289124523308766,0.9229997568838628,0.3327217495623876,0.2984318231487157,0.4658574195638744,0.4793265000000001,0.4658574195638744,0.3167238730588691,1.3693792273492085,106.46,ST/MT Ratio (Expanding EWM),COF,0.9229997568838628,0.16619878990117803,-0.02032089944879606,0.0017214692907243172,0.015787489384046532,-0.018860891208497956,0.0015157416480691699,1.1055988197278173,1.2967706473232443,0.3815866482543844,1.0233122341723835,0.9662480237640686
2022-10-27,0.9949787381202468,0.9673846001787708,0.9722666054215312,0.2345858962594474,0.235692729812586,0.5019077985221942,0.485537875,0.5019077985221942,0.2437539576635818,1.2838175442135278,91.39,ST/MT Ratio (Expanding EWM),COF,0.9722666054215312,0.11204221847013285,-0.01658489342506362,-0.005595425697645318,0.05137885100150573,0.018690157439045778,0.0019540711712598396,0.8816292233607228,1.1773580010393512,2.6681823606179043,1.0183814854983722,0.9719377787342165
2023-01-24,1.3715948351396727,1.1848250530950957,0.8638302089949487,0.5282360421335165,0.3850052832771127,0.3442336266730383,0.407856625,0.3442336266730383,0.3155418087313726,1.3586146369146406,90.69,ST/MT Ratio (Expanding EWM),COF,0.8638302089949487,0.15981788115987877,-0.019809918424866756,0.00855273976746221,0.023387525561106567,-0.003987686582413337,0.00198343159017748,0.9140397997531976,1.0820206819232554,0.16260131746147355,0.9700737249365599,1.1943937955028319
2023-04-27,0.914771294783014,1.0978370160244422,1.2001218471605537,0.2472663465650526,0.2681884861987768,0.411746,0.45203,0.411746,0.3051231168969168,1.29290624975669,91.12,ST/MT Ratio (Expanding EWM),COF,1.2001218471605537,0.11340622963179914,-0.017441699170608914,-0.02105428704890069,0.0017977873167306854,-0.0009576369502415944,0.002683324511516092,0.8031379684962493,1.1156922109345933,2.1750672281190155,0.9798684858952404,1.141316604244807
2023-07-20,0.9474137423502406,1.2668175680796732,1.337132354589971,0.2265990739580552,0.2389140800392032,0.2779944870308677,0.3521683,0.2779944870308677,0.2790949562478009,1.455355822267436,109.12,ST/MT Ratio (Expanding EWM),COF,1.337132354589971,0.051271928812905924,-0.02030854945572812,0.0666861616508432,-0.0015787617763323672,-0.0015963473289802418,0.002590744335510326,1.0675600422474472,1.162009878562036,0.7833985367948708,1.0039733963627337,1.2343696292111255
2018-07-13,0.9319448842715397,1.0330279839991192,1.108464675790985,0.1548754319249407,0.1661028533528467,0.19584425,0.2023125907553195,0.19584425,0.1749536362656615,1.5766894153618642,145.6,ST/MT Ratio (Expanding EWM),PNC,1.108464675790985,0.20172804588578505,0.04361557858876432,-0.04422983081354176,-0.005916828354496782,-0.018141827612352824,0.0017798862687451716,1.1033783827999457,1.028502069365565,-0.5879232222311757,0.9215422636336408,0.9377103911595744
2018-10-12,1.6186799219936396,1.1078413848419844,0.6844104073877166,0.412573809466264,0.2549930546101684,0.174271,0.1930646259777974,0.174271,0.1161862474320408,1.7234323720696567,141.31,ST/MT Ratio (Expanding EWM),PNC,0.6844104073877166,0.16979702610787392,0.05171764867964492,0.009542217366871733,0.03251602281130361,0.0026475258523332105,0.002063649061496518,1.0331477444768171,0.9206648703315959,0.34770749985615357,1.1259599105742688,1.0177392666061513
2019-01-16,0.8022256123737246,0.9996889427258312,1.2461443854526504,0.151453870216722,0.188764026666987,0.3140518691326078,0.3139541810142478,0.3140518691326078,0.2261865575880896,1.5942494771739988,118.32,ST/MT Ratio (Expanding EWM),PNC,1.2461443854526504,0.09390219831556444,-0.01797612028123167,0.06470818657688918,-0.012682836148782567,0.0014337944469544625,0.0016282209884765112,1.105323230872052,1.1981868152828221,-0.016691469467134734,1.1186466540278237,1.1991106553088404
2019-04-12,1.0580178510640543,1.0115311512576235,0.9560624617442148,0.2020971522172427,0.1910018068754826,0.1888738,0.1910517323564022,0.1888738,0.1536669673785437,1.328965519967429,128.93,ST/MT Ratio (Expanding EWM),PNC,0.9560624617442148,0.0552814657949134,-0.027132445058648008,0.004203995336799933,0.004130567724999564,0.009031006210168233,0.0005223875930805553,0.9589815702668107,0.9841681934966073,1.0850832275674764,1.176419276400059,1.1558466929728248
2019-07-17,0.9683357955052666,1.0489171629489826,1.0832163468682572,0.1425171098643244,0.1471282954896966,0.2240760734781589,0.2350372392774583,0.2240760734781589,0.1663566043493836,1.604964211598117,132.54,ST/MT Ratio (Expanding EWM),PNC,1.0832163468682572,0.1858641847612139,0.018499544473524143,-0.0017011710500448337,0.004279947547027134,0.005112628642321565,0.0022576008573981293,0.8691689990509045,1.173102769893408,0.7088121091273383,1.077458639206612,1.1936256140092432
2019-10-16,0.7032771665024709,1.0331197525951987,1.469007955615987,0.1039885696667441,0.1478631530207868,0.2185884440354741,0.2258280392220985,0.2185884440354741,0.1918662818634114,0.985008226532733,140.5,ST/MT Ratio (Expanding EWM),PNC,1.469007955615987,0.16016482640992388,-0.017327806549834006,-0.006723362684312815,-0.009544604820288302,0.022949863740305915,0.003892191760833068,1.005978940605778,1.2255935898293235,1.888622317266511,1.0845220020055533,0.9603171263329406
2020-01-15,1.3912010514567026,1.1310901095412853,0.8130313791503683,0.2074683873144586,0.1490772836748984,0.1589238172818131,0.1797571578980052,0.1589238172818131,0.1046880337348308,1.105885960078918,159.0,ST/MT Ratio (Expanding EWM),PNC,0.8130313791503683,0.12432145281753988,0.02415261362144289,-0.0014117504528722345,-0.031311638697102524,0.02608771540118422,0.0011162808593089373,1.1343796443646272,1.2743622341279264,-0.4521395047628207,1.0464723388300292,1.0035554967882019
2020-04-15,1.3079469901471172,0.8493117681909489,0.6493472400555154,0.704548412583843,0.5358693172198646,1.1740192147867328,0.9971083352006694,1.1740192147867328,0.3412750208445472,1.2305078064529515,89.97,ST/MT Ratio (Expanding EWM),PNC,0.6493472400555154,0.07380538197381839,0.009102305729795491,0.0451854542402959,0.011074362590441714,-0.02326558304569503,0.001226970290397297,1.1018093229702257,1.18865185440188,-0.4364595177184052,1.1631081813784911,0.9723892255912009
2020-07-15,0.8236797177974563,0.8917009197847723,1.082582101413407,0.2932493108107026,0.3559760061293134,0.5853490488643921,0.52195628526752,0.5853490488643921,0.4476428888535761,1.317486197255063,112.97,ST/MT Ratio (Expanding EWM),PNC,1.082582101413407,0.24463104061979965,-0.051051044024903125,-0.062355857339885204,0.0014749007036154093,0.024719312514769276,0.0011292722283562586,1.118903610259243,1.082792143851202,0.31308917423260496,0.9474717788022641,0.9670457024586517
2020-10-14,0.9216091027217692,1.0276685300124624,1.1150807071864524,0.2497340676686245,0.2709512469984831,0.341210777885731,0.350651578534238,0.341210777885731,0.2725802265094478,1.1692582828164095,114.18,ST/MT Ratio (Expanding EWM),PNC,1.1150807071864524,0.149866734215737,0.05616268204655216,0.050003011038889766,0.015506011735914248,-0.026658410677746363,0.0027245917787231226,1.0647562218803601,1.1201721551788482,-0.5116583133950692,0.9338093581314976,0.9289242299091166
2021-01-15,0.978215630997086,1.0980006320774447,1.1224525526731393,0.3069290801405962,0.3137357259159044,0.2927440634150702,0.3214331666666667,0.2927440634150702,0.3472494472099671,0.9714236610644956,145.25,ST/MT Ratio (Expanding EWM),PNC,1.1224525526731393,0.1492260103627224,0.06485571855834327,-0.03871871457350435,-0.010340007660979172,0.01769639720344338,0.0024484854541964403,1.0975069389494176,1.1847528340917157,-0.7662760365816994,1.0680810226790918,0.933870462097076
2021-04-16,1.0260921685863638,1.0970546248658983,1.0691579747434372,0.2949207265071124,0.2873973651864417,0.2706276666666666,0.2968933333333333,0.2706276666666666,0.2787744623161866,1.1359365653202946,178.43,ST/MT Ratio (Expanding EWM),PNC,1.0691579747434372,0.2051347541691013,-0.01944760416695351,-0.003999569877032443,0.03352053247032619,0.01849346961757172,0.0018414623075835434,1.1614983082435766,1.262846967672053,1.7929319592525204,1.177856676431835,1.2245812121654762
2021-07-14,1.002017506565255,1.0276041068251225,1.025535083062145,0.2229468834553327,0.2223760778722254,0.2388855161657682,0.2454797374729825,0.2388855161657682,0.2064682599598025,1.0209134762166454,187.11,ST/MT Ratio (Expanding EWM),PNC,1.025535083062145,0.19089727457223404,-0.011569554597759442,-0.008877332608959855,-0.01891934453029612,-0.0447829222915626,0.0010819809383610347,1.1314154303708197,1.1278831402279734,0.22423679286470355,0.9653397345349265,1.0308800088155716
2021-10-15,1.1991422701266663,1.070646857929839,0.8928438973440121,0.2256894683681629,0.187813940778737,0.2492026180470838,0.266808,0.2492026180470838,0.1738267595407308,1.2053933831976107,190.18,ST/MT Ratio (Expanding EWM),PNC,0.8928438973440121,0.2185535447307588,0.01200528867537168,0.021656598093121593,0.045801007100447315,0.005324481163235242,0.002092376791639924,1.051398172035625,0.9690626143329596,0.03456094654928643,1.0404182588386393,0.9932200394098463
2022-01-18,1.1650832333097387,1.0090490415721451,0.8660746397539894,0.2950658149613813,0.2531559962529437,0.2967502218089276,0.2994355269026199,0.2967502218089276,0.2175141753048156,1.408023322018711,192.55,ST/MT Ratio (Expanding EWM),PNC,0.8660746397539894,0.05720775749833125,0.013705987649545882,-0.04394373055651243,-0.04069091274570654,-0.008712402834007893,0.0004353778726641957,1.0354574678864246,1.269270411382532,1.9923574628125058,1.0999279842446739,1.1330885903935115
2022-04-14,0.8963703479676767,0.9386190132745696,1.047133046516635,0.2029755948725982,0.2263902806654715,0.3719150103108805,0.3490865,0.3719150103108805,0.2587471327260353,1.415917751689008,185.24,ST/MT Ratio (Expanding EWM),PNC,1.047133046516635,0.06013375678187112,0.025049049543549067,0.017865179982458287,0.01386925161392228,-0.015969131448384376,0.002143426566857493,0.995179163702826,0.9746255438538639,2.5788418217074622,0.9745608006038509,0.9365235510312643
2022-07-15,1.0008111794169976,0.9646290878132128,0.9638472347752328,0.1811777308942449,0.1809955242047422,0.3569377124844398,0.3443124999999999,0.3569377124844398,0.1935230991293847,1.416195779117366,156.51,ST/MT Ratio (Expanding EWM),PNC,0.9638472347752328,0.2333456189888902,0.07235715885682224,0.06472928869860557,0.014885767063165587,0.036771308267475135,0.002871524386087934,1.1000060716914781,0.9702462137324666,0.4875839981647041,0.9084854784872939,0.9548271770161793
2022-10-14,1.1826902022444712,0.999875370823297,0.845424582807709,0.1925390100485569,0.162573517089127,0.2999126278638935,0.29987525,0.2999126278638935,0.1265756695758624,1.64006707104354,162.41,ST/MT Ratio (Expanding EWM),PNC,0.845424582807709,0.06410080444035675,-0.004193152962291729,-0.03689522013778431,-0.016888926698522058,-0.013341978515935474,0.0007488008633663221,0.8692814523039648,0.9217640511000712,1.6266278264913807,1.1511023387409351,1.0493261625463763
2023-01-18,1.262480611372934,1.1346420012564007,0.8987401398762789,0.3413945240835798,0.2702288722430693,0.2611701529397516,0.296334625,0.2611701529397516,0.2485474736275175,1.438652379939856,150.16,ST/MT Ratio (Expanding EWM),PNC,0.8987401398762789,0.18056560450069561,-0.025940403558845884,0.00969118502831187,0.013609848446525316,-0.017159423227951245,0.00046748172317033634,1.1498305906872803,0.9853386298240506,0.30156169424495793,0.9452210979093505,1.1482236781675994
2023-04-14,0.9114306610783828,0.9106918705344612,0.9991894166221628,0.2515142200330244,0.2757044406044119,0.566421,0.515835,0.566421,0.2765139883794702,1.333647890097506,125.05,ST/MT Ratio (Expanding EWM),PNC,0.9991894166221628,0.050999310745987673,-0.046276172980508457,-0.01585946533389827,0.03498796674400397,0.0048923735001273365,0.0035794378916948594,0.9679478363481228,1.1453133387367596,2.0466996215767344,1.0637109048098845,1.1510521419607151
2023-07-18,0.9117576264890794,1.0796268360277084,1.1841160464816134,0.2277808342595076,0.249788782527798,0.2727863367752692,0.2945074496842728,0.2727863367752692,0.2851528909899068,1.633106963840452,128.47,ST/MT Ratio (Expanding EWM),PNC,1.1841160464816134,0.06359134509119051,-0.02358255139796717,0.01677661618579107,-0.052420470983851615,0.02013974365746041,0.0013882403604954152,1.174100125757733,1.0196257238435373,0.4366557545358125,1.115311008512801,1.1445222068221548
2023-10-13,,1.121563426631415,,,,0.2467095005647601,0.2767003528359374,0.2467095005647601,0.1907740044065508,1.4335445503414963,160.0,ST/MT Ratio (Expanding EWM),PNC,,0.08333190418174452,0.0008405559494171016,0.004574433322472562,0.015568620187270366,-0.0005412146502531724,0.003135947845943822,0.8714131618158859,1.0504589240041962,0.8713520524988598,1.0258169513905169,0.9713099233288164
2023-04-20,0.9778541174940012,1.0632715874773553,1.0873519561407154,0.4772321533266026,0.4879400616282337,0.5903029018383482,0.6276523035301499,0.5903029018383482,0.607125392071126,1.435604906292854,33.7,ST/MT Ratio (Expanding EWM),TFC,1.0873519561407154,0.23043948084627522,0.06480952522312257,-0.015244607271329287,-0.05933177050825194,0.03215926364173131,0.0018460023348021684,1.1697720367137048,1.2049275046775905,0.9254233284314091,1.104018308492051,1.2589130688542087
2023-07-20,1.140685672927929,1.0381261475982442,0.9100895822891912,0.4318134594893927,0.3785179444371885,0.3889739228071852,0.403804,0.3889739228071852,0.391892629803915,1.379820072362202,31.35,ST/MT Ratio (Expanding EWM),TFC,0.9100895822891912,0.17037804759783387,-0.016116395466266,0.018636168546132217,-0.021141620088080203,0.016274391549102263,0.0018380451830586726,0.8544696569446285,1.000149220282791,1.1708049890265801,1.1397031114057075,0.914501958176611
2017-04-20,1.0822042602105082,1.0399185363387953,0.9609263006749876,0.2464274822392383,0.2276305836411378,0.2708981426485708,0.281712,0.2708981426485708,0.2325949239572238,1.5995740265813256,16.9,ST/MT Ratio (Expanding EWM),KEY,0.9609263006749876,0.1770638697443047,0.009832578307361449,0.05813044329360229,0.043729159122523634,-0.051455282993285764,0.002438412699496645,1.1936072600785441,1.0819626411529588,0.43692456248689204,0.9878173313519316,0.9697426830603487
2017-07-20,1.1754501621006728,1.0803348429562547,0.9190817933323218,0.2471750752079788,0.2102478743844585,0.2169179319985045,0.2343439999999999,0.2169179319985045,0.1892667990513568,1.5517982433786928,18.57,ST/MT Ratio (Expanding EWM),KEY,0.9190817933323218,0.17188661650478787,0.0014251986374536774,-0.0017271137518189601,-0.011544550834801352,-0.010236674087675209,0.0011160011432535593,1.1166295635720112,1.2821656658984386,0.6545790193815928,1.185726208426037,1.2295190461740138
2017-10-19,1.0616261762809371,1.1546831472642387,1.087655121042038,0.1845365752353636,0.1737238555736641,0.2181455584562692,0.251889,0.2181455584562692,0.1960372157108513,1.3636594212088162,18.12,ST/MT Ratio (Expanding EWM),KEY,1.087655121042038,0.21075891652321813,0.043593764570682945,0.025592738264445455,-0.026346999110224315,-0.011046052483792472,0.0021324971434956456,0.9924204509905273,1.1696104716504532,0.7399367166818518,1.0676170224637658,0.9232185348074016
2018-01-18,1.0161939284184844,1.153196694159908,1.134819508275003,0.1747122581581146,0.1718709822048515,0.2000146645998068,0.23065625,0.2000146645998068,0.1900068021492926,1.4754676413674477,20.12,ST/MT Ratio (Expanding EWM),KEY,1.134819508275003,0.2082312947479982,0.09044263490557676,-0.03479818873613491,-0.001948443224617047,0.014984023835735553,0.0016185105851759074,1.0785053901202133,0.9211298577936547,2.268339787678598,1.1474840788381673,0.9948309150224859
2018-04-19,1.3629729596411628,1.0961320909506989,0.8042214507610506,0.3286708135073995,0.241147675850668,0.231598,0.253862,0.231598,0.1699373101708731,0.6636158362845136,20.93,ST/MT Ratio (Expanding EWM),KEY,0.8042214507610506,0.05589814203085104,-0.016580407052211223,-0.02469309130454026,0.054697658454088804,-0.06262042640935281,0.0006795065565949688,0.9294651124143202,1.0925241514233173,1.386651627729926,0.986206098522599,1.1369945618527701
2018-07-19,1.0108675349211198,1.1244608191345906,1.1123720767452827,0.1959982119698108,0.1938557674486821,0.2191196845699152,0.2463914999999999,0.2191196845699152,0.1959272501835984,1.6688403346185936,20.57,ST/MT Ratio (Expanding EWM),KEY,1.1123720767452827,0.22132243885652458,-0.015130380488137776,0.01817218833641132,-0.04279205618015065,0.06672524271794307,0.002337482074726399,0.9191148292917196,0.9221962884284243,-0.9898898006723642,0.9303453173755286,1.2169002800656072
2018-10-18,1.1412713331177706,1.1472095900765416,1.0052031947061604,0.2637280962117556,0.2310455360733075,0.1972378767985182,0.2262731837895955,0.1972378767985182,0.1899699012400786,1.3680507175700152,19.74,ST/MT Ratio (Expanding EWM),KEY,1.0052031947061604,0.09566923382081936,0.038545630697417524,0.048523480856078945,-0.023282747790983615,0.016275652372355252,0.0017366921931220838,1.1845725249533348,1.0707864797124877,1.050735813799771,0.9440544507220279,1.120412541072063
2019-01-17,1.1431761240906104,1.007199264096244,0.881053446508485,0.2868627048672738,0.2508888492345611,0.3776381624468027,0.3803568793110775,0.3776381624468027,0.2345727137611726,1.21440493230223,14.78,ST/MT Ratio (Expanding EWM),KEY,0.881053446508485,0.11404071235228948,0.025866202136920903,0.014668400463569799,0.04043579207949066,0.006721920097942278,0.0018429751715552923,0.8578619608027908,1.1444857324795321,2.7330346703234154,0.9587095617909119,1.2058254872228409
2019-07-23,1.150643990834417,1.0109948197012848,0.878633902192578,0.2340232977716267,0.2033848763168026,0.2799722555290955,0.2830505,0.2799722555290955,0.2041642396654738,0.8901210396386986,17.1,ST/MT Ratio (Expanding EWM),KEY,0.878633902192578,0.20499414121726772,0.06663475640076118,-0.005391740915694629,0.04944255858844331,0.03253919291047866,0.0007898390565858422,0.8094009691273296,1.0501988965286484,-0.5570059686779638,1.0057426324787098,0.9694147678555535
2019-10-17,0.8818130363457378,1.0253296430180912,1.1627517407398409,0.1822587741237117,0.2066441874619358,0.2781787366435223,0.2852249047379263,0.2781787366435223,0.261038286942528,1.0408158894442496,18.13,ST/MT Ratio (Expanding EWM),KEY,1.1627517407398409,0.09678114238756,0.02243748648640874,0.0039787421627006225,0.0004142193927429018,0.061591351320315624,0.0035914003677628044,0.949321996049155,1.0670091224430123,0.2023644911236735,1.0969865848419387,1.2675408205035639
2020-01-23,1.0242635910131574,1.1809294729884523,1.152954652835339,0.1542947177430473,0.1505997207474028,0.1863718410236952,0.220092,0.1863718410236952,0.1584788413992738,1.018475803714718,20.35,ST/MT Ratio (Expanding EWM),KEY,1.152954652835339,0.1846722866401249,-0.010575223177547085,-0.03351223201909152,-0.027976317563166063,0.024768666114710083,0.002876714186386116,0.960238149642109,0.9769372625900086,0.0828910327839334,1.1562002470489106,1.1286558893080592
2020-07-22,0.989271767595342,0.9731227725918108,0.9836758760003984,0.5598254263821887,0.5656984163855908,0.6052961831642136,0.5890275,0.6052961831642136,0.6004357229444159,1.180918015259756,13.39,ST/MT Ratio (Expanding EWM),KEY,0.9836758760003984,0.24828524966805685,0.022672919074230826,0.022135459790661,0.05539608754522898,0.026720327411790503,0.0029641558841719787,0.982004412922783,0.9598546886035707,0.7989092332951278,0.983547601007216,1.2772652511413398
2020-10-21,1.1819948614920155,1.0377970271024295,0.8780046859022997,0.4475185047565097,0.3785817039199874,0.4370647517332228,0.4535845,0.4370647517332228,0.3737908917499533,1.055370882992236,12.05,ST/MT Ratio (Expanding EWM),KEY,0.8780046859022997,0.056149297455133,0.04080462532040177,0.030469991869702274,0.04286105979372992,0.006267250611609558,0.001694555297558318,1.1536280437662925,0.9335610167312792,1.0666139570449715,0.9675175036544016,1.0643108358097162
2021-01-21,0.7851950085297754,1.0728834042518698,1.3663910144573783,0.352720601058132,0.4491891114743115,0.37008425,0.39705725,0.37008425,0.5045613147222798,1.2118039668035694,15.74,ST/MT Ratio (Expanding EWM),KEY,1.3663910144573783,0.12236180200777558,0.030716876341907753,-0.00956270998499241,0.019973674694055824,-0.0005381438341737071,0.00027081711049657973,1.1507391993005824,1.111005807955418,0.33686117348303934,0.9623665062314991,1.2201299437625956
2021-04-20,0.9045424947407316,1.0666380734212548,1.179201728634081,0.2846397752385759,0.3145997343841642,0.3447143967218835,0.3676855,0.3447143967218835,0.3460689391680124,1.1560209523854896,19.92,ST/MT Ratio (Expanding EWM),KEY,1.179201728634081,0.0978526594482989,0.019754591088755425,-0.010101264432785044,-0.017310058723435502,-0.00889488610012253,0.003952917382489511,1.0498072061457389,1.0872261841704924,-0.13006258454808783,1.0002739122471394,1.2839373706954074
2021-07-20,1.0713387264441796,1.073292325371095,1.0018235119096268,0.3029078876560583,0.2826845239857449,0.2843423853743498,0.3051825,0.2843423853743498,0.2852185500277209,3.293966142807987,20.59,ST/MT Ratio (Expanding EWM),KEY,1.0018235119096268,0.14879468626493805,0.03933361413562039,0.011976346889561455,0.0017742664790490865,-0.017652799792863553,0.001938902491994132,1.0080359750423338,1.0602797124973011,1.0856881693932956,1.1336965517698825,1.0360435746011476
2021-10-21,0.8119595312532955,1.0300631914881508,1.2686139540701034,0.1706911247375903,0.210210770369345,0.3041852214399841,0.31333,0.3041852214399841,0.2370385895224119,1.048685242577288,19.93,ST/MT Ratio (Expanding EWM),KEY,1.2686139540701034,0.06401587689260556,0.04292534566559855,-0.009101592081217864,-0.0010090020261207533,-0.014175352492487435,0.0012512002039799463,0.8714824483730436,1.1339744473356193,1.6608164139242687,1.113815400887565,1.252795036306452
2023-04-20,0.7104544721412068,1.011669975626838,1.423975800416614,0.4691222784698687,0.6603474051982369,0.6765462220779214,0.6844415,0.6765462220779214,0.8689027374145174,1.255218258299361,12.76,ST/MT Ratio (Expanding EWM),KEY,1.423975800416614,0.1816288845144545,0.050375564686313455,0.0020160215612253264,0.011271282615389443,-0.03076389910857458,0.002416801574483114,0.9484696482756453,0.9301419584915568,2.833394334523769,1.0305035782312426,1.1493030038692527
2023-07-20,1.060404320339848,1.1383132909214375,1.073471004490646,0.5529524838346315,0.5214578673078276,0.4632042023977302,0.5272715,0.4632042023977302,0.5653607855853389,1.2422993175602115,9.85,ST/MT Ratio (Expanding EWM),KEY,1.073471004490646,0.21902050428291125,0.024704846065637494,0.06699165367499546,0.039275035953283396,0.001103213732874417,0.0031671207880032974,1.066522129251317,1.1186054834804815,-0.17896988105491962,1.1265429150348425,1.2215007897216328
2015-01-20,1.1963213821533416,1.175746664248108,0.9828016800400242,0.1658610217706278,0.1386181192829065,0.1227836781423658,0.1443625,0.1227836781423658,0.1149760028336369,1.3293765888943827,106.74,ST/MT Ratio (Expanding EWM),JNJ,0.9828016800400242,0.16998446060625033,-0.0038491328110899026,-0.0034107710223798995,0.02498542602843508,-0.03911668943065967,0.001976949443914534,1.0211902344069759,1.0954244642339366,-0.5442472674880587,0.9251854984499351,1.0358259382254116
2015-04-14,0.9078059654140684,1.0301935576527093,1.134816906807632,0.1050899734780796,0.1157258198903937,0.1458479520688545,0.150251620618175,0.1458479520688545,0.1345113379804124,1.3776454183103053,101.06,ST/MT Ratio (Expanding EWM),JNJ,1.134816906807632,0.1634799920037565,0.007134979025166299,-0.006750204560636669,-0.02393440192461896,0.007772913103592767,0.003278575167939375,0.9243384622069574,1.2814625803853086,2.134490969773719,1.097977288577718,1.1070592356070421
2015-07-14,1.1629013690139376,1.0799863768258828,0.9286998928736656,0.0848307132635158,0.0727986434683519,0.1383199934799842,0.1493837086010279,0.1383199934799842,0.0731579039748125,1.7426121024006107,97.49,ST/MT Ratio (Expanding EWM),JNJ,0.9286998928736656,0.1633649398230059,0.04422781382779249,-0.015426254169054781,0.03741241125048845,0.0020917347989414564,0.0030829999385168687,0.8669470122906605,1.2913826688737136,0.5001627929608401,0.9320776807341734,1.0975195582862984
2015-10-13,1.0557855327473744,0.9750139307522948,0.9234962030736534,0.1487347187357185,0.1408536411369633,0.2141326148308368,0.2087822824884813,0.2141326148308368,0.0984034025739804,2.512857142857143,93.32,ST/MT Ratio (Expanding EWM),JNJ,0.9234962030736534,0.1422489349659822,-0.026592748484553265,0.0263257591449981,0.010828303500328883,0.006673382459667195,0.0009236188125979415,1.1495992046452332,1.254916400710932,-0.956136335774211,1.1658887234254198,1.0085936869999435
2016-01-26,1.476541040657955,1.092788802628845,0.740100527203695,0.2195894104577468,0.1486985216823033,0.1344466100371459,0.14692175,0.1344466100371459,0.0907693001249766,1.626371684022919,103.22,ST/MT Ratio (Expanding EWM),JNJ,0.740100527203695,0.06826123570870408,0.014903565810551543,-0.0014367251965430896,0.020176644896472907,-0.010053289250499812,0.0013262098943405236,0.8155889455873693,1.2391161081451498,2.455467023952833,1.078869323952705,1.1297735029185434
2016-04-19,0.8159133891833799,1.171210004235331,1.43545873834422,0.1038850729826824,0.1272881341389908,0.1252254074586359,0.14666525,0.1252254074586359,0.1507165469686286,1.967871139084716,107.28,ST/MT Ratio (Expanding EWM),JNJ,1.43545873834422,0.1956638573790849,-0.011766858431457625,-0.015481191149642779,0.03966352148196507,0.0799215092545126,0.0029575371632797674,1.1252481090485678,1.214523821084112,2.5604218937708163,1.065824234279011,1.2870588370931235
2016-07-19,1.0897369374814243,1.0568551983758705,0.9698259846256568,0.1385169163432505,0.1270766897951001,0.135196264558831,0.142882875,0.135196264558831,0.0920957837611845,2.8032355639114845,116.54,ST/MT Ratio (Expanding EWM),JNJ,0.9698259846256568,0.06520891459404957,0.0030060688027186123,0.04363912096819036,-0.02478950623783878,0.037002897504507824,-0.000712612563810438,1.1984587323733353,0.946617843999453,2.3981750382164884,1.0499466773245767,1.0550265353199328
2016-10-18,1.4567319571655215,1.1637703069227308,0.7988911763748018,0.1886743732768049,0.1295276367006331,0.1110227673205092,0.129205,0.1110227673205092,0.0941120906309886,2.122457524405562,117.66,ST/MT Ratio (Expanding EWM),JNJ,0.7988911763748018,0.06462567229487735,0.04674581519125546,0.04658809013540911,0.002104360532338427,-0.02811356250211807,0.0018505443068350114,1.045228923953086,0.9223862229048029,1.0258444750683196,1.161267171008,0.9853846064555876
2017-01-24,1.1024116866113831,1.2045396194010916,1.0926404663793354,0.1532134719465296,0.1388442615862979,0.1239740873565031,0.1493317,0.1239740873565031,0.1464787612845318,1.4818832367321826,115.96,ST/MT Ratio (Expanding EWM),JNJ,1.0926404663793354,0.1741322125016115,0.008688467380696618,-0.014012706972161153,-0.010286363783980377,0.008821702185672456,0.0005691687983753282,0.97055595790777,1.2757923550859502,0.7142553512227892,1.0075102896997195,1.0762146592493513
2017-04-18,1.320413361383474,1.1271872852426992,0.8536624349678494,0.1585503657822629,0.1200209943920983,0.1097245343513344,0.1236801,0.1097245343513344,0.0962907586048289,1.2608258403082844,128.07,ST/MT Ratio (Expanding EWM),JNJ,0.8536624349678494,0.17023097136052018,0.0036252791854652086,-0.05199619854081849,-0.0361964856341364,-0.012200153573433091,0.0015234461985664755,1.0077811066070226,1.1527965376525875,2.2027712036669245,1.0356306617292943,1.2269923740360562
2017-07-18,1.1184561034033174,1.1499110548997171,1.0281235458420643,0.1223765576229408,0.1093832446633554,0.1058765366949338,0.1217486,0.1058765366949338,0.1006887951360269,1.2086192871043278,134.07,ST/MT Ratio (Expanding EWM),JNJ,1.0281235458420643,0.13381798286800115,-0.045594964934297176,0.034225410695107664,0.011667749440122999,-0.02236199316768535,0.001701179910970796,1.0134882645408323,1.035392204147191,1.6318033124776568,1.1153166764230473,1.123219590251795
2017-10-17,1.2847963538020657,1.1977628254941657,0.9322588921969276,0.1888744036557295,0.1469732085431397,0.1075928783704164,0.12887075,0.1075928783704164,0.1201308280593506,1.094935767292075,135.38,ST/MT Ratio (Expanding EWM),JNJ,0.9322588921969276,0.09500777474079969,0.028118874810952727,-0.016538894772800117,0.06578891378961059,-0.030501801778098372,0.001641755622092492,0.8226459892538894,0.96795315006433,0.1411908835609128,0.984787681785448,1.1693683200987484
2018-01-23,1.511169278410568,1.3048756854162529,0.8634874358938183,0.2491898636912831,0.1648932480899049,0.1009444818936767,0.13172,0.1009444818936767,0.1096101441914409,1.754146150949186,140.12,ST/MT Ratio (Expanding EWM),JNJ,0.8634874358938183,0.08920250020337678,0.02459194633993764,0.027718767974883058,-0.043001943612643825,0.01380541726898135,0.0014477387478873914,0.807339464669453,1.202272710819808,0.06136989922773273,0.9930065538648307,1.1111639311775698
2018-04-17,1.0863785323866983,1.0821179873545044,0.996078213159428,0.1772423386998427,0.1631048706024065,0.1768786788841129,0.1914036,0.1768786788841129,0.1692259520003047,1.2094675664241574,130.24,ST/MT Ratio (Expanding EWM),JNJ,0.996078213159428,0.05938742402772488,0.07771391531569112,-0.05510311453135507,0.002192984723763242,-0.014034505876739349,0.000902856350371186,0.886370240375583,1.253788525430211,-0.6585248826937389,1.0333147086903194,1.239768907781956
2018-07-17,1.403506506462408,1.0948641651588342,0.7800919768576502,0.2142809896322219,0.152642221831544,0.1520792307380382,0.1665061,0.1520792307380382,0.1049530957515365,1.1586330625933192,121.32,ST/MT Ratio (Expanding EWM),JNJ,0.7800919768576502,0.05833113687548817,-0.00877223822335502,0.030777920148979277,0.019013573376869337,0.027195650600630103,0.004291911266818686,1.0463375577684944,1.0169318063370534,0.6830408311058429,1.1120083141027544,1.2893042973455597
2018-10-16,1.175803255557891,1.1691061438927888,0.9943042242539764,0.1808880523306544,0.1538412065817645,0.1317393413190511,0.1540172733284918,0.1317393413190511,0.1461101924778662,1.3758509719319132,139.96,ST/MT Ratio (Expanding EWM),JNJ,0.9943042242539764,0.2258382674492834,0.009670261468237858,-0.032335157878423434,0.006076955041404529,0.027844555363260977,0.003867462004161351,1.1572554873517733,1.0369731233529507,2.99279151715143,0.9010513990593175,0.9110519023233661
2019-01-22,0.6260753595204203,1.002487179529577,1.6012244600993275,0.1485727761838519,0.2373051811412988,0.3210583701938544,0.3218569,0.3210583701938544,0.3126677941793435,1.4566446811654556,122.84,ST/MT Ratio (Expanding EWM),JNJ,1.6012244600993275,0.12420660016291488,0.010728428929876434,0.025922923571995733,0.00017179868710648987,0.03734785963028624,0.0008379341797437166,1.1295362060684775,0.9797850747332209,-0.7569229264150366,0.9711444219709506,1.0704400615923442
2019-04-16,0.9705702813653072,1.0902465450632997,1.1233050980395187,0.1100172420391902,0.1133399352685984,0.1278823589318552,0.1394232999999999,0.1278823589318552,0.1149082807816352,1.642416862891878,137.17,ST/MT Ratio (Expanding EWM),JNJ,1.1233050980395187,0.18743460747877422,0.05721086479172161,0.004428192035093023,-0.029480409086145607,-0.01830966915185259,0.0035821167513035677,1.092226508173362,1.1497342106204822,-0.04951512975831829,1.0509811344301754,1.2704856421594275
2019-07-16,1.1908951441707896,1.0730104619759169,0.9010117030270074,0.2216912365016393,0.1860552298990291,0.1610322607848379,0.1727893005377652,0.1610322607848379,0.1494446673426803,1.928769855049458,139.44,ST/MT Ratio (Expanding EWM),JNJ,0.9010117030270074,0.21773404599473356,-0.0013353436335433236,-0.024618182581899347,0.00881966857350409,0.014884140267300255,0.001600534509527147,1.1260031107935031,1.0292759139327174,2.929058245422785,1.1125861201305394,0.9249797422667128
2019-10-15,1.2357429204739283,1.1239870673649444,0.9095638330129996,0.2716335772428188,0.2151438375779699,0.1695514489591594,0.1905736358830826,0.1695514489591594,0.1740375668453901,1.2746661515254891,129.54,ST/MT Ratio (Expanding EWM),JNJ,0.9095638330129996,0.06036762954176836,0.011765753401961874,-0.008211089387803414,-0.01591909942539816,0.018811355416057524,0.0021291874733317105,0.8140642853154555,0.967363179604012,1.9114234722005872,0.9551216777527284,1.1045947076835334
2020-01-22,0.7200497225591226,1.1833852293940386,1.643477099315002,0.0920636703095917,0.1270189711353873,0.1251267659834563,0.1480731666666666,0.1251267659834563,0.1619581400111202,1.1729170813075167,146.44,ST/MT Ratio (Expanding EWM),JNJ,1.643477099315002,0.2217387055417223,0.023276377840078875,0.02458955370870102,-0.051748042624463836,-0.008854454377599122,0.0019367260401030842,0.8373040480723327,1.268354463132078,0.3758424543342702,1.1724396169681892,1.2779502567642178
2020-04-14,0.9950307384973568,0.94667338777801,0.9514011488807136,0.3656477948150738,0.3673404078447477,0.6363071113891018,0.6023750088059606,0.6363071113891018,0.2552070226794571,1.213838621671228,127.13,ST/MT Ratio (Expanding EWM),JNJ,0.9514011488807136,0.1384957231708535,0.008531319310472534,0.007176833593457028,0.03286480551284327,-0.01629429893482188,0.0013402513587460342,0.8024514589254723,1.085654074879493,-0.9013757771724284,1.1726078298908718,1.1073630178938303
2020-07-16,0.8236207543288402,1.0257282009191764,1.2453889675898604,0.1664777550768162,0.2020563404586758,0.2607069128319654,0.2674144326663245,0.2607069128319654,0.2492476393345064,1.2614683021819817,144.46,ST/MT Ratio (Expanding EWM),JNJ,1.2453889675898604,0.18598563146733268,-0.013625176509268491,0.02153238941417453,0.026959645496051062,0.04323801664439932,0.002983852343606147,0.8299776050793988,0.9441106913106267,0.5340360979709562,1.1820702578618667,1.1771636606272324
2020-10-13,0.9469843008697232,1.0685557182899377,1.1283774369950603,0.1439643013821486,0.1519938859431226,0.2021705561618833,0.2160305038566373,0.2021705561618833,0.1341564806103961,1.4392802899712078,148.35,ST/MT Ratio (Expanding EWM),JNJ,1.1283774369950603,0.17162161546418497,0.008793149751440766,0.06329321753546456,0.004291524421276995,0.008687396893301344,0.0021258865305766577,1.1470475464756529,1.0465826585359919,-0.8271452018000067,1.1922952911613243,0.9068691962649479
2021-01-26,1.1480398238087084,1.1815480369428175,1.0291873264665534,0.2037024311812033,0.1773574351907803,0.2193689904226416,0.2591949999999999,0.2193689904226416,0.1667280416302463,1.0119780316862006,153.19,ST/MT Ratio (Expanding EWM),JNJ,1.0291873264665534,0.1870792694243667,0.03957711124509203,-0.04292724835133154,0.008726867205142565,0.01889919376779345,0.0015234485767807587,1.1790606612324355,1.047470969539658,-0.9596383799124739,1.1067471695173525,1.2922161216125416
2021-04-20,1.16994041553012,1.144997778542366,0.978680421108068,0.2112460596217126,0.1804999400194921,0.1550575060730834,0.1775405,0.1550575060730834,0.1701326105992575,0.9966792996461225,160.5,ST/MT Ratio (Expanding EWM),JNJ,0.978680421108068,0.06105975128920123,-0.03392803547938711,0.052516377249058714,0.029857950317889046,-0.017551900295698187,0.0006954105561995274,1.186250289135037,0.9643748044809674,-0.2750087757353801,1.069661674385898,1.1549219305713299
2021-07-21,0.7339516174646677,1.1515062976449304,1.568913086699974,0.086536410463579,0.1178422265184502,0.1331180301084781,0.15328625,0.1331180301084781,0.149660560855716,1.396779886311568,163.84,ST/MT Ratio (Expanding EWM),JNJ,1.568913086699974,0.18467261747029204,0.006653938595140661,0.007130678125696388,0.008608491419452064,-0.027482111663054847,0.0011064049862808795,1.0957671654663463,0.972420144188859,2.836028347057738,1.0916217768867713,1.238818767548222
2021-10-19,1.0953484390797117,1.0035382466317315,0.9161817471296012,0.1428977869900673,0.1304133495334282,0.1929901532403399,0.1936729999999999,0.1929901532403399,0.1119107272473141,1.6762905676715028,163.81,ST/MT Ratio (Expanding EWM),JNJ,0.9161817471296012,0.15097310648219342,-0.022504228522871064,-0.022963521449693845,0.025600438869032863,-0.011236244362302762,0.0003586198843979032,1.0160262861136686,1.065710739035953,2.908731626379984,1.0746364112459508,1.2467494331196716
2022-01-25,1.1818250185982528,1.0624642064160597,0.8990029739565292,0.2673961068354536,0.2262242852483434,0.1456500831420958,0.154748,0.1456500831420958,0.2148924738358411,1.5884817258149948,169.67,ST/MT Ratio (Expanding EWM),JNJ,0.8990029739565292,0.06720401196277155,0.04382663201236949,-0.03590940877216969,-0.004437055021846254,-0.00010053468474992589,0.0020122235484151697,1.181316958546516,1.1701418508034638,1.1957547140746998,0.9010532552731952,0.9160078562956024
2022-04-19,0.8199462752815175,1.1386776988332676,1.3887223262796309,0.1935584895982011,0.2360516121469666,0.1642427002756155,0.1870195,0.1642427002756155,0.2795221136838161,1.417744990795336,175.83,ST/MT Ratio (Expanding EWM),JNJ,1.3887223262796309,0.11571869998001415,-0.05131154166743212,-0.0016736117233110044,0.03579959346434867,-0.023605500170433724,0.0008033344077156042,0.8803404864204466,0.9744033727423981,0.01903518079938138,0.9914803913092982,1.0440261974202913
2022-07-19,1.0258227355106848,1.0543795867047725,1.027837997936233,0.2429449892910707,0.2368094970749996,0.2013364092750024,0.212285,0.2013364092750024,0.2556915297065838,2.2505149147727272,169.46,ST/MT Ratio (Expanding EWM),JNJ,1.027837997936233,0.05047782717827414,-0.017562264654505593,0.03164950335773378,0.011019643148317097,0.002753879783740425,0.0017344394874814588,0.9682150760275506,0.9395465353824058,-0.8305522721888718,1.102183334721907,1.1149339299372312
2022-10-18,0.979516310508298,1.0214565345933753,1.0428172799525035,0.2127839504376452,0.217166912410056,0.1909281953488318,0.1950248527771847,0.1909281953488318,0.2172425235699911,1.27485090298194,166.28,ST/MT Ratio (Expanding EWM),JNJ,1.0428172799525035,0.09987346416465,0.015202415627258232,0.0001735263886739738,0.007851298590146851,-0.039212629701712506,0.003370101853610371,0.9776576808880478,1.153775976467341,2.310717628814162,1.0283078727348614,1.1564477860207918
2023-01-24,0.9160260814010556,1.1886122733584987,1.29757470610501,0.1670889722544688,0.1823741777725017,0.1478068197155587,0.175685,0.1478068197155587,0.1876677650689346,1.2976414894767274,177.48,ST/MT Ratio (Expanding EWM),JNJ,1.29757470610501,0.20714290054914317,0.05679334102320192,0.049334647907420426,-0.028751527217800804,-0.025001185561746807,0.0031992995729215857,1.1814288895340634,1.2358497983446244,0.7040032420096378,1.093415051344423,0.9708283687663759
2023-04-18,1.181209459349503,1.0537632279125644,0.8921053074641615,0.234223406785322,0.1982640707304878,0.1797705645498291,0.189435610383692,0.1797705645498291,0.1625175575586749,1.3436927910811431,153.89,ST/MT Ratio (Expanding EWM),JNJ,0.8921053074641615,0.0936825807620415,-0.0003012591375545732,-0.03953527070154676,0.01017389635754272,0.01977278120692188,0.0019677231058973822,1.024208873958036,1.292531316455377,1.073260460810089,1.1782914897570442,1.0629339682013044
2023-07-20,1.492368109935846,1.1976229358429926,0.8024983433172369,0.3577478881614941,0.2395803197362983,0.1056079473886939,0.1264785,0.1056079473886939,0.1615982609026237,1.9534620440230068,164.13,ST/MT Ratio (Expanding EWM),JNJ,0.8024983433172369,0.19272301754825538,-0.01743198343426194,0.003637331564618363,-0.01779887293736128,0.018094763006947356,0.00191291527385685,1.1995379308738525,1.1316880140910233,-0.8309240230562618,1.0760264390074163,1.0098290782718387
2015-01-27,1.0816412324250269,1.0829152023036974,1.001177811866338,0.1504685000814087,0.1390944566246969,0.1643014149413539,0.1779245,0.1643014149413539,0.1264023586835754,2.0424822401725464,31.39,ST/MT Ratio (Expanding EWM),PFE,1.001177811866338,0.1545311194565112,0.06784049743042066,-0.03357180333239357,-0.012957068163212355,-0.00679691913467166,0.003879874549421008,0.8129925288143579,1.2283413218778654,0.10291854792302368,1.1389645662139496,1.015287033182347
2015-04-28,0.9122856334869826,1.0333308948620696,1.1326835115362082,0.1058207271925648,0.1159587486211017,0.1526509523109465,0.1577389451530175,0.1526509523109465,0.1322193478094112,1.564731597442812,35.0,ST/MT Ratio (Expanding EWM),PFE,1.1326835115362082,0.21779223081009058,-0.04868048651456854,0.014908956478749036,-0.017384390707903034,-0.022444107726923828,0.002520756120358711,0.8777305415495097,1.289574229641771,0.44658131102007825,1.0804128634329482,1.1439925971257887
2015-07-28,1.1382541755629294,1.0172184404250786,0.893665459142294,0.1069500027929459,0.0939575136904007,0.163161119976004,0.1659705,0.163161119976004,0.0773423035367762,2.0276595479111803,33.59,ST/MT Ratio (Expanding EWM),PFE,0.893665459142294,0.0781176817249551,-0.07495820848170287,0.030606621702919008,-0.02365587329748063,-0.022685088788150273,0.0016721935401234772,1.0241893928694008,1.265878297408486,1.697764285467474,1.021119901231479,1.2449521538097097
2015-10-27,1.2638659690188998,0.9147257551715336,0.7237521838503232,0.2332298936756659,0.1843696461737891,0.3723121362600487,0.3405635,0.3723121362600487,0.1459790467378699,1.4992428152046091,30.82,ST/MT Ratio (Expanding EWM),PFE,0.7237521838503232,0.22258554048426843,0.017400505751866635,-0.008622853810431597,0.05611928507542404,-0.006331706148532852,0.000573981882879548,0.8724251596463858,1.117694703044167,2.8022014877750254,1.0876192889641239,1.2267873801899505
2016-02-02,1.2311556891179338,1.0375759253878465,0.8427658130964912,0.2304592006298207,0.1869079160834983,0.1951601683559486,0.2024934922807713,0.1951601683559486,0.1699600500306941,1.2814944433068376,31.95,ST/MT Ratio (Expanding EWM),PFE,0.8427658130964912,0.19025962204594826,-0.015571897852341391,-0.07412641569881402,0.03628347654971008,0.019112962291132286,0.002393873218164743,1.061424290218077,1.235748345415156,2.7779515193809745,0.981876518259821,0.9678644325026876
2016-05-03,1.022496416553034,1.0108077326920155,0.9885684842784852,0.2080218470452007,0.2033523308758432,0.1659253951605678,0.1677186724782803,0.1659253951605678,0.1712373942607887,1.0945348289052743,30.72,ST/MT Ratio (Expanding EWM),PFE,0.9885684842784852,0.055246470237470605,-0.03374314859957497,0.009968444403894836,0.05100918755360653,0.026206142283608114,0.0028293237725828626,0.9935963001330159,1.1807449707296864,-0.09123498727113555,0.9012304351290501,1.0371740463346821
2016-08-02,1.344919834203922,1.2026176854020785,0.8941928394668412,0.2123923795767202,0.1578374792705379,0.1277051584443137,0.1535804820622062,0.1277051584443137,0.1361134235044237,1.6073958202293896,35.57,ST/MT Ratio (Expanding EWM),PFE,0.8941928394668412,0.20625367221232002,0.02679247565547737,0.01710215655200528,-0.0275723754888891,-0.009413293387049227,0.0013683484754863562,1.1875437341871153,1.1779869842423387,0.6053017757648957,0.9577728292040522,1.042435869501899
2016-11-01,1.1955807096405622,1.1577402882168226,0.9683497557976526,0.1313035497820442,0.1095944566100412,0.1501035380884884,0.1737809134489313,0.1501035380884884,0.1046333154221353,0.7709200889280112,33.68,ST/MT Ratio (Expanding EWM),PFE,0.9683497557976526,0.24745629310312758,0.01053302498199196,0.016128842648850922,0.004781343747772312,-0.025837310649619596,0.002291202755138033,0.8679357733204992,0.9425223285251806,2.6269694902902154,1.199295101512642,0.9656457758383161
2017-01-31,0.767179741696912,1.0955571079040365,1.4280318527191451,0.1254769269056819,0.1634868763206742,0.1709332364984689,0.1872671222229393,0.1709332364984689,0.1988297218957431,0.6658941737009353,32.48,ST/MT Ratio (Expanding EWM),PFE,1.4280318527191451,0.18852826736198747,-0.017742752075785496,0.04107346575466462,-0.029337690630102397,0.009696090946658333,0.0016364267050849707,0.8218090235513119,1.031892442858485,0.8466367230456613,0.9614463741227564,1.0205699647194235
2017-05-02,0.7678903075844108,1.1857816321919044,1.544207057284099,0.059874070564925,0.0779329386167458,0.1158215484135161,0.1373390647207728,0.1158215484135161,0.094900809098791,1.7749036357342751,34.24,ST/MT Ratio (Expanding EWM),PFE,1.544207057284099,0.23700415556309515,-0.04281065395348131,-0.028131610389471463,-0.014392371929926602,-0.017588374265646238,0.0018159676008009974,0.8803482942766631,1.2097042273729806,1.850311772989043,1.0904854547282945,1.054887142831682
2017-08-01,0.985048949649483,1.11690332252788,1.1338556555238353,0.1099307767976083,0.1106908948842033,0.1189283427709937,0.1328314611836574,0.1189283427709937,0.1320781936050292,1.1498922645544298,33.82,ST/MT Ratio (Expanding EWM),PFE,1.1338556555238353,0.08842202044059917,0.032536006489805064,0.02440648316351348,-0.019953174585414374,-0.009956315971530062,-0.0004878220575623313,1.1636163765256944,1.287813016614008,-0.30544274949835204,0.9669037924235634,1.110252411200148
2017-10-31,0.9586307209655784,1.1105651627743158,1.1584911045367938,0.1126108396087484,0.1174522687878951,0.1294431150728477,0.1437550141608917,0.1294431150728477,0.1279206742080636,1.1480242729283787,36.07,ST/MT Ratio (Expanding EWM),PFE,1.1584911045367938,0.23133313024639038,0.024757041228553135,0.039775225374339244,0.03398960016103904,0.03613190226092594,0.0017782185962838645,0.8365002277128981,1.0745793595292452,1.3271650591108406,1.0566220713412,1.0323634332312104
2018-01-30,1.52164165111609,1.2659548140648458,0.8319664575008816,0.2424609693361506,0.1593486232602839,0.1058941350987533,0.1340571901094999,0.1058941350987533,0.0916908632216969,2.353529564990883,36.22,ST/MT Ratio (Expanding EWM),PFE,0.8319664575008816,0.21200628622505757,-0.001471155232278402,-0.049357627520195506,-0.006905741952543997,0.0236778857141442,0.0029693693024080542,1.0169783224308828,1.2835203817035392,-0.1759303828344958,1.096449407518201,0.9173586776624207
2018-05-01,1.258698189145935,0.900864566561069,0.7157113391672812,0.2157993799074198,0.1713879171338913,0.2294380620477213,0.2066926203192321,0.2294380620477213,0.1403985191556705,1.82192137949014,35.05,ST/MT Ratio (Expanding EWM),PFE,0.7157113391672812,0.2347581334015933,0.06663229486166831,0.013589554777569316,0.02970948334235041,0.006949357806286293,0.001368597444433442,0.826566561792574,1.1207312896894341,-0.5802432786882021,0.9067040365280572,0.9686051990592089
2018-07-31,1.3967874659110298,1.1487200433586462,0.8224014543325058,0.1975810899392988,0.1409088416098169,0.1273820635169748,0.1463263295263331,0.1273820635169748,0.110260655296357,2.6141002896071015,36.33,ST/MT Ratio (Expanding EWM),PFE,0.8224014543325058,0.23182664702229294,-0.03545296682141534,-0.011125394930230145,0.01810302223971295,-0.02879797502781807,0.002052526368215316,1.0259396683998299,1.181336381807573,-0.19008574343448004,1.1004778311624523,0.9729905324396918
2018-10-30,1.246629741100281,1.1226213748480611,0.9005251020701869,0.1902243889111685,0.1525760143585122,0.1367080831226766,0.1534714162280223,0.1367080831226766,0.1261959694428592,2.0585579937304077,44.27,ST/MT Ratio (Expanding EWM),PFE,0.9005251020701869,0.197375756106141,-0.051393380982365865,0.0015543198069506235,0.06059096880261973,0.008284914186766473,0.0012440492933080795,1.0453829706525029,1.0647838719583196,1.615198037334467,1.1985158257437742,1.2751267860930249
2019-01-29,1.2651669553388425,1.031642467306513,0.8154200225931557,0.2753570435667711,0.2176270086950734,0.2556055020425315,0.2636934907842772,0.2556055020425315,0.1761676696331154,1.4963054340131887,43.65,ST/MT Ratio (Expanding EWM),PFE,0.8154200225931557,0.09573041670641409,-0.022216782445843557,0.01443029450615009,-0.0339861055784931,0.029566432269688164,0.002360441676292773,0.8017127031344415,1.2541755057449224,-0.7340368193009339,1.1859139758479535,1.0127302716398738
2019-04-30,1.1722518344822948,1.077477862745171,0.9191522086387018,0.2091324129130558,0.178340415375512,0.1551525215447546,0.1671734073135662,0.1551525215447546,0.1510729057146168,2.085066338576131,42.84,ST/MT Ratio (Expanding EWM),PFE,0.9191522086387018,0.15626699649561634,0.0004044894275575767,-0.010616856923406569,0.034480830994669975,-0.00639084164413839,0.0017834768024638265,0.9528139321645084,0.9366552820702911,-0.5509089666843616,1.118022169568796,1.2777328942993167
2019-07-29,1.4946154664631253,1.112644235093335,0.7444351139536303,0.3667948335703998,0.2453670868380029,0.1678361441008193,0.1867419181740709,0.1678361441008193,0.1475846548978892,1.6267826820416635,43.32,ST/MT Ratio (Expanding EWM),PFE,0.7444351139536303,0.0692386572786815,0.010516880726294215,-0.016271242374848352,0.03166102176001819,0.036777852249667876,0.0010607584593179931,1.0442993979817239,1.1863400062107246,2.047878978388614,0.9788442823658825,0.918091852368086
2019-10-29,0.9742167483553706,1.1487440693089606,1.179146294957687,0.1573919831753789,0.1615472121411613,0.1940753530030825,0.222942910761334,0.1940753530030825,0.1892868669486507,1.4098024815430403,35.93,ST/MT Ratio (Expanding EWM),PFE,1.179146294957687,0.08892541943456851,-0.0064432620249715465,0.005024572524640738,-0.021334470950675866,0.03531863223795518,0.003332551467665128,0.8007490975676674,1.0402597131816076,-0.034143087203135636,0.9186953175147557,0.9718113169974667
2020-01-28,1.5439488382283078,1.1448865909524475,0.7415314307086841,0.364967871692252,0.236405942260386,0.1581050339516568,0.1810123333333333,0.1581050339516568,0.1214145075096669,1.7708027396294683,38.91,ST/MT Ratio (Expanding EWM),PFE,0.7415314307086841,0.22344032628951696,0.014321938878000389,-0.02861737816588407,0.02817833341182899,0.04459332080358684,0.0029289320135322153,0.8497995593071792,1.265951352246948,-0.4389311461633243,1.0612945391963038,1.1372423820448658
2020-04-28,0.7480713063791754,1.0034486573748802,1.3413810272068656,0.2394424232559109,0.320034759550927,0.491174230606424,0.492868122239156,0.491174230606424,0.3886037753030604,1.274779009079548,32.67,ST/MT Ratio (Expanding EWM),PFE,1.3413810272068656,0.053327141079276344,-0.04180387984666555,-0.02857475386655556,0.01140362407565572,0.010631078163283824,0.0013950932360718253,1.0173957830834535,0.9396225736863952,0.2751934470022048,0.915381099738946,1.0582679656385265
2020-07-28,1.102620485363321,0.965941635327372,0.8760418005557802,0.34443496400701,0.3123494775362342,0.3441148214101774,0.3323948333333333,0.3441148214101774,0.2788021588454448,1.1416336432263023,32.64,ST/MT Ratio (Expanding EWM),PFE,0.8760418005557802,0.1422616818341129,0.052531761142564096,0.024381198488695098,-0.0026869064988351947,0.017684792495150307,0.0024977883094177773,0.8754395725086368,1.124653013313752,1.7712335753964021,1.0596359580614119,1.0736946786445583
2020-10-27,1.1200206599542115,1.1777516012860507,1.0515445325215689,0.2368757164846685,0.2114600527835199,0.2798984378143657,0.3296508333333333,0.2798984378143657,0.2037337722364231,0.8918988190919792,36.39,ST/MT Ratio (Expanding EWM),PFE,1.0515445325215689,0.09165144939026815,-0.0008752912437399093,-0.03046382105475968,-0.017598387174299995,0.03835468220827725,0.002537412002820381,0.954933368342677,1.2366767072388016,-0.12252773973891973,1.1202655018586607,1.2029929298960476
2021-02-02,0.9365736131726088,1.0576182038045832,1.1292419399068274,0.2536815149077409,0.2707128743561516,0.2867948752618644,0.3033194808348125,0.2867948752618644,0.3130449356508959,1.061722825396911,36.81,ST/MT Ratio (Expanding EWM),PFE,1.1292419399068274,0.2137453249563117,0.041105354105584475,0.023989375027276355,-0.014977736286229655,0.014184848426724392,0.002642301235011176,0.9676800029082938,1.0189202396902557,0.8821659441839009,0.9279641777678096,0.9183720128916361
2021-05-04,1.141618694846551,1.5768644610931837,1.3812531874358762,0.2240565530608063,0.1957153814374124,0.1528670204026148,0.2410505717460899,0.1528670204026148,0.1937523786466787,1.493023659688041,36.28,ST/MT Ratio (Expanding EWM),PFE,1.3812531874358762,0.07102489594971928,0.013995387123219646,0.017877738785618536,0.05424530239464816,-0.009530852694755319,0.00030574410400492223,0.8446412797807568,0.9748580125848905,1.016707281352172,1.1547409908483366,0.9942569327998748
2021-07-28,1.2913536093794808,1.1901412778012366,0.9216230698988184,0.2321306324067437,0.1797022745213649,0.1545754862032359,0.1839666666666666,0.1545754862032359,0.170161690784772,1.1601942737679425,39.12,ST/MT Ratio (Expanding EWM),PFE,0.9216230698988184,0.09405124080147012,0.01798636267038244,-0.0477742018637179,0.003017070473937066,-0.008213570913196527,0.003006606541032628,1.1740648042987112,1.2819631635740014,2.835618419380821,1.1512688204028971,1.0455300163190884
2021-11-02,1.3853939981104757,1.0118129408457628,0.7303430953402166,0.4033425727735412,0.2794257282753794,0.2669749928670927,0.2701287526651296,0.2669749928670927,0.2369904469630918,1.2877447576492531,42.42,ST/MT Ratio (Expanding EWM),PFE,0.7303430953402166,0.10974105233432539,0.02194185480812713,-0.016326939570069653,0.022553250038286482,0.008963873844343476,0.0014303010370742687,0.8290735644010493,1.127527492706598,1.234725775748935,1.1549927301328786,1.2983964203784422
2022-02-08,0.8185212201431266,1.0150794849252578,1.2401382639142344,0.3285096298699703,0.4013349158959812,0.351559907671936,0.35686125,0.351559907671936,0.5013395187142358,0.9626077903047772,56.24,ST/MT Ratio (Expanding EWM),PFE,1.2401382639142344,0.1287160247053267,0.01766979960060602,0.03982328209142117,-0.01677248454168883,-0.02926403554865547,0.001642172066558733,1.003262922624059,1.0380816124159138,-0.256393153774932,0.9014399474452113,1.1036454769955517
2022-05-03,0.9702143704962192,1.0919261040940558,1.1254482898821492,0.2973884682691601,0.3064896445002008,0.2592671101471558,0.2831005255027082,0.2592671101471558,0.2824012892263794,1.330489417521727,50.94,ST/MT Ratio (Expanding EWM),PFE,1.1254482898821492,0.18043396021302807,0.02449529659536404,-0.025434965934190448,-0.016496323655540972,-0.000581472884104816,0.0046378817522602,1.0222074666810383,1.229975391926959,1.0183078715712024,1.174940504599817,1.1512333906285743
2022-07-28,1.0883808732599392,1.0671658059704685,0.9805076808948994,0.2887134686764582,0.2651845656873996,0.289761205119195,0.30922325,0.289761205119195,0.2479449106048915,1.3071901818086964,50.66,ST/MT Ratio (Expanding EWM),PFE,0.9805076808948994,0.108802696294105,0.048520338554635105,-0.009932127869281628,0.030049620231248558,0.030413677955756346,0.002301873380721012,1.1361344952884331,0.9593206939230988,2.421344521209259,1.1025431563331545,0.9680932129753322
2022-11-01,1.06731976639046,1.0675547463074813,1.0002201588731146,0.2357436037086107,0.2207619417094358,0.2976914076246672,0.3178018751446686,0.2976914076246672,0.2101602236151828,1.4121401796449538,44.14,ST/MT Ratio (Expanding EWM),PFE,1.0002201588731146,0.15035657971092814,0.008878240939551455,0.017861826797556893,-0.030739405288788307,-0.05178134627913203,0.0016136775245528246,0.8759054232584044,1.2706002476176885,-0.8711385581985085,1.0387604829887118,1.0253901159736407
2023-01-31,0.8257833298665633,1.0766727838839512,1.3038199548759704,0.2062369318433595,0.249680909098534,0.2502807761406597,0.2694705,0.2502807761406597,0.2318133897771112,1.198191282808801,51.24,ST/MT Ratio (Expanding EWM),PFE,1.3038199548759704,0.24508408567769574,0.026815131515597935,0.027501715278477862,-0.007380344197631789,0.04136205254486287,-0.00020529437275590602,1.0660309759993711,1.235851755027597,0.44151248622627826,1.028070626196851,1.2927671138005656
2023-05-02,0.9097057999209472,1.189878097910149,1.3079812154803772,0.1386714982604076,0.1524182595202128,0.1724703987412134,0.20521875,0.1724703987412134,0.1690457217108771,1.3812732028349646,41.35,ST/MT Ratio (Expanding EWM),PFE,1.3079812154803772,0.09550584715865261,-0.0011407493000529353,-0.0035461665813348708,0.0038506852768058013,0.03105935546757899,0.0033897641339463557,1.1135666038716812,1.2588816523727167,0.7550488826065189,0.9702228611952346,1.0647453861545808
2023-08-01,0.8295930795602598,1.2396725201420775,1.4943139602842246,0.1670465126157363,0.2013167919293264,0.1662309978254436,0.2060719999999999,0.1662309978254436,0.2454964224743949,1.3277318997855792,36.65,ST/MT Ratio (Expanding EWM),PFE,1.4943139602842246,0.11290767706612091,0.05240410254073155,-0.013925305840749247,0.00578431504600131,-0.008494115395761908,0.0006547903291913975,1.0864367671326054,0.9437721619343917,0.08187642246603533,0.9139907701384772,1.0729390953352527
2015-01-21,1.2807828120340785,1.2116484348589651,0.9460217793949646,0.2263267240330325,0.176683943145195,0.1732379574479725,0.2099035,0.1732379574479725,0.1413654303266549,1.0236251460918926,103.04,ST/MT Ratio (Expanding EWM),UNH,0.9460217793949646,0.23906110192099908,-0.021673730572074442,0.046671095850955226,-0.0014773321254039102,0.01658477069679524,0.0009965610965004966,1.1309782943918452,0.9098654753192044,1.701294107228664,1.1797487623541218,0.9947711446044729
2015-04-16,1.3253260266883384,1.1140591563554272,0.840592528873205,0.2616114592383103,0.1973542243542453,0.2030290525504536,0.226186375,0.2030290525504536,0.1663621178657456,1.098633669623166,117.6,ST/MT Ratio (Expanding EWM),UNH,0.840592528873205,0.10475779932058522,0.06503291515187855,0.056166989913927365,0.012895494527398086,0.003078693172658166,0.001668647700912151,1.0774539362910593,1.29004076044008,2.849112240609853,0.9704787579087429,0.9401324212848275
2015-07-16,1.0258310680301963,0.9922989343250193,0.9673122263984794,0.187133362481923,0.1824134191900947,0.2566346329008234,0.2546582727383795,0.2566346329008234,0.1590395094017155,1.7047840346704388,121.55,ST/MT Ratio (Expanding EWM),UNH,0.9673122263984794,0.2011083564370988,0.0005944717274479806,0.03336574152345386,0.02032139389544529,0.033749759210967074,0.0034164117917002924,0.8593130151583664,1.180814267392857,1.9030355018131022,1.1022709684884597,1.0344313550968953
2015-10-15,1.2420462395424938,1.0385788661961748,0.8361837370714427,0.279309020594514,0.2247676631265297,0.2552274713027491,0.2650738577677259,0.2552274713027491,0.145873095974914,1.3955861084047902,120.03,ST/MT Ratio (Expanding EWM),UNH,0.8361837370714427,0.10611317770687044,-0.04807712857413169,0.0065595442769507215,0.021365938636483253,0.027567078569248532,0.0027732399866657593,0.8679107759032488,1.1323044367809012,0.934721783031466,1.118650244136691,1.0765440314742487
2016-01-19,1.1279056641603538,1.1513403012254138,1.0207771250820925,0.2494804711444801,0.2211225963514996,0.2200135787224614,0.2533105,0.2200135787224614,0.2440665309517155,2.221650096836669,117.41,ST/MT Ratio (Expanding EWM),UNH,1.0207771250820925,0.05978435994284162,0.0064836545218776255,-0.02024797164922779,-0.021645095216695668,-0.03200176807957523,0.00184216249015974,0.9354558778745874,1.0173914309436058,-0.15411871980101388,0.9797239128559985,0.9379321755376405
2016-04-19,1.1726483116303952,1.17848829597792,1.0049801669346243,0.1789017091037251,0.1525158272476513,0.1784223913955099,0.2102687,0.1784223913955099,0.1490133076882475,1.710083646948848,126.74,ST/MT Ratio (Expanding EWM),UNH,1.0049801669346243,0.15745841624401577,-0.021836808011620832,-0.020913332196696957,-0.00410387744821993,0.01768156033660442,0.002308292063638821,0.9387428043715559,0.9146279249451833,-0.25434461133469277,1.1240311333858286,1.0301875954706492
2016-07-19,1.0506991660601337,1.1823474377196088,1.1252958752723907,0.1429594845605321,0.1359867339140621,0.1787228468203542,0.2113125,0.1787228468203542,0.1134370367455937,1.858752282803955,138.52,ST/MT Ratio (Expanding EWM),UNH,1.1252958752723907,0.21392667613672836,0.031422524214605355,0.019675423157972723,0.032869071546923444,-0.0021406963410811916,0.0013996143071288943,1.0672948067909376,1.186753670238911,1.3247413709284541,1.1876093224096196,0.9085759466492453
2016-10-18,1.5317347576436176,1.1887811959506007,0.7761012081356644,0.3181957946341562,0.2076194853611916,0.1476407802640131,0.1755125833333333,0.1476407802640131,0.127215831083823,2.1589421570821217,137.68,ST/MT Ratio (Expanding EWM),UNH,0.7761012081356644,0.06980950116369809,-0.020841839275583692,0.016551946626660513,0.025366179689346808,0.005070814262952498,0.002139653689565351,1.0954610602352568,1.2835146575761633,2.449086917411757,0.950367807541504,1.0307281225006928
2017-01-17,0.7975338542219989,1.2464706822791507,1.56290629630399,0.1340907664550008,0.1681337257200838,0.1738432384175977,0.2166905,0.1738432384175977,0.2120816138919689,1.9378619602218303,161.54,ST/MT Ratio (Expanding EWM),UNH,1.56290629630399,0.0926629482033063,-0.013616420162517292,0.04604795778839288,-0.0313214862870266,-0.015204297524245389,0.0020733367447781366,0.8689807359505862,1.1405233455258816,1.8487519279179692,0.9951221308089174,1.1158026295937182
2017-04-18,0.7634612589238445,1.1975998759405502,1.5686452481277915,0.0855741776377598,0.1120489686423788,0.1367464236512074,0.1637674999999999,0.1367464236512074,0.1264962721238183,2.3911049454273643,168.0,ST/MT Ratio (Expanding EWM),UNH,1.5686452481277915,0.18645360882052592,-0.0641339255830936,0.023513502776084178,0.011786997508805042,0.046703426728020886,0.002968769895681353,1.076368228028478,1.0685359266444194,2.416062121821837,1.131464980586345,0.9258662175402282
2017-07-18,0.8851257945077952,1.257437963250417,1.4206319271823489,0.0960891357781783,0.1084767686241199,0.1421317301979224,0.1787218333333333,0.1421317301979224,0.128727643202458,1.1119830536320383,183.02,ST/MT Ratio (Expanding EWM),UNH,1.4206319271823489,0.09677695011778623,-0.013830721173717687,-0.04109240905279454,-0.04645563123437026,0.0290015454975644,0.0029671781224389496,1.0484501196363316,0.9941302203838999,1.230073058669101,1.18706653278989,1.2516248018209002
2017-10-17,1.5509542371552425,1.286330863889083,0.8293802828434633,0.3013932926252053,0.1943421938519246,0.1317532977642578,0.1694783333333333,0.1317532977642578,0.0944057875590602,1.4304410116626094,198.19,ST/MT Ratio (Expanding EWM),UNH,0.8293802828434633,0.0775832151194841,-0.0828357764320135,0.03555842853168756,0.004173372551509241,-0.015494279099324182,0.002493977382205645,0.9618065612460527,1.0166055433377414,-0.06237702236696396,1.059754460926956,0.9456993813032225
2018-01-16,1.1139024354833813,1.2387615232253917,1.1120915833960154,0.1834788168188381,0.1646765637480851,0.1635379338167738,0.2025845,0.1635379338167738,0.1702341581240631,1.3573002524301634,222.67,ST/MT Ratio (Expanding EWM),UNH,1.1120915833960154,0.1985255494032525,-0.053436598822000324,-0.025941818819432385,0.05044417541864943,-0.030365265172755816,0.0016376524424538978,1.0197100032512993,0.9005334557963168,0.2953985229833793,0.9659802941491744,1.2884875159843128
2018-04-17,1.057250080031405,1.0963771934957438,1.0370083807070287,0.2271886218020085,0.2147620500095446,0.1968030114210607,0.2157703333333333,0.1968030114210607,0.1808112069802005,1.2776564641054011,225.05,ST/MT Ratio (Expanding EWM),UNH,1.0370083807070287,0.06392102254125691,0.02861451296505041,-0.007519138158570547,-0.02069731793172466,-0.006641815774446206,0.0027418222943901265,1.0908969278279916,1.0398613521848952,-0.628619653877518,1.0550401784071872,0.985379152530417
2018-07-17,1.2866526749873504,1.1905002061407135,0.9252692892838528,0.2042427795298977,0.1586648815271743,0.158735062812466,0.188974125,0.158735062812466,0.1479669683113472,1.2484203395130085,254.87,ST/MT Ratio (Expanding EWM),UNH,0.9252692892838528,0.0848509822507872,0.02950300555277913,0.011506006187550833,-0.017858076137289552,0.013862566152282645,0.0019080315337969534,1.014571818359343,1.234144941671557,1.4631702084055416,1.0901365258635007,1.1164121156251245
2018-10-16,1.3289386450983791,1.248214182602973,0.9392564413766216,0.1935874475296263,0.1456732910029613,0.1468171546736617,0.1832592547130789,0.1468171546736617,0.1367718310246632,1.817201271783314,263.87,ST/MT Ratio (Expanding EWM),UNH,0.9392564413766216,0.07887963402939946,0.016891014662473766,0.06387002469351893,0.02210074453932149,0.009005146098655575,0.0009180856312868671,1.1709062530525636,1.2727610737682413,1.0508928042942087,0.9917278461430513,1.0838348023517776
2019-01-15,1.1862022099490772,1.043859238920421,0.8800010910156989,0.2079684986817122,0.1753046867212111,0.2681814225771394,0.2799436556639686,0.2681814225771394,0.1458697424509933,1.498809225369767,258.07,ST/MT Ratio (Expanding EWM),UNH,0.8800010910156989,0.20133343830869901,-0.03184416500952246,0.09729755668016082,-0.03557003788024115,0.034328320619206085,0.0015967122080890613,0.8746231648782463,1.1545377261272358,1.0003693431289329,0.930990143343984,0.9790591124478462
2019-04-16,1.3647921645983907,1.126021320866769,0.8250496669565193,0.4281306342368589,0.3136623947302086,0.1862479831541431,0.2097192,0.1862479831541431,0.2433949494251442,1.251811609240245,255.0,ST/MT Ratio (Expanding EWM),UNH,0.8250496669565193,0.13446023653274572,0.00033010253503070494,0.022201691774085482,-0.012818875747125978,0.02274799305452131,0.0020845269837843246,0.9918527824798107,1.2550355962875435,1.2655628825243896,1.1044605000625412,1.035611419897564
2019-07-18,1.104801463469387,1.151935714771957,1.0426630963671568,0.2750854783689542,0.2489023935301046,0.2013936037341269,0.2319924848679719,0.2013936037341269,0.2263500643686645,1.324467753984064,245.7,ST/MT Ratio (Expanding EWM),UNH,1.0426630963671568,0.23509316305306893,0.0018739111318301059,-0.0014958985616116357,0.017911028439543817,0.02723922564382267,0.0029102157836647454,1.0285645572176938,1.078951929055227,1.6365196504926427,0.9151726698237032,1.0973200864955837
2019-10-15,1.3625994674349948,1.1809759227983758,0.8667080466584113,0.3996806813010833,0.2933235263633758,0.2159239872366659,0.2550010300811262,0.2159239872366659,0.2250767724494675,1.324046025595867,234.43,ST/MT Ratio (Expanding EWM),UNH,0.8667080466584113,0.06307935422188973,-0.03854276412173899,0.020035169454416506,-0.012857146192235078,0.011171385015260936,0.001816471827842847,0.9183970500575868,1.0304740245111637,2.8436697262322457,0.9548084438134148,1.024498101031439
2020-01-15,1.1928354164320254,1.255305209270708,1.052370840082482,0.25681555465045,0.2152694253831172,0.1723885437607243,0.2164002370014286,0.1723885437607243,0.2107244953419222,1.2812883379415156,292.03,ST/MT Ratio (Expanding EWM),UNH,1.052370840082482,0.13210496516105893,0.05461894056185028,0.03062966277621508,-0.002899249680274291,-0.031732468255274766,0.0007908012887603939,1.0039570302923486,1.2452107792598495,0.6666803328254818,1.1231595842664512,1.242549639285921
2020-04-15,1.2429925008078158,0.8339382865426367,0.6709117601278074,0.5779974162846343,0.4645480112871848,1.009156808819777,0.8415745000000001,1.009156808819777,0.3838008531905371,1.1635782180654926,225.04,ST/MT Ratio (Expanding EWM),UNH,0.6709117601278074,0.10533770702060519,0.0327076801701485,-0.005620028766715751,0.021604642757875867,-0.0018924632786725363,0.0020567416832968193,0.9240065423287396,1.057100073415484,0.42622489475342507,1.1498567425853763,0.9177387447814405
2020-07-15,1.0425099357816645,0.9828306678681696,0.9427542454367616,0.2689856190799823,0.257984081909322,0.4066861567702258,0.3997036270712202,0.4066861567702258,0.2994707165306438,1.6347858381511342,286.28,ST/MT Ratio (Expanding EWM),UNH,0.9427542454367616,0.07035271003051882,-0.005733746084038239,0.057856340677369666,0.013538652088414031,0.02950224349771664,0.0021134560400565524,0.9233684355314721,1.171763423038052,1.2617739982613707,1.0308868077881084,1.1159792908885537
2020-10-14,1.0423800176521112,1.0613979902361104,1.018244759360253,0.2026149686325096,0.1943519156852061,0.2906294962614441,0.3084735632352299,0.2906294962614441,0.1815219491655303,1.6616928201302168,308.57,ST/MT Ratio (Expanding EWM),UNH,1.018244759360253,0.07690536973626949,0.0029410043648085775,0.010902122775742063,0.009670459907385048,0.0017119267868838486,0.002185837628902753,0.8790338343313273,1.072286648643204,1.0068119367053963,1.1703567365863805,1.0043340651215906
2021-01-20,0.9597355096521684,1.0782722083186942,1.1235097560467326,0.2012242059359362,0.2096349819080137,0.2737516844597095,0.2951788333333333,0.2737516844597095,0.2160477176044756,1.086564393541382,336.08,ST/MT Ratio (Expanding EWM),UNH,1.1235097560467326,0.21699582437282525,0.009293398278164338,0.018932292672741827,-0.005478056981750974,0.015577259215593671,0.0029198715159544303,1.147131400865973,1.1576965603303928,-0.9186366757295961,1.117389401069818,0.9142207510196221
2021-04-15,1.016805362913992,1.1037717712416326,1.0855290614109367,0.2216007505135333,0.2178783173138331,0.2300855352561933,0.2539619187868076,0.2300855352561933,0.2002045634706593,1.4223155507734313,354.6,ST/MT Ratio (Expanding EWM),UNH,1.0855290614109367,0.14600971719364872,-0.06946072039485018,0.02397772756163384,0.01225152788172389,-0.004968707881153328,0.0030189232400898987,1.1989524507255251,1.2490546750764793,0.18937499016018267,0.9772233690590116,1.0525764328422436
2021-07-15,0.979354113598501,1.196967386731825,1.2222008057266782,0.1372728638197998,0.1401604438139897,0.1747481082695683,0.2091677864917552,0.1747481082695683,0.1597477685159592,1.7006223771772182,400.28,ST/MT Ratio (Expanding EWM),UNH,1.2222008057266782,0.07711321603408501,-0.006651208388220893,0.01664759831843367,-9.331700249391762e-05,-0.022745296213546127,0.0014057891276183334,0.9424667861257773,1.0489351273541525,0.2731061844779217,1.0863400220544994,0.9657054654882496
2021-10-14,1.06849036070612,1.1208291670857784,1.0489838825921367,0.1809422546053905,0.1693361863419043,0.2108990423275442,0.2363817979511697,0.2108990423275442,0.1754031143117011,1.1207928031440546,412.54,ST/MT Ratio (Expanding EWM),UNH,1.0489838825921367,0.2233164325627114,-0.02186944867992295,0.029168215014088374,0.014445140248144627,-8.360160115276141e-05,0.0013838565419510567,1.1383925169784053,1.224960993612526,0.9059328314210817,1.1558189895835642,0.9988580280121173
2022-01-19,1.0436691609307625,1.1131680381878053,1.0665909081715728,0.1998982094839171,0.1915049518627491,0.2065888561158116,0.2299681116739008,0.2065888561158116,0.1590317122876657,1.445343193898775,483.73,ST/MT Ratio (Expanding EWM),UNH,1.0665909081715728,0.058469875175741565,-0.03305670034632205,-0.014517595596407702,-0.009423300627949457,0.010726186075816348,0.000959801289044527,0.8070261822815868,1.1476831700119292,0.8316376278588615,1.0701493638887611,1.2597357636073612
2022-04-14,0.953309268274915,1.0533391287396623,1.1049290757927477,0.212191266514262,0.2225840000488303,0.2922941592119429,0.307884875,0.2922941592119429,0.2147409079460419,1.6182101369329611,497.91,ST/MT Ratio (Expanding EWM),UNH,1.1049290757927477,0.06013988241854554,-0.007838510251008422,-0.012749052618380916,-0.001564224359488528,-0.013392192986536093,0.0026988156702804763,1.1879702294263774,1.1537812559022413,2.0562223594097535,0.9251425300461493,0.9642862339566023
2022-07-15,1.141506979405171,1.060481350527063,0.9290187179404455,0.3024219797315676,0.2647137352278161,0.2826353333333333,0.2997295,0.2826353333333333,0.1951784628406931,1.3096803847977387,464.33,ST/MT Ratio (Expanding EWM),UNH,0.9290187179404455,0.15071736046163497,0.0649190284397333,-0.029004626989150847,-0.02174894481380035,-0.0028927811214167127,0.0034488201083377155,1.0932819219811907,1.0725461825552007,0.7838610816176228,0.992582304490631,1.1429425533910975
2022-10-14,1.0405604046253654,1.0781181591289206,1.036093776331108,0.2024273242840542,0.1945000850801644,0.258791865250949,0.2790082093618928,0.258791865250949,0.1957148211977459,1.2572276011261152,509.77,ST/MT Ratio (Expanding EWM),UNH,1.036093776331108,0.22337754718956357,0.024429500144345348,0.017185036918606792,0.0021248097498441022,-0.020486581049649566,0.0016849180720910767,0.8740660181664811,1.1507665117255583,-0.3048045714590413,0.919147810412914,1.0321430754796244
2023-01-13,0.8738826483628821,1.146548355308981,1.3120163873912665,0.2002865858839212,0.2286713147174315,0.206648496964861,0.2369324943221344,0.206648496964861,0.2548321540270867,1.287935618847574,538.36,ST/MT Ratio (Expanding EWM),UNH,1.3120163873912665,0.12908866011380285,-0.017991264642397888,0.02736809510536342,-0.01727502159072112,0.0309811229391024,0.0017585694352750068,0.8924561368039391,1.255596655422533,-0.7801861845254936,0.9529841077722369,1.1194878422332197
2023-04-14,1.1166237352431574,0.9965990639821154,0.8925110872420196,0.2813178498028684,0.2516208497347325,0.2618753042909637,0.2609846831364061,0.2618753042909637,0.223114648586592,1.4495398216684403,465.43,ST/MT Ratio (Expanding EWM),UNH,0.8925110872420196,0.14511993544370036,0.022040397347465553,0.017733185984556574,-0.02485116125404983,-0.00436139393970085,0.0034667825568989764,0.9924268763389894,0.9183408073498807,-0.9709902879394221,1.1964203825883448,1.1635338801435353
2023-07-14,1.3814274338083852,1.00340779276638,0.7263557738969593,0.4480324019640793,0.3243003200439172,0.2397336666666666,0.240550629321791,0.2397336666666666,0.2685265510614624,1.3639131526001145,459.86,ST/MT Ratio (Expanding EWM),UNH,0.7263557738969593,0.05167649101412972,0.05097744028051008,0.05423477300042612,0.009466528696384703,0.03931888862815458,0.0025055578532150076,0.9461624523606228,1.0881728990652966,0.06620048181714777,1.003462135107963,1.1596177869072857
2023-10-13,,1.0997220162624544,,,,0.1918536465632117,0.2109856790257995,0.1918536465632117,0.2206444206809395,1.3517043209992663,160.0,ST/MT Ratio (Expanding EWM),UNH,,0.2333980712757532,0.03436217890194691,0.0038321194351286034,0.008318494396441509,0.04121869626352272,0.002436235704801055,1.1531247195469483,0.973652009232474,2.361446021541275,0.9364669888554807,0.9859968894353565
2015-01-30,1.1542268626170655,1.055255812363899,0.9142533816716396,0.3068819386904829,0.2602022047124916,0.2691933999999999,0.2840679,0.2691933999999999,0.2267315292400255,1.1019651307920328,65.44,ST/MT Ratio (Expanding EWM),ABBV,0.9142533816716396,0.23548206547514383,0.004087062947206095,0.024062249667775377,0.022571843373714314,0.000973850881956406,0.0008090834940262733,0.8148701152198584,0.9563247448371998,2.6692125818562022,1.0378316239855137,0.9310663447113414
2015-04-23,0.8338965550365494,1.1278872884021276,1.352550603057345,0.2015178696357537,0.2416519930834784,0.2171630999999999,0.2449355,0.2171630999999999,0.28964712020427,1.11384609283604,59.63,ST/MT Ratio (Expanding EWM),ABBV,1.352550603057345,0.23093489867019587,-0.020642787219695088,-0.02875102628417943,-0.007778139239377477,-0.022211218313683743,0.002678728069279419,1.1838907352155845,1.25159692310346,2.018730083472565,1.1800418375842674,0.9880517683343056
2016-04-28,0.6904212373754831,1.1498179356969285,1.6653861055429906,0.1604288710946527,0.2323351706429025,0.2446029856279195,0.2812488999999999,0.2446029856279195,0.2909713093631752,0.7208235209428122,57.05,ST/MT Ratio (Expanding EWM),ABBV,1.6653861055429906,0.07439061696143141,0.026437815976475654,-0.00761299107423203,0.013201321170918897,-0.04914744694333344,0.0010708636594902417,1.1345477172040346,1.1759964785417225,2.4790369982707534,1.139073469722789,1.03859802527073
2017-04-27,0.9110381680247636,1.3562873690579194,1.4887272747293427,0.0997205269184533,0.1094262563769319,0.1413856711894299,0.1917596,0.1413856711894299,0.1252926457173135,1.1030906304977015,65.98,ST/MT Ratio (Expanding EWM),ABBV,1.4887272747293427,0.21465610811796287,0.015771988489761243,0.024866132726973324,0.016769939306841584,-0.03380092682566979,0.0008659798140650418,1.109759414806902,1.0049825211939563,0.3143686521122193,0.9323717151668929,1.2740306463921875
2018-11-02,1.327464366095967,1.2615296046258146,0.9503302965004894,0.3733698989191542,0.2812258978447878,0.2060415714285714,0.2599275421407672,0.2060415714285714,0.2127743953405816,1.1424158135041218,96.01,ST/MT Ratio (Expanding EWM),ABBV,0.9503302965004894,0.1404402079918449,0.03333176270097063,0.02947306332229432,0.014119345195789869,-0.0313458706224665,0.001653228423233288,0.9164013453601126,1.1082489860685807,0.5653313458647706,1.1879784361750505,1.034019668375393
2019-04-25,0.8694338596177952,1.1400833337674694,1.311293919779766,0.1564625057655508,0.1799598337889819,0.2289306336384296,0.261,0.2289306336384296,0.1968978431881658,1.701235493818542,80.76,ST/MT Ratio (Expanding EWM),ABBV,1.311293919779766,0.2336859463684838,0.024231013058868937,-0.004819008429925467,-0.017641342070053554,0.03746174068653762,0.0014142072765513099,1.1114183285690755,1.2421664618524721,0.7424259899238637,1.0134515443358794,1.1990983283730512
2019-11-01,0.9814633780103784,1.0777657050181395,1.098121161894991,0.176283493031648,0.1795638567204728,0.2623752693545974,0.282779067155282,0.2623752693545974,0.1897185878830813,1.0673677281746348,72.13,ST/MT Ratio (Expanding EWM),ABBV,1.098121161894991,0.10130108780376178,0.03873434503617673,0.0018520224442579952,0.006734087056779723,0.005895614680673652,0.0017784003056149607,1.1651583921224935,1.2019726932288954,-0.09149453763253756,1.1664923242313117,1.0550326669747332
2020-02-07,1.3787870150663637,1.2210840969574497,0.885621987743101,0.3473751792614787,0.2518322497561627,0.18424,0.2249725340234405,0.18424,0.1315766340931816,1.7016602466758028,89.52,ST/MT Ratio (Expanding EWM),ABBV,0.885621987743101,0.22603334475232884,-0.01673323240461988,-0.04153621240042428,0.012103507401366535,0.012740113102299696,0.0005590183654750809,1.0304917647111738,1.2325742477170845,-0.24642093039803115,1.135353040703266,1.138465119164271
2020-05-01,0.9949318491300528,0.8353332490582691,0.8395884097877324,0.3139822183695327,0.3154115294145974,0.5503476940529444,0.4597237273849722,0.5503476940529444,0.3654192967041724,1.1065503718775944,73.42,ST/MT Ratio (Expanding EWM),ABBV,0.8395884097877324,0.06422255762968272,0.04810879229720141,-0.006710876024198281,0.0031794616726985485,-0.05251052522337815,0.0029588163064676724,1.1573366567310432,0.9687881607374172,0.6827289481637138,1.149852927860051,0.9076926813827041
2021-02-03,1.09595101740522,1.0137220417490385,0.9249702091149408,0.2525092289476924,0.2303301098645175,0.2811872538540945,0.2850457170907779,0.2811872538540945,0.2318401084256963,1.0930997547706969,105.41,ST/MT Ratio (Expanding EWM),ABBV,0.9249702091149408,0.1443695178477769,0.008915986164233988,0.030711494905593585,-0.04916194145927712,-0.02694916073043154,0.0031276862945164292,0.8448805467062572,1.2962260851026939,0.12157671436140216,1.192662958117186,0.9730126204034696
2022-02-02,1.2761202493851844,1.2173610562791328,0.9539548148896148,0.2869514622809746,0.2248327856426847,0.2027011294484744,0.2467604610543681,0.2027011294484744,0.1930974544763309,1.2677230688280412,135.42,ST/MT Ratio (Expanding EWM),ABBV,0.9539548148896148,0.15823723784526134,0.0746341305418843,0.021256150483196987,0.007012240599337002,0.025176994411157175,5.2657525859185705e-05,0.9444377772029343,1.2011477778014283,1.631113628952714,1.0743367199787166,1.1119596703220032
2023-02-09,1.1447971750103798,1.1422502642361456,0.9977752296827505,0.2822224604534131,0.2464173609705435,0.2236901377632195,0.2555101189670573,0.2236901377632195,0.2208798332570455,0.9870111146962512,159.64,ST/MT Ratio (Expanding EWM),ABBV,0.9977752296827505,0.20691331665605853,-0.022121573633134876,0.01901997164143629,0.058313275984931065,0.010169352809564656,0.0029784578056665503,1.1373761774658961,0.9939794251333571,0.7698837079740737,0.9466356876469372,1.1383766382922818
2023-04-27,1.5786549528499068,1.238376293996609,0.7844502636633793,0.5321688071878665,0.3370073408411387,0.17264825,0.2138035,0.17264825,0.2058628455015922,1.32784962563485,158.25,ST/MT Ratio (Expanding EWM),ABBV,0.7844502636633793,0.0523163278775185,0.06275873311078373,0.005493210615428803,-0.006000981718924568,-0.0006801319671399319,0.0011894713701783737,0.9002177697085281,1.0335368257373543,0.8850028664941125,0.9080311757109384,0.9367751743683351
2023-07-27,1.1969514873402836,1.2800792273125343,1.069449548165872,0.3398018537946885,0.283814937631635,0.1608162179400317,0.2058574999999999,0.1608162179400317,0.2546937207467181,1.2845648047423797,132.6,ST/MT Ratio (Expanding EWM),ABBV,1.069449548165872,0.09326423672079523,0.008926877421192672,0.004211894758845294,-0.01520192744638303,0.017121058965003065,0.0028569755369827862,1.0743716882832879,1.0715879922870029,2.4591608879995817,1.1084016010932598,0.903240376658929
2015-02-04,0.8871498549887202,1.045861480252567,1.1789005818705394,0.1828829221048125,0.2060324382483918,0.2022554394554314,0.2115311732979909,0.2022554394554314,0.204829373839002,1.3948637852052224,58.04,ST/MT Ratio (Expanding EWM),MRK,1.1789005818705394,0.09925467521384451,-0.020799630126505694,-0.015809634184203412,0.012333713992784955,0.043894945153395384,0.0019315535073335843,1.0466849323068539,0.9374899464238866,2.123732719161977,1.1974523064835505,1.1124795176966047
2015-04-28,1.420686194476515,1.1478720720439313,0.8079701742064802,0.2546364840741499,0.1791809770012571,0.1582646799275895,0.1816676060798518,0.1582646799275895,0.1354432998204566,1.5681110882110472,58.34,ST/MT Ratio (Expanding EWM),MRK,0.8079701742064802,0.17660263704870544,-0.014936004191901256,0.024964852606076043,0.010809455261664293,-0.0025260615884262643,0.0020287755640809985,1.073111800077652,0.9949256643579006,0.7503909750151743,1.1568285996709151,0.9669691790985006
2015-07-28,0.8006526903969705,0.9784162744167736,1.2220233393978437,0.0868496084030105,0.1084401072423411,0.1913087812358562,0.187179625,0.1913087812358562,0.1378912124600263,1.5258437801350049,57.29,ST/MT Ratio (Expanding EWM),MRK,1.2220233393978437,0.22457419820484137,-0.009212155786801207,0.016629188331681696,0.032818379135410365,0.004734245066451736,0.0018149023505787812,0.9062142422455048,1.0781734701144121,1.8489955673760559,1.0127651864387022,1.2710929119132015
2015-10-27,0.9478395545276068,0.891926558896667,0.9410100629754724,0.1717908738282842,0.1811825874847724,0.3750743227265615,0.33453875,0.3750743227265615,0.1907177118524892,1.465623453524684,48.42,ST/MT Ratio (Expanding EWM),MRK,0.9410100629754724,0.0843676789656733,0.016845808124067076,0.018760565439783976,-0.028446703897722202,0.007814922968282628,0.0032121292042334862,0.8377828205074878,1.048321679017939,1.8358164937136876,0.9677960296984477,1.1625652536918691
2016-02-03,1.4980369959246216,1.0369703208165943,0.6922194335905258,0.2778525748915599,0.1847970358778124,0.2071740863126689,0.2148333787485331,0.2071740863126689,0.1164587059794408,1.596481865638404,52.48,ST/MT Ratio (Expanding EWM),MRK,0.6922194335905258,0.20533789469225838,0.020299242081242487,-0.011781045280027411,0.021284506314374813,0.06280274088184981,0.0007604119874749718,0.8656867832909384,0.9223921139446746,-0.5159371330054046,1.1789954349402403,1.1207003531758206
2016-05-05,0.9238925184648336,1.1272578518750225,1.2201179567381997,0.1207572845841327,0.1306926837474644,0.1667318445383749,0.1879497809134886,0.1667318445383749,0.1545337602014919,2.0470619942632364,54.24,ST/MT Ratio (Expanding EWM),MRK,1.2201179567381997,0.06262698122654774,-0.018079500137850268,-0.06060028759613733,0.017760551531286587,-0.04948390661047564,0.0026078403387350085,1.1185383101918596,1.0330618003620204,1.3706345915417866,1.0484856401114975,1.2782951837609176
2016-10-25,1.1755049085676184,1.0292726197314597,0.8756004438855587,0.2275486173588839,0.1925376744969083,0.2114912957237646,0.2176822,0.2114912957237646,0.1982573516046022,1.0828107145106578,62.15,ST/MT Ratio (Expanding EWM),MRK,0.8756004438855587,0.1837896838945623,0.0011475892708656006,0.036914581352610866,-0.0005536634235136492,0.020080575369720202,0.0031013301648895506,1.0990298544216441,1.1922170525986318,-0.8145869222628819,1.0649009007011072,1.086796581560726
2017-02-02,1.0867017293903694,1.1044064127182769,1.016292127682395,0.231790955353066,0.2132890010800994,0.1981165139920662,0.2188011485182281,0.1981165139920662,0.1841236841400638,0.8565339335528767,60.15,ST/MT Ratio (Expanding EWM),MRK,1.016292127682395,0.18621415845807163,0.07697946255141523,-0.010365123680252124,0.011467182948042241,0.00012994378102340818,0.0027163400805404105,1.1711369066424777,1.002936795275813,0.07933381316437726,1.02340387466445,0.9973478853625505
2017-05-02,0.982765244054063,1.400652651502324,1.4252158997039912,0.1184277695782279,0.1204831017954405,0.1318589334539557,0.1846885647665515,0.1318589334539557,0.1362588836842838,1.4343989923049272,63.47,ST/MT Ratio (Expanding EWM),MRK,1.4252158997039912,0.20631730497785378,0.062464010953524905,-0.021883272921293617,0.028736437039958932,0.01716929315460449,0.004324698914323417,0.8516735671234998,1.2429659386603205,1.2331060976156634,1.15840881568697,1.2324539061614783
2018-05-01,0.9258901222886732,0.9741272401891352,1.0520981018581623,0.1943294908611733,0.2098380373189916,0.2831681266459263,0.2758417857191236,0.2831681266459263,0.2062298252917457,1.1356944847220534,53.27,ST/MT Ratio (Expanding EWM),MRK,1.0520981018581623,0.216246366338031,0.017271328438591124,0.02480436735741981,0.02480788450071126,-0.01343431384986811,0.0014710532372753011,0.9128169419158685,1.1190949777297097,-0.6671291890397182,1.1745755652092276,1.0617050860260613
2018-10-25,1.3956432797987226,1.2174903596423223,0.8723506767559593,0.225422201119523,0.161541828379938,0.1419238479370216,0.1727909166666666,0.1419238479370216,0.1357032326093867,2.164800198625304,70.65,ST/MT Ratio (Expanding EWM),MRK,0.8723506767559593,0.15513912644899042,0.0033301217358870103,-0.007760379197573887,-0.025575482801843217,0.0017758742285387437,0.0029573048225935315,0.9574704735556085,1.0211021482471814,0.8426549788428153,0.9755278159636345,1.049940909118722
2019-02-01,1.141505327827729,1.1145556540487715,0.9763911099475616,0.2129720618104663,0.1864765265301281,0.2139955,0.2385098944659938,0.2139955,0.1544217983850083,1.543535759627592,75.59,ST/MT Ratio (Expanding EWM),MRK,0.9763911099475616,0.2497126443832431,0.006201096435139146,0.03579809152139865,0.023503954668887113,0.020785264486637384,0.0018939093646585796,1.1199788194339526,1.2337022014340688,0.21672991051406454,1.0407043291658364,1.249527910512021
2019-04-30,1.2080221597637404,1.1828034614785223,0.9791239770881768,0.2289363015694047,0.189484501413826,0.141397947039984,0.1672459812048499,0.141397947039984,0.1148065948084948,2.177472515318424,83.3,ST/MT Ratio (Expanding EWM),MRK,0.9791239770881768,0.16114054678506953,0.023473129045564586,0.022510178487300924,0.001382784874187057,0.08082275502609604,0.0032334060763526697,0.8210693327318789,1.2556579847983143,-0.12326261739067323,1.1035617732643128,1.1330206785538401
2019-07-30,0.9885760156775396,1.1655563426176774,1.1790255115777222,0.1980896581690939,0.2003758753222844,0.1555228096472484,0.1812705972060721,0.1555228096472484,0.1637140083400617,1.5223377215849847,84.75,ST/MT Ratio (Expanding EWM),MRK,1.1790255115777222,0.0735737312595623,-0.0337977397819442,0.024507079696014327,0.004821852450387864,0.023200904735051788,0.0019923110042786305,1.0211762992757007,1.2437440899011285,-0.5937114254213549,1.0041084075976907,1.1153010985379064
2019-10-29,1.296994901243026,1.074993690834756,0.8288341687422931,0.2788968672817834,0.2148387566747712,0.2011521730610665,0.2162373169383475,0.2011521730610665,0.1865823456732528,1.5903954043969617,84.18,ST/MT Ratio (Expanding EWM),MRK,0.8288341687422931,0.1910587701964399,-0.007008178809817081,-0.036978671336016025,0.004829924775042355,-0.018201639950762717,0.0016121242181375305,1.1245155415784158,0.9865772333646686,2.211719365497105,1.0198915447481807,0.9755655425734782
2020-02-05,1.2772169018880617,1.2143357011030214,0.950767014833514,0.2432711985525924,0.1903650875763594,0.1500992466001444,0.1822708738552216,0.1500992466001444,0.1313674997204815,1.3229060592010329,91.64,ST/MT Ratio (Expanding EWM),MRK,0.950767014833514,0.09808562321105237,-0.05640044258571565,0.04035831956159201,-0.0007560747199564851,-0.007593992050567578,0.003306072203871629,1.103594576177393,0.9363595605898192,1.0590694963017717,0.9191627351585665,1.042567142063115
2020-04-28,0.8884030835258038,0.9123266240067944,1.0269287004115804,0.294489592986384,0.3313668632569253,0.4585395907170722,0.4183378767723636,0.4585395907170722,0.392512306489879,1.3245698888338142,76.95,ST/MT Ratio (Expanding EWM),MRK,1.0269287004115804,0.20847102286285113,0.015972809291184775,0.011837515937015682,0.032792687427676624,-0.008335352709596346,0.0015084380609810702,1.040430719602557,1.1224462165948852,0.6186216716186661,1.0287143981916347,0.9907078213403067
2020-10-27,0.9383482324315344,1.123906301493831,1.1977496867889454,0.1625981544167815,0.1732486625712812,0.238659797212172,0.26823125,0.238659797212172,0.1882846233690743,0.9593567884613574,82.76,ST/MT Ratio (Expanding EWM),MRK,1.1977496867889454,0.10237911721317389,0.024651857889595938,-0.007078314177386094,0.0009070510037696996,-0.04189107931575038,0.0005872742410994441,0.9823530353696411,1.2813019422883338,2.4018116711351616,0.9435698607229032,0.9119123149283684
2021-02-04,0.9424392150372772,0.997499168944334,1.058422817120231,0.1816231900255437,0.192711398046947,0.2570273166412259,0.2563845347456151,0.2570273166412259,0.1571568478663037,1.3372088011550978,81.1,ST/MT Ratio (Expanding EWM),MRK,1.058422817120231,0.2327104572345381,-0.014911526180478089,0.008301654020267533,-0.024988653209579218,-0.005252254792535932,0.0014831531168261716,1.1734097250866522,1.110699899952299,1.151351292597231,1.1342153987119568,1.0258755895485308
2021-04-29,1.3666978623005808,1.3688064649170948,1.0015428447462151,0.3098260737576803,0.2266913373306388,0.1834004707270321,0.25103975,0.1834004707270321,0.1995556410377037,1.2937787882017218,76.96,ST/MT Ratio (Expanding EWM),MRK,1.0015428447462151,0.22854824553478356,0.05708953671515115,-0.049287056986949594,-0.006838246399243221,0.021320727045543626,0.0026190329465885323,0.9927630275344008,1.287465165258695,1.6885947477296286,0.9461235095987358,0.9532906991937413
2021-07-29,0.9628671505569838,1.2957628168507964,1.3457337454094729,0.172392381043866,0.1789658444516237,0.1475953630141519,0.1912485833333333,0.1475953630141519,0.2060271689902042,0.7532770426813571,77.21,ST/MT Ratio (Expanding EWM),MRK,1.3457337454094729,0.13642997935740167,-0.04090179820508194,0.016259584344420125,0.00746736792026189,-0.028855802976919878,0.0033920387515870916,0.8817059033332022,1.2066846697682871,0.1815080153624642,0.9064166540025239,1.2776697454022647
2021-10-28,1.109350512229348,1.063536692012362,0.9587021237093778,0.3172394937399669,0.2858513654655536,0.2261276003039908,0.240495,0.2261276003039908,0.150206583385966,1.4529033827036526,73.32,ST/MT Ratio (Expanding EWM),MRK,0.9587021237093778,0.14285621014994546,-0.0492531208073437,-0.026881145245462146,0.033730369607426265,0.02921206627626481,0.002111129375296512,0.8678853665579643,0.9038232744592275,-0.051473590466708075,0.9705086361354401,1.0688021003382893
2022-02-03,0.7672665354759016,1.176382944288889,1.5332128926478334,0.2141845086827543,0.2791150566570187,0.1881646192577832,0.2213536488134687,0.1881646192577832,0.3054671294673929,1.4195296680109584,77.01,ST/MT Ratio (Expanding EWM),MRK,1.5332128926478334,0.23634062484140284,0.00985581364959902,-0.03658010857530603,0.01807736712372084,0.015194370527108455,0.003318197067234025,1.1681559326000146,1.2516739671116393,0.8275782199297117,1.023269971497542,1.1220036345899405
2022-04-28,1.1313738896256778,1.22721012138398,1.0847078341095622,0.2736918324920869,0.2418055134722319,0.1719423359726167,0.211009375,0.1719423359726167,0.2343586913684774,1.168080286409698,81.57,ST/MT Ratio (Expanding EWM),MRK,1.0847078341095622,0.07926450354293223,0.038648440591425415,-0.04167077558653673,-0.0182633819686761,-0.015355833049275947,0.000641825078522407,0.8973816047887063,0.9208739967865451,2.756896544684827,0.9560096954631518,0.9793602916982865
2022-07-28,0.9784314438393747,1.1045659023643617,1.1289149682578004,0.2702192558611908,0.276024581187523,0.2312065154163075,0.2553828333333333,0.2312065154163075,0.2768173693744217,1.563673246399656,91.89,ST/MT Ratio (Expanding EWM),MRK,1.1289149682578004,0.10239693574003542,0.06093746920102541,0.037380651249697756,0.06512974791697229,-0.0005382409334461858,0.0015567365351820972,0.988984131541579,1.0966453379361323,-0.9262631611970322,0.9443864216321912,1.0512619274242967
2022-10-27,0.9492578914854652,1.05712956385786,1.1136378989734703,0.2198103430984193,0.2315405449725122,0.2722572298672042,0.2878111666666667,0.2722572298672042,0.2356339579490359,1.122843148903587,85.84,ST/MT Ratio (Expanding EWM),MRK,1.1136378989734703,0.20623927045589371,-0.014060949200412903,-0.014877901810783661,0.009619382774449492,0.04295804519102583,0.0017114248828458988,1.0734922774042157,0.9913673827327744,0.6920577849670506,1.06720351941494,1.255436997849317
2023-02-02,1.1518766611927826,1.069064010109297,0.928106320864482,0.3104487495772101,0.2694887760910746,0.2191272697522678,0.234261077725661,0.2191272697522678,0.2277392978878644,1.2211575762277913,111.14,ST/MT Ratio (Expanding EWM),MRK,0.928106320864482,0.052475366322916384,0.03975382917009535,0.05001183129749497,0.03488476844997537,0.021338695337646648,0.0018854405725274798,0.9304282009308493,0.9534233063453934,0.9570889035904329,1.1240164805052186,0.9439439028210934
2023-04-27,0.8988617616709059,1.1460294048586024,1.2749784824845962,0.2027302439562462,0.2253866253347797,0.2156021249999999,0.247086375,0.2156021249999999,0.2580141921015046,1.3175196747797988,105.53,ST/MT Ratio (Expanding EWM),MRK,1.2749784824845962,0.24512493584939193,0.0006522035674752476,-0.012074043891568933,-0.0007928608394307285,0.0032195913724536954,0.002084094388250197,0.9698733966787841,0.9071140565049934,-0.8657632734109955,1.0448860089649996,1.0192789192603717
2023-08-01,0.9894033941993158,1.152296823514566,1.164638033657721,0.2073173035601966,0.2094243034811251,0.1622291685322417,0.1869361555811113,0.1622291685322417,0.1965717769254297,1.542146574059962,114.33,ST/MT Ratio (Expanding EWM),MRK,1.164638033657721,0.059852625051664825,-0.004041955497928688,-0.0472207387277884,0.016333981117636235,-0.0029420829240246076,0.002690910957392193,1.1380429196021649,1.1408617224505817,0.8157318469719614,1.022380611316289,1.0988981920758254
2022-10-26,1.0953716352179983,1.0697799196777724,0.9766364996888636,0.2080074377184401,0.1890381714842283,0.3371413066985181,0.360667,0.3371413066985181,0.1731159118286525,1.4089088888820491,514.31,ST/MT Ratio (Expanding EWM),TMO,0.9766364996888636,0.19901255315540267,0.032928097812033534,-0.029495733198459773,0.02398671261296012,0.004915226761291491,0.0015551931618295097,0.8161755324850646,1.257117342568264,2.9932126229358333,0.9544461374576096,0.9481531859098479
2023-02-01,1.0140561628672684,1.0807802033089002,1.0657991567774392,0.2490980402454733,0.2456309602997487,0.2894102752526878,0.3127888961272847,0.2894102752526878,0.1628592550434033,1.2955944153438623,553.18,ST/MT Ratio (Expanding EWM),TMO,1.0657991567774392,0.11950777324818218,0.024831300744469688,0.04107434860020816,0.0334548677938564,-0.009794088948557586,0.0021390286869531257,0.8574309853794381,1.164410823293747,1.645763353803099,1.1543772486835233,1.2007305553705014
2023-04-26,1.1660357655429223,1.1304952767739669,0.9695202413003108,0.2177992062220226,0.1867642936893225,0.2468860381234519,0.2791035,0.2468860381234519,0.1662484753000123,1.497475208149386,561.69,ST/MT Ratio (Expanding EWM),TMO,0.9695202413003108,0.12512914283743834,-0.05317372549444874,-0.0006769453381000254,0.029434207634455627,-0.04961873764297537,0.0019548771096759483,0.9798758693477359,1.1451421446261276,1.7531386814720316,1.0538209410855675,1.0902603937806548
2023-07-26,1.2535157511178496,1.1025533085882555,0.8795687709588252,0.2658836169359662,0.2120324212398791,0.1931119777533702,0.21291625,0.1931119777533702,0.1590871035914388,1.4678583988344531,522.03,ST/MT Ratio (Expanding EWM),TMO,0.8795687709588252,0.11983789338983458,0.05367891224040636,-0.012448618894718027,0.02480492500182445,0.05405444776336828,0.0010741100961088501,1.0580389782570614,1.1229898195902615,1.5757692213436414,1.0838564321890092,1.187678624205462
2016-07-20,0.9140003773855524,1.061371140898087,1.161237092630181,0.1513863553569965,0.1655804523230634,0.1923839287991404,0.2041907499999999,0.1923839287991404,0.1552769637383929,2.362462154788355,37.75,ST/MT Ratio (Expanding EWM),ABT,1.161237092630181,0.128845693772496,0.05030319739516081,0.00880054677558363,-0.004877168279852716,0.006883124979985037,0.0018863333109185646,1.0571214035131504,1.1078969945749069,1.727187245137546,1.0348445895556284,0.9966684903890405
2016-10-19,1.3373390182246123,1.151013289459746,0.8606742746411277,0.2517707784068262,0.1881759737612144,0.2021795945303418,0.2327114001620064,0.2021795945303418,0.1329938462381585,2.04225162043968,41.68,ST/MT Ratio (Expanding EWM),ABT,0.8606742746411277,0.2132118533942675,-0.019894694552833533,0.01905348208502635,-0.01129365104890154,0.01295368162806343,0.001856340470102882,0.8005672880535663,1.1239856588583372,1.362620906434564,1.1916146894327142,1.0445913336377102
2017-01-25,0.875571868647372,1.2015530527067229,1.372306598386884,0.1395480113422499,0.1593147399523354,0.1931239458332145,0.2320486666666667,0.1931239458332145,0.1806806050553811,2.029212384661377,38.6,ST/MT Ratio (Expanding EWM),ABT,1.372306598386884,0.1808074696649854,0.01585312367030932,0.037521964477073816,0.011315187758104944,0.0015523062530772816,0.001834919434996954,0.9576532971313247,0.9807198325368761,-0.7178628190507124,1.131841347858522,0.99987242573573
2017-04-19,0.925737767434899,1.1996289025675049,1.2958625485179494,0.0921086022586116,0.0994904317816935,0.1415842012779801,0.1698485,0.1415842012779801,0.1144163209040466,2.5150570560659125,44.98,ST/MT Ratio (Expanding EWM),ABT,1.2958625485179494,0.181004163415855,0.01929105651989586,0.04745497689678778,0.026328201808526734,-0.015377920018114706,0.0020317594565814508,1.0435619444120152,1.1751092142181927,0.8849467491665908,1.1629056339081574,1.0775179363918916
2017-07-20,1.2504732261357694,1.100017399122292,0.8796808889076192,0.1691492836865797,0.135212878488818,0.1404807765786396,0.1545312984787149,0.1404807765786396,0.1051592768954262,1.089538043975258,48.77,ST/MT Ratio (Expanding EWM),ABT,0.8796808889076192,0.06558731074705969,0.01112358180383675,-0.0067930593736725735,-0.0025680175194151764,-0.0016481120237192685,0.002075673540613386,0.913963449216706,1.258406209184649,2.446257136999826,0.949211984122924,0.9103844073415684
2017-10-18,0.937460601818752,1.3226104826003973,1.4108438050990328,0.1351536732661226,0.1440938261975063,0.1288075823468776,0.1703622586503942,0.1288075823468776,0.116591936496063,1.0989876221138954,52.08,ST/MT Ratio (Expanding EWM),ABT,1.4108438050990328,0.1385160339964191,-0.017260680384589704,-0.03578143058246115,0.029629299142859666,-0.03698486905485778,0.0015677048208926699,0.8359942225398483,1.014618959421527,2.8890392069668427,1.0675548459482476,1.0493046928117076
2018-01-24,1.434105102813503,1.4247514295762227,0.993477693358088,0.2576063012615087,0.179585908434233,0.1476809654644463,0.2104086666666667,0.1476809654644463,0.1315915457753158,1.0774278790642475,57.0,ST/MT Ratio (Expanding EWM),ABT,0.993477693358088,0.06545859162123006,-0.021506817877831808,-0.00840395483369828,0.03931541863715449,0.059927162451332616,0.0032727147339712648,1.1554864378450984,1.0812545325913998,0.2609545136040845,1.1823658586236971,1.2398070664770713
2018-04-18,0.9114089919221156,1.1733204613394492,1.2873698545204997,0.1071870463430497,0.1175788470429469,0.1753109037539477,0.2056958704704177,0.1753109037539477,0.1317593730088058,1.4222241142342824,62.26,ST/MT Ratio (Expanding EWM),ABT,1.2873698545204997,0.18463500246956427,0.0011056075152994153,0.011808415197486584,-0.019908022976835495,-0.027862799960559903,0.0008305193707969833,1.1374673501677763,1.1049138972200854,2.15775359526182,0.9538060077793655,1.1292891830224976
2018-07-18,1.477930206332866,1.1734728065918556,0.7939974442389608,0.2004922146854884,0.1356156378957815,0.1576635362998404,0.1850138724389706,0.1576635362998404,0.1004753076462398,1.175093802405685,62.82,ST/MT Ratio (Expanding EWM),ABT,0.7939974442389608,0.2050940777625907,0.043045515674077765,-0.024912767786318325,-0.017923017594906998,-0.02279915709617949,0.0012790298915301038,1.1935383691390182,1.0163833722071847,2.1774093169907007,1.0471435221624201,0.9159222732888349
2018-10-17,1.1016700075502734,1.1835191123077244,1.074295482491581,0.1733333174512415,0.1572311749371188,0.1426298879959731,0.1688051984295443,0.1426298879959731,0.1167145777304765,2.0828845608778392,67.67,ST/MT Ratio (Expanding EWM),ABT,1.074295482491581,0.21445440958489223,0.021026005410805133,-0.024714527446851285,-0.0005093764726334077,-0.008006480109660012,0.0047799636242235564,1.105207759126267,0.9674276577568451,1.5258942685310006,0.9256992582140919,1.278746958998386
2019-01-23,1.1762216422484717,0.9811312406047764,0.8341380615385044,0.2358195389206848,0.2004628641957609,0.3425891064204726,0.336124875,0.3425891064204726,0.1227115473631996,1.3704970812738435,65.56,ST/MT Ratio (Expanding EWM),ABT,0.8341380615385044,0.1339466007181986,-0.01097150162301371,0.014313636446496563,0.010690316704729905,0.03520189312130944,0.0009620086450107701,0.9166895548721444,0.990585876670958,-0.48345438373466276,1.1838006580017142,1.184761496976522
2019-04-17,1.3782362784453668,1.123613332119049,0.8152545029408678,0.2548880866272489,0.1849367118401396,0.1706469309197831,0.1917411666666666,0.1706469309197831,0.1455985291004142,1.1201061897443063,78.83,ST/MT Ratio (Expanding EWM),ABT,0.8152545029408678,0.11926243494278155,0.02900945487269207,0.0025404294528864656,-0.010114175344176274,0.0033627249815663535,0.0006462453252902414,1.0966643554872355,1.099761824552098,0.8989111410819337,0.933006372897443,1.1239364382335968
2019-07-17,1.4049468260982607,1.1643604178540488,0.8287576413746882,0.2445659497648388,0.1739717133556016,0.1771283090717375,0.2062411919645494,0.1771283090717375,0.1376127356298885,1.452636866343059,82.05,ST/MT Ratio (Expanding EWM),ABT,0.8287576413746882,0.16925073917505834,-0.09769899172205265,0.004983909862347595,0.03680506697167861,-0.02790339490076156,0.002734476745001218,0.8987665980435162,1.2908581331201623,2.1863237600605894,1.0238976180578663,0.9605365034766132
2019-10-16,1.1285911503476571,1.0852118577989636,0.961563323852636,0.1665762698427068,0.1473223060943448,0.2032268915204142,0.2205442325015771,0.2032268915204142,0.1433468293877834,1.5037338737022266,83.36,ST/MT Ratio (Expanding EWM),ABT,0.961563323852636,0.17694230205215236,0.04220679951302363,-0.018754860041002082,0.01360167153796128,0.03435845901893349,-7.711985377387398e-05,1.1141326764555135,0.9488215068325264,-0.24266498601171804,0.9634561553232682,1.1227562553092378
2020-01-22,1.2722391822642998,1.2011317594532551,0.9441084476863152,0.1763267757115348,0.13854420644604,0.1475082610616395,0.1771768571428571,0.1475082610616395,0.1223341185873883,1.912596282988762,87.35,ST/MT Ratio (Expanding EWM),ABT,0.9441084476863152,0.2390490162550806,-0.05888998225723349,-0.0029120214261730195,0.003986176206018487,0.021275015669637035,0.001764726090027561,1.1148226615961465,1.0257259514898769,-0.6613207428988424,1.0393615390573256,1.1992440964639743
2020-04-16,1.1612293260657416,0.8715675945964105,0.7505559625757056,0.4313177704829312,0.3714413958077635,0.6370716215311145,0.5552509807635083,0.6370716215311145,0.2359052203529414,1.4640599104887668,79.49,ST/MT Ratio (Expanding EWM),ABT,0.7505559625757056,0.07771210327277028,-0.010685432949109626,-0.02372699432804913,-0.03289773809671318,0.01646087393041131,0.004145824925076489,0.8886655372349553,0.9879698192157497,2.7889081093868433,1.1862461181357533,1.2961862928246306
2020-07-16,0.8258121137438365,0.998945343900724,1.2096520834163893,0.2131835346137153,0.2581826306918793,0.3507839229690339,0.3504139665651467,0.3507839229690339,0.317730292323419,1.2708909582069003,89.74,ST/MT Ratio (Expanding EWM),ABT,1.2096520834163893,0.05252593520334736,-0.037188446311915035,0.030705952333743604,-0.029895395410687673,0.02089335602927101,0.00045506407784659953,1.123063840629912,0.9752736676671783,-0.15207391680295457,1.0020675724567176,1.0272530125333963
2020-10-21,1.1163208722671192,1.0030446755063285,0.898527207028979,0.2682823827509984,0.2400346521784705,0.3048108498713336,0.3057389,0.3048108498713336,0.2522272167472282,1.1271701977682906,105.95,ST/MT Ratio (Expanding EWM),ABT,0.898527207028979,0.1713321272689402,-0.043313851650231695,0.03505748004171257,0.010025231257045158,0.06285904751456127,1.8035514261286688e-05,1.1826110996312036,1.2156295931526775,1.8960351686462156,0.9557889672174396,1.2638102237449318
2021-01-27,1.3094095828793968,1.0548507233840303,0.8055926405123824,0.3305822692137891,0.2517036447708994,0.2532936595453492,0.2671869999999999,0.2532936595453492,0.192202504402049,1.419575585333324,107.79,ST/MT Ratio (Expanding EWM),ABT,0.8055926405123824,0.2163641099040452,0.042628937558248176,-0.051385635867142815,-0.05031489065387091,0.057627372375902805,0.0005008187980423018,1.1311481518024695,0.9654567365311695,2.48468132784389,0.9816742609111414,0.9323478983328425
2021-04-20,1.079791090238254,0.937329808372064,0.8680658850085933,0.2183090193321235,0.202163997261812,0.2259986272792404,0.2118352499999999,0.2259986272792404,0.2248236419513445,1.509956457578021,121.47,ST/MT Ratio (Expanding EWM),ABT,0.8680658850085933,0.2205990800676526,-0.014369542045916199,-0.0238853258057723,0.028315935241101795,-0.014167883575082384,0.0028983595683469855,1.062728922605684,1.1615218637537323,-0.6202719617375276,0.9956555426809747,1.2971257849022155
2021-07-22,0.8905600567968848,1.110842416593124,1.2473526160476345,0.203018706085093,0.2279495224109271,0.1811550378290133,0.2012347,0.1811550378290133,0.2706857969679312,1.219596500108468,110.96,ST/MT Ratio (Expanding EWM),ABT,1.2473526160476345,0.056161065154165996,0.014127635860575053,-0.04089587765270237,-0.0009538461093080077,0.04359712482027881,0.0031247767199858124,1.0713706668034948,1.1920300666413317,-0.1483308575827773,0.9236346213011744,1.0107606758963752
2021-10-20,1.2107732767478483,1.0163254457959678,0.8394019469324845,0.2121970038289418,0.1752608406905096,0.2302432758797392,0.2340021,0.2302432758797392,0.142755021693845,1.6495610230306796,124.87,ST/MT Ratio (Expanding EWM),ABT,0.8394019469324845,0.1729701970448258,0.0003577797392285574,-0.015500718032206946,0.08407732423986831,0.012579204743972509,0.0014874112030214912,0.8995593540772768,0.9938176402992213,-0.22898271245184176,1.0724267071966214,1.0312413903367288
2022-01-26,1.1307531427987347,1.0753684907054075,0.9510196788343704,0.2427131660677758,0.2146171558558068,0.206918296927879,0.2225134166666666,0.206918296927879,0.204644727518707,1.3544327069656277,141.46,ST/MT Ratio (Expanding EWM),ABT,0.9510196788343704,0.1106853626901162,0.018696428952809253,0.0014968609062891744,0.06069790626540276,0.015477395403443735,0.002683212404001069,1.128138006019012,0.9735789671389536,0.858508283474178,0.9040973509278241,1.092672928982077
2022-04-20,1.071472641038443,1.0181553046479124,0.950239199445301,0.2108451797977332,0.1967149783040954,0.2240775046385432,0.2281457,0.2240775046385432,0.1799439803218582,1.2967485546587374,121.76,ST/MT Ratio (Expanding EWM),ABT,0.950239199445301,0.1646321425461788,0.004688766187108938,-0.0394893565909559,-0.001536226731187919,-0.03930677079108322,0.0033902553275119898,0.8223352883505898,1.2910894047490575,2.1623685146016514,1.0470334429909367,0.9346349432717401
2022-07-20,1.0482587812779915,1.0700751424484989,1.020811999441502,0.1704308903689515,0.1625262624244062,0.2603414133726668,0.278584875,0.2603414133726668,0.1729199510260688,1.509401079833241,104.41,ST/MT Ratio (Expanding EWM),ABT,1.020811999441502,0.19871989669355306,-0.04290472784659994,-0.023655794393759387,0.00034157493671712583,-0.0012596441347048994,0.0037873464144298256,1.0369781763161656,1.203505500280751,-0.23713098798101884,1.0704625022362473,1.2256843593531472
2022-10-19,1.4637417567206068,1.032698222708399,0.7055194114445943,0.351510436564027,0.2401750770634203,0.260598637706759,0.26911975,0.260598637706759,0.1482911260021399,1.4639855130144073,104.09,ST/MT Ratio (Expanding EWM),ABT,0.7055194114445943,0.1748987105897155,0.036869338680649906,-0.026118721162444947,0.027889537850050744,-0.017320589758414124,0.0017536647188201519,1.1072991110585264,1.2211968071468613,2.5172936994788793,1.181304630647841,1.0622084620814145
2023-01-25,0.9778435653650778,1.104630282434405,1.1296595095167308,0.1597138772669845,0.1633009401749477,0.2253060403626758,0.248879875,0.2253060403626758,0.1615752258944059,1.152232713478745,108.57,ST/MT Ratio (Expanding EWM),ABT,1.1296595095167308,0.24354176929647442,-0.01528148041064594,0.010218019881968318,0.04557931524795095,0.023701470372332733,-0.00030147171766998685,1.0275076410091508,1.2162638104182444,1.7885592557831327,1.1986560684793135,0.9054710604418577
2023-04-19,1.5564669759726506,1.0547848745187964,0.6776789297824013,0.4094951029726267,0.2630290474772163,0.2534478891934812,0.267333,0.2534478891934812,0.1442154931418607,1.122179172881201,97.87,ST/MT Ratio (Expanding EWM),ABT,0.6776789297824013,0.1442662018204537,-0.052480366453091294,0.0060803301110875126,-0.037950726435900424,0.029777012510070127,0.0011791210775903133,0.9420532861263163,1.012411170508081,0.04926340066213841,0.9667589347496658,1.1836495363260917
2023-07-20,1.31349878801869,1.2266188730944418,0.9338561133693166,0.2961272553190748,0.2254223132413772,0.1519771170075964,0.186418,0.1519771170075964,0.1999185311671129,1.6311392114239258,106.7,ST/MT Ratio (Expanding EWM),ABT,0.9338561133693166,0.16670300587005776,-0.01298403063380694,-0.0176521266001176,-0.04165938663386717,-0.04886215877540779,0.0015731958050647424,0.8339037893101288,1.1966435335773353,1.7737033680650938,0.9752412397502689,1.0011335132660646
2022-01-27,0.904510330357322,1.0716260932111417,1.1847582689163996,0.2328452021711558,0.2572747821923717,0.2615308191686407,0.28026325,0.2615308191686407,0.2531188276266173,1.2142586680868486,323.44,ST/MT Ratio (Expanding EWM),DHR,1.1847582689163996,0.17740432894135172,0.054526592672200884,0.009304626164181939,-0.012550870138859535,0.002449128399893239,0.0017410612034216095,1.051544234137801,1.2048684421934712,2.505942452349462,1.1556418691563426,1.2859531976655414
2022-04-21,1.1622958153697704,1.1172191701972525,0.9612175794006644,0.2791224498448162,0.2401315286825292,0.2549828696098223,0.28487175,0.2549828696098223,0.2108193336895228,1.4549673126313332,293.9,ST/MT Ratio (Expanding EWM),DHR,0.9612175794006644,0.05637704563074724,0.03175776097397225,-0.01240040253761796,0.01756843957934661,0.031046537619856304,0.0018121405989912805,1.0325539581346044,1.263462224536144,2.234053093041643,1.168400287294204,0.9046506405141467
2022-07-21,1.4417098224736546,1.054741476327376,0.7315906848145582,0.4640104755284571,0.3217689400083748,0.2938855226205107,0.30997325,0.2938855226205107,0.213171791207569,1.4433922687195448,243.87,ST/MT Ratio (Expanding EWM),DHR,0.7315906848145582,0.15600691567874395,-0.010202824704275073,-0.004149653309781598,0.015421839762689928,-0.0016669740578361244,0.0031188945979306695,1.1863611967463243,1.0894120651385915,2.1927319582993716,0.9381612358013343,1.0583764383255896
2022-10-20,1.2677079420000663,1.0230840670875787,0.8070345173301164,0.3049803546727329,0.2405579242197834,0.3307357859870695,0.3383705130590581,0.3307357859870695,0.2083404447847146,1.3639800854821285,274.37,ST/MT Ratio (Expanding EWM),DHR,0.8070345173301164,0.2250459913669455,-0.010224019651145009,0.054203562708956106,0.029744286374596255,0.021226591125059112,0.0032744284266875813,0.9085842652083964,1.0166635082003748,-0.506977520196473,1.141729149762902,0.9036969258324313
2023-01-24,1.094669448064969,1.198580414423752,1.0949245149231714,0.2544262473947266,0.2322947006779003,0.2555840194896558,0.306338,0.2555840194896558,0.1867512671931123,1.2088659754297872,259.86,ST/MT Ratio (Expanding EWM),DHR,1.0949245149231714,0.14761946563063144,-0.009257226792608392,0.044213831553710434,-0.026992438209132705,0.011779136690677101,0.0018283263460752168,0.925002182794081,0.969764217286566,1.356155762433362,0.9762757207843632,1.0035993818112399
2023-04-25,1.5704880532520749,1.1587320231999052,0.7378165155732771,0.3995286775103377,0.254456068169915,0.2656313054592251,0.3077955,0.2656313054592251,0.1486227765899435,1.3974950365706946,247.97,ST/MT Ratio (Expanding EWM),DHR,0.7378165155732771,0.06601027010939553,0.07468617942462943,-0.03498743710782793,-0.05490359657422192,0.01154150579881566,0.0030984848760518186,0.9953352575981275,1.1610756157363704,-0.5147811817393455,0.9526534357396489,0.9988698978378071
2023-07-25,1.3200569796800308,1.2517344004397226,0.9482427044498724,0.3327601528620221,0.2518759749104236,0.1997837959172094,0.25007625,0.1997837959172094,0.2090617726684836,1.3861934151046085,237.88,ST/MT Ratio (Expanding EWM),DHR,0.9482427044498724,0.17657532601252765,0.015367740828104368,0.028891972536375234,0.024450354882553635,-0.003782874451707437,0.0023576613666310892,1.1894992856471842,1.058860999977168,1.395960362524106,0.9724628438147934,1.0961838100629953
2015-01-27,0.8741923475700252,1.0642995016332777,1.2174660469079712,0.1657854739096753,0.1896169417809735,0.2511195388044926,0.2672664,0.2511195388044926,0.2075182751307372,1.1527742917743498,59.81,ST/MT Ratio (Expanding EWM),BMY,1.2174660469079712,0.12962030501732477,0.01705145765168744,0.028341896634747763,-0.017704906824130864,-0.02741452010339274,0.0020645059728625717,0.8296476697543833,0.9138968583689308,0.8749341072858408,1.0195977862555237,0.9547521278767311
2015-04-28,0.9058491299460182,1.0653885886132075,1.1761214460477507,0.1775626575085237,0.1959248991826566,0.2052679657212071,0.2186901482872212,0.2052679657212071,0.2085037207365244,1.1600295543002086,65.76,ST/MT Ratio (Expanding EWM),BMY,1.1761214460477507,0.23674243622655888,0.03805992089111448,-0.03044789866257855,-0.04746219660971595,-0.025038253685625688,0.002906544157109964,1.0750405715682936,1.2971613963597057,0.5825872847868498,1.0873675907752183,1.2851903769457944
2015-07-23,1.0160208397588073,1.147173541313449,1.12908465695032,0.1774915652561536,0.1746758387531425,0.1607739166666666,0.1844355833333333,0.1607739166666666,0.1977002281662791,1.8781681780292503,67.33,ST/MT Ratio (Expanding EWM),BMY,1.12908465695032,0.11744711763198719,0.010357620565927974,0.028563329312645817,0.006626593648984541,0.02073381286138293,0.002072252048237916,1.13261398897875,1.0854208893210744,1.9499579378396774,0.9384405120751572,1.1048415421855198
2015-10-27,1.0913427874636994,0.8980742567117742,0.8229075841504531,0.2712160518380595,0.2484862074951676,0.444988927155338,0.3996331000000001,0.444988927155338,0.2240506495350535,0.908461740085772,57.46,ST/MT Ratio (Expanding EWM),BMY,0.8229075841504531,0.11186495820081915,-0.00706647510372461,0.050137957552376586,0.022829392205466936,0.003486456387972078,0.004057811177097762,0.9116241108719746,0.9644654751584645,0.7051236250181394,0.9393043663300843,1.1795940432697942
2016-01-28,1.0125862244944412,1.0970044421301484,1.083368917721407,0.1725870486375712,0.1704273301381656,0.1954632012096819,0.214424,0.1954632012096819,0.1489841670073674,1.1665451540062282,69.74,ST/MT Ratio (Expanding EWM),BMY,1.083368917721407,0.13477028471379446,-0.00487224471797424,-0.029676344187332414,-5.1428303031931724e-05,-0.00046280611518061885,0.0005615888332054409,0.9824960176213342,1.1124578530258655,-0.41449624532737195,0.9419314983280483,1.1333661741040497
2016-04-28,1.1280827618072349,1.2167551355919437,1.0786044932046053,0.2187895414975699,0.1939320156356428,0.1925475333095863,0.2342832,0.1925475333095863,0.2024372314826406,1.0059660330592937,64.19,ST/MT Ratio (Expanding EWM),BMY,1.0786044932046053,0.12442561931666263,-0.0005060440794922384,-0.023525084630427906,-0.008446209654562232,-0.007597251058058814,0.0014848291009079823,1.1940038991317785,0.9385002332950902,0.14292571426312506,1.1608377349613663,0.9289088049020948
2016-07-28,1.3015293408765631,1.1382407755355302,0.8745410032546326,0.1974346609954936,0.1515887404987984,0.2122776702374934,0.2416231,0.2122776702374934,0.1495503371592025,1.3069434296240647,72.01,ST/MT Ratio (Expanding EWM),BMY,0.8745410032546326,0.0652264704092477,0.0006972217221555442,0.03452984400530507,-0.000984055803647664,-0.004629721137018795,0.0018734811030460497,1.1503542885467806,1.1097143933499005,0.6330670957057034,0.9929041693054368,1.0188468632511367
2016-10-27,1.0477802187151537,1.0278050911183731,0.9809357656882708,0.4025081619917826,0.3839327469278183,0.2707542776395432,0.278282625,0.2707542776395432,0.3246025585047989,0.8641476866183591,55.74,ST/MT Ratio (Expanding EWM),BMY,0.9809357656882708,0.20709214011437713,0.027467034027294297,0.01214485932476944,-0.006264569060019572,0.029172794862203488,0.0024394526904579906,0.9223210329797915,1.2539212323840783,1.8951809206991421,1.1009169023493452,1.2194996595808003
2017-01-26,1.3473771626708342,1.1851627823620616,0.879607295712788,0.5797229968273244,0.4302255561053112,0.2202441756395435,0.2610252,0.2202441756395435,0.2518209915969971,1.1607087574195174,59.33,ST/MT Ratio (Expanding EWM),BMY,0.879607295712788,0.06682930186382303,0.0038181060032554805,0.020544288257185697,-0.03070117779850418,-0.005381102046700669,0.003267960487103089,0.902845865201658,1.1472171248327023,0.8402649558318038,1.134732490560058,1.0237024441893143
2017-04-27,0.9072405720936833,1.2381729577987288,1.3647680625011476,0.1960281511265069,0.2160144864824622,0.21057346904388,0.2607263749999999,0.21057346904388,0.2649442407756404,1.3706681775202991,56.2,ST/MT Ratio (Expanding EWM),BMY,1.3647680625011476,0.19877199796702844,0.027642402702545275,0.014217676492014903,-0.014867016924760796,-0.03052661783253922,0.0019756014327638434,1.0572714467479583,1.2528849647269253,0.6086019047797149,0.9199866262102384,1.1064203289367172
2017-07-27,1.3012631468288856,1.1760701648761476,0.9037911876181024,0.2539686300595981,0.1947574185398427,0.2319045309926061,0.272736,0.2319045309926061,0.1948803895582883,0.9632377299831814,55.9,ST/MT Ratio (Expanding EWM),BMY,0.9037911876181024,0.14665198657639741,-0.0008250803038003814,0.015720877627844323,0.01603199762534536,0.021591294388504333,0.000577770350493793,0.9383889951228104,1.16889015221887,2.8041316989944245,1.045682495399054,1.0864760920622136
2017-10-26,1.3600086050460094,1.216465685571236,0.8944544034926035,0.3183031151229404,0.234024600968983,0.1949120605255647,0.2371038333333333,0.1949120605255647,0.1719737458719019,1.06716774983517,62.93,ST/MT Ratio (Expanding EWM),BMY,0.8944544034926035,0.07679194741745332,0.004752231661063171,-0.03579416384933249,0.011041963534412502,-0.002121916596617931,0.0028425138964550045,1.061833920076584,0.941399001437427,0.014024755700058567,1.1756937976501196,1.1679770453455065
2018-02-05,1.3342058105553205,1.0843641781045208,0.8127413098682196,0.2939944244249102,0.2197259393353563,0.2777711544631245,0.3012050896105499,0.2777711544631245,0.1401954666329096,1.030210242139308,61.89,ST/MT Ratio (Expanding EWM),BMY,0.8127413098682196,0.20493365372020222,-0.06793702395862378,0.035419531198643446,0.007201495149170506,0.0037848966383194115,0.0027549587661419646,0.8053776175933666,0.981850189023608,1.7313490641155962,1.1293197607687722,1.2359438290696168
2018-04-26,1.1022424049517063,1.1502605616688149,1.0435640622256883,0.3256878313707809,0.2953953267104447,0.2584364446684301,0.29726925,0.2584364446684301,0.1975460165720315,1.1339642433935757,62.41,ST/MT Ratio (Expanding EWM),BMY,1.0435640622256883,0.11886029280254017,0.034071468614586854,0.039087699772833204,-0.021878712046334486,0.043189457659987766,5.814134062059395e-05,0.916870721352818,1.272411438511025,1.2117875743115696,1.1089617067163677,1.1386955451119631
2018-07-26,1.270016413296352,1.2187829704757431,0.959659227798772,0.2867887832734331,0.2248949844295185,0.2111871757059934,0.2573913333333333,0.2111871757059934,0.2207045506961819,1.340426325893431,54.91,ST/MT Ratio (Expanding EWM),BMY,0.959659227798772,0.18913548280025344,0.014127096656429746,-0.0028817223220408326,-0.0015375790533916787,0.0024859860662373202,0.0019961958663292007,0.8490960218698482,1.285245863753952,-0.5084976804233894,0.9764645869233551,1.2254511520891922
2018-10-25,1.4135026491643494,1.2196350320141325,0.8628459470770502,0.4020593271249213,0.284286638845372,0.1772362176601493,0.2161635,0.1772362176601493,0.1582603218854023,1.071829776707435,61.82,ST/MT Ratio (Expanding EWM),BMY,0.8628459470770502,0.051773591796708665,0.03693035384508783,0.002695691505584127,-0.05142662616107137,0.010229591827968135,0.0004098581693197021,1.0474387846004405,1.2352596661505428,1.0629447534961796,1.0130979706099905,1.268738199819114
2019-01-24,0.8470349724512422,1.0346276511908403,1.2214698151089582,0.2934174195292267,0.3462086277997683,0.356498542809548,0.3688432499999999,0.356498542809548,0.2475318978745097,1.165260089395608,48.76,ST/MT Ratio (Expanding EWM),BMY,1.2214698151089582,0.1607516473642849,-0.09936893823677913,-0.041933225076671674,0.007461916597134743,-0.026473087282458133,0.0013353489024979376,0.814500927005918,1.2424520881412184,-0.07672885924887352,1.1546208983261903,0.9556786453667543
2019-04-25,0.9191264517812406,1.026115909921911,1.1164034153661098,0.190388801203878,0.2070867927323988,0.3118139450974396,0.31995725,0.3118139450974396,0.2435749892530334,0.8620816426567904,48.34,ST/MT Ratio (Expanding EWM),BMY,1.1164034153661098,0.23041682497235047,0.07509311466732548,0.01942764268053505,0.038721442695339184,-0.002491736308774004,0.0010971910730372002,1.0320875854762162,1.2552431676045888,0.894158587595562,1.123970002141018,1.2218686471422233
2019-07-25,1.2090304329014046,1.2218194682435355,1.0105779267370798,0.3355532477545024,0.2774590154501294,0.2086007848331307,0.2548725,0.2086007848331307,0.2875132200767247,1.2321743647083547,45.77,ST/MT Ratio (Expanding EWM),BMY,1.0105779267370798,0.23673270637213104,-0.002885636985431082,0.021161723251424323,-0.03385330330105264,0.01823815113021503,0.0028092646982419856,1.0945976834867117,1.2701318947498395,0.7873369220797146,0.9519376317495467,0.9191244254809919
2019-10-31,1.099726816752802,1.1628703703961871,1.0574174901270763,0.1798949915650512,0.1635493609735834,0.218629340719006,0.2542375824213848,0.218629340719006,0.1652625684728868,1.0491369658676175,50.65,ST/MT Ratio (Expanding EWM),BMY,1.0574174901270763,0.05642006046460697,0.04078639858581308,0.00213426949002067,-0.011648191832943883,-0.03588434334603106,0.0021168301741721837,0.8985839478550021,0.9572790015520969,1.231794965737922,0.9554836011635196,0.9155734829157485
2020-02-06,0.993323379309797,1.1234678547533052,1.1310192412202542,0.1702525041503651,0.1712974067312239,0.2026543562837177,0.2276756549104803,0.2026543562837177,0.1715707506041563,1.2956733442419812,63.93,ST/MT Ratio (Expanding EWM),BMY,1.1310192412202542,0.13785745003892422,-0.03439670744939358,0.03773060079611508,0.01122766946775324,0.00802112732789274,0.0007144089992439724,0.8143959315474671,1.2326277993459447,1.3657997257720993,1.0074255905680134,1.2576912170960988
2020-05-07,0.8961763756838202,1.085527352060828,1.2112876231897152,0.2785091431529202,0.3103502913992239,0.2974706212645901,0.3229124958172399,0.2974706212645901,0.3723173015979232,1.5265018975587437,56.9,ST/MT Ratio (Expanding EWM),BMY,1.2112876231897152,0.14137677040255672,0.023447086677189942,-0.006022316929398215,0.034321065860687096,0.005519776816120158,0.0028800659629573426,0.8280786445630854,1.2921288290911304,1.465167161017844,0.9550392761906545,1.1716276395907874
2020-08-06,0.9684828868397126,1.122378354074028,1.1589036516034852,0.2293718054193291,0.2365856030206187,0.2998542110954326,0.3365498759114577,0.2998542110954326,0.2275328823393816,1.4497450591794032,60.29,ST/MT Ratio (Expanding EWM),BMY,1.1589036516034852,0.18961804750043473,-0.03486954471107797,0.020938177776808006,-0.008205615407503737,0.004032186389685985,0.0005661941760715856,1.105352503913425,1.0717371133483098,2.4465304249821895,0.9452197221889411,1.0115350334310433
2020-11-05,1.3812958527877404,1.2848525129493886,0.9301790853540108,0.3610870865304401,0.2613014174179186,0.2459908865612391,0.316062008760856,0.2459908865612391,0.1878276183414548,1.0461524582769508,57.74,ST/MT Ratio (Expanding EWM),BMY,0.9301790853540108,0.0856590597547756,-0.01983191362435318,-0.026589930160763466,-0.01430625823164741,0.02892897246645608,0.002330113790470944,0.8373969446335959,0.9843511362429409,-0.045084752355419866,1.175289957276513,0.9312438755004625
2021-02-04,0.8584402353949079,1.0480724438752198,1.2209032156945387,0.1883787031778654,0.2194080643194668,0.279023799678511,0.2924371556284068,0.279023799678511,0.1869393098032813,1.338572615713863,61.55,ST/MT Ratio (Expanding EWM),BMY,1.2209032156945387,0.06523071696527709,0.06899109738533753,0.0032934354737728564,-0.04622307856040208,0.011360962871213038,0.0011859893307084438,0.9709660480750838,1.1129594748907652,2.594772215208643,1.199308865598364,1.2013552459679344
2021-04-29,1.3935732812439854,1.169881826734022,0.8394835366603158,0.3071762417989996,0.2204330866523912,0.194138411940334,0.227119,0.194138411940334,0.1729617137360088,1.0347054232562836,63.31,ST/MT Ratio (Expanding EWM),BMY,0.8394835366603158,0.2113464121943293,-0.004673884026717131,-0.001230627737085075,0.0055859532327026595,0.0399517974589111,0.00163432291746948,1.1883163962276118,1.2148404530143495,2.8528105638856665,1.1121812177833366,0.9319053701804284
2021-07-28,0.9557940862512776,1.30431512407089,1.364640295261239,0.150163171108284,0.1570324594416437,0.1525091569736246,0.1989199999999999,0.1525091569736246,0.1942050677691126,1.0024661507246202,66.4,ST/MT Ratio (Expanding EWM),BMY,1.364640295261239,0.19062517346511856,0.009610150561290302,0.010759237661228242,0.054051901003593604,-0.021839737889850906,0.002504270748038384,0.9607680747970706,1.1586389135209882,0.4028740378170039,0.9820151754341336,1.1309597068532364
2021-10-27,1.2021041726485668,1.1390963542487234,0.9475853924863934,0.2012058327624456,0.1671550135565616,0.2175392500752044,0.2477981666666666,0.2175392500752044,0.1226916122315309,1.2212561129394397,59.84,ST/MT Ratio (Expanding EWM),BMY,0.9475853924863934,0.16034875200034995,0.03245237057410639,-0.0070858078650007485,0.009933961549116898,0.0063981141804587,0.002521449399059529,1.1734007506809738,0.9139927494064615,2.076924814165751,1.1168181834133881,1.285581370155315
2022-02-04,0.9443792205420896,1.0931259139734315,1.1575073764816202,0.2413041014613001,0.2554735878161843,0.2106203840049395,0.2302345997668346,0.2106203840049395,0.2701098325608234,1.2290152765501434,62.16,ST/MT Ratio (Expanding EWM),BMY,1.1575073764816202,0.20816130497860583,0.01934886607904116,5.5822129849966156e-05,0.002443025520407167,0.0051116696597486855,0.0033369690735559603,1.1722844889330173,1.2048930248176772,1.0816350587303947,0.961280265970056,1.1180942873302298
2022-07-27,0.9869870645506312,1.1222807467058264,1.1370774623239803,0.2355127679024889,0.2385590309319074,0.1972339220672332,0.2213518333333333,0.1972339220672332,0.2415075256221364,1.4123353410933492,79.98,ST/MT Ratio (Expanding EWM),BMY,1.1370774623239803,0.13288652340147028,0.00726466168002517,0.028781415143245188,0.011052057769174638,-0.023731362343876992,0.0019177463003285469,1.1061407975678614,1.2582676850551573,2.1588480368421963,0.9585800805573162,1.1398745256912237
2022-10-25,0.9431322811888676,0.9096299614188332,0.9644776025184898,0.25129852779372,0.2663177328845771,0.258174763322102,0.2348435,0.258174763322102,0.3024921176442284,1.5047551438044324,70.15,ST/MT Ratio (Expanding EWM),BMY,0.9644776025184898,0.15353145760598086,0.01477363508631788,-0.009102927117146524,0.0027226999012849484,0.026907375052283654,0.0023064508629633412,0.9328693838125428,0.9036822669562572,-0.19911625684533574,0.9339661949800347,1.2370876494157874
2023-02-02,1.1724181639799005,1.0631767731073176,0.9068238669198444,0.292632189956377,0.2495368495960699,0.2180123816035502,0.2317857003707036,0.2180123816035502,0.2359444407393829,1.6185596620125446,72.26,ST/MT Ratio (Expanding EWM),BMY,0.9068238669198444,0.21193670697770609,0.08611954548333964,-0.04419731302216038,-0.01732535930650325,0.06111683264632045,0.0015622626775956753,0.9034025008591248,1.0138791875550222,2.839746287195537,1.0137260169146556,0.9038342560577578
2023-04-27,1.2883553449519425,1.122931997326993,0.8716011477166494,0.2575891240462551,0.1996539364230488,0.1849316496110096,0.2076656666666667,0.1849316496110096,0.1873539868658788,1.413250865861207,68.2,ST/MT Ratio (Expanding EWM),BMY,0.8716011477166494,0.10444793591955266,-1.665789617548883e-05,0.056487517126162616,0.023581997891942635,0.002574848137904225,0.002181989882622798,0.9135384593384547,0.947719832240725,-0.5887657530565842,0.9232461870407249,1.1373037880701509
2023-07-27,1.242700876556775,1.1858433714461083,0.95424682947983,0.2543123799205518,0.2046166109699281,0.153635663629978,0.1821878333333333,0.153635663629978,0.1827324656637567,1.8991845637386608,64.75,ST/MT Ratio (Expanding EWM),BMY,0.95424682947983,0.07505010247662276,0.009038466635023864,0.04544362236071459,0.00864403807779386,0.01562552720684417,0.002439486048008512,0.8757390894519435,1.0444971176164042,2.448070864520067,1.0273014419388826,1.266276540020655
2015-01-27,0.854869139791045,1.041403837109283,1.2182026331700693,0.192665262394214,0.2253330056031058,0.3117408973331819,0.3246481666666667,0.3117408973331819,0.2585461011419609,1.2712356531244309,162.85,ST/MT Ratio (Expanding EWM),AMGN,1.2182026331700693,0.08733537262646739,0.038772903860266425,-0.03476788085316856,0.0034403312983414328,0.005112961895383181,0.001901690152545624,0.9991752213582425,1.0595346459359023,2.0015557083628064,0.9219525296304006,0.935791353192967
2015-04-21,0.8613435571434587,1.0514600529609104,1.2207208659549855,0.1563168702300692,0.1814710424931771,0.2313713671907269,0.24327775,0.2313713671907269,0.1956562963560487,1.4887780747278658,166.54,ST/MT Ratio (Expanding EWM),AMGN,1.2207208659549855,0.1745924946083944,0.04069340765352944,0.02469123415735583,-0.02138415068195625,-0.01483961674767939,0.00019624951590750374,1.0607894855691842,1.0947762852956993,2.161661001276841,1.1748812512030593,1.055346751068619
2015-07-30,1.3494815405749323,1.0549522743244424,0.781746354140562,0.3079737087519397,0.228139826822466,0.2554016011506667,0.2694364999999999,0.2554016011506667,0.1495835925265445,1.566385552363415,153.52,ST/MT Ratio (Expanding EWM),AMGN,0.781746354140562,0.10753915863096773,0.04354606069461331,-0.011089243116540292,0.035587698298368976,-0.04251900694505041,0.0023314708963308953,1.0385640106338585,1.100278651118124,2.9264426225697315,1.1493253222069786,1.2646950833109414
2015-10-28,0.9828472555290478,0.9050533864148866,0.9208484648285596,0.2499657108138351,0.2543064180365382,0.4938040613249021,0.446919037927527,0.4938040613249021,0.2464968819434735,1.2937975768718304,132.24,ST/MT Ratio (Expanding EWM),AMGN,0.9208484648285596,0.1738172144565362,0.024355557771021465,0.011904616459931787,0.01961756863332775,-0.014644337077384129,0.002364561477355457,0.9017360350310417,1.2090105692650377,0.06189289999059566,0.962622760028517,1.2777064638622204
2016-01-28,1.0646712771533382,1.1618204570864097,1.0912480518802232,0.2290612089987445,0.2150234134039732,0.219525456890537,0.2550491666666666,0.219525456890537,0.1855663910616729,1.6537027699123816,164.44,ST/MT Ratio (Expanding EWM),AMGN,1.0912480518802232,0.11371750297442243,-0.03800517194556693,0.01282672387040481,-0.010823020934182552,-0.03179895952379328,0.001319826523652049,0.8077217666871467,1.286155481465372,-0.40295241204477517,1.1458314245379804,1.0103690212272414
2016-04-28,0.7966445770418747,1.0883342457642875,1.3661478118705384,0.1370283084112342,0.1719609497049338,0.2409112834778753,0.262192,0.2409112834778753,0.1948119555695407,1.4137483672036752,149.49,ST/MT Ratio (Expanding EWM),AMGN,1.3661478118705384,0.2303905634510497,0.059170103630538366,-0.0030322340094896595,0.02804562134204843,0.04560255195147795,0.000715612963927486,0.9402809309722909,0.986703084528794,1.3420561699243185,1.0044286642523623,1.1629572157978654
2016-07-27,0.9373720564322224,1.0155565185158435,1.0834081425268884,0.1131225462703764,0.1206696281365449,0.2871023017020481,0.2915686139744173,0.2871023017020481,0.1164590335469625,1.794819347877707,144.58,ST/MT Ratio (Expanding EWM),AMGN,1.0834081425268884,0.17411344932755188,-0.038122088755654086,-0.019512969967591894,-0.009439270959630179,0.00012225765191902115,0.003475879150503965,0.8062589271768265,0.9257499534060158,-0.6013553890750054,1.0256981055930694,1.2259184690639904
2016-10-27,1.670093904029119,1.2363168980237942,0.7402678945424367,0.5042511801272754,0.3019179052894552,0.1770535804236176,0.2188943333333333,0.1770535804236176,0.1228850497943093,0.7470819277490061,171.63,ST/MT Ratio (Expanding EWM),AMGN,0.7402678945424367,0.2497793299379495,0.012592241283366164,-0.01671623156948778,-0.016550087312775925,-0.0056479832261792685,0.0024914455108944024,1.1552711641513531,0.9979242960243603,1.297478896956056,1.13050949780778,1.0155317719678436
2017-02-02,1.1260162210387126,1.056958877816547,0.9386710937801036,0.2774011242677783,0.2462652308978277,0.2408740678635585,0.2545939844641736,0.2408740678635585,0.2477952300215098,1.2529642268428816,150.73,ST/MT Ratio (Expanding EWM),AMGN,0.9386710937801036,0.12173129620112051,-0.02439965475067753,-0.023485757464437273,-0.015992577937007178,0.025228845619695146,0.0017709189690782903,0.9636030946945093,1.1095896810742856,-0.4605006143678092,0.9077946881177341,0.9611223237273133
2017-04-26,0.656379813489286,1.2467575433504707,1.8994452872076657,0.1080130379359166,0.1645584975531603,0.1808230487173614,0.2254425,0.1808230487173614,0.2283482497072909,1.6064175557646094,164.91,ST/MT Ratio (Expanding EWM),AMGN,1.8994452872076657,0.2406577792085632,-0.0002448421307547421,-0.02095466624691334,-0.041276713827202285,-0.025043777571397197,0.0008629671168525127,1.0507414485014133,0.9294473046134727,-0.24121454059948677,1.0013561657085912,0.9311480257225465
2017-07-25,1.2559201818198802,1.2231397595965952,0.9738992790323786,0.2015469130702604,0.1603384892780751,0.1716281793253418,0.20992525,0.1716281793253418,0.1637531167258536,0.8223088856330258,173.67,ST/MT Ratio (Expanding EWM),AMGN,0.9738992790323786,0.2450655777516198,0.013506684360621827,0.0019846512985193425,0.014788559510455143,-0.016171600950113812,0.001178185171578654,0.8766797084646538,1.2645079155934045,-0.922803471092061,1.0960295772523085,1.053763572366074
2017-10-25,0.9489596344401392,1.2190687685823698,1.2846371166267654,0.1332623018737354,0.1404236259598544,0.1724336685652665,0.2102084999999999,0.1724336685652665,0.139913361607901,1.2176740496882756,186.29,ST/MT Ratio (Expanding EWM),AMGN,1.2846371166267654,0.21645341367784762,0.013247502540759558,-0.01747279967332255,-0.04277862195845876,0.004701806731215526,0.0033025903967862317,1.0690594957729485,1.135476688145362,-0.10600498258142288,1.1541628462720166,1.0967761530437428
2018-02-01,1.483502629103987,1.0813103898220109,0.7288901068379674,0.2869540147344361,0.1934459416033176,0.1890934639868387,0.2044687272564029,0.1890934639868387,0.1233736491098641,0.9749049852854044,177.0,ST/MT Ratio (Expanding EWM),AMGN,0.7288901068379674,0.14515479746653503,0.01676722639823497,0.024461561971378595,-0.027711095781644067,0.02871922478558701,0.002137661940868046,1.1290144075653887,1.0624050144752877,2.938742215660956,1.1311468075503888,1.2863800820450295
2018-04-24,1.0094118198573625,1.1054664740047604,1.0951590344572857,0.1609688761894651,0.1594676711310763,0.24043696145493,0.265795,0.24043696145493,0.1643810379161625,1.4208149694579757,175.19,ST/MT Ratio (Expanding EWM),AMGN,1.0951590344572857,0.18546867735644534,0.058479894417052654,0.04861738466007782,-0.04888970022696333,0.015542126129219706,0.0014494129329992937,1.0057305915639436,1.0894764529162801,2.0218152373010314,1.164087378904029,1.2856583183462233
2018-07-26,0.9082688965215292,1.174918313615845,1.2935798177340705,0.1166831864663853,0.1262669522475413,0.1917060934277384,0.225239,0.1917060934277384,0.1470623214830455,1.1899369034136873,184.59,ST/MT Ratio (Expanding EWM),AMGN,1.2935798177340705,0.14186687289957078,0.017873700552989296,-0.01340159724110129,0.0008482576802276734,0.009208128562897055,0.002509689231224656,0.9298207624129999,1.2194818295370555,-0.1574176094578532,1.0636723040236336,0.9719392593636796
2018-10-30,1.214034668251884,1.240051202828173,1.0214298118963527,0.2014484808743476,0.165803642165539,0.1656468502346207,0.2054105758781397,0.1656468502346207,0.1426487569010038,1.307405755443222,206.91,ST/MT Ratio (Expanding EWM),AMGN,1.0214298118963527,0.0664195927583058,-0.006545482235172708,0.011182135016061311,-0.0007580115067968018,0.004952943380900409,0.0011856018125536764,0.9389589447001355,1.2725433468825837,-0.41563720090765566,1.089720268540559,1.1371817091709613
2019-01-29,1.29907310935189,1.0358029106939282,0.797339967425461,0.3037465097675735,0.2337471838771656,0.3231146824097705,0.3346831285279845,0.3231146824097705,0.193443694547772,1.5891015743472383,194.67,ST/MT Ratio (Expanding EWM),AMGN,0.797339967425461,0.10660038755469564,0.03574305089009252,0.01899055330908802,-0.005167405329659102,0.01300589638816938,0.003500843030280378,0.8482953410835946,1.030391617507525,1.251926018061063,0.956153582696547,1.2202494625651261
2019-04-30,1.0085303379633963,1.0835475731021007,1.0743827253528064,0.1632480584604742,0.1618229012319783,0.2249405557332183,0.2437337932569665,0.2249405557332183,0.1506507863370784,1.438479550836859,191.77,ST/MT Ratio (Expanding EWM),AMGN,1.0743827253528064,0.14699239022637717,0.043631467112362425,0.018160068127578234,-0.023064442366764408,0.008041322628231366,0.0033528005348967254,1.1888626038138999,0.9859037599849888,-0.2523521408376963,1.0364805215392334,1.1991061108560128
2019-07-30,1.5013943854431089,1.1178176082105036,0.7445196405743854,0.3800871758166817,0.2530506637917248,0.2048319688904533,0.2289647815501748,0.2048319688904533,0.1558786025182158,0.9922089806066204,186.35,ST/MT Ratio (Expanding EWM),AMGN,0.7445196405743854,0.0726515504210739,-0.04096627352979474,0.0062786580374826215,-0.026305843835916002,-0.022749306869423395,0.0015334259287972235,0.9126402440941006,0.9079519634789122,1.1648825121315758,1.1869801703301923,1.0565107421627782
2019-10-29,0.7613524968145747,1.158362359012308,1.521453418566018,0.147046683832835,0.1931365584823008,0.2202397162971629,0.2551173973181831,0.2202397162971629,0.2503905275163096,1.186574897476225,193.51,ST/MT Ratio (Expanding EWM),AMGN,1.521453418566018,0.13339653136182814,0.022909002444745034,0.026280472550791665,0.014609246588664354,0.004151980540828783,0.0013713297529691399,0.9680538216732402,1.2875606868456153,1.7784304465069134,1.1157515768526376,1.125080802148427
2020-01-30,1.2486329213945764,1.150034953173562,0.9210352646229348,0.201591144767084,0.1614239756144662,0.183153346268956,0.2106327499999999,0.183153346268956,0.1121295271977161,1.548441214271903,241.07,ST/MT Ratio (Expanding EWM),AMGN,0.9210352646229348,0.19563699284533556,0.026541045980881445,0.018467468580419717,-0.010763798292712193,-0.023842216472943815,-0.0006181331986922789,1.1898436843452966,1.1755465937702225,2.580131006420678,1.1098136597199664,1.1940463299361583
2020-04-30,0.9455378310310416,1.0237221274211623,1.0826876448770606,0.3180557579006702,0.3362681428429943,0.4218495,0.4318566675915537,0.4218495,0.3611117284575604,1.290234021895611,202.73,ST/MT Ratio (Expanding EWM),AMGN,1.0826876448770606,0.21507090357472897,-0.00841472261759972,-0.033129872669818934,0.010908958038403619,0.0050270635725205935,0.000518419228448632,0.9161643688568987,1.0213914792055276,2.131938598304117,0.9890118867509698,1.1251080283206127
2020-07-28,0.929153205636157,1.084070963729048,1.1667300474810551,0.2888413166132232,0.3107413008138723,0.3051762855652761,0.33083275,0.3051762855652761,0.3007773568432845,1.5502224269734095,231.56,ST/MT Ratio (Expanding EWM),AMGN,1.1667300474810551,0.06455763931832481,0.050149738465906694,0.030074681931678195,-0.019131217153105562,-0.009016198537206036,0.0006605302250422438,0.8997409243626808,1.2267933523236279,-0.55799459508924,1.1488339919284993,1.1410919202030407
2020-10-28,0.7696198524083382,1.236003979040175,1.60599284851138,0.1913730267047185,0.2486068915077106,0.3086189498323624,0.38145425,0.3086189498323624,0.205585477471365,1.0588114021247503,247.03,ST/MT Ratio (Expanding EWM),AMGN,1.60599284851138,0.05527952627874058,-0.0032519455461384513,0.03061872511800226,0.007526568569277059,0.06648454056957154,0.0021351903409873862,0.8747638139308309,1.1168141542024472,0.1299953473893618,0.997040200419149,1.0406112166387522
2021-02-02,0.9751417369978026,1.0329528813859028,1.05928486310727,0.191285326465309,0.1960862350222751,0.296883837551171,0.3066670154353863,0.296883837551171,0.1941224501069654,1.0961328280756508,226.66,ST/MT Ratio (Expanding EWM),AMGN,1.05928486310727,0.21679780882229752,0.006395175871503992,-0.018898583125357447,0.0355819509329016,0.002002640406207202,0.0016737662955586402,0.8253276987889284,1.294384673760567,-0.8738614874751036,1.0987490619552835,1.0484910591029724
2021-04-27,1.542982054531798,1.1307090445422512,0.7328076442764289,0.4017473718851841,0.2603245584022638,0.2214592703655012,0.250406,0.2214592703655012,0.1712986222604991,1.1132035844301318,254.96,ST/MT Ratio (Expanding EWM),AMGN,0.7328076442764289,0.09019371917219601,-0.004057513849935437,0.005138135063428061,0.017654145009819582,-0.03210598915653972,0.0006546645125847586,1.0584041163786795,1.0424993012350336,1.6950025850354349,1.1187706528405081,1.176221056159858
2021-08-03,1.4674778677170444,1.1942353143284397,0.8138012440257868,0.3513244339062757,0.2394228552924485,0.1592575781231116,0.1901910238690402,0.1592575781231116,0.1797655459542105,0.8359776700455414,248.7,ST/MT Ratio (Expanding EWM),AMGN,0.8138012440257868,0.1625830863327291,0.002545266665351364,0.024499869784332082,-0.0073103454554120095,-0.0003545052669231143,0.0017188359575354428,0.8455847925432609,1.162757293861874,0.11995019781638927,0.9086404111708001,1.0659322687555817
2021-11-02,1.074246216183755,1.0675107571433045,0.9937300602608794,0.1900884432570122,0.1768618392871827,0.2529938721105612,0.2700736799693615,0.2529938721105612,0.177459108219836,1.591730110683055,211.44,ST/MT Ratio (Expanding EWM),AMGN,0.9937300602608794,0.05134224277075668,-0.036369628041332064,-0.0022794145873808467,0.009429974258898185,0.015983968640947203,0.0025053371476473486,0.9734172411215204,1.0868696533409787,1.819296661562865,0.9926531427427377,1.026112205241569
2022-02-07,1.596651472279481,1.1111047639843186,0.6958968712176333,0.4392577781983242,0.2751612875947907,0.2000152797383542,0.2222379301869415,0.2000152797383542,0.1689178073170701,1.190703984841928,227.29,ST/MT Ratio (Expanding EWM),AMGN,0.6958968712176333,0.09825415989934441,-0.04840178089080031,0.03618934143298035,-0.003016629363255326,0.04483409865381309,0.002527839349915587,0.8242209024965043,1.1747284863969185,1.2713043655983358,1.0048275338081365,1.1820755915669419
2022-04-27,1.4188132000807088,1.2298332042720286,0.8668041742225614,0.4135634393047998,0.2914520766213976,0.1673844870059847,0.2058549999999999,0.1673844870059847,0.2501469942774697,1.4040540385079974,240.47,ST/MT Ratio (Expanding EWM),AMGN,0.8668041742225614,0.22896568093688927,0.05780767721287403,0.07491617483858082,0.003197004617368204,-0.011736309998467961,0.00010032971914111877,1.014943099690751,1.087697978348216,1.0452981746445058,1.090904437580117,1.1640010418298399
2022-08-04,0.81064593659629,1.1704784542923037,1.4438836999626063,0.1772089872799997,0.2185992086686659,0.2115919784833738,0.2476638519158697,0.2115919784833738,0.2562456442759366,1.6645845969537487,246.73,ST/MT Ratio (Expanding EWM),AMGN,1.4438836999626063,0.05177107246614035,-0.027643647191141475,-0.01957958097904947,-0.0051402763037126,-0.036560699350591,0.0018717365195161692,0.9155831276562869,0.9562973453564613,-0.373463275237925,1.0918172657709004,1.2491493143068504
2022-11-03,0.981965122853236,1.1157814360495757,1.1362739980087255,0.2624711947681409,0.2657529023623485,0.2426438641400615,0.2707375191788159,0.2426438641400615,0.2089494725842951,0.7892553658703649,233.02,ST/MT Ratio (Expanding EWM),AMGN,1.1362739980087255,0.10513712058592704,-0.03269873223097075,-0.03743133809461324,-0.0011083801471347854,0.02342092528577453,0.0006166592230283898,0.9637985113382207,0.967808064131785,2.0264099931754185,1.1497468423258346,1.2522329772483867
2023-01-31,0.8796510626024538,1.0674649035191357,1.2135094799533728,0.1953779084304057,0.2221069759539453,0.2298555517153956,0.2453627343352124,0.2298555517153956,0.2440219438778131,1.1157687722087153,262.64,ST/MT Ratio (Expanding EWM),AMGN,1.2135094799533728,0.10699982006251318,-0.07336865397613003,0.01311455786814627,0.008302333826854389,-0.03151496764749128,0.0029017286971402736,1.0427325715654934,1.2442914237552338,-0.9383401662063693,0.932170740530857,0.9370304268208395
2023-04-27,0.8669164266492646,1.192238841110828,1.3752638714195016,0.1723173317533658,0.1986593539683605,0.19537675,0.23293575,0.19537675,0.2304593268813892,1.1473329111647943,238.48,ST/MT Ratio (Expanding EWM),AMGN,1.3752638714195016,0.11647025003597265,-0.020363661169132585,0.025646875153784304,-0.02183396748954877,-0.007903886037687127,0.0027841464163534985,1.0850418737018932,0.9278327134174317,0.9854574898652282,1.0418120695908868,1.0242814094232964
2023-08-03,1.3868304436640269,1.1359189911049132,0.8190756096353049,0.3515805589547279,0.2538750957473616,0.1767736818209341,0.2008005823079365,0.1767736818209341,0.1907949299935147,1.0670887057627294,225.01,ST/MT Ratio (Expanding EWM),AMGN,0.8190756096353049,0.19250535378239525,-0.044308142769262454,-0.0029259912153430695,-0.02239697067474946,-0.003440512137774851,0.0011019727736755415,1.1481620679768398,0.9681732807519984,0.40985113759695935,1.1322514500068788,0.9121689257573137
2015-02-03,1.0851125836169768,1.070752785037856,0.9867665357531328,0.4773179989545497,0.4397172488451746,0.3701207749755603,0.3963078506054508,0.3701207749755603,0.4946327739795797,1.0411475912856705,96.785,ST/MT Ratio (Expanding EWM),GILD,0.9867665357531328,0.17156813330045184,0.05947053060477292,0.047597819899631036,-0.03171356384578028,0.0012591636674972957,0.0012339547975996,1.0691801600985475,1.2265590905446282,2.729071355352669,1.1628889921474455,1.027753646733474
2015-04-30,1.1553384693654627,1.1723405469468084,1.0147161009800736,0.2776182490362816,0.2402366866857094,0.273088293542283,0.3201524794161307,0.273088293542283,0.2239913256095781,1.100481852418307,98.13,ST/MT Ratio (Expanding EWM),GILD,1.0147161009800736,0.21364775872415573,0.0373435981269922,-0.03615817399169746,-0.03700677761259275,0.02022911142685839,0.0015387329495016929,1.034545656529181,0.9309173972601864,0.03148001419203439,0.9282667136242523,1.0260749160615856
2015-07-28,1.2321833418015693,1.087369512119763,0.8824737969025984,0.2206884027452108,0.1790785325857864,0.2721546095430768,0.295932625,0.2721546095430768,0.1502235467105293,1.3863091634094171,115.455,ST/MT Ratio (Expanding EWM),GILD,0.8824737969025984,0.051502004215547674,-0.022085262081220334,0.02478755869094833,-0.027432067305511985,-0.014090857057159692,-0.0002527933947313392,1.1500748853834915,1.038866735869717,1.2475924120057056,1.0300142544344821,1.0835666097194943
2015-10-27,1.2483067422615024,0.9108349831837652,0.7296563836013938,0.3317199613127279,0.2656297594185806,0.5265019218295846,0.4795563691158696,0.5265019218295846,0.240730290981506,1.2567842978367436,94.8,ST/MT Ratio (Expanding EWM),GILD,0.7296563836013938,0.08288896117559444,0.08083525318705082,-0.0141758246227668,0.00698656267010323,-0.0038432313041690176,0.0023359681734405765,1.1878288207346233,1.0184617873055433,1.5092978780926853,1.026018800873834,0.9244584724190745
2016-02-02,1.4488730003815202,1.0395197278279211,0.7174678025984285,0.4551404391289548,0.3139536837313791,0.3041657025008366,0.3161862482782581,0.3041657025008366,0.159794252758427,1.4506550163360634,98.01,ST/MT Ratio (Expanding EWM),GILD,0.7174678025984285,0.1880792330346729,0.036361792044705805,0.055581337186218896,-0.019319687887297102,0.0026432411762652873,0.0017271554536598692,0.9957323326496944,1.2253373316180434,-0.6049881252732465,0.9208775542188927,0.9614526081573067
2016-04-28,1.4268286298416617,1.191341064366975,0.8349573588940256,0.4747724927111954,0.3325859745889147,0.2433808177795551,0.2899495625,0.2433808177795551,0.2724968293386386,1.3441653596945646,92.2,ST/MT Ratio (Expanding EWM),GILD,0.8349573588940256,0.1959528671668082,-0.009369098422801788,0.06377546059504355,0.015840361605777408,0.006739948937969701,0.0029701750825678595,1.1057600445557223,1.1895981536578952,1.2600710756244422,1.0404679212277896,1.2553303258810489
2016-07-25,1.561700291434445,1.0589265549010094,0.6780600354043408,0.5008747439445048,0.3205967295452102,0.2849569676040545,0.3017485,0.2849569676040545,0.2013827775416369,1.4262268901945347,80.47,ST/MT Ratio (Expanding EWM),GILD,0.6780600354043408,0.16695943383185638,-0.08547920002057505,-0.018999697633500436,0.0038678437188140466,0.005445679367698067,0.0009015907820374474,1.1066791295333929,1.224776900520722,2.253049205402617,1.0928151464236673,1.0832058497263783
2016-11-01,0.9945185908551814,1.3412545899750286,1.3486470763927003,0.1867738140052158,0.187779221223461,0.2138930346989,0.2868850145535876,0.2138930346989,0.21650960872327,1.1494693233507465,78.03,ST/MT Ratio (Expanding EWM),GILD,1.3486470763927003,0.05430544313776595,0.08218299004067596,-0.012486714077257403,-0.04621260533595135,0.013900144380564495,0.0013808770517500684,1.1458711010342602,1.2704029670413004,-0.904775826966628,0.9154664619798754,1.283497318763375
2017-02-07,1.588524587189011,1.2808910374694815,0.8063400766972671,0.480603892796646,0.3025205022950306,0.2307300671842947,0.2955400751310945,0.2307300671842947,0.1918733519604845,1.1736530162766128,75.84,ST/MT Ratio (Expanding EWM),GILD,0.8063400766972671,0.11486481225910104,-0.04663503633672587,0.029787636609394055,0.019374389605542247,0.024095987741043434,0.0004934747419608847,0.910864245537678,1.2493477758597675,0.5551804758456105,0.9357300172828067,0.9321772800837337
2017-05-02,0.9448311411578552,1.3946413252236831,1.4760746809367462,0.161555573896726,0.1709790695873914,0.1638531160897113,0.2285163269653849,0.1638531160897113,0.2082424669744875,1.1342647290181478,67.1,ST/MT Ratio (Expanding EWM),GILD,1.4760746809367462,0.21903035428171605,-0.05558895614349122,-0.007613919493685438,0.02326996613979275,0.012815852891274196,0.000995709436505747,0.8626031596321826,0.9999572779469459,0.9540734157233048,1.110449370169735,1.29455943059412
2017-07-26,0.842876601526668,1.1008439571015445,1.306055898464414,0.1336269852548551,0.1585159510926619,0.2115583696318577,0.2328927527834854,0.2115583696318577,0.199272343373365,0.930108319446225,71.24,ST/MT Ratio (Expanding EWM),GILD,1.306055898464414,0.12125904142833575,0.037789965120337415,0.0026376634620328535,-0.021846566870871335,0.014339638087730457,0.0008180180039317815,0.9766026973156684,1.107273976937244,1.0872628055330225,1.0618303066463808,1.1070962628417849
2017-10-26,0.8867310810327256,1.1261618331848706,1.2700150668828407,0.1947310067246608,0.2195544393434522,0.2085195422898432,0.23482675,0.2085195422898432,0.2155366835948417,1.076743093679359,83.76,ST/MT Ratio (Expanding EWM),GILD,1.2700150668828407,0.17603960058015397,0.08739133422187456,0.004761652616272306,0.01350478857237479,-0.03655557916866194,0.0029959736788464455,0.8035099020247671,0.9006899288439363,-0.6093347274955083,0.9304669810287537,1.1819587635819184
2018-02-06,1.2075246437996494,1.2014327565364025,0.9949550617500624,0.3399161831914878,0.2814522419778765,0.2243086930047219,0.2694918113517407,0.2243086930047219,0.187509745628389,1.0903207340149792,74.4,ST/MT Ratio (Expanding EWM),GILD,0.9949550617500624,0.18710089817945968,0.050449548647868145,-0.05359019468592969,-0.018412455935229975,0.004255692479142011,0.0013017381512486078,0.8819664130063999,1.2578856419022453,2.714425318308078,1.1927680013687696,1.2756325219548081
2018-05-01,1.4348132082966734,1.04358319034554,0.7273303481673558,0.3723253864400626,0.259451543488429,0.3045342537175325,0.3178068280640408,0.3045342537175325,0.2121506551302173,1.2046174648920265,73.14,ST/MT Ratio (Expanding EWM),GILD,0.7273303481673558,0.11456750772014551,0.021736819201832586,0.0035848676171728825,0.005441759418708385,0.014987688700040216,0.0021241756847446133,0.9087553287674098,1.103910737881405,-0.298180119212236,1.14186289655173,1.2553726820576385
2018-07-25,0.7024505132359943,1.266797967279926,1.8033981660062284,0.1218248788284378,0.1734133109507421,0.2211916768925075,0.2802051666666666,0.2211916768925075,0.2087994878172302,1.0842035050652798,71.14,ST/MT Ratio (Expanding EWM),GILD,1.8033981660062284,0.1330607908396195,0.02281640195828501,-0.01669183322192522,-0.028612460173874144,0.021223529864261258,0.0016192365961381957,1.140515535719006,1.073346779478734,2.034695538747124,0.9292737508728809,0.9160979082477003
2018-10-25,1.323287737854484,1.2777457577781857,0.9655842196874446,0.2721486290848839,0.2056531383561499,0.1948732094400679,0.2489984166666667,0.1948732094400679,0.1725418872348842,1.3729101689371288,74.99,ST/MT Ratio (Expanding EWM),GILD,0.9655842196874446,0.1897299912465429,0.031869544557310774,-0.01079368467199316,-0.04182766131336442,-0.014308769355844856,0.000730534733987187,1.1012945657235043,1.0701421097314736,2.9821970589582767,0.9291762647566597,1.2422510726140936
2019-02-04,1.1308375938221182,1.0534027007147917,0.931524302401723,0.2728945181793969,0.241297148300415,0.3260930066906201,0.3435072539321059,0.3260930066906201,0.2632480491184067,1.172778157075242,68.25,ST/MT Ratio (Expanding EWM),GILD,0.931524302401723,0.10656621263080934,0.028562500642536782,0.04730896010406442,-0.006570429740324218,-0.013475981872216125,0.0018316995768283574,0.9919932262115967,1.2308600782015509,2.2685091286805794,1.1747976004086231,1.0191400045144412
2019-05-02,0.9612224729573798,1.2541828257154042,1.304778925795063,0.1825803690485195,0.1899230743039346,0.2002594744932228,0.2511619935961921,0.2002594744932228,0.1812291580108048,1.037397440564532,66.24,ST/MT Ratio (Expanding EWM),GILD,1.304778925795063,0.0777816746569604,0.011841699838928153,-0.03369520682837769,-9.322365687090377e-05,-0.011352516882089958,0.0025991033318635945,1.1799197413848013,0.9606667841430482,-0.6721248896260379,1.0294846552117047,1.2313291874567371
2019-07-30,0.9911192313734728,1.3404088558943617,1.3524193794896409,0.1865326306263812,0.1881462659068387,0.1878154430049511,0.2517494830775592,0.1878154430049511,0.1841110604518766,1.441111102506718,67.83,ST/MT Ratio (Expanding EWM),GILD,1.3524193794896409,0.10352084596874223,0.0056470386383156625,0.028396155602439316,-0.006941992340365102,0.016410347497283585,0.0007922406074566475,0.9893684522533782,1.2317146710122058,1.918747223177221,0.96282851584168,1.2795526499597856
2019-10-24,1.405446338156392,1.0140745277488723,0.7215320145763051,0.2640615055202593,0.1877812569501663,0.2394133698821427,0.242783,0.2394133698821427,0.1615179614315145,1.4150129920123184,64.56,ST/MT Ratio (Expanding EWM),GILD,0.7215320145763051,0.06496600209851189,-0.00019075947648328464,-0.004368887909954255,-0.02660076395556399,0.028847026373105215,0.002809112790731379,0.8243124674517615,1.259311883017518,0.21777379596149604,1.0500444249493197,1.0689407490802938
2020-02-04,1.4289327900890736,1.1620054625411709,0.8131981228233528,0.3395453260508614,0.2376879323705731,0.2196115869631149,0.2551898636884749,0.2196115869631149,0.1696455706442777,0.8275688798708835,65.65,ST/MT Ratio (Expanding EWM),GILD,0.8131981228233528,0.21279937379317448,-0.02438876061033367,-0.004392805054875032,-0.006997476553278427,-0.00718650268229004,0.0011502790785223038,0.8687338227667665,1.0432587465606773,-0.2282622548288189,0.9611659426381571,0.9748227344105521
2020-04-30,0.7450394173917019,0.9888784348970304,1.3272833783197422,0.4312360938023019,0.578639169349163,0.7054008333333334,0.6975556720417277,0.7054008333333334,0.6791879948128136,0.8935291657955258,74.76,ST/MT Ratio (Expanding EWM),GILD,1.3272833783197422,0.20431527341075503,-0.007823627690337093,0.02771115688155134,0.00973236881451835,0.025699057840676224,0.0015170160739271593,0.9956069521386377,1.2191725470045263,1.275880135044964,1.1679619765652525,1.1546177954306898
2020-07-30,0.9749753743591976,1.167460928060639,1.1974260671229289,0.3086558890224671,0.3164407011316857,0.3091156982867829,0.3608805,0.3091156982867829,0.3846600534073084,1.137137999976056,76.94,ST/MT Ratio (Expanding EWM),GILD,1.1974260671229289,0.09517310207185366,-0.0572534884968385,0.014201538837066712,0.0018776742469365755,0.006086995229114855,0.002530683123010048,1.0757360462530419,1.1670428918908013,0.7978367727349647,1.1068016466600248,0.9278830985875844
2020-10-28,0.8170082679762789,1.1901373201948875,1.4567016844797,0.1475584773542136,0.1805670081851502,0.2668581974624514,0.3175979,0.2668581974624514,0.2357441750262018,1.127428781393187,62.85,ST/MT Ratio (Expanding EWM),GILD,1.4567016844797,0.23994916705501454,-0.0014418869378162464,0.021118389916585927,0.007562525764980336,-0.00010714442906090728,0.001336563842780512,1.1439405887662653,1.211124857377567,-0.01908016707328475,1.1304097362762247,0.9050570405600075
2021-02-04,1.1990919460480047,1.0459489098692003,0.8722841591226289,0.3407059384364497,0.2840895872565919,0.3164594922590998,0.3310004609461662,0.3164594922590998,0.2186592987860535,0.8389673590774117,60.0,ST/MT Ratio (Expanding EWM),GILD,0.8722841591226289,0.22502625354810848,-0.03260068875028212,0.03304553981598583,-0.013752880011355826,-0.002284605745449225,0.002037574859335866,0.8868986289923522,0.9260548954683584,2.1209076664715787,1.1267622453535162,1.2254544095207323
2021-04-29,0.9963906990820748,1.3223338064187444,1.3271237955522317,0.2161476996463406,0.2152497170291737,0.2421795453201842,0.3202422,0.2421795453201842,0.2404969084709227,2.41269637338244,65.5,ST/MT Ratio (Expanding EWM),GILD,1.3271237955522317,0.06081353689256717,-0.036625626102551996,-0.005939251495499682,0.032292947867903994,0.02166528411505393,0.0016853091712119076,0.8017926773302115,1.1004930906713632,1.819344790069346,0.9466203386217047,1.15991629100505
2021-07-29,1.0846632916086587,1.274847734782664,1.1753396142796937,0.1691934557506197,0.1559646352928367,0.1924037618828387,0.2452855,0.1924037618828387,0.1636004406599249,1.9119225867926668,67.93,ST/MT Ratio (Expanding EWM),GILD,1.1753396142796937,0.05058196093564607,0.008296295290371746,-0.014367102035232508,-0.026404333413869517,0.011139445419676753,0.0021293680067038185,0.8336440397238744,0.9725303424417253,0.9031872599784041,1.0960695458043306,0.9583476507815585
2021-10-28,1.2294621166908788,1.102751513281032,0.8969381799653242,0.2331429298899344,0.1896073868308227,0.2356955882956278,0.2599136666666666,0.2356955882956278,0.1560818078810492,1.702380624200059,69.97,ST/MT Ratio (Expanding EWM),GILD,0.8969381799653242,0.06926805807308471,0.05072008002206098,-0.028554515796733942,0.015189007427167965,0.05989563569119094,-0.0003807391055234972,0.8740893323323752,0.9817785468262652,-0.0451967812040861,0.9679661545578874,1.0580596433990548
2022-02-01,1.3437410631187214,1.2121964784368724,0.90210570451978,0.3286667826814702,0.2446049664939652,0.2031108537087057,0.2462102615979998,0.2031108537087057,0.1977198933037777,0.8275133243021429,72.58,ST/MT Ratio (Expanding EWM),GILD,0.90210570451978,0.24791114593562166,0.03414108121008096,-0.020762315899368652,0.03254727732399904,-0.018305616074933105,0.00017031818479191707,1.0615158603346893,1.0752127132537879,2.1038956349995526,1.1157805517845845,0.9506107656196303
2022-04-28,0.9340370081250532,1.079869012883896,1.156130863649161,0.1967008742340054,0.2105456176444498,0.2164077283557777,0.233692,0.2164077283557777,0.2286670774466448,1.141130745582244,60.53,ST/MT Ratio (Expanding EWM),GILD,1.156130863649161,0.1353920939175307,-0.05296752112681122,0.09247283275926176,0.015022702318722386,0.015952542550749394,0.0026159670060468382,0.8195366493282976,1.2511766255998424,-0.6806757337485063,0.944501754215914,0.9088533102232472
2022-08-02,1.093773975200772,1.0997520972742465,1.0054655918032582,0.2611855551377826,0.23870301903657,0.2264796614532168,0.2490714826731364,0.2264796614532168,0.2516003445116718,0.9000188781849894,62.36,ST/MT Ratio (Expanding EWM),GILD,1.0054655918032582,0.05633174921155004,-0.03263698477996182,0.0413403874221036,-0.002063105676620749,-0.010230025245287822,0.0030371814056490503,1.0513345461194614,1.1329482252633394,2.9476146657410225,1.1660797188951515,1.064337270992364
2022-10-27,1.586870314904721,1.0494826470867258,0.6613537585456307,0.5581082500217842,0.3515484654906394,0.2810082194485578,0.29491325,0.2810082194485578,0.202389027263335,1.478721316578358,62.63,ST/MT Ratio (Expanding EWM),GILD,0.6613537585456307,0.09802378153959444,0.03492699157958756,-0.03653223098624064,-0.010207426166574475,-0.018732174674716096,0.0010895132964684787,0.948634336365014,1.018740813711994,-0.39037231984847454,0.9414250969806027,0.9529134832038422
2023-02-02,1.37542428156263,1.1649284473589698,0.8469593440908908,0.4140980691139515,0.3010940947112797,0.2321667430168125,0.2704576434709644,0.2321667430168125,0.2456759728487711,1.0626259643424016,85.39,ST/MT Ratio (Expanding EWM),GILD,0.8469593440908908,0.06962123079092873,-0.03238705877384084,-0.035673738702307105,0.0289021912761564,0.0027283215741256963,0.0017559716478288657,0.8456459028747114,0.9962048169622147,0.22667452125246568,1.1884736913116747,1.1313893004007542
2023-04-27,1.0522179284859852,1.2159649201343132,1.155620796049294,0.2185179800949918,0.207579623543599,0.203839625,0.2478618333333333,0.203839625,0.2298871625607865,1.5004208412769235,80.97,ST/MT Ratio (Expanding EWM),GILD,1.155620796049294,0.1016715388967514,-0.005862160249895862,0.018455981851554743,-0.03257437313154183,0.0064338119851759,0.0022947192529023017,1.1950383098053123,1.0489867791302694,0.8305065303577641,0.9973735977495838,0.9731550603586211
2023-08-03,1.3204419046063656,1.2660801001124358,0.9588305973142108,0.3065141178974506,0.2320930194531386,0.1699198771765705,0.2151321751068052,0.1699198771765705,0.1667870988935007,1.5054561402746958,76.715,ST/MT Ratio (Expanding EWM),GILD,0.9588305973142108,0.07460944814778507,0.021251823465859316,0.020417943921339006,-0.021253106509491092,0.07595433887650231,0.002693217601658704,0.8572658831110317,1.2780316791231328,2.947242727195023,0.9134728489526195,0.9601383498927066
2015-02-10,0.9493026855358024,1.078459250468469,1.1360541446901822,0.1143206323966406,0.1204226001274745,0.1724396560279918,0.1859691421909886,0.1724396560279918,0.1387344290651228,1.3247874060791411,97.2,ST/MT Ratio (Expanding EWM),CVS,1.1360541446901822,0.169538558303852,-0.03189205592022724,0.02046651505952093,-0.006938944137293035,-0.0016036453920800506,-2.767727167084866e-05,0.969409636920409,0.974533390537763,0.45552157450753317,0.9387289049578901,1.0826047026887162
2015-08-04,1.4231659264935672,1.0479618770936965,0.7363595892684782,0.1760378464988874,0.1236482205758632,0.1743558457219844,0.1827182793650697,0.1743558457219844,0.0863401783146568,1.2740256134383785,104.81,ST/MT Ratio (Expanding EWM),CVS,0.7363595892684782,0.1180714168197346,0.005688142715108597,-0.003648673806610935,0.033941343937799955,-0.02525446823711708,0.0011139597530216228,0.9086778464677038,1.0407620223034644,-0.6227493941490096,1.0284384152130426,1.293303044384628
2016-02-09,1.224241913536107,1.0934007119168858,0.8931247164693956,0.2369038242249782,0.1935026392425085,0.2143947259546761,0.2344193459900685,0.2143947259546761,0.1883653331405908,1.4756460493031098,94.92,ST/MT Ratio (Expanding EWM),CVS,0.8931247164693956,0.2061570099562464,-0.04469089232213716,0.00023637219991299362,0.012494190901022401,0.009825267937359643,0.001667420620150125,0.9315332187524762,1.250571709936974,2.3727965664947406,1.1856175254891632,1.2160438049068378
2016-05-03,1.2356574147869026,1.183841723198151,0.9580662965570538,0.1862553823991953,0.1507388158371761,0.1441576870877721,0.1706598846942479,0.1441576870877721,0.1355574876430401,1.180067325202803,104.48,ST/MT Ratio (Expanding EWM),CVS,0.9580662965570538,0.21283562222600427,-0.019047867538292483,0.013836385724780721,-0.021201143962756134,-0.04886600093865921,0.0027031401972360493,1.063838730823526,1.242633777690983,-0.6974212773706014,1.0388491971596423,1.2957024954460237
2016-08-02,1.4328840304717296,1.191789274485611,0.8317416128179288,0.3164413222326483,0.2207361860840825,0.1481134136856046,0.1765199778379538,0.1481134136856046,0.1745048309263359,1.9372238169947176,95.0,ST/MT Ratio (Expanding EWM),CVS,0.8317416128179288,0.18082994863894475,0.013192367694988797,0.006576790188799912,-0.0047576926346225915,0.0007010804348933534,0.004498430483721495,1.1078400605178929,1.2848301512148892,2.1185374245339164,1.1624645902326431,1.1826118529212764
2016-11-08,1.6496992948170908,1.2713000592149026,0.7706253274211753,0.6625364176876358,0.4015014665440346,0.1626296403669261,0.2067510714285714,0.1626296403669261,0.1510090579057418,1.4883305502698925,86.83,ST/MT Ratio (Expanding EWM),CVS,0.7706253274211753,0.08914844091443262,-0.05375478067360843,-0.06257901118242605,-0.012358078602407362,0.0034006320573790106,0.001771994273190282,1.1042008017668958,1.1092712039358004,2.6969508032565317,1.1475116731870085,1.237553986266253
2017-02-09,0.8861103516366212,1.3382043020952423,1.5102005067694064,0.2264681226612717,0.2554320118220711,0.1612279353226223,0.2157559166666666,0.1612279353226223,0.2701924988757653,1.0511822955210204,82.67,ST/MT Ratio (Expanding EWM),CVS,1.5102005067694064,0.19234338563095443,0.017416615828613966,-0.002893988917255814,-0.014744724805838378,0.022865009573630288,0.0005930225378960113,1.069203640385221,1.0218319788348997,-0.8574808184394427,1.1806965388228634,1.1344481395221988
2017-05-02,1.407748978529136,1.3766231273840153,0.9778896297423408,0.241147333708616,0.1713023774217508,0.1268336031520596,0.1746020714285714,0.1268336031520596,0.1391049060838591,1.112820053952662,78.05,ST/MT Ratio (Expanding EWM),CVS,0.9778896297423408,0.2341975381982062,0.0013126770375661572,-0.021542193027809405,0.02747223896391948,0.027340556235696173,0.0024022680772012982,0.9192571884592561,0.9596540431390151,2.3180926620030187,1.1509560583342737,1.2258031872522126
2017-08-08,0.9094570424392048,1.2141202849068755,1.334994648730797,0.1520887202894721,0.1671967554126783,0.1635223070300879,0.19853575,0.1635223070300879,0.1955751883891322,1.158029201636091,78.14,ST/MT Ratio (Expanding EWM),CVS,1.334994648730797,0.0994021958550697,0.02133714840460018,0.009256342567255361,-0.03129357823158763,-0.009589240472692943,0.00332099578954071,1.0580330767867145,1.0464061550367505,0.21628113912102798,0.9025664310354511,1.2334430234752962
2017-11-06,1.255942342089023,0.9855808589366734,0.7847341600867964,0.3730865056449277,0.2969053722259105,0.2592763759728743,0.2555378333333333,0.2592763759728743,0.2260043750788671,1.7601100132423348,76.92,ST/MT Ratio (Expanding EWM),CVS,0.7847341600867964,0.1893603811918855,0.009836994692263151,0.0935577700781023,0.04321952139335934,-0.0007653503657483276,0.002108014120979501,0.834973078997457,1.152301999216307,1.0162997873603534,1.0580068076779052,1.2706851381231095
2018-02-08,0.9418970434888436,1.171616389640401,1.2438900809165545,0.2343137311270297,0.248648930494344,0.2117081416365028,0.248040728561638,0.2117081416365028,0.279451565177008,1.1486063073636688,77.69,ST/MT Ratio (Expanding EWM),CVS,1.2438900809165545,0.23742443967344976,0.04974491504908455,0.015024449964229131,0.02370574225461557,-0.016153020765266774,0.001093351454845707,0.8126460045084969,1.209356889851509,-0.7917904065307715,0.9114460817806131,1.0719270792565527
2018-05-02,1.3556142496567685,1.069071323116702,0.788625026173473,0.3766751387059044,0.2778414631016712,0.2931053456268635,0.3133505196618892,0.2931053456268635,0.2206074641614149,1.2063034388800151,61.04,ST/MT Ratio (Expanding EWM),CVS,0.788625026173473,0.07349871685891843,0.006382857592676755,-0.005405890585171937,0.03027154176509245,-0.02520156387019235,0.0029579939414800193,0.8252300697371867,1.2156575805171648,1.1182523745933488,0.9087116347979324,0.9162002745927679
2018-08-08,0.9999418100397696,1.203192087699526,1.2032621054735904,0.2988966632622452,0.2988133549691663,0.2383495921619359,0.2867803433956503,0.2383495921619359,0.335917156641788,0.9937542425782596,67.64,ST/MT Ratio (Expanding EWM),CVS,1.2032621054735904,0.16604998525672035,-0.013029193939383855,0.03165404505931756,-0.008573487800631458,0.010747369484515865,0.002663545618498435,1.0450674118957917,1.222444727063362,0.7511981250990942,1.0663742014606874,1.2199317816199606
2018-11-06,1.2099547937937931,1.144121978817909,0.9455906821365888,0.3103921853361452,0.2564654942151505,0.2369409849438709,0.2710893885570459,0.2369409849438709,0.1849661213903563,1.3019215052462991,79.8,ST/MT Ratio (Expanding EWM),CVS,0.9455906821365888,0.07430825888084601,0.006280412606129935,0.01848063661627638,-0.0007485179769777348,-0.028839638714914982,0.0009739191558043757,1.0442024696167276,0.9899040950635278,1.4522081034779144,1.088483837719564,1.1936427923524506
2019-02-20,1.403885784212216,1.0972927486466535,0.7816111260521058,0.4451722428475642,0.3169327793222465,0.2673171770812965,0.2933252,0.2673171770812965,0.2579853143511837,1.2324892304565036,64.92,ST/MT Ratio (Expanding EWM),CVS,0.7816111260521058,0.2082214070040233,0.02101543101627359,0.01660283471355524,-0.03282879536311781,-0.007365672514296581,0.002381425617534342,1.0483496750227206,1.2876968521832153,-0.21084676513172607,1.1853272038701228,1.1153357961400066
2019-05-01,1.164071112712147,1.1100761259942775,0.9536153881595192,0.3443065908086467,0.2956758864421115,0.2751660789653474,0.3054552949428883,0.2751660789653474,0.273252943071422,1.255721238666662,54.19,ST/MT Ratio (Expanding EWM),CVS,0.9536153881595192,0.09472381820392342,0.003710102461399652,0.02220551779647013,-0.010116560176670076,-0.021879348997480945,0.002997265567658873,1.0687824561979649,0.9397846389808759,0.5223037655124281,1.1308137439389518,1.182764406039596
2019-08-07,1.3780244703384443,1.3356493665901077,0.9692493822421532,0.3952516149550342,0.2866700863593049,0.2024762236445517,0.2704372398604025,0.2024762236445517,0.2082316310290755,1.0186585812814446,55.31,ST/MT Ratio (Expanding EWM),CVS,0.9692493822421532,0.0848418080473577,0.0034207091921358837,0.06569630694488625,0.015341371191078772,0.016742079657256492,0.0031818900425588936,0.8160557552661641,1.1186377053988978,-0.6468872281263622,1.1987569287534487,1.258918635413318
2019-11-06,1.278561111428378,1.2568450581215054,0.9830152402472088,0.2878670972476976,0.2250903208773134,0.227902633175427,0.2864382982394137,0.227902633175427,0.1899419155500965,1.1268467520397984,61.99,ST/MT Ratio (Expanding EWM),CVS,0.9830152402472088,0.1548555651707907,-0.02256970907323645,-0.029926653059777476,0.03540157654453491,0.048035752481662204,0.001933551024690544,0.8084322641714148,1.2434598315610523,2.6777184022336304,1.0060644667690366,1.1878006620191064
2020-02-12,1.1893633023574628,1.3275019840138358,1.1161450680230047,0.2331867956803525,0.196049111160986,0.1828499918561925,0.2427337269660093,0.1828499918561925,0.1505606907194412,0.9937599955303827,72.76,ST/MT Ratio (Expanding EWM),CVS,1.1161450680230047,0.19517454658664626,-0.021201532114283196,0.018208962304343632,-0.024678920420061295,-0.029539699570083275,0.0016419205538206812,0.9768414984831115,1.1620929938305378,0.36126961719276585,0.9967677709899805,1.0697735555430317
2020-05-06,0.6737503859600594,1.0606147650987054,1.5741954100514306,0.2382084773290663,0.3534944114867848,0.4709460884730518,0.499492375,0.4709460884730518,0.4787655914394206,1.332864255424456,56.22,ST/MT Ratio (Expanding EWM),CVS,1.5741954100514306,0.11409107809137962,-0.04709118451298928,-0.02379143389944615,-0.006137648424631647,-0.043325462072439216,0.003227273822081263,0.8582271034610005,1.232455585774153,0.3947915814465466,1.0200448661717536,1.2576218450808578
2020-08-05,1.0608888491601045,1.1285839078102686,1.0638097560397186,0.2206325160801307,0.2079631312447077,0.2884333274847079,0.3255212118754106,0.2884333274847079,0.1846512558340544,1.144753996769398,64.93,ST/MT Ratio (Expanding EWM),CVS,1.0638097560397186,0.19341818278775533,0.06323518601154288,0.020665379390267448,-0.0007824805058130581,-0.00012217213375168497,0.0007898394970191145,0.9986495256252685,1.1177015637403451,2.825992499108394,1.1660179149434968,0.9677866835553758
2020-11-06,1.2962341979316103,1.266240733111053,0.976861075823784,0.3752797077834939,0.2894924216521802,0.2631222,0.3331760474257931,0.2631222,0.2272520648794167,1.2247836661918468,59.42,ST/MT Ratio (Expanding EWM),CVS,0.976861075823784,0.06318820235624982,-0.04153521323869498,-0.02356059534458283,-0.03189473005481213,0.0033924448989439597,0.0024385792909210053,0.989286011967242,1.2885184909714182,0.4894651929144107,1.01147193255486,0.9780120927156618
2021-02-16,1.1768625515718911,1.1266408604632254,0.9573257802777506,0.3417047713638534,0.2902646781728709,0.2697969379363403,0.3039642543069418,0.2697969379363403,0.2900620199399097,0.8754180931019557,76.26,ST/MT Ratio (Expanding EWM),CVS,0.9573257802777506,0.05452650036623333,-0.02225168192285676,-0.008521004408152531,0.01778373104396001,0.00846648266893244,0.0006299733726355708,0.8457292456476502,1.1961219163023928,2.080121874806066,1.1907038890508999,1.2093672843621452
2021-05-04,1.1499760421573602,1.1356398767305664,0.9875335094808592,0.2758252871268,0.239750175127186,0.2139986344610482,0.2430253828598543,0.2139986344610482,0.2431985333060308,1.2366494137530368,75.04,ST/MT Ratio (Expanding EWM),CVS,0.9875335094808592,0.11215390924733011,-0.023144254294921913,-0.004852697427137189,-0.015099758293565227,-0.008158012880858616,0.0030653762722596027,0.8973409976134396,0.9160466313154062,2.941749537478641,1.0021352086630817,1.0247886169729683
2021-08-04,1.182750590271486,1.1976836910264606,1.0126257394228373,0.2101826092775784,0.1776864751689093,0.1974877336228997,0.2365278377379249,0.1974877336228997,0.1929896807879827,1.19016045034997,81.18,ST/MT Ratio (Expanding EWM),CVS,1.0126257394228373,0.11663786911372331,0.033322353193055446,0.03327450158034127,-0.0018847587794255994,-0.0020159824706358002,0.0017419544843888385,1.162382083899753,1.1340399594179944,-0.14051530460346173,1.166728872814872,1.2973443420218973
2021-11-03,1.4326571297155024,1.031370448233218,0.7199004052267747,0.3105634617913035,0.2167190456050133,0.2566504211929343,0.2647016599450008,0.2566504211929343,0.1727470520181182,1.414490461740109,83.81,ST/MT Ratio (Expanding EWM),CVS,0.7199004052267747,0.2081545709067435,-0.008323238740220973,0.03155363331827241,-0.008298734297796942,0.012187760263515063,0.0032685832356474692,0.8346714244603324,1.244900651320995,0.5620627907375759,1.0572217339520114,1.2659263903059923
2022-02-09,1.3995469183620326,1.1595526748422509,0.8285200443293032,0.4406802163726989,0.3147297520798276,0.2214244074856805,0.2567532639753814,0.2214244074856805,0.2384468600682518,1.212877502918695,105.06,ST/MT Ratio (Expanding EWM),CVS,0.8285200443293032,0.1504026093996631,0.04567097254358069,-0.033371521293391535,-0.01673346264299186,0.029010772316120974,0.002491412756355527,1.1893516783100468,1.0048655641635198,-0.14859691616034487,0.9241549675774535,1.1247191410648552
2022-05-04,1.0006651835045417,1.199901127427951,1.199103503557147,0.2666461246101546,0.2659716619899651,0.2091590274476679,0.2509701528461905,0.2091590274476679,0.2681123443241087,1.2868455581385398,100.0,ST/MT Ratio (Expanding EWM),CVS,1.199103503557147,0.054212933802294194,-0.0215721718485354,0.005648023329995462,0.0028238753629861325,-0.045876219257957075,0.0007767797699380701,0.8054417581802673,1.0647593190439746,-0.7064639333919658,1.0215677348788001,0.9159728757062437
2022-08-03,1.2233022342071334,1.0957663970248868,0.8957446217165562,0.303892791738945,0.2482825570444638,0.2697730380990242,0.2956082299722252,0.2697730380990242,0.2048529445061051,1.4026087955468758,92.53,ST/MT Ratio (Expanding EWM),CVS,0.8957446217165562,0.08474414077777948,0.011764795677833069,-0.017287395642475178,-0.0023902394642005597,-0.006223485975786556,0.0034246277320772434,1.1340869042435076,0.9838955975754263,0.3132348414316479,1.1610143989819175,1.198506424532882
2022-11-02,1.145942977583602,1.1155122179842023,0.9734447872235602,0.3274719645489255,0.2856016175009471,0.2699238524379114,0.3011033553198551,0.2699238524379114,0.1711812352222061,1.3879560725381113,97.76,ST/MT Ratio (Expanding EWM),CVS,0.9734447872235602,0.2349885425488466,-0.02723714686409151,-0.03375514732026003,-0.00629644705696664,0.008345219848526585,0.0035512452664277295,0.8876153446568235,0.9287597674629985,1.862695107421358,1.0172107652064328,1.2064319996472885
2023-02-08,1.275748140519555,1.1956617623523962,0.9372239898899298,0.3116584456858227,0.2442131997435867,0.2089240950966535,0.2498025517411443,0.2089240950966535,0.2106418836336759,1.3366688976313683,91.49,ST/MT Ratio (Expanding EWM),CVS,0.9372239898899298,0.06396023465576138,0.0770802194720686,-0.0025105115127311123,-0.01521154054200857,-0.0199494026152684,0.0028822864925992157,0.9781179089500842,1.0384009651889106,0.8048216328495861,1.124567695701203,1.2608881146161497
2023-05-03,0.9994080042852872,1.2472551732919908,1.2479939803803632,0.1991072670478952,0.1992222089057931,0.2025699170425671,0.2526563769846712,0.2025699170425671,0.2093515922368312,1.2174802559028075,76.09,ST/MT Ratio (Expanding EWM),CVS,1.2479939803803632,0.240252619748761,-0.03956594466603295,-0.005254483653674591,0.010988116769573886,0.04627924079418249,0.00123841213496378,0.8199068786354302,1.109644616490782,-0.8686582836644896,1.0405228635073076,1.2541131316387601
2023-08-02,1.1814996364087456,1.3322366608389,1.1275811009881735,0.329024710402038,0.2783975954258839,0.185296876282135,0.2468592917219903,0.185296876282135,0.2884069121965859,1.1078040314231774,69.77,ST/MT Ratio (Expanding EWM),CVS,1.1275811009881735,0.13142983903317418,0.012843724857945963,0.07680149459036567,0.04434043171230713,-0.012885247005718426,0.0016939860456425912,0.9446361065681239,1.2729801684322573,1.5224338866024376,1.180246603137902,1.2028666501650078
2015-01-28,1.2389053637318026,1.0422018303024256,0.8412279588193314,0.4057151538964805,0.3273895770879387,0.4789303621306818,0.4991421000000001,0.4789303621306818,0.2915345550979384,1.2645867027720932,119.79,ST/MT Ratio (Expanding EWM),VRTX,0.8412279588193314,0.18691804825621802,0.02418219083262345,0.016988794760820883,0.006497180820978185,0.001967682824817929,0.0021454272174057593,0.841374066659505,0.9924605470250708,0.5766818183340248,0.9510320646036228,1.0979646419106643
2015-04-29,0.9852145959181836,1.104164984434488,1.1207355118459716,0.3226596970186901,0.3273512522767379,0.4436838118510901,0.4899001292063931,0.4436838118510901,0.3513031249887152,0.7280516581533515,121.25,ST/MT Ratio (Expanding EWM),VRTX,1.1207355118459716,0.08755327812922771,0.016482968410802438,-0.03732852502262712,0.027902955372778225,0.016900552421057268,0.0012962896006685667,0.9885472622805962,1.2825036792109525,0.734911531583911,1.1356880412863992,1.276764217940592
2015-07-29,1.439980600932632,0.9468574179050012,0.6575487317619073,0.5160534289380518,0.3582158895635006,0.4618729195443419,0.4373278,0.4618729195443419,0.2273099866832107,0.8050749460335642,122.03,ST/MT Ratio (Expanding EWM),VRTX,0.6575487317619073,0.1984600335853024,-0.00448506806071979,-0.012943220125128267,-0.03175554812883657,-0.011782119720047363,0.003692346572463205,1.1507955323895942,0.9834670498046367,0.9841195770141771,1.0043219346887777,1.0599434780548862
2015-10-28,1.0762309254628086,0.9353724923347024,0.8691187645741241,0.5011519751255914,0.4654263858873606,0.6443926741628074,0.602747181673889,0.6443926741628074,0.4305051403543785,0.703630706680054,98.5,ST/MT Ratio (Expanding EWM),VRTX,0.8691187645741241,0.0713851588467976,-0.002543724490669916,0.03464149886288195,0.0069440359823442375,-0.04316432619511043,0.002144326471726037,0.9443227304983005,1.2305436840700017,0.8085562204897898,1.0571082996734065,1.2929789428188299
2016-01-27,1.0246215204210165,0.9976709727366592,0.9736970704331068,0.3888539538661684,0.3792686103390857,0.4764018529037188,0.4752923,0.4764018529037188,0.3279136933362642,0.8633112985047003,123.95,ST/MT Ratio (Expanding EWM),VRTX,0.9736970704331068,0.16867806522184492,0.003533401519268836,0.06665328318609776,-0.024434207974276666,-0.0077163631729133325,-0.0007033480471073572,0.8239917088766067,1.0951830559162996,2.0962468277844644,0.945348587456468,1.1446126378459096
2016-04-27,0.927562816855129,1.0705416300131751,1.154144614855101,0.421749436295961,0.4546801476963768,0.496365953241937,0.5313804166666667,0.496365953241937,0.4495884900724933,1.036825303841011,78.7,ST/MT Ratio (Expanding EWM),VRTX,1.154144614855101,0.14863889520769943,-0.003145070056997102,-0.043579499367138744,-0.03392312318829754,0.028736013898176014,0.0023393558127562204,0.8957859118137868,1.2469616452898271,0.30839866160031715,0.9987188450702729,1.1392775514071574
2016-07-27,0.8508327001679081,0.9911429930787844,1.1649093798148409,0.2632845248890038,0.3093055937433681,0.4920054456372852,0.48764775,0.4920054456372852,0.3376783073365962,1.0501746956678977,79.84,ST/MT Ratio (Expanding EWM),VRTX,1.1649093798148409,0.17207129840652738,0.03573576908782184,-0.05239773155417135,-0.015484285186475905,-0.005422378169628464,0.001651842603182687,0.8734251632479635,1.0139554555612245,0.666527400477646,1.006091358942033,1.109950887202233
2016-10-25,1.092801264445084,1.0488743515779295,0.959803383930508,0.3229844530910237,0.2952248389991663,0.4126340634254029,0.4328012857142857,0.4126340634254029,0.2748964512398409,0.8231811046617749,88.29,ST/MT Ratio (Expanding EWM),VRTX,0.959803383930508,0.0665258974064855,0.07936830505569731,0.060128955261153465,0.032797483360339316,-0.018160857536474465,0.0019250734438815522,1.0398560576275866,1.1266669815000658,1.616673247967729,0.9923248549823461,0.9505704908620113
2017-01-25,0.7732084670841882,1.063067140410478,1.374877779623085,0.2709088606376897,0.350122499622884,0.4800160127261237,0.51028925,0.4800160127261237,0.4254788566219344,1.113332237061688,75.19,ST/MT Ratio (Expanding EWM),VRTX,1.374877779623085,0.13537172908127323,-0.01751221247527418,0.015688425321127117,0.026750395716741142,0.026141805237568042,0.0016313806342143002,1.1043230165724307,1.240312153052273,0.02802492888972896,1.022127586847406,1.0994276867854222
2017-04-27,0.6833607872504602,0.8942306023097745,1.3085775757016445,0.3171622358483894,0.4641258523545685,0.5966754293503744,0.5335654285714286,0.5966754293503744,0.2149919747681865,1.1779819593728158,89.67,ST/MT Ratio (Expanding EWM),VRTX,1.3085775757016445,0.23263913028158784,-0.04594310428526774,-0.022048781956290994,0.009075118051359993,-0.005269372400576318,0.0028070464166066876,1.0133307371011746,1.1637960684350608,-0.8335870665787146,1.1164431248202051,0.9247884027917641
2017-07-26,1.3042946402950797,1.142612295487221,0.8760384810204542,0.8151389487503146,0.6247076774500911,0.3629451433099612,0.4147055833333333,0.3629451433099612,0.3671003432998463,1.0808172886804952,133.41,ST/MT Ratio (Expanding EWM),VRTX,0.8760384810204542,0.243972478821044,-0.0010898716922939184,0.02003887258367306,-0.03531751399724827,-0.009754020341255432,0.0031196877785533814,0.9873154270691471,1.2310684542276777,0.804861253113585,0.9447269246304744,1.2940135380023838
2017-10-25,0.8865074979472839,1.0742162661982433,1.211739628469698,0.2521577824794829,0.2831575895726169,0.3061647224575771,0.3288871249999999,0.3061647224575771,0.3671569168615824,1.2517584661637076,149.1,ST/MT Ratio (Expanding EWM),VRTX,1.211739628469698,0.12072031243170733,0.09228982681790114,-0.07507243217050633,-0.00190701628469842,0.006736402241582739,0.0022830531622586537,1.1557141848297052,1.2085254532900056,0.6460464115968416,0.9551537180667894,1.2765644725674006
2018-01-31,1.1815579243792318,1.039401049691295,0.8796869186395384,0.2634651997060815,0.2225874097634899,0.3542961087414959,0.3682557473274521,0.3542961087414959,0.2280101781927291,1.1609744435902725,152.91,ST/MT Ratio (Expanding EWM),VRTX,0.8796869186395384,0.0731463392881581,-0.02612860987894058,0.00410126519791483,0.01054250022254339,0.022268755240469687,0.001660688812861841,1.0129404506068556,1.2409421841549941,0.368380023037703,1.0005864951238412,1.2942161922696156
2018-04-26,0.9729627344137824,0.9939222520723184,1.0215419531675736,0.2104304113151274,0.2161994381238301,0.3514661224976604,0.34933,0.3514661224976604,0.2009878139903763,1.1218831861841465,160.34,ST/MT Ratio (Expanding EWM),VRTX,1.0215419531675736,0.24166095497396278,0.05936908819054237,0.013834635185292555,0.007388405739464948,0.06254283829331365,0.0019586627951908298,1.00873321939794,0.9562781695442986,-0.12130128802117035,1.0445832838178162,0.9169883641953646
2018-07-25,0.7671745361841436,1.0052303524428154,1.3103020304124533,0.2913898093540563,0.3798306810600875,0.3489218490876063,0.3507468333333333,0.3489218490876063,0.2295223962715722,0.9524367215458248,154.76,ST/MT Ratio (Expanding EWM),VRTX,1.3103020304124533,0.10759874557338112,0.06071952849267543,0.03172810418613489,-0.043094839587018645,0.02368090269143558,0.0020195996165776283,0.9850135941513202,1.067576336832051,2.117345061277948,1.0064825893467726,1.2930195046158397
2018-10-24,1.2397747283607077,1.2348940858892208,0.996063282820791,0.3184964434824271,0.2559861698970491,0.2245516463060263,0.2772975,0.2245516463060263,0.2254692281475265,0.883725305738476,182.17,ST/MT Ratio (Expanding EWM),VRTX,0.996063282820791,0.07277916000331233,-0.017375588459779812,-0.02641687856877613,-0.019257946200496798,0.03199599915970861,0.0011975699601351629,0.8723079677203612,1.136394673987254,-0.6412028119669815,1.1201591951981946,1.2979014752247886
2019-02-05,0.9191605898007555,1.0409026977132316,1.1324492251553844,0.2165554326138149,0.2355325923689087,0.3853589451548191,0.4011211655995765,0.3853589451548191,0.2535187714166816,1.2342865521268072,175.85,ST/MT Ratio (Expanding EWM),VRTX,1.1324492251553844,0.18235457015773213,0.02191440777148464,0.006570614842100771,0.0013980558962820842,-0.009649154974696384,0.0025789286485712348,1.1276554551006528,1.1222814162881205,0.9389654295987682,1.150508988380054,1.2743896338842897
2019-04-30,1.1970308813509505,0.9773286940712448,0.8164607190152411,0.3512512666039012,0.2934101224187044,0.3177990151314974,0.3105940964355941,0.3177990151314974,0.214424648273179,1.4063659173471408,186.05,ST/MT Ratio (Expanding EWM),VRTX,0.8164607190152411,0.07130990348763588,0.058993881809498834,-0.02376273878178762,0.01640727273792975,-0.02264670264923691,0.002460042323860466,1.195682610319237,1.0586156910257938,2.9636698991780492,0.9467778756521494,1.0014199103727637
2019-07-31,1.4831699585577196,1.1686008130662795,0.7879075532265116,0.4974143009342311,0.3352056677860757,0.2625673047427412,0.306836365806989,0.2625673047427412,0.2544101370021318,1.9100830383388372,181.84,ST/MT Ratio (Expanding EWM),VRTX,0.7879075532265116,0.2321146577330483,-0.01126947093456205,0.011661512670229513,-0.05190319552749866,0.0045582837404780745,0.0035404412397766734,0.8356064498935585,1.0086954065937928,2.0717502064720446,1.155877307453535,1.2115570580410286
2019-10-30,1.0673708388947214,1.1575483998751837,1.0844856892229158,0.2594231405628855,0.2430492179676443,0.2881997102068028,0.3336051133943762,0.2881997102068028,0.2391119608084923,1.3795721455311638,169.42,ST/MT Ratio (Expanding EWM),VRTX,1.0844856892229158,0.14170016573562758,-0.005125312603582663,-0.022860389670890723,-0.001053099386996461,0.0056792478814899055,0.003255349780288475,1.0524263112670784,1.1055866050090584,1.834817156854586,1.0172500647801666,1.2365233405998808
2020-01-30,0.9313095918059652,1.1616220795121823,1.2472995980419386,0.1646019067871729,0.1763755802573915,0.2438608304681671,0.283274125,0.2438608304681671,0.1701452423153356,1.6559904624536328,218.95,ST/MT Ratio (Expanding EWM),VRTX,1.2472995980419386,0.08678225371285526,-0.018358831988202533,-0.008243025174806618,0.006576219246973809,-0.02396281853411493,0.0013143250824098698,1.0708760375907143,1.1791218793977634,1.143743972516285,1.1655686952633517,1.000805893471621
2020-04-29,1.1671696323803653,1.0156959891428083,0.8702213979568364,0.4534025904312124,0.388039111893802,0.4718399902869114,0.4792459856515975,0.4718399902869114,0.3344605261278012,1.4183539210606122,231.92,ST/MT Ratio (Expanding EWM),VRTX,0.8702213979568364,0.2070289230500966,-0.03351648557425034,-0.02587446184370687,0.02424029971290533,-0.0013823632476003213,0.002820298374508965,0.9524590613444203,1.2110570278710757,0.9709955845173508,1.1667642040272572,1.038559727905141
2020-07-30,0.8690855856602765,1.1025438727397847,1.268625197485172,0.3015060257124177,0.3469175490480456,0.3511057560349465,0.3871095,0.3511057560349465,0.3999923898997986,1.407661942221232,290.31,ST/MT Ratio (Expanding EWM),VRTX,1.268625197485172,0.2475750999940762,-0.02072471407731025,0.02353408725470971,0.02032143960593592,0.012982940042978272,0.0010490466169055285,0.9477320675278579,1.25549431575465,0.8574812807281642,1.054837375260746,1.0331054861342719
2020-10-29,1.0715567418606793,1.124480483302141,1.0493895837466929,0.5943913712078123,0.5544083062122187,0.3367314111918292,0.3786479,0.3367314111918292,0.2333469575658015,1.1755843333744616,270.31,ST/MT Ratio (Expanding EWM),VRTX,1.0493895837466929,0.19728473589470297,-0.04083790933667898,0.029753533499699957,0.01756428297022013,0.012009834875452007,0.0026959321009408497,0.9106679768716328,1.1623794843353568,-0.5206373538351845,1.1637817923548728,1.2116812547060432
2021-02-01,1.2724867941992015,0.9904019829240004,0.7783200481442148,0.4508261448399502,0.3542485978063776,0.3701176472084547,0.3665652517104191,0.3701176472084547,0.3415356473150781,0.9529249978824222,236.34,ST/MT Ratio (Expanding EWM),VRTX,0.7783200481442148,0.14855296736406162,0.0031929213890729124,-0.0030386170987224135,-0.016998512667548354,0.015607196334606813,0.0014833858012398922,0.8762993054823212,1.177607978329826,1.4105316851425393,0.9553605152209932,1.0092814024200931
2021-04-29,1.115840752290367,1.1476549038587,1.028511372705318,0.2480434532004541,0.2221924467459295,0.3917321590503874,0.4495733333333334,0.3917321590503874,0.2445495579080663,0.8167863049170984,212.99,ST/MT Ratio (Expanding EWM),VRTX,1.028511372705318,0.23844213236302264,-0.024949063087052453,0.00514713984880085,-0.04470005342808269,0.010274118253436075,0.0009767467766244155,0.9635946014935337,1.1796970940981897,1.5548936352680238,1.0596704543030093,1.2073642172456138
2021-07-29,0.8325652092253638,1.2349011249091468,1.483248532638212,0.224003094377623,0.2689964547455264,0.2190514105760774,0.2705068333333333,0.2190514105760774,0.3318996187478443,0.9440640464052384,196.78,ST/MT Ratio (Expanding EWM),VRTX,1.483248532638212,0.19061294732811268,0.01018250691267617,-0.03945774243900632,-0.0068263189265350245,-0.009675216481751396,0.0022800453426974044,1.1031750958424664,1.1471436616249024,2.147960333539301,1.0002790124337628,1.2524998113290422
2021-11-02,1.33845330175613,1.0135307090660703,0.7572402471840131,0.2919136708314512,0.2181291473281005,0.2777719734031127,0.2815304251619385,0.2777719734031127,0.1862680274874389,0.7977952357379589,177.4,ST/MT Ratio (Expanding EWM),VRTX,0.7572402471840131,0.07079671848438938,-0.05245634761712696,-0.0049902994402036115,0.028040795630214003,-0.00984751566622108,-0.0006745671281541408,1.0459640343207763,1.2289454055249722,1.1851164191611359,0.9655314734966041,1.1169640514713235
2022-01-26,0.8460550351666457,1.0414258693648455,1.2309197700829453,0.2180951015046742,0.2557806125442909,0.3478845788812221,0.362296,0.3478845788812221,0.3233620704603987,1.194076986651306,222.34,ST/MT Ratio (Expanding EWM),VRTX,1.2309197700829453,0.23705179782060762,0.013580808127505999,0.0024938614887476565,0.03783636318811079,-0.0269737849498469,0.000249024425594772,0.9484446655106352,1.1789996144148378,0.9031751669389432,1.1508338414783064,1.1712290049287668
2022-05-05,1.359111195166178,1.4460540722107065,1.0639703928227138,0.4489258255074457,0.330354379632076,0.2501070319885689,0.3616682920956035,0.2501070319885689,0.223277072988589,1.057949378306603,269.96,ST/MT Ratio (Expanding EWM),VRTX,1.0639703928227138,0.11175259309794522,0.031173513656312365,0.08262379273089925,0.020763727557444635,0.04761937597962738,0.0018225081162257168,1.0738177732125296,0.986862133396426,2.9369990659651615,1.1525025627814467,1.215601953824278
2022-08-04,1.2281471743187629,1.1462752849636797,0.933337069801511,0.3837199383761828,0.3124458842534699,0.3077705740109573,0.3527898024278453,0.3077705740109573,0.2939023784671073,1.2411269293354303,288.98,ST/MT Ratio (Expanding EWM),VRTX,0.933337069801511,0.23672993488454797,-0.06778074749000094,-0.029359010773224906,0.013733520570043359,0.0033362591154823254,0.0020824417666348424,0.932086090064011,1.1142526611388928,-0.45158724770268543,1.0615427929988117,0.9583556985933149
2022-10-27,1.5073166207273525,1.106863359347413,0.7343270445815816,0.5454263778068226,0.3616545880121638,0.3141798522192444,0.3477541666666667,0.3141798522192444,0.2779528808175417,0.956272388079562,284.74,ST/MT Ratio (Expanding EWM),VRTX,0.7343270445815816,0.23014916735276905,0.015091979944665025,0.047925317162573124,0.012490991209649138,-0.0026213263948712986,0.001630681229841811,1.0212151375958405,1.1594887520619623,0.5607838689996094,1.049563463499388,1.2502613550698345
2023-02-07,1.137069336511795,0.8530055186744896,0.7501789831843216,0.3589022821472463,0.3155994762512022,0.3435814311500745,0.2930768568850928,0.3435814311500745,0.3001046005581115,1.0353671378881195,283.23,ST/MT Ratio (Expanding EWM),VRTX,0.7501789831843216,0.21156628704007496,0.04496841473656523,0.03390576320397424,-0.010902968669019514,-0.02021980203631147,0.0004205637012824013,0.8434252578811238,1.2166931571998612,-0.31698179601521437,0.9110123948413885,0.9742298410980191
2023-05-01,0.9624870028452724,1.2763110894207506,1.3260554019407655,0.2091473571796959,0.2171815321596475,0.2280298574827889,0.2910370358243168,0.2280298574827889,0.2349592304317795,1.7435458857872652,315.07,ST/MT Ratio (Expanding EWM),VRTX,1.3260554019407655,0.08003112935359183,-0.04033743565419219,0.012419092134704091,-0.00025150733884050095,0.07639144755819446,0.0011821081578614946,1.1060172759881959,1.0620504293347441,2.4900820673847277,1.0574122623546798,0.9089001407705324
2023-08-01,1.4125504653135257,1.2445915715457438,0.8810952968462602,0.313579429616423,0.2219669236303973,0.197091376337999,0.2452982658146238,0.197091376337999,0.1745231329351074,1.204044942292791,347.57,ST/MT Ratio (Expanding EWM),VRTX,0.8810952968462602,0.1194896253091473,0.060540033539319624,0.056758614525854,0.04472673814565829,-0.02383320080557239,0.002391209327237394,1.0866854438407707,0.9440931634884931,2.1575185338476977,0.950430764941554,1.0381785543222055
2015-02-10,0.761842511759531,1.0695926816293793,1.4039551024254038,0.2112607567199231,0.2771393717038251,0.3781768260714253,0.4044951655278231,0.3781768260714253,0.3387872442811659,0.9709557500899388,413.33,ST/MT Ratio (Expanding EWM),REGN,1.4039551024254038,0.1258062594424682,0.016665665327811583,0.015163164178205886,-0.020563950144796915,-0.007721198140151835,0.0025817817706283628,1.1045085718501442,1.2816925429905688,0.4857358025869294,1.1488200660596808,0.9763169061903355
2015-05-07,0.8265929082844915,1.1692913355096863,1.4145915405159115,0.1882975708979347,0.2277007464951519,0.3281316685303291,0.3836815169188503,0.3281316685303291,0.2707164905094034,1.2149034177578422,441.65,ST/MT Ratio (Expanding EWM),REGN,1.4145915405159115,0.22907044712673774,-0.022675414951544313,0.015674775870037863,0.04336946976774629,0.013395920907151512,0.0019837768824040587,1.1228719080809964,1.1629976237025004,-0.22902597115052625,0.9907511881054235,0.9527083554388144
2015-08-04,1.2469630011671446,1.103996439228364,0.8853481925245853,0.2849161727374299,0.2284630437094421,0.3157760017185315,0.3486155814910284,0.3157760017185315,0.2228170557511924,1.2749494442083027,512.24,ST/MT Ratio (Expanding EWM),REGN,0.8853481925245853,0.08041202940488067,4.808228198028958e-05,0.00240638040947364,-0.00505070386230146,0.018005324143606945,0.003156833781036989,0.9531868044257253,0.981459456449311,1.575991814521894,1.1983515312661677,0.9048036652337057
2015-11-04,0.8414219317185178,1.0105705874988269,1.201027153445882,0.289428936449724,0.3437848989500321,0.4384888015283181,0.4431238857721288,0.4384888015283181,0.3634197896272084,1.33126549698781,473.14,ST/MT Ratio (Expanding EWM),REGN,1.201027153445882,0.240403531831714,0.021541441938260287,0.040707066472558825,0.036135802727376966,0.0269483013803921,0.0023973970234592345,1.0163679253149194,1.129466639019604,2.6568351587232475,1.0518016004300812,1.1174805678579671
2016-02-09,1.167393313769928,1.01276714301603,0.8675457800468679,0.420614447461645,0.3602885035853715,0.4295189281249787,0.4350026577084424,0.4295189281249787,0.2466953404934358,1.4906884437213062,480.82,ST/MT Ratio (Expanding EWM),REGN,0.8675457800468679,0.13064751136321134,0.004660188699434403,0.03689407701432651,-0.03217037523743846,0.048190212694231585,0.0012525443460417879,0.9886611205313555,1.0075617218245927,-0.7758834670043453,1.0225973046629508,0.9210365884962715
2016-05-05,1.006447122676829,1.0602406224718088,1.0534489081273404,0.4413591311811666,0.4384331204995742,0.3684999418217759,0.390698607697945,0.3684999418217759,0.4777532868370517,1.308286986759689,403.65,ST/MT Ratio (Expanding EWM),REGN,1.0534489081273404,0.16349665922039647,0.020856459735622924,-0.014770318624886373,0.01764760502911623,0.01565394138651781,0.0017194979465883827,1.020196987786367,1.0229174572969173,1.1344096061017113,0.940289089318556,1.273051986295744
2016-08-04,1.1143834947094031,1.1074776170115983,0.9938029612511394,0.3302417514723483,0.2961982686221877,0.3527979905231918,0.3907158778311048,0.3527979905231918,0.2763629983254898,1.3810690859831742,359.61,ST/MT Ratio (Expanding EWM),REGN,0.9938029612511394,0.2166645893947392,-0.030223575757777822,-0.03557741583796302,-0.01541925339869055,-0.023400769999166692,0.0005971338427921453,1.1578084974199738,0.9759986036809138,0.37377713317603956,1.084047831555594,0.9382744829223625
2016-11-04,1.400062207878207,1.2017908610315344,0.8583839019930746,0.4942550341982301,0.3429204452468963,0.3186692857142857,0.3829738352628755,0.3186692857142857,0.2554729761879752,1.2077285254564325,392.6,ST/MT Ratio (Expanding EWM),REGN,0.8583839019930746,0.11419913052891724,0.00792762884126273,-0.002089419121869712,-0.03238167979810469,-0.0034236281280445383,0.0018918610096085834,0.9418271284464603,1.0004449147276024,2.6620669148667866,1.1557531908867615,1.1319330965067456
2017-02-09,0.868785650727166,1.1452247264972573,1.3181901951749713,0.3037606077068223,0.3492404035113481,0.3534674691792092,0.4047996857164375,0.3534674691792092,0.4230528986449881,1.199784345248212,373.0,ST/MT Ratio (Expanding EWM),REGN,1.3181901951749713,0.21326483709776142,-0.04748000739167431,-0.02000115693192939,0.008463351060273643,0.010695809312847124,0.0031121006192213387,1.0081385347486296,1.2722903178181588,2.7297111319152614,1.190799037605498,0.9501515536432751
2017-05-04,1.281112774249322,1.1016500388337247,0.8599165202136441,0.4376691547466584,0.3415403403746554,0.290756,0.3203113586911384,0.290756,0.2848588554463674,1.0265336008412305,382.92,ST/MT Ratio (Expanding EWM),REGN,0.8599165202136441,0.09566778458902835,-0.0018929121472045115,0.002094262761539347,0.02823679471489922,0.054705651037645596,0.0026852900847109677,0.8642231243052682,1.1706946794719546,1.1657379064393796,0.9055397714679708,0.9247900143958078
2017-08-03,0.9306118385632766,1.1001680433252543,1.182198632916326,0.2801191207927702,0.300869792169988,0.3296209259403833,0.36263840913089,0.3296209259403833,0.3414381278905986,1.1002212752007867,487.73,ST/MT Ratio (Expanding EWM),REGN,1.182198632916326,0.21687497974062883,-0.029636767451267643,0.041123144040524175,-0.01812353596483741,-0.031945136960607426,0.003402009325919122,1.155232152903522,1.2475483182157545,0.4290836879841806,1.1673151850791603,1.1374700297591607
2017-11-08,1.0074995923467065,1.0747055919425494,1.0667057337852657,0.2516884406205141,0.2497396322488757,0.2968950105778022,0.3190747280878064,0.2968950105778022,0.2819107265409054,1.2265972985480418,469.56,ST/MT Ratio (Expanding EWM),REGN,1.0667057337852657,0.16958225395963236,-0.023743547990641833,-0.009719049652603699,-0.03447539901146003,0.03306441263063069,0.001697114756201007,1.1223622588075608,1.0709724284640858,-0.5464066906203651,1.0301181187938049,1.0829199191987593
2018-02-08,1.2272445559584135,1.1901340527074646,0.969761118050373,0.4064056141485005,0.3304041015072466,0.2682775961850311,0.3192863027983077,0.2682775961850311,0.2480366706645054,1.132920259881829,368.65,ST/MT Ratio (Expanding EWM),REGN,0.969761118050373,0.15738930575663035,0.04526326113236531,0.002715298560652754,0.0007038808916261217,0.00749785923866042,0.0033460997945142577,1.0203776775362412,0.9422330851617712,2.9656074521984457,0.9732410462420719,0.9794209614148371
2018-05-03,0.8200452792206665,1.0467444496829854,1.2764471379894575,0.1953820128403351,0.2381448031847677,0.3886177690734526,0.4067834928258206,0.3886177690734526,0.272884656412107,1.2908398023243126,332.2,ST/MT Ratio (Expanding EWM),REGN,1.2764471379894575,0.06571397438166436,0.04019585422079942,0.005740682044251857,0.000814116780570472,0.02394576338073702,0.0018066957735520302,1.0107211675423746,1.1148832717579555,0.7592829513329771,1.1315676438975764,1.106661760291441
2018-08-02,1.3294654561487058,1.123841580474149,0.8453334197413273,0.3665187212135396,0.2756396660676508,0.297968856486981,0.3348697906064036,0.297968856486981,0.2603139237109015,1.5279501771716957,353.86,ST/MT Ratio (Expanding EWM),REGN,0.8453334197413273,0.17307138219603682,0.023319834231751196,0.029452926466158536,0.016707990688862476,0.0004501320841017009,0.003471585082569894,1.0438781820579937,1.1894985541631142,-0.8998995937445335,1.0711932547635135,1.2536777884913477
2018-11-06,1.0134697328463391,1.1092589709366956,1.094516131055371,0.2939367994316098,0.2898869290560843,0.3308760954463999,0.3670272771424254,0.3308760954463999,0.2419590568845347,1.0479009295027188,394.15,ST/MT Ratio (Expanding EWM),REGN,1.094516131055371,0.17368299588964373,-0.036230946763540266,-0.06340668001953816,0.026739864284112208,-0.018060815753158155,0.0019781432525578764,0.8069554971701736,1.0620728415203844,2.70490980082332,1.0059463206847614,1.0834915296800964
2019-02-06,1.015313736617122,1.032205032791388,1.0166365287546937,0.2435025230523614,0.2397090414210747,0.3751071867990916,0.3871875260502416,0.3751071867990916,0.2491140694583936,1.125011215120974,396.63,ST/MT Ratio (Expanding EWM),REGN,1.0166365287546937,0.07336829661787635,-0.009074295739318068,-0.014201008842958891,0.0015146204681876477,0.021771819485033303,0.0027072313738042766,1.192616557217725,0.9797295435802296,-0.7389792434999762,1.1578267772583912,1.2473861364849474
2019-05-07,1.2081963337461772,1.1701107305260374,0.9684773060831512,0.3927424178809673,0.3250250789155282,0.256515794398264,0.3001518835748196,0.256515794398264,0.2041817637705619,1.487128413703717,401.26,ST/MT Ratio (Expanding EWM),REGN,0.9684773060831512,0.0674860370421586,0.04445841949927142,0.010338510768384178,0.049387582869856575,0.01936077567764053,0.0034751123643098555,0.9888311338720053,1.1056828697909145,2.343225478471344,1.1215678494347385,1.0060596008868044
2019-08-06,0.8656903485380537,1.129714154913826,1.3049864271002285,0.2308154638007868,0.266554978539516,0.300959103360183,0.339997759116172,0.300959103360183,0.2734802845719943,0.7537542224810715,302.84,ST/MT Ratio (Expanding EWM),REGN,1.3049864271002285,0.09876011731184531,0.006960091977396666,0.04000236869280584,0.008605868613382294,0.02730142414349305,0.0018065723714187944,0.8067573420286074,1.0918800650134184,2.4356493043825655,1.1687504030070486,1.2824904788304616
2019-11-05,1.4231833769625073,1.1803508300587993,0.8293736767625939,0.4192526043621833,0.2946127648059569,0.3316983125627538,0.3915203785625494,0.3316983125627538,0.2378257770079648,1.0637065879861252,283.81,ST/MT Ratio (Expanding EWM),REGN,0.8293736767625939,0.0660812362879601,0.0831765338993593,-0.010757073425186154,-0.005660662650172491,0.0026673841155341175,0.0022183889875441744,1.1518252950451124,1.1320174221192394,0.7784223969444035,1.1324549539602298,1.1959286537462386
2020-02-06,1.2192585418363553,1.0809707158749493,0.8865803919215302,0.3668638875861508,0.300852756925844,0.2794391815992761,0.3020655721768795,0.2794391815992761,0.2104301184503709,1.662931500559164,373.13,ST/MT Ratio (Expanding EWM),REGN,0.8865803919215302,0.05287138393682311,0.015766124378803016,-0.05229658118125622,-0.0372891839775707,-0.011995550582996235,0.0032888634252063024,1.0152573720325817,0.9349309490233877,2.704325387147675,1.0366807612504987,1.0453335127665058
2020-05-05,0.9427431071673116,1.116986280714773,1.1848257199896322,0.5153511556411344,0.546377211747957,0.4921371619011442,0.5497104580734832,0.4921371619011442,0.6241966403450263,0.970145337798184,504.27,ST/MT Ratio (Expanding EWM),REGN,1.1848257199896322,0.2200259084778736,0.008721719077151106,0.022591343378984087,-0.003566488007904194,-0.03596967487559604,0.0018669968360699365,1.0518269580675086,1.1695351844667907,-0.15724833187879428,1.1510816534429869,1.015974837464951
2020-08-05,0.8182019603295805,1.0599444673248566,1.2954557905213275,0.3166718944180842,0.386925958410526,0.3755745530962661,0.3980881696223928,0.3755745530962661,0.4570842212446959,1.1051985400412152,627.25,ST/MT Ratio (Expanding EWM),REGN,1.2954557905213275,0.1384334703917344,-0.008819076247087549,-0.015060871664768879,-0.0054096736352784065,0.02348433170348516,0.000679107717493839,0.8746735703657267,1.062559941141799,1.922240323589861,1.189637453531941,1.2237125057485734
2020-11-05,1.0017512905290966,1.1874297948062376,1.185353895754974,0.3004509139803972,0.2998828135523326,0.4008108488672338,0.4759347440265333,0.4008108488672338,0.3358242267393714,1.0034626053777576,581.64,ST/MT Ratio (Expanding EWM),REGN,1.185353895754974,0.18831939215760035,0.006673931667379868,-0.031689999772710836,0.027007619907036762,0.013597237061099651,0.00414300705458491,1.1761393510680767,0.9562423216306107,-0.7152928045452929,1.0673114285720013,1.0161189932176138
2021-02-05,0.8746014048428199,0.980846215175796,1.1214779781334447,0.232808962170359,0.2660657559979374,0.3870727142857142,0.3796588068049651,0.3870727142857142,0.2759299226712948,1.1301662866917628,470.09,ST/MT Ratio (Expanding EWM),REGN,1.1214779781334447,0.2265852506431303,-0.0033364442733190224,-0.014730361691396722,0.014562090601671351,-0.021144565821598984,0.0015302355356628633,1.131221989187709,1.1687951485609305,2.8829126559431777,0.9764377067193912,1.094313645742093
2021-05-06,1.0669628061017356,1.0800670169543942,1.0122817878727528,0.2363494215612836,0.2214784237248086,0.3032214171575033,0.3274994515059886,0.3032214171575033,0.2177460024936013,1.0406791538315547,478.68,ST/MT Ratio (Expanding EWM),REGN,1.0122817878727528,0.06398001652380624,0.026783803684100667,-0.001535760729675486,-0.026484228040815433,-0.010464341832415605,0.0021587560509375428,1.0004961909701413,0.9956707179429505,1.360373597952031,1.0329857958237718,1.0786886223959495
2021-08-05,0.9954973528697956,1.0662087000431393,1.0710311754918271,0.2083273575993154,0.2091557475353567,0.2959975290059504,0.3155951406174158,0.2959975290059504,0.2244518063577048,0.7934605445294304,582.25,ST/MT Ratio (Expanding EWM),REGN,1.0710311754918271,0.05806493333277969,0.03548458108781045,-0.014142339936146381,0.007306359660275937,-0.008668970298786013,0.003156006669451127,0.9450946591889935,0.9067717409702141,1.088380947659156,1.0005743507100993,0.9005279475937319
2021-11-04,1.3270635093037768,1.0348549077162967,0.779808125580378,0.427688073464393,0.3221957940946787,0.3106304074367962,0.3214574016218814,0.3106304074367962,0.2905561743561283,1.156986287698324,550.9,ST/MT Ratio (Expanding EWM),REGN,0.779808125580378,0.14629355619768922,-0.025509631117778233,-0.06216698171297207,0.019788279293226338,-0.03407461079956045,0.0013915060962687983,0.9231774830647729,1.0114513332359027,0.5737926128945432,0.9395555968930192,1.1030735298540337
2022-11-03,0.5636847396792719,1.0689022186546162,1.8962766656816104,0.2029323512835238,0.3598389887026053,0.3519033357676571,0.376150256354009,0.3519033357676571,0.4926987784161211,1.536748445170788,739.54,ST/MT Ratio (Expanding EWM),REGN,1.8962766656816104,0.07286236519622546,-0.044593153374522236,0.030911985906613964,0.04120078398469582,-0.017442059915128344,0.0009921320867778698,1.076976141007252,1.152074227621829,2.2150197902767625,1.0356024863961244,1.1076366921358913
2023-02-03,1.2116541083746573,1.04783589850937,0.8647978752904678,0.3652081347888287,0.3013873129094893,0.2991358569585403,0.3134452894525224,0.2991358569585403,0.2209157651581247,1.1662697787620186,726.49,ST/MT Ratio (Expanding EWM),REGN,0.8647978752904678,0.07426259932606298,-0.062267188058615384,0.04224625123836166,0.025187599185351486,-0.025345758920158855,0.002253737296774833,1.1241607763435932,1.0710804683276955,1.8063973995983877,1.0303807106153975,1.0670944778046252
2023-05-04,1.1180156605449263,1.2040037570227284,1.076911352418705,0.2964610238352239,0.2651128686051056,0.2211876359039818,0.2663107446353695,0.2211876359039818,0.2965151527218512,1.5217213935234326,822.09,ST/MT Ratio (Expanding EWM),REGN,1.076911352418705,0.1980892929403606,0.01977969644193903,0.02354565974018517,0.022021166357786948,-0.007311975297198417,0.0002069236020876104,1.104082249811664,0.9699347661864844,0.35434388776629433,0.9672516830240705,1.043643977187039
2023-08-03,1.076319914519873,1.322477688972127,1.2287031682044651,0.3170378246554646,0.2944138858191943,0.1925352784415969,0.2546236100790481,0.1925352784415969,0.3280792398668894,1.2316494815100574,718.09,ST/MT Ratio (Expanding EWM),REGN,1.2287031682044651,0.20042450239394352,-0.036617831216085577,-0.030130570112744497,0.00450214986537909,-0.01546743745823907,0.0017120939231320797,0.8921499289464097,1.131762252434662,2.192683210471381,1.1359839183653706,1.045800385819517
2015-01-30,1.105762699069263,0.9637663748390392,0.8715851743328434,0.1934030553851316,0.1744714624458166,0.2085135,0.2009583,0.2085135,0.1730632398337364,1.4939869788529074,68.99,ST/MT Ratio (Expanding EWM),LLY,0.8715851743328434,0.20827072566335975,-0.07335117075333691,-0.002044746018425539,0.012707800135586242,-0.03767512302166872,0.002245038664315406,1.1955041623577047,1.1375417458823203,0.5976012071131791,1.1506617837724276,1.1919496050570564
2015-04-23,0.7831880980935192,1.0789782522736715,1.377674475518948,0.1052865131756145,0.1343918128416101,0.1813185833333333,0.195638808149738,0.1813185833333333,0.1570721009962869,1.5034856301422057,75.56,ST/MT Ratio (Expanding EWM),LLY,1.377674475518948,0.1299151505151361,0.015600251158583744,0.0038043605431162583,0.03423762251765397,0.05356475576423704,0.001730048103174836,1.0997101347296419,0.9784557398935486,0.8732972294742205,1.1585484392473808,1.101615203051503
2015-07-23,0.9035504269594028,1.2333239291047238,1.3649752048206802,0.1978232914621414,0.2188384042297,0.2159194166666667,0.2662985833333333,0.2159194166666667,0.2399836300203723,1.3232403964261077,82.67,ST/MT Ratio (Expanding EWM),LLY,1.3649752048206802,0.11235223594976539,0.08925498311014768,0.021963831686857307,-0.030319434936991244,0.034313518275730766,0.00045654905681425273,1.0733810973684201,1.1351734932137059,2.3694271508735283,0.9853682519284808,1.130190111154546
2015-10-22,1.032852476079049,1.0232009742881762,0.9906554885480722,0.3460286422874545,0.3349973481498042,0.2669842062944142,0.2731785,0.2669842062944142,0.2750560978063344,1.581649892423433,87.8,ST/MT Ratio (Expanding EWM),LLY,0.9906554885480722,0.10822930177512435,0.0017875180961037338,0.024050214661542425,-0.0057359831804239,-0.01647548553799964,0.0035941779562040123,0.8492938672039216,1.1760843106797871,1.9278713534108483,0.9128511963566995,1.170316385451194
2016-01-28,1.3453380153739032,1.01285992701598,0.7528665030211614,0.368708884607392,0.2739210233423667,0.239111625283515,0.2421865833333333,0.239111625283515,0.2159759375103034,1.953294612126026,86.25,ST/MT Ratio (Expanding EWM),LLY,0.7528665030211614,0.22485613392759993,0.03134717710580747,-0.018025213963354873,-0.016314218718906023,0.009810534916340251,0.0021035381539491753,0.9658760616663146,0.9496387504438729,0.6796301907938704,0.9582698789086745,1.0662238128493267
2016-04-26,0.7988297827939624,1.038354342900849,1.2998443038379628,0.169034841006104,0.2115749577193342,0.2479837463583352,0.257495,0.2479837463583352,0.2776358430580312,1.4272018910873752,70.62,ST/MT Ratio (Expanding EWM),LLY,1.2998443038379628,0.08782696621557035,0.004864027549164776,0.006459866692406812,0.012478827968153104,0.013436627245532382,0.003431152117761741,0.9537356111834111,1.195356654774423,2.096862232665435,1.082108596315364,0.909074736872979
2016-07-26,0.8582465763858006,1.0685991701200863,1.2450957563036378,0.1458151132976767,0.1698915042749617,0.2593311796248085,0.2771210833333334,0.2593311796248085,0.1851793064790069,1.882475594730357,74.89,ST/MT Ratio (Expanding EWM),LLY,1.2450957563036378,0.15629019497498473,-0.0014611378616899936,0.01771841213845723,0.03375555439126969,0.03277714636933692,0.0017399637498195554,1.1724089116283976,1.1744933120385792,-0.8632182003152447,1.1456498697642352,0.9801064618871985
2016-10-25,0.9836314696545052,1.155356339318695,1.1745825290893823,0.1250393421773538,0.1270102609274298,0.1717537516012613,0.1984367857142857,0.1717537516012613,0.119010928042671,2.2651569910785896,79.52,ST/MT Ratio (Expanding EWM),LLY,1.1745825290893823,0.08631916708429888,0.034167676904571904,0.047674669664402994,-0.011924357168026848,-0.017465125666501966,0.0011199880183092362,1.0316884758284428,1.0866537479800749,0.6793551294203066,1.1669141160373193,1.074944516625046
2017-01-31,0.8760699785748868,1.04529741645183,1.19316657574801,0.2258713623905544,0.2577613794593209,0.2189852853452475,0.228904753012354,0.2189852853452475,0.309067409492401,1.5665806287817885,73.55,ST/MT Ratio (Expanding EWM),LLY,1.19316657574801,0.20983178214896153,-0.008159609046602798,0.02513519619474169,-0.056757609186735954,0.030302669599560655,0.00226918092025516,0.8301376470292603,1.278655490885981,2.68214092495851,1.1053298068744797,1.08715701125281
2017-04-25,1.2545934557255611,1.0891028412243977,0.8680922383693955,0.2491335880694508,0.1985497751559023,0.1855204354312239,0.2020508333333333,0.1855204354312239,0.1385769393029866,1.376702579909321,84.24,ST/MT Ratio (Expanding EWM),LLY,0.8680922383693955,0.19037083399737112,0.011358730992516605,0.027671700621265564,-0.007305518625611754,-0.010697632605173377,0.0017842128736717804,0.8371437891774085,1.2162992474309906,-0.6980883423038842,0.9205802954685437,1.1149535369757473
2017-07-25,1.237414262645356,1.0908876347011638,0.8815864400730712,0.1930621625543644,0.155974358964273,0.1530941360846482,0.1670085,0.1530941360846482,0.163280000751726,1.1326454170492473,84.28,ST/MT Ratio (Expanding EWM),LLY,0.8815864400730712,0.22025114735228513,0.013259423216860479,0.0065147988378808286,0.025836843300435165,-0.030396560104215334,0.000822238542008642,0.8640512960738561,0.9030921069361396,0.692453723983145,0.9411651694830198,0.9642061661122765
2017-10-24,1.0735741261476537,1.1374742766446042,1.059520948708261,0.152162440015832,0.1417452881219635,0.1506576612802448,0.1713692142857143,0.1506576612802448,0.1588264074592356,1.933667328354917,84.64,ST/MT Ratio (Expanding EWM),LLY,1.059520948708261,0.23330578762742826,-0.02138316587750671,0.04631377435610512,0.016440747573746993,0.021103413982862432,0.003469784258787496,0.8307642554941339,0.982037501489444,1.8619367190975575,1.1426781921653373,1.0810134576117203
2018-01-31,1.5749100747668667,1.099069229595313,0.6978615777526268,0.3075236948656965,0.1951858431186611,0.1459274081676902,0.1603843240717041,0.1459274081676902,0.1137113474588524,0.7432938878415518,84.68,ST/MT Ratio (Expanding EWM),LLY,0.6978615777526268,0.08094669082467099,0.0367214822337783,0.01629288387878492,0.013704656195264404,0.03526896060306071,0.001377729777106004,1.002621526352567,0.913062013837681,-0.7227349545147326,0.9772703176948551,1.1175593682852591
2018-04-24,0.8560237736826063,1.1520268741123625,1.345788410941385,0.1246334599544241,0.1455343352710537,0.2189868619118637,0.25227875,0.2189868619118637,0.1587365997099456,1.080581675427047,76.18,ST/MT Ratio (Expanding EWM),LLY,1.345788410941385,0.23091358523765082,-0.004123591484339303,-0.02183263730520711,-0.003999832546861994,0.06769772433826712,0.00015973361520443198,1.095820459493997,1.1420012245352134,0.568511419947153,0.9354972219009414,1.2123092939548759
2018-07-24,1.4535288407017708,1.1536352039118547,0.7936789223630912,0.2679878547938267,0.1844193197076529,0.1649150003006812,0.19025175,0.1649150003006812,0.13428190224586,1.2107172782635538,85.77,ST/MT Ratio (Expanding EWM),LLY,0.7936789223630912,0.1801452541291419,-0.024451080582249568,0.04610109910375572,-0.02897576840549466,-0.026993131627255338,0.0033281660539573325,0.9455144206396229,1.1944216057931158,1.0519153676573674,1.1215986160685476,1.2629158245810288
2018-11-06,1.3214596329753372,1.1192919567735982,0.8470118411815973,0.326841134118511,0.2472929854491633,0.1906210805405553,0.2133606422405358,0.1906210805405553,0.1975726694252219,1.146908691032566,115.46,ST/MT Ratio (Expanding EWM),LLY,0.8470118411815973,0.10201922101552725,0.020777844524964124,0.02493709817617083,0.015882358040611687,0.020472992127019723,0.0014957019841873769,1.1684118064215208,1.1140427120002414,1.046033459062555,0.9797035396508512,1.2743199326117165
2019-02-06,0.9040674770050098,0.9782749398874052,1.0820817746129188,0.206029643753994,0.2278651386933204,0.2613724451186584,0.2556941130366796,0.2613724451186584,0.2341493261144938,1.136964410753769,115.28,ST/MT Ratio (Expanding EWM),LLY,1.0820817746129188,0.19085610974346937,-0.029446379362686306,-0.009291320633854468,-0.01785704525086562,-0.007245031094838327,0.0013921761073843757,0.9831676668798484,0.9510364957149509,0.7308196585061997,0.9381159750714012,1.10101267370283
2019-04-30,1.1054765718410469,1.1158662847158372,1.009398401684341,0.235712927791293,0.213185959200166,0.1870046264867171,0.2086721577824059,0.1870046264867171,0.1855354280421563,1.5157158304298404,129.05,ST/MT Ratio (Expanding EWM),LLY,1.009398401684341,0.0535723846848301,0.0029863405079194887,-0.0103847890219773,0.05760241833451141,0.022583967763100784,0.000234612412970026,1.0245102059424849,1.0351023045974341,-0.7133975430740613,1.1830510606899718,1.2093412453933718
2019-07-30,0.8819507083725601,1.175614363351927,1.3329705982336093,0.1918364015112606,0.2169239675618793,0.1927131736924679,0.226556375,0.1927131736924679,0.2286045986873028,1.1465771415152597,112.74,ST/MT Ratio (Expanding EWM),LLY,1.3329705982336093,0.2431032367113237,0.001680835117452876,0.012897266354222848,0.017262680208862898,-0.033762238780781266,0.003740941486596991,1.1355524322020483,1.046747357714492,2.043324120077802,1.0456118685507583,0.9804333953624184
2019-10-23,1.18368220813921,1.102881119793392,0.9317375155339708,0.2271892370358167,0.191842231681328,0.2177939178476443,0.2402008,0.2177939178476443,0.1880220213402198,1.6300275506264696,114.18,ST/MT Ratio (Expanding EWM),LLY,0.9317375155339708,0.2337578656486427,0.04000634480410524,0.017895543858027534,-0.011516207563848769,-0.028569244392464103,0.0007105194127903125,0.8497693507628854,1.0380203477288228,-0.44979155409944127,1.1994806928612205,0.9196755960928088
2020-01-30,0.9163103497246328,1.1858470490883042,1.2941543762379983,0.1340766017451436,0.1462338518606698,0.1665124802436723,0.1974583333333333,0.1665124802436723,0.1619608489312279,1.4770552121330498,131.43,ST/MT Ratio (Expanding EWM),LLY,1.2941543762379983,0.19266274226431346,0.01861443815079835,0.0099187679689362,-0.012284631184715698,-0.016396870579162098,0.0020584494807056497,0.9764574397476307,1.0808374089561537,0.20252771432670214,1.0714054697120836,0.9599908096606179
2020-04-23,0.8151088095448471,0.9061971588731518,1.1117499262204855,0.3125597973531712,0.3833964055751062,0.5731486740102468,0.5193857,0.5731486740102468,0.4547281127831601,1.778476196976967,122.89,ST/MT Ratio (Expanding EWM),LLY,1.1117499262204855,0.06013562914893875,0.0011240564439199629,0.013339260203286555,0.000676394834660293,0.0049741011417021135,0.0029126203225404404,1.1135649522348934,1.0329790872990554,1.365370359194567,1.1146917708200879,1.2556168470760645
2020-07-30,0.8724895223275886,1.0652685131038226,1.220952786071226,0.3211887723586568,0.3681370566042908,0.3044000137159751,0.32426775,0.3044000137159751,0.4725343703047703,1.6888217017448215,164.18,ST/MT Ratio (Expanding EWM),LLY,1.220952786071226,0.12405965627912903,0.03062182047201005,0.054998721237291416,-0.0029875480505437446,-0.013027031663458886,0.002421716933003097,1.13431497458088,1.1433236112414238,0.5535727215355477,1.0509614010224892,1.2074939173515211
2020-10-27,1.355354130605132,1.2144229343457216,0.8960189126390988,0.4111518208897456,0.3031713419754157,0.2726974191889912,0.3311700000000001,0.2726974191889912,0.2307212858009294,1.0760200891506484,148.1,ST/MT Ratio (Expanding EWM),LLY,0.8960189126390988,0.23252473702869464,0.05065726421560597,0.03614629456704657,0.030920844388248856,0.019476358597835492,0.0019403456880078085,1.1510182170237893,0.9415127712706688,0.539425049972214,1.1328349795240502,1.0726607050375845
2021-04-27,0.6859852875686228,1.136617934533281,1.6569129908920663,0.1904025175507563,0.2775695293568367,0.2416518559036435,0.2746658333333333,0.2416518559036435,0.3760163500909113,1.0120665967153817,186.34,ST/MT Ratio (Expanding EWM),LLY,1.6569129908920663,0.11617692091298815,0.02152336072231518,0.009719067737950731,0.007660404243601158,0.02867236545644786,0.00029833414171258376,0.9328911056265136,1.0645290787293078,1.4113789871454032,1.1999415432401404,1.0971969716418128
2021-08-03,0.8408595124497301,1.2178950403218218,1.448393010116101,0.2382505000512847,0.283291989370893,0.1951383174980543,0.2376579890576253,0.1951383174980543,0.354317766967461,1.4739421451551338,233.96,ST/MT Ratio (Expanding EWM),LLY,1.448393010116101,0.05873736408989088,0.0023623416945183213,0.0322393174230245,-0.015290793472713202,0.017989438531133894,0.0011902751642327162,0.8833977899817043,0.9651386301116379,-0.8306010100943428,1.0676451704754963,1.1178288365955338
2021-10-26,0.7450896616769548,1.1556372738765068,1.5510043063482355,0.1601163259460687,0.2147689703648804,0.2493258538066071,0.28813025,0.2493258538066071,0.2312204465486367,1.053938519854695,226.4,ST/MT Ratio (Expanding EWM),LLY,1.5510043063482355,0.14610182324368728,-0.04391426813225559,-0.026975717105826184,0.05026101712889457,0.0434696909915217,0.002187800338042522,0.8820935707121237,1.1781317625810268,1.964428166518723,0.9777294616146334,1.0376399056118946
2022-02-03,0.7752800563047888,1.0908063074821446,1.4069835778844175,0.2029618611730456,0.2617227389524941,0.2638804516005881,0.2878424610271583,0.2638804516005881,0.3200434198837921,1.2571491324401494,266.81,ST/MT Ratio (Expanding EWM),LLY,1.4069835778844175,0.14435935837068556,-0.03527897820763804,0.01593781149840427,0.004232708288005566,0.013395665736383575,0.0012128259300130037,1.1961886689389025,1.0497057871402937,2.043206687024407,1.035817627988982,1.2173379311443904
2022-04-28,1.0119003527698305,1.233539761329503,1.2190328404896678,0.2556255899846421,0.2526106839635738,0.2211479180095363,0.27279475,0.2211479180095363,0.2207742044726387,1.594277759460747,288.39,ST/MT Ratio (Expanding EWM),LLY,1.2190328404896678,0.2364413145669296,-0.008682864652413368,0.0582791904919933,0.022220991899222428,-0.02742241775850418,0.0022033594599987676,1.1076092955130592,1.1671024100794143,2.419113385182317,1.1817655484633056,1.1319933281808336
2022-08-04,0.9261769836838948,1.0627196131468766,1.1474260663657174,0.2468515050672146,0.2665689708195354,0.3332092574259119,0.3541080131486231,0.3332092574259119,0.2551578462296881,1.6279339523783567,327.18,ST/MT Ratio (Expanding EWM),LLY,1.1474260663657174,0.0820908784621146,-0.01933292707557491,-0.002541376861771215,-0.012205662686118982,0.037084412838458494,0.0026817434088151418,0.8949875628890983,1.05945158465763,2.033222854053173,1.0952650455371609,0.9711193354260995
2022-11-01,1.1005100373701764,1.0388246740712488,0.9439483864714824,0.3163709021218968,0.2872552779393327,0.3184596710683364,0.3308237640024016,0.3184596710683364,0.3099208763931967,1.0343187663932034,321.55,ST/MT Ratio (Expanding EWM),LLY,0.9439483864714824,0.24345985554535504,-0.004543995604490611,-0.021429017858572545,0.012077890693613084,-0.012128905890149935,0.0029625028858001018,0.82049581645857,1.173184637416826,0.004316096117381374,1.049901073118716,1.1986987090050378
2023-02-02,1.283968742384797,1.1349351871063629,0.8839274272350084,0.3678256149001773,0.286320443756459,0.2703455977815515,0.3068247316015867,0.2703455977815515,0.241588229397064,1.7607336852574402,364.99,ST/MT Ratio (Expanding EWM),LLY,0.8839274272350084,0.1859656334112796,0.003982747371398751,-0.01556266665779182,0.010777749778579883,0.02576046249213925,0.0007738206421873166,1.0250667122625332,0.9333210332447186,-0.2576790528657784,0.9657984552092758,1.003145701457938
2023-04-27,0.9612815478983316,1.2409766766600214,1.2909606757491523,0.2279865211924113,0.2371321622136827,0.2277847,0.2826755,0.2277847,0.2492157588412497,1.3024472137922127,337.65,ST/MT Ratio (Expanding EWM),LLY,1.2909606757491523,0.08011993248524818,0.02053924640248558,-0.02868899112027165,-0.04424123230240383,0.04234335541387766,0.004196646054978955,1.0261613567802017,1.1015863119301574,-0.1873598465431643,0.9202664530367062,0.9685728817898872
2023-08-08,1.5749064529322137,1.063311636048583,0.6751586000989924,0.7608977025575311,0.4829334842457577,0.2519039058594423,0.2678523542664319,0.2519039058594423,0.2112749366692079,1.2166680969135275,453.16,ST/MT Ratio (Expanding EWM),LLY,0.6751586000989924,0.19022878523157394,-0.00046745723206819274,-0.0195428572438311,0.053381877761516004,0.01441720026825998,0.0027674793445541307,1.1937525250474412,1.0874187799165889,2.46938201880845,1.154625740000653,1.1046078229851495
